bundle_id,base_filename,file_kind,data_file_exists,data_file_path,data_file_size_bytes,data_file_mtime_ct,data_file_sha256,ots_original_filename,ots_original_path,ots_original_sha256,ots_upgraded_filename,ots_upgraded_path,ots_upgraded_sha256,ots_receipt_status,ots_info_file_sha256,ots_info_file_sha256_matches_data,ots_block_height,ots_block_hash,ots_earliest_onchain_mtp_ct,ots_block_header_time_ct,ots_latest_onchain_upper_ct,rt_ots_bundle_filename,rt_ots_bundle_path,rt_ots_midp_utc,rt_ots_mint_utc,rt_ots_maxt_utc,rt_ots_radius_us,rt_ots_bind_sha256_hex,rt_ots_bind_matches_ots_sha256,rt_ots_bind_source,rt_ots_nonce_match,rt_ots_merkle_ok,rt_ots_cert_sig_ok,rt_ots_srep_sig_ok,rt_ots_window_ok,rt_ots_all_ok
0000,0000.json,bundle_json,yes,bundles/0000.json,1554,2026-05-13 22:41:59 CDT,9562b3ef0319212e6d36297a54ebfcd8fe039fe9c0ddcda5a4d1682468250855,0000.json.ots,bundles/0000.json.ots,0f12047182699bb76678966d0ff6c44197b3068a3a083f85b95c3bfa221e904b,0000.json.ots.upgraded,bundles/ots_upgraded_bundle/0000.json.ots.upgraded,c25c109d9ba4bc6675c9d368995e09d941b0b4882d484c5f45b7f5549891e135,anchored,9562b3ef0319212e6d36297a54ebfcd8fe039fe9c0ddcda5a4d1682468250855,yes,949319,00000000000000000001167897b80c9add7c40f4481e0d4dbebf384a8bd28e82,2026-05-13 23:14:50 CDT,2026-05-14 00:06:03 CDT,2026-05-14 02:06:03 CDT,0000.json.ots__time-stamp.json,bundles/0000.json.ots__time-stamp.json,2026-05-14T03:42:01.545000+00:00,2026-05-13T07:35:20.866000+00:00,2026-05-14T07:35:20.866000+00:00,1000000,0f12047182699bb76678966d0ff6c44197b3068a3a083f85b95c3bfa221e904b,yes,bundle.artifact.bind_sha256_hex,yes,yes,yes,yes,yes,yes
0001,0001.json,bundle_json,yes,bundles/0001.json,6285,2026-05-13 22:42:14 CDT,dbbbee6525a48e395363db32983ca9c2159369d6da52da064ffaec2da3ce80de,0001.json.ots,bundles/0001.json.ots,4581371288def4a57e6112213c26a958deb0dee15131136e35c215a90a967b77,0001.json.ots.upgraded,bundles/ots_upgraded_bundle/0001.json.ots.upgraded,8916adc56b825a458230cd24a7c74403895ec44f7470ddff65e242e3053b0e73,anchored,dbbbee6525a48e395363db32983ca9c2159369d6da52da064ffaec2da3ce80de,yes,949313,00000000000000000000b652749d31ea5c941a345b14754a02176d7a03f4a108,2026-05-13 22:25:03 CDT,2026-05-13 23:02:10 CDT,2026-05-14 01:02:10 CDT,0001.json.ots__time-stamp.json,bundles/0001.json.ots__time-stamp.json,2026-05-14T03:42:17.024000+00:00,2026-05-13T07:20:03.388000+00:00,2026-05-14T07:20:03.388000+00:00,1000000,4581371288def4a57e6112213c26a958deb0dee15131136e35c215a90a967b77,yes,bundle.artifact.bind_sha256_hex,yes,yes,yes,yes,yes,yes
0001,0001.png,bundle_png,yes,bundles/0001.png,30330,2026-05-13 22:42:11 CDT,562b39e238cedb04d51a545a447b4f81f7d635abc17da2e3518593eee3d8724a,0001.png.ots,bundles/0001.png.ots,c7eea25f5fbdd6a2b1af19edf8e0633d7688161a0145dec7419b9ee2e9a596d0,0001.png.ots.upgraded,bundles/ots_upgraded_bundle/0001.png.ots.upgraded,f17849626fad299ed26f3d09d37bdbed2c300f772473d329ae4aea6708921f10,anchored,562b39e238cedb04d51a545a447b4f81f7d635abc17da2e3518593eee3d8724a,yes,949315,00000000000000000000d85ce083fd2ec3e33d9809b9ad6fe9165b2babd71911,2026-05-13 22:38:45 CDT,2026-05-13 23:18:37 CDT,2026-05-14 01:18:37 CDT,0001.png.ots__time-stamp.json,bundles/0001.png.ots__time-stamp.json,2026-05-14T03:42:14.005000+00:00,2026-05-13T07:50:12.083000+00:00,2026-05-14T07:50:12.083000+00:00,1000000,c7eea25f5fbdd6a2b1af19edf8e0633d7688161a0145dec7419b9ee2e9a596d0,yes,bundle.artifact.bind_sha256_hex,yes,yes,yes,yes,yes,yes
0002,0002.json,bundle_json,yes,bundles/0002.json,6284,2026-05-13 22:42:22 CDT,88df66622d313ceb7bfc83f0dfa315a82afb452725d9dd41abb9658ad3815395,0002.json.ots,bundles/0002.json.ots,9009e9f52affeaefa28a3e317ac4b689d47932e813bd3c91c3a6879a86f17447,0002.json.ots.upgraded,bundles/ots_upgraded_bundle/0002.json.ots.upgraded,a9e57517784782d2e9eaea3b209e332b339c6ce0236e4663eb93ef9f4769f505,anchored,88df66622d313ceb7bfc83f0dfa315a82afb452725d9dd41abb9658ad3815395,yes,949315,00000000000000000000d85ce083fd2ec3e33d9809b9ad6fe9165b2babd71911,2026-05-13 22:38:45 CDT,2026-05-13 23:18:37 CDT,2026-05-14 01:18:37 CDT,0002.json.ots__time-stamp.json,bundles/0002.json.ots__time-stamp.json,2026-05-14T03:42:24.049000+00:00,2026-05-13T09:43:31.882000+00:00,2026-05-14T09:43:31.882000+00:00,1000000,9009e9f52affeaefa28a3e317ac4b689d47932e813bd3c91c3a6879a86f17447,yes,bundle.artifact.bind_sha256_hex,yes,yes,yes,yes,yes,yes
0002,0002.png,bundle_png,yes,bundles/0002.png,30776,2026-05-13 22:42:18 CDT,fdbc29eebbe5cc6e85b302e95effcc6a292176fa364ce824d06aa40fd4a743b0,0002.png.ots,bundles/0002.png.ots,4569c8042dc1be345db77b98a0c80abb0b5fe1607d7512e718057ff292dfebc2,0002.png.ots.upgraded,bundles/ots_upgraded_bundle/0002.png.ots.upgraded,af04c9610dcff7aac8b9dad5a22d3a4ade9994786b4a7864898815ed85e7a333,anchored,fdbc29eebbe5cc6e85b302e95effcc6a292176fa364ce824d06aa40fd4a743b0,yes,949313,00000000000000000000b652749d31ea5c941a345b14754a02176d7a03f4a108,2026-05-13 22:25:03 CDT,2026-05-13 23:02:10 CDT,2026-05-14 01:02:10 CDT,0002.png.ots__time-stamp.json,bundles/0002.png.ots__time-stamp.json,2026-05-14T03:42:21.525000+00:00,2026-05-13T06:14:03.236000+00:00,2026-05-14T06:14:03.236000+00:00,1000000,4569c8042dc1be345db77b98a0c80abb0b5fe1607d7512e718057ff292dfebc2,yes,bundle.artifact.bind_sha256_hex,yes,yes,yes,yes,yes,yes
0003,0003.json,bundle_json,yes,bundles/0003.json,6285,2026-05-13 22:42:29 CDT,0643cebafd23f3b1fd37b1a7d46568820cfd9c39f32f67c11677c77306abf9c8,0003.json.ots,bundles/0003.json.ots,17cd8ac6fb9830117ca14bc49b7f9efa24647b72e1a5ea8e416c4fac94988c09,0003.json.ots.upgraded,bundles/ots_upgraded_bundle/0003.json.ots.upgraded,3e8c6458b6bd855a772f0cb9605930dd52fccbd24c6c1a6c9db5b0b34989c31b,anchored,0643cebafd23f3b1fd37b1a7d46568820cfd9c39f32f67c11677c77306abf9c8,yes,949315,00000000000000000000d85ce083fd2ec3e33d9809b9ad6fe9165b2babd71911,2026-05-13 22:38:45 CDT,2026-05-13 23:18:37 CDT,2026-05-14 01:18:37 CDT,0003.json.ots__time-stamp.json,bundles/0003.json.ots__time-stamp.json,2026-05-14T03:42:31.744000+00:00,2026-05-13T06:40:25.129000+00:00,2026-05-14T06:40:25.129000+00:00,1000000,17cd8ac6fb9830117ca14bc49b7f9efa24647b72e1a5ea8e416c4fac94988c09,yes,bundle.artifact.bind_sha256_hex,yes,yes,yes,yes,yes,yes
0003,0003.png,bundle_png,yes,bundles/0003.png,30156,2026-05-13 22:42:26 CDT,099c723ed60a5a003b909abe94d2f1ace2b2f93386a7248aa13211fb3aabde62,0003.png.ots,bundles/0003.png.ots,2ed46e0ae4de3b85aaa3b7a93651c9d8c184857405c317a1f8d6ed096645a245,0003.png.ots.upgraded,bundles/ots_upgraded_bundle/0003.png.ots.upgraded,e998f11865ae2d6275a5b59b4b6d335d7d12a55e13e2becc0eca81f263992f6a,anchored,099c723ed60a5a003b909abe94d2f1ace2b2f93386a7248aa13211fb3aabde62,yes,949315,00000000000000000000d85ce083fd2ec3e33d9809b9ad6fe9165b2babd71911,2026-05-13 22:38:45 CDT,2026-05-13 23:18:37 CDT,2026-05-14 01:18:37 CDT,0003.png.ots__time-stamp.json,bundles/0003.png.ots__time-stamp.json,2026-05-14T03:42:29.045000+00:00,2026-05-13T07:50:12.083000+00:00,2026-05-14T07:50:12.083000+00:00,1000000,2ed46e0ae4de3b85aaa3b7a93651c9d8c184857405c317a1f8d6ed096645a245,yes,bundle.artifact.bind_sha256_hex,yes,yes,yes,yes,yes,yes
0004,0004.json,bundle_json,yes,bundles/0004.json,6288,2026-05-13 22:42:37 CDT,49fddaecbb577b95a130c178f1e5176e27332d331817535913007f68ff03bd72,0004.json.ots,bundles/0004.json.ots,ca1e21e4ade77ef91a31a7a6a63f6c7bebdcb6ee766f7020233c8b08656ad640,0004.json.ots.upgraded,bundles/ots_upgraded_bundle/0004.json.ots.upgraded,07a3726661fa0ce5c9956abea19aacbcbab05ca3e385b9e0d1e4aec5a885e6cc,anchored,49fddaecbb577b95a130c178f1e5176e27332d331817535913007f68ff03bd72,yes,949313,00000000000000000000b652749d31ea5c941a345b14754a02176d7a03f4a108,2026-05-13 22:25:03 CDT,2026-05-13 23:02:10 CDT,2026-05-14 01:02:10 CDT,0004.json.ots__time-stamp.json,bundles/0004.json.ots__time-stamp.json,2026-05-14T03:42:40.065000+00:00,2026-05-13T07:20:03.388000+00:00,2026-05-14T07:20:03.388000+00:00,1000000,ca1e21e4ade77ef91a31a7a6a63f6c7bebdcb6ee766f7020233c8b08656ad640,yes,bundle.artifact.bind_sha256_hex,yes,yes,yes,yes,yes,yes
0004,0004.png,bundle_png,yes,bundles/0004.png,30883,2026-05-13 22:42:34 CDT,5111c1a25434e3188febf9063f61127c6db9df7ae0d83f4d646698fc00470273,0004.png.ots,bundles/0004.png.ots,d4d7fc13edb38218ab59781c1a0c1929b7b98c4af909146ea2c9bdb78b367092,0004.png.ots.upgraded,bundles/ots_upgraded_bundle/0004.png.ots.upgraded,e3b911cfc7cca1e6a78ee91cfe7a79838601201884a271282d1cb93daba38f4e,anchored,5111c1a25434e3188febf9063f61127c6db9df7ae0d83f4d646698fc00470273,yes,949315,00000000000000000000d85ce083fd2ec3e33d9809b9ad6fe9165b2babd71911,2026-05-13 22:38:45 CDT,2026-05-13 23:18:37 CDT,2026-05-14 01:18:37 CDT,0004.png.ots__time-stamp.json,bundles/0004.png.ots__time-stamp.json,2026-05-14T03:42:37.064000+00:00,2026-05-13T07:20:03.388000+00:00,2026-05-14T07:20:03.388000+00:00,1000000,d4d7fc13edb38218ab59781c1a0c1929b7b98c4af909146ea2c9bdb78b367092,yes,bundle.artifact.bind_sha256_hex,yes,yes,yes,yes,yes,yes
0005,0005.json,bundle_json,yes,bundles/0005.json,6636,2026-05-13 22:42:45 CDT,515b860a59cea0f6f3462cba05c437061e29babd97f9232ef0d00c710cc2eaf7,0005.json.ots,bundles/0005.json.ots,f55e41f365f090b1194426f4918d1d508f98ba76f410ce4714f58a736546d9c7,0005.json.ots.upgraded,bundles/ots_upgraded_bundle/0005.json.ots.upgraded,7e8de709415942e72bf4c984e9929efb0860a4477fa25ba0cf47c691595b1ad5,anchored,515b860a59cea0f6f3462cba05c437061e29babd97f9232ef0d00c710cc2eaf7,yes,949319,00000000000000000001167897b80c9add7c40f4481e0d4dbebf384a8bd28e82,2026-05-13 23:14:50 CDT,2026-05-14 00:06:03 CDT,2026-05-14 02:06:03 CDT,0005.json.ots__time-stamp.json,bundles/0005.json.ots__time-stamp.json,2026-05-14T03:42:48.085000+00:00,2026-05-13T23:25:23.999000+00:00,2026-05-14T23:25:23.999000+00:00,1000000,f55e41f365f090b1194426f4918d1d508f98ba76f410ce4714f58a736546d9c7,yes,bundle.artifact.bind_sha256_hex,yes,yes,yes,yes,yes,yes
0005,0005.png,bundle_png,yes,bundles/0005.png,29942,2026-05-13 22:42:42 CDT,95e942097fea1c234ffe17e458fa0c07192c1fb772d054b21b9b389383f8ee01,0005.png.ots,bundles/0005.png.ots,2d132ea3e8e669ac6ead0008b2f30fd629bfb0bb4203395546ea2d07be39994d,0005.png.ots.upgraded,bundles/ots_upgraded_bundle/0005.png.ots.upgraded,d88f945a04cf8de7298f0b3e5e71d5864b8d383f25b617c3719f3edcf950da43,anchored,95e942097fea1c234ffe17e458fa0c07192c1fb772d054b21b9b389383f8ee01,yes,949313,00000000000000000000b652749d31ea5c941a345b14754a02176d7a03f4a108,2026-05-13 22:25:03 CDT,2026-05-13 23:02:10 CDT,2026-05-14 01:02:10 CDT,0005.png.ots__time-stamp.json,bundles/0005.png.ots__time-stamp.json,2026-05-14T03:42:45.135000+00:00,2026-05-13T10:49:29.465000+00:00,2026-05-14T10:49:29.465000+00:00,1000000,2d132ea3e8e669ac6ead0008b2f30fd629bfb0bb4203395546ea2d07be39994d,yes,bundle.artifact.bind_sha256_hex,yes,yes,yes,yes,yes,yes
0006,0006.json,bundle_json,yes,bundles/0006.json,7300,2026-05-13 22:42:53 CDT,5de03f1403b538242a4cfd505496c2f79ad5ae63696c6966e9c1d876f7f5e61e,0006.json.ots,bundles/0006.json.ots,413f13c1f9f666a256a01d6ac74c6449da03a6d009a1d50798256068f723fae3,0006.json.ots.upgraded,bundles/ots_upgraded_bundle/0006.json.ots.upgraded,641dc9f03fc208e2775fba45bea0ca888a8b149b31dc7c102a627ed48a8d4662,anchored,5de03f1403b538242a4cfd505496c2f79ad5ae63696c6966e9c1d876f7f5e61e,yes,949313,00000000000000000000b652749d31ea5c941a345b14754a02176d7a03f4a108,2026-05-13 22:25:03 CDT,2026-05-13 23:02:10 CDT,2026-05-14 01:02:10 CDT,0006.json.ots__time-stamp.json,bundles/0006.json.ots__time-stamp.json,2026-05-14T03:42:56.146000+00:00,2026-05-13T10:01:43.892000+00:00,2026-05-14T10:01:43.892000+00:00,1000000,413f13c1f9f666a256a01d6ac74c6449da03a6d009a1d50798256068f723fae3,yes,bundle.artifact.bind_sha256_hex,yes,yes,yes,yes,yes,yes
0006,0006.png,bundle_png,yes,bundles/0006.png,10369,2026-05-13 22:42:50 CDT,a00c61dcd4a82a47581f6808b637755045af6452ab982846efac836a906dcb35,0006.png.ots,bundles/0006.png.ots,65464fdc2858b8c874482da9bf99b25acc68f7e711fcb6568a2396fd2f0b685a,0006.png.ots.upgraded,bundles/ots_upgraded_bundle/0006.png.ots.upgraded,467221b2cf863d0199a0ce05c62a79c2d67ad77beb7a27c90d06b1fa83e04824,anchored,a00c61dcd4a82a47581f6808b637755045af6452ab982846efac836a906dcb35,yes,949315,00000000000000000000d85ce083fd2ec3e33d9809b9ad6fe9165b2babd71911,2026-05-13 22:38:45 CDT,2026-05-13 23:18:37 CDT,2026-05-14 01:18:37 CDT,0006.png.ots__time-stamp.json,bundles/0006.png.ots__time-stamp.json,2026-05-14T03:42:53.105000+00:00,2026-05-13T10:58:02.074000+00:00,2026-05-14T10:58:02.074000+00:00,1000000,65464fdc2858b8c874482da9bf99b25acc68f7e711fcb6568a2396fd2f0b685a,yes,bundle.artifact.bind_sha256_hex,yes,yes,yes,yes,yes,yes
0007,0007.json,bundle_json,yes,bundles/0007.json,5969,2026-05-13 22:43:01 CDT,0b732cfe29334f470326edd209a75814087e14b23ff4a29964d7ae007815f42e,0007.json.ots,bundles/0007.json.ots,e51af87a1047d14702ca084f5b09bd90738ac1722d40793093723ab0ee99e476,0007.json.ots.upgraded,bundles/ots_upgraded_bundle/0007.json.ots.upgraded,2380b4a9b1c1d8050b577e33ee4a3685e5938b0aa62e292d713ffad1f208586f,anchored,0b732cfe29334f470326edd209a75814087e14b23ff4a29964d7ae007815f42e,yes,949319,00000000000000000001167897b80c9add7c40f4481e0d4dbebf384a8bd28e82,2026-05-13 23:14:50 CDT,2026-05-14 00:06:03 CDT,2026-05-14 02:06:03 CDT,0007.json.ots__time-stamp.json,bundles/0007.json.ots__time-stamp.json,2026-05-14T03:43:04.145000+00:00,2026-05-13T10:01:43.892000+00:00,2026-05-14T10:01:43.892000+00:00,1000000,e51af87a1047d14702ca084f5b09bd90738ac1722d40793093723ab0ee99e476,yes,bundle.artifact.bind_sha256_hex,yes,yes,yes,yes,yes,yes
0007,0007.png,bundle_png,yes,bundles/0007.png,10488,2026-05-13 22:42:58 CDT,dd9d0448a116eea5e80369aa084a00e5e8f1d45383cb01215856ad1775cabe0b,0007.png.ots,bundles/0007.png.ots,f9deb7bd03950160d0464e29f8e9003cf2595cf4c8fc532cb01d5fd4dc2f3893,0007.png.ots.upgraded,bundles/ots_upgraded_bundle/0007.png.ots.upgraded,a83976ae5699ff15a761889e1921af364426d226d7b3fc3e5ea4744c48d5b354,anchored,dd9d0448a116eea5e80369aa084a00e5e8f1d45383cb01215856ad1775cabe0b,yes,949313,00000000000000000000b652749d31ea5c941a345b14754a02176d7a03f4a108,2026-05-13 22:25:03 CDT,2026-05-13 23:02:10 CDT,2026-05-14 01:02:10 CDT,0007.png.ots__time-stamp.json,bundles/0007.png.ots__time-stamp.json,2026-05-14T03:43:01.225000+00:00,2026-05-13T10:01:43.892000+00:00,2026-05-14T10:01:43.892000+00:00,1000000,f9deb7bd03950160d0464e29f8e9003cf2595cf4c8fc532cb01d5fd4dc2f3893,yes,bundle.artifact.bind_sha256_hex,yes,yes,yes,yes,yes,yes
0008,0008.json,bundle_json,yes,bundles/0008.json,6601,2026-05-13 22:43:09 CDT,a765e383a4f999d9847d2c500b3191f83a7eafe857ab5352c0a875fdbf64b82c,0008.json.ots,bundles/0008.json.ots,78c484ba1161759cd7aa5c25fef3e0ef47de5bf11dfbd1c5d4b11a32c682a9b3,0008.json.ots.upgraded,bundles/ots_upgraded_bundle/0008.json.ots.upgraded,cd8c7bd605f3ae31972081bcd62ec11b6ef2e607ba0f05f273e70af3493c4844,anchored,a765e383a4f999d9847d2c500b3191f83a7eafe857ab5352c0a875fdbf64b82c,yes,949319,00000000000000000001167897b80c9add7c40f4481e0d4dbebf384a8bd28e82,2026-05-13 23:14:50 CDT,2026-05-14 00:06:03 CDT,2026-05-14 02:06:03 CDT,0008.json.ots__time-stamp.json,bundles/0008.json.ots__time-stamp.json,2026-05-14T03:43:12.160000+00:00,2026-05-13T06:14:03.236000+00:00,2026-05-14T06:14:03.236000+00:00,1000000,78c484ba1161759cd7aa5c25fef3e0ef47de5bf11dfbd1c5d4b11a32c682a9b3,yes,bundle.artifact.bind_sha256_hex,yes,yes,yes,yes,yes,yes
0008,0008.png,bundle_png,yes,bundles/0008.png,16453,2026-05-13 22:43:06 CDT,8a37c1a0b571d6c6e4bbb72b878cda9778423ae94c2bc40ddde8a330d321f02a,0008.png.ots,bundles/0008.png.ots,b02dddde501bc8ebb864cadca6b4ca232f371317d225b232645c1d8a2839b4cc,0008.png.ots.upgraded,bundles/ots_upgraded_bundle/0008.png.ots.upgraded,54d45f8ab8d6003af77a5505ecbd870d4dd21a4badf13cd32737b0138072d805,anchored,8a37c1a0b571d6c6e4bbb72b878cda9778423ae94c2bc40ddde8a330d321f02a,yes,949319,00000000000000000001167897b80c9add7c40f4481e0d4dbebf384a8bd28e82,2026-05-13 23:14:50 CDT,2026-05-14 00:06:03 CDT,2026-05-14 02:06:03 CDT,0008.png.ots__time-stamp.json,bundles/0008.png.ots__time-stamp.json,2026-05-14T03:43:09.245000+00:00,2026-05-13T06:31:59.305000+00:00,2026-05-14T06:31:59.305000+00:00,1000000,b02dddde501bc8ebb864cadca6b4ca232f371317d225b232645c1d8a2839b4cc,yes,bundle.artifact.bind_sha256_hex,yes,yes,yes,yes,yes,yes
0009,0009.json,bundle_json,yes,bundles/0009.json,6680,2026-05-13 22:43:18 CDT,43f840664730436657a92bc0a2f6b16bd8d2989aecaf4a70cb9502ba25faab89,0009.json.ots,bundles/0009.json.ots,ad042356b2ed2deb824c9e0490007b38b4e9bc234e54d1a78baaf36eb9be34db,0009.json.ots.upgraded,bundles/ots_upgraded_bundle/0009.json.ots.upgraded,d2337cb2f66f395d57857810643ab9c4c6125e947877085dbf1cb29922efafb9,anchored,43f840664730436657a92bc0a2f6b16bd8d2989aecaf4a70cb9502ba25faab89,yes,949313,00000000000000000000b652749d31ea5c941a345b14754a02176d7a03f4a108,2026-05-13 22:25:03 CDT,2026-05-13 23:02:10 CDT,2026-05-14 01:02:10 CDT,0009.json.ots__time-stamp.json,bundles/0009.json.ots__time-stamp.json,2026-05-14T03:43:20.285000+00:00,2026-05-13T08:23:50.532000+00:00,2026-05-14T08:23:50.532000+00:00,1000000,ad042356b2ed2deb824c9e0490007b38b4e9bc234e54d1a78baaf36eb9be34db,yes,bundle.artifact.bind_sha256_hex,yes,yes,yes,yes,yes,yes
0009,0009.png,bundle_png,yes,bundles/0009.png,15818,2026-05-13 22:43:14 CDT,fc34375ccf71a1bdb32e0e2fb5bad46b59505f98ff6d0f5a119b9aef12e3bc04,0009.png.ots,bundles/0009.png.ots,1a65f2c8ad6e68156be6f92e1f966cbd7127d44ec051d26000b2cea979af4d2e,0009.png.ots.upgraded,bundles/ots_upgraded_bundle/0009.png.ots.upgraded,31691ce9c64466acc4aa31c4b99180500e9bfa1ab64e8a29fbad217212424a87,anchored,fc34375ccf71a1bdb32e0e2fb5bad46b59505f98ff6d0f5a119b9aef12e3bc04,yes,949315,00000000000000000000d85ce083fd2ec3e33d9809b9ad6fe9165b2babd71911,2026-05-13 22:38:45 CDT,2026-05-13 23:18:37 CDT,2026-05-14 01:18:37 CDT,0009.png.ots__time-stamp.json,bundles/0009.png.ots__time-stamp.json,2026-05-14T03:43:17.255000+00:00,2026-05-13T10:01:43.892000+00:00,2026-05-14T10:01:43.892000+00:00,1000000,1a65f2c8ad6e68156be6f92e1f966cbd7127d44ec051d26000b2cea979af4d2e,yes,bundle.artifact.bind_sha256_hex,yes,yes,yes,yes,yes,yes
0010,0010.json,bundle_json,yes,bundles/0010.json,6418,2026-05-13 22:43:25 CDT,9c8ce31d1d0d3c170f3c24860ae80f5925696210becdfc4b343a4066d3ac189b,0010.json.ots,bundles/0010.json.ots,6a357af062e699e457b0f1d25ae44f78b4929d528733e6337521e1f538008f94,0010.json.ots.upgraded,bundles/ots_upgraded_bundle/0010.json.ots.upgraded,25cdaa794aff15f5a3add1b701160e9fb80a9f38ac8b6cf85e313f09eccef3cb,anchored,9c8ce31d1d0d3c170f3c24860ae80f5925696210becdfc4b343a4066d3ac189b,yes,949315,00000000000000000000d85ce083fd2ec3e33d9809b9ad6fe9165b2babd71911,2026-05-13 22:38:45 CDT,2026-05-13 23:18:37 CDT,2026-05-14 01:18:37 CDT,0010.json.ots__time-stamp.json,bundles/0010.json.ots__time-stamp.json,2026-05-14T03:43:28.229000+00:00,2026-05-13T10:01:43.892000+00:00,2026-05-14T10:01:43.892000+00:00,1000000,6a357af062e699e457b0f1d25ae44f78b4929d528733e6337521e1f538008f94,yes,bundle.artifact.bind_sha256_hex,yes,yes,yes,yes,yes,yes
0010,0010.png,bundle_png,yes,bundles/0010.png,15697,2026-05-13 22:43:22 CDT,9b8072d8f64a88c6147d7962391c91777a3e2c9a777ddda0a08be335f0a73002,0010.png.ots,bundles/0010.png.ots,72e4573b493496bfdaab4257fb63bd755cd02469f5e244302105709d49996ed9,0010.png.ots.upgraded,bundles/ots_upgraded_bundle/0010.png.ots.upgraded,d89ff0bf82cdf6c97ca62f8efd6a9a02b40403afd9963b604ee983c2c1c456b7,anchored,9b8072d8f64a88c6147d7962391c91777a3e2c9a777ddda0a08be335f0a73002,yes,949319,00000000000000000001167897b80c9add7c40f4481e0d4dbebf384a8bd28e82,2026-05-13 23:14:50 CDT,2026-05-14 00:06:03 CDT,2026-05-14 02:06:03 CDT,0010.png.ots__time-stamp.json,bundles/0010.png.ots__time-stamp.json,2026-05-14T03:43:25.285000+00:00,2026-05-13T09:16:05.223000+00:00,2026-05-14T09:16:05.223000+00:00,1000000,72e4573b493496bfdaab4257fb63bd755cd02469f5e244302105709d49996ed9,yes,bundle.artifact.bind_sha256_hex,yes,yes,yes,yes,yes,yes
0011,0011.json,bundle_json,yes,bundles/0011.json,6181,2026-05-13 22:43:33 CDT,0f44dd06f84824776caaa107661254ded9b74029877e6324a3ddc6c40ffc2c59,0011.json.ots,bundles/0011.json.ots,b24c5de688bd6a9e70711674ffe9480ce21fc61a5625245456a9474c2e753914,0011.json.ots.upgraded,bundles/ots_upgraded_bundle/0011.json.ots.upgraded,2f55b83b2d292f335912f232e28140089b68d556154abeb4715df5ded7b0a37e,anchored,0f44dd06f84824776caaa107661254ded9b74029877e6324a3ddc6c40ffc2c59,yes,949315,00000000000000000000d85ce083fd2ec3e33d9809b9ad6fe9165b2babd71911,2026-05-13 22:38:45 CDT,2026-05-13 23:18:37 CDT,2026-05-14 01:18:37 CDT,0011.json.ots__time-stamp.json,bundles/0011.json.ots__time-stamp.json,2026-05-14T03:43:36.025000+00:00,2026-05-13T07:42:55.719000+00:00,2026-05-14T07:42:55.719000+00:00,1000000,b24c5de688bd6a9e70711674ffe9480ce21fc61a5625245456a9474c2e753914,yes,bundle.artifact.bind_sha256_hex,yes,yes,yes,yes,yes,yes
0011,0011.png,bundle_png,yes,bundles/0011.png,13559,2026-05-13 22:43:30 CDT,5afc5d54f532d8d410fd3d7db3ce59d9206fc159a4b6eec40e534f26c7f7a616,0011.png.ots,bundles/0011.png.ots,5dfa093b96ae9ae2e8172b22a19e1f5dcbc3482ee6de8ae71f8b0b1c406f1f9b,0011.png.ots.upgraded,bundles/ots_upgraded_bundle/0011.png.ots.upgraded,d5bd70b9cbec8c7930783bff5804876a445fda41db7f01561a7045465599c1fe,anchored,5afc5d54f532d8d410fd3d7db3ce59d9206fc159a4b6eec40e534f26c7f7a616,yes,949313,00000000000000000000b652749d31ea5c941a345b14754a02176d7a03f4a108,2026-05-13 22:25:03 CDT,2026-05-13 23:02:10 CDT,2026-05-14 01:02:10 CDT,0011.png.ots__time-stamp.json,bundles/0011.png.ots__time-stamp.json,2026-05-14T03:43:33.244000+00:00,2026-05-13T07:20:03.388000+00:00,2026-05-14T07:20:03.388000+00:00,1000000,5dfa093b96ae9ae2e8172b22a19e1f5dcbc3482ee6de8ae71f8b0b1c406f1f9b,yes,bundle.artifact.bind_sha256_hex,yes,yes,yes,yes,yes,yes
0012,0012.json,bundle_json,yes,bundles/0012.json,6178,2026-05-13 22:43:41 CDT,c3951a473441521ec13c3bcb7d3c7c5f33d1763767b32ce567e881b3cb5686b3,0012.json.ots,bundles/0012.json.ots,0c77b1e720719250a950e51bc373af3655d9d80b629af7f265e758e44591dd71,0012.json.ots.upgraded,bundles/ots_upgraded_bundle/0012.json.ots.upgraded,bdbb7a1c315e7318a8c29bb7275ef8b8b4ee664241ecfff11cc9503f4893a4ff,anchored,c3951a473441521ec13c3bcb7d3c7c5f33d1763767b32ce567e881b3cb5686b3,yes,949319,00000000000000000001167897b80c9add7c40f4481e0d4dbebf384a8bd28e82,2026-05-13 23:14:50 CDT,2026-05-14 00:06:03 CDT,2026-05-14 02:06:03 CDT,0012.json.ots__time-stamp.json,bundles/0012.json.ots__time-stamp.json,2026-05-14T03:43:44.064000+00:00,2026-05-13T07:35:20.866000+00:00,2026-05-14T07:35:20.866000+00:00,1000000,0c77b1e720719250a950e51bc373af3655d9d80b629af7f265e758e44591dd71,yes,bundle.artifact.bind_sha256_hex,yes,yes,yes,yes,yes,yes
0012,0012.png,bundle_png,yes,bundles/0012.png,12030,2026-05-13 22:43:38 CDT,cf2430079de25cd819fad7359838d4fda322996a1c727cd810b5d82c007ddc67,0012.png.ots,bundles/0012.png.ots,22bc402caf0a4dc44493ab240a897b8e0dd220eb2c11ea1b019ba0ae446fe33b,0012.png.ots.upgraded,bundles/ots_upgraded_bundle/0012.png.ots.upgraded,9b77564bd026d202dbaf923db99cd0ed98428677f664321c0a3d6b7a7d662dbb,anchored,cf2430079de25cd819fad7359838d4fda322996a1c727cd810b5d82c007ddc67,yes,949319,00000000000000000001167897b80c9add7c40f4481e0d4dbebf384a8bd28e82,2026-05-13 23:14:50 CDT,2026-05-14 00:06:03 CDT,2026-05-14 02:06:03 CDT,0012.png.ots__time-stamp.json,bundles/0012.png.ots__time-stamp.json,2026-05-14T03:43:41.290000+00:00,2026-05-13T06:14:03.236000+00:00,2026-05-14T06:14:03.236000+00:00,1000000,22bc402caf0a4dc44493ab240a897b8e0dd220eb2c11ea1b019ba0ae446fe33b,yes,bundle.artifact.bind_sha256_hex,yes,yes,yes,yes,yes,yes
0013,0013.json,bundle_json,yes,bundles/0013.json,6182,2026-05-13 22:43:49 CDT,74fde95852934de375f4b03ddd44e55d5c5f08b7c80963d6f8beee801b7b487d,0013.json.ots,bundles/0013.json.ots,6f36ed5700e6782f5a0100893073c6fa6cbf6a82f06e177158be2e5f2d5eb202,0013.json.ots.upgraded,bundles/ots_upgraded_bundle/0013.json.ots.upgraded,d94cdee5bd858ff4b3000b5c8543a8dbec3e0d4a57f11ef4b5d4065341041e62,anchored,74fde95852934de375f4b03ddd44e55d5c5f08b7c80963d6f8beee801b7b487d,yes,949313,00000000000000000000b652749d31ea5c941a345b14754a02176d7a03f4a108,2026-05-13 22:25:03 CDT,2026-05-13 23:02:10 CDT,2026-05-14 01:02:10 CDT,0013.json.ots__time-stamp.json,bundles/0013.json.ots__time-stamp.json,2026-05-14T03:43:51.349000+00:00,2026-05-13T09:43:31.882000+00:00,2026-05-14T09:43:31.882000+00:00,1000000,6f36ed5700e6782f5a0100893073c6fa6cbf6a82f06e177158be2e5f2d5eb202,yes,bundle.artifact.bind_sha256_hex,yes,yes,yes,yes,yes,yes
0013,0013.png,bundle_png,yes,bundles/0013.png,12861,2026-05-13 22:43:45 CDT,1a2f040243f35d8a34bfd19a46880802d635733655c969f8bcd6da8ff2448125,0013.png.ots,bundles/0013.png.ots,28bcf79a8b91f47fe867c720656e5b221b03f26dee152333217dc8c0275e46c1,0013.png.ots.upgraded,bundles/ots_upgraded_bundle/0013.png.ots.upgraded,b1e71fdf7f25ae96981fb561b844c134860acf5ace48150b73c7bb2c8bd37805,anchored,1a2f040243f35d8a34bfd19a46880802d635733655c969f8bcd6da8ff2448125,yes,949315,00000000000000000000d85ce083fd2ec3e33d9809b9ad6fe9165b2babd71911,2026-05-13 22:38:45 CDT,2026-05-13 23:18:37 CDT,2026-05-14 01:18:37 CDT,0013.png.ots__time-stamp.json,bundles/0013.png.ots__time-stamp.json,2026-05-14T03:43:48.485000+00:00,2026-05-13T10:58:02.074000+00:00,2026-05-14T10:58:02.074000+00:00,1000000,28bcf79a8b91f47fe867c720656e5b221b03f26dee152333217dc8c0275e46c1,yes,bundle.artifact.bind_sha256_hex,yes,yes,yes,yes,yes,yes
0014,0014.json,bundle_json,yes,bundles/0014.json,6133,2026-05-13 22:43:57 CDT,b43f397fd06e8b1652337323e001bd954fce98f583aee9ad8fb23d10e1c1fa8c,0014.json.ots,bundles/0014.json.ots,9bad12b51a0b266fe53e9f8c3fd3dbd36e623a964205db718c1155f3278510c5,0014.json.ots.upgraded,bundles/ots_upgraded_bundle/0014.json.ots.upgraded,4a1d79a757f91abd25fb1521ae7f89e2d284d73262088e6b16b0869adec6ad65,anchored,b43f397fd06e8b1652337323e001bd954fce98f583aee9ad8fb23d10e1c1fa8c,yes,949319,00000000000000000001167897b80c9add7c40f4481e0d4dbebf384a8bd28e82,2026-05-13 23:14:50 CDT,2026-05-14 00:06:03 CDT,2026-05-14 02:06:03 CDT,0014.json.ots__time-stamp.json,bundles/0014.json.ots__time-stamp.json,2026-05-14T03:43:59.360000+00:00,2026-05-13T07:42:55.719000+00:00,2026-05-14T07:42:55.719000+00:00,1000000,9bad12b51a0b266fe53e9f8c3fd3dbd36e623a964205db718c1155f3278510c5,yes,bundle.artifact.bind_sha256_hex,yes,yes,yes,yes,yes,yes
0014,0014.png,bundle_png,yes,bundles/0014.png,10342,2026-05-13 22:43:53 CDT,6140f50fd04f77f434c79801d4a7ff401f3d3212b1370448853c17588cbb911e,0014.png.ots,bundles/0014.png.ots,1b9cce4ea5ef8b789219c928de080d0b2b8abecda4bf245f8e35674728088d9f,0014.png.ots.upgraded,bundles/ots_upgraded_bundle/0014.png.ots.upgraded,7588bc37bd8fc0a75e892dbda553d6c53bab8c7c7d28d649b29134d95b7a948a,anchored,6140f50fd04f77f434c79801d4a7ff401f3d3212b1370448853c17588cbb911e,yes,949313,00000000000000000000b652749d31ea5c941a345b14754a02176d7a03f4a108,2026-05-13 22:25:03 CDT,2026-05-13 23:02:10 CDT,2026-05-14 01:02:10 CDT,0014.png.ots__time-stamp.json,bundles/0014.png.ots__time-stamp.json,2026-05-14T03:43:56.364000+00:00,2026-05-13T11:50:24.007000+00:00,2026-05-14T11:50:24.007000+00:00,1000000,1b9cce4ea5ef8b789219c928de080d0b2b8abecda4bf245f8e35674728088d9f,yes,bundle.artifact.bind_sha256_hex,yes,yes,yes,yes,yes,yes
0015,0015.json,bundle_json,yes,bundles/0015.json,7320,2026-05-13 22:44:05 CDT,0b6b254fe38cfff21732cfbf2bac2ddbe0629ab6f9003a578cbce50b676deb9b,0015.json.ots,bundles/0015.json.ots,e826cf0235ac999a93d62e4c2318745a8c3b0f462b056d8bdae3641b5f6a8bbb,0015.json.ots.upgraded,bundles/ots_upgraded_bundle/0015.json.ots.upgraded,ae315bdcf34a8c7bccf859cb625ec31d9b188bff5f4a7947045d330ff2c52170,anchored,0b6b254fe38cfff21732cfbf2bac2ddbe0629ab6f9003a578cbce50b676deb9b,yes,949315,00000000000000000000d85ce083fd2ec3e33d9809b9ad6fe9165b2babd71911,2026-05-13 22:38:45 CDT,2026-05-13 23:18:37 CDT,2026-05-14 01:18:37 CDT,0015.json.ots__time-stamp.json,bundles/0015.json.ots__time-stamp.json,2026-05-14T03:44:07.392000+00:00,2026-05-13T09:43:31.882000+00:00,2026-05-14T09:43:31.882000+00:00,1000000,e826cf0235ac999a93d62e4c2318745a8c3b0f462b056d8bdae3641b5f6a8bbb,yes,bundle.artifact.bind_sha256_hex,yes,yes,yes,yes,yes,yes
0015,0015.png,bundle_png,yes,bundles/0015.png,15559,2026-05-13 22:44:01 CDT,d9cceef03fc4b75ac04138827fc08ac6f931cf31914ab6afbb4f49d4828888e2,0015.png.ots,bundles/0015.png.ots,1cfed8af6210c212c6acbacfb6a172f4ee0900a0a75f895fc97c38e9d5f7d936,0015.png.ots.upgraded,bundles/ots_upgraded_bundle/0015.png.ots.upgraded,d48160cfbd949f9ddc075c3bab2ec51f108e0feca7846ce353b09d1f859252bc,anchored,d9cceef03fc4b75ac04138827fc08ac6f931cf31914ab6afbb4f49d4828888e2,yes,949315,00000000000000000000d85ce083fd2ec3e33d9809b9ad6fe9165b2babd71911,2026-05-13 22:38:45 CDT,2026-05-13 23:18:37 CDT,2026-05-14 01:18:37 CDT,0015.png.ots__time-stamp.json,bundles/0015.png.ots__time-stamp.json,2026-05-14T03:44:04.529000+00:00,2026-05-13T07:26:49.378000+00:00,2026-05-14T07:26:49.378000+00:00,1000000,1cfed8af6210c212c6acbacfb6a172f4ee0900a0a75f895fc97c38e9d5f7d936,yes,bundle.artifact.bind_sha256_hex,yes,yes,yes,yes,yes,yes
0016,0016.json,bundle_json,yes,bundles/0016.json,7491,2026-05-13 22:44:12 CDT,34877c2d424834f95adc1299f1c3d747a578f2349c4fed1f72c176411ee04842,0016.json.ots,bundles/0016.json.ots,a9b3b4b81819580e47fea3202b854e27e83030e53efdc31e6ad573a7597577b2,0016.json.ots.upgraded,bundles/ots_upgraded_bundle/0016.json.ots.upgraded,9f7b70654eef82d5dbcabe38963db20f08cd9659cfc9c76b78cabc54d388dabe,anchored,34877c2d424834f95adc1299f1c3d747a578f2349c4fed1f72c176411ee04842,yes,949319,00000000000000000001167897b80c9add7c40f4481e0d4dbebf384a8bd28e82,2026-05-13 23:14:50 CDT,2026-05-14 00:06:03 CDT,2026-05-14 02:06:03 CDT,0016.json.ots__time-stamp.json,bundles/0016.json.ots__time-stamp.json,2026-05-14T03:44:14.944000+00:00,2026-05-13T07:35:20.866000+00:00,2026-05-14T07:35:20.866000+00:00,1000000,a9b3b4b81819580e47fea3202b854e27e83030e53efdc31e6ad573a7597577b2,yes,bundle.artifact.bind_sha256_hex,yes,yes,yes,yes,yes,yes
0016,0016.png,bundle_png,yes,bundles/0016.png,12009,2026-05-13 22:44:09 CDT,3a5edcd0f1879e2ca45a2b160c3d4a6f3d31d1f5c5a1642216797fcf87767bf4,0016.png.ots,bundles/0016.png.ots,e2f95c2859c8c614bc85a14ab77a2146785f1197c30a1143aa1b334789974f89,0016.png.ots.upgraded,bundles/ots_upgraded_bundle/0016.png.ots.upgraded,40487215ff56ef2b03ff8d95e6907537214d6da9c53a612498c309eddee604f0,anchored,3a5edcd0f1879e2ca45a2b160c3d4a6f3d31d1f5c5a1642216797fcf87767bf4,yes,949313,00000000000000000000b652749d31ea5c941a345b14754a02176d7a03f4a108,2026-05-13 22:25:03 CDT,2026-05-13 23:02:10 CDT,2026-05-14 01:02:10 CDT,0016.png.ots__time-stamp.json,bundles/0016.png.ots__time-stamp.json,2026-05-14T03:44:11.970000+00:00,2026-05-13T07:42:55.719000+00:00,2026-05-14T07:42:55.719000+00:00,1000000,e2f95c2859c8c614bc85a14ab77a2146785f1197c30a1143aa1b334789974f89,yes,bundle.artifact.bind_sha256_hex,yes,yes,yes,yes,yes,yes
0017,0017.json,bundle_json,yes,bundles/0017.json,7195,2026-05-13 22:44:19 CDT,033122f9e5275078c536453063fb942c5c293aa51e4d0923199d37a18afe5a59,0017.json.ots,bundles/0017.json.ots,db160f4ffc0246057e8645fbf8e1f9d2f07aa9910cd9922c15f1a37a425f2843,0017.json.ots.upgraded,bundles/ots_upgraded_bundle/0017.json.ots.upgraded,e3fa9bb4dec29240f1b24e16b6aa6914acec8e2074624e338d880e8eac69814f,anchored,033122f9e5275078c536453063fb942c5c293aa51e4d0923199d37a18afe5a59,yes,949313,00000000000000000000b652749d31ea5c941a345b14754a02176d7a03f4a108,2026-05-13 22:25:03 CDT,2026-05-13 23:02:10 CDT,2026-05-14 01:02:10 CDT,0017.json.ots__time-stamp.json,bundles/0017.json.ots__time-stamp.json,2026-05-14T03:44:22.165000+00:00,2026-05-13T10:49:29.465000+00:00,2026-05-14T10:49:29.465000+00:00,1000000,db160f4ffc0246057e8645fbf8e1f9d2f07aa9910cd9922c15f1a37a425f2843,yes,bundle.artifact.bind_sha256_hex,yes,yes,yes,yes,yes,yes
0017,0017.png,bundle_png,yes,bundles/0017.png,12246,2026-05-13 22:44:17 CDT,1dd0860be16545edfc23c2284d63cc5f681147ebd1e83d24431d928fe5573b6c,0017.png.ots,bundles/0017.png.ots,d84e18a6b12869e2d77e092f74e1a2685d33b3fc4ae1104d1fa2c3bf39df0915,0017.png.ots.upgraded,bundles/ots_upgraded_bundle/0017.png.ots.upgraded,9b3ef0257b8159aa469227a239348818f0c54a04003f425600873f537fb041a2,anchored,1dd0860be16545edfc23c2284d63cc5f681147ebd1e83d24431d928fe5573b6c,yes,949319,00000000000000000001167897b80c9add7c40f4481e0d4dbebf384a8bd28e82,2026-05-13 23:14:50 CDT,2026-05-14 00:06:03 CDT,2026-05-14 02:06:03 CDT,0017.png.ots__time-stamp.json,bundles/0017.png.ots__time-stamp.json,2026-05-14T03:44:19.425000+00:00,2026-05-13T07:42:55.719000+00:00,2026-05-14T07:42:55.719000+00:00,1000000,d84e18a6b12869e2d77e092f74e1a2685d33b3fc4ae1104d1fa2c3bf39df0915,yes,bundle.artifact.bind_sha256_hex,yes,yes,yes,yes,yes,yes
0018,0018.json,bundle_json,yes,bundles/0018.json,7195,2026-05-13 22:44:28 CDT,95789fb9d0bc5c1c15c4764a776f861732a0f1f4591c1f5b1c7b9c545fb1fda4,0018.json.ots,bundles/0018.json.ots,e457c52d44e6865d82004f8abee786f26c920eb6ffaf03b1b79acd76387c214f,0018.json.ots.upgraded,bundles/ots_upgraded_bundle/0018.json.ots.upgraded,be2996f9c6ad2a80507776b617c838a51c6ee33199700f81da44056d76ffa493,anchored,95789fb9d0bc5c1c15c4764a776f861732a0f1f4591c1f5b1c7b9c545fb1fda4,yes,949315,00000000000000000000d85ce083fd2ec3e33d9809b9ad6fe9165b2babd71911,2026-05-13 22:38:45 CDT,2026-05-13 23:18:37 CDT,2026-05-14 01:18:37 CDT,0018.json.ots__time-stamp.json,bundles/0018.json.ots__time-stamp.json,2026-05-14T03:44:30.444000+00:00,2026-05-13T09:43:31.882000+00:00,2026-05-14T09:43:31.882000+00:00,1000000,e457c52d44e6865d82004f8abee786f26c920eb6ffaf03b1b79acd76387c214f,yes,bundle.artifact.bind_sha256_hex,yes,yes,yes,yes,yes,yes
0018,0018.png,bundle_png,yes,bundles/0018.png,12553,2026-05-13 22:44:24 CDT,92fbb5c22d24e22e3296f829724417731a1825a2d8112042a0b627d5a04b0d24,0018.png.ots,bundles/0018.png.ots,9ba9d3a561b1b86e4a847c7eaaba73fc8bba7258ce0ea021dc846d91d97dd961,0018.png.ots.upgraded,bundles/ots_upgraded_bundle/0018.png.ots.upgraded,442dc03de12cb6cb6feb3331a556aa8c57b62bdf379eecb72bb1b82661003569,anchored,92fbb5c22d24e22e3296f829724417731a1825a2d8112042a0b627d5a04b0d24,yes,949315,00000000000000000000d85ce083fd2ec3e33d9809b9ad6fe9165b2babd71911,2026-05-13 22:38:45 CDT,2026-05-13 23:18:37 CDT,2026-05-14 01:18:37 CDT,0018.png.ots__time-stamp.json,bundles/0018.png.ots__time-stamp.json,2026-05-14T03:44:27.424000+00:00,2026-05-13T11:50:24.007000+00:00,2026-05-14T11:50:24.007000+00:00,1000000,9ba9d3a561b1b86e4a847c7eaaba73fc8bba7258ce0ea021dc846d91d97dd961,yes,bundle.artifact.bind_sha256_hex,yes,yes,yes,yes,yes,yes
0019,0019.json,bundle_json,yes,bundles/0019.json,7195,2026-05-13 22:44:35 CDT,8c37c3a8d56834212a2057ca3622818b79e9a322c8a37879e620321900e9c918,0019.json.ots,bundles/0019.json.ots,a02fb40bede16912eeb88bc0f735dcb072588c84c6624bc5a787e1ae23eec5d9,0019.json.ots.upgraded,bundles/ots_upgraded_bundle/0019.json.ots.upgraded,6f9fd28eaa2a059ede587338e3a8af886801aa8cefff27928aa9614d218b173c,anchored,8c37c3a8d56834212a2057ca3622818b79e9a322c8a37879e620321900e9c918,yes,949315,00000000000000000000d85ce083fd2ec3e33d9809b9ad6fe9165b2babd71911,2026-05-13 22:38:45 CDT,2026-05-13 23:18:37 CDT,2026-05-14 01:18:37 CDT,0019.json.ots__time-stamp.json,bundles/0019.json.ots__time-stamp.json,2026-05-14T03:44:37.630000+00:00,2026-05-13T11:50:24.007000+00:00,2026-05-14T11:50:24.007000+00:00,1000000,a02fb40bede16912eeb88bc0f735dcb072588c84c6624bc5a787e1ae23eec5d9,yes,bundle.artifact.bind_sha256_hex,yes,yes,yes,yes,yes,yes
0019,0019.png,bundle_png,yes,bundles/0019.png,12346,2026-05-13 22:44:32 CDT,c19ba4441656166516ba86cb612f22e187c0f3aa7af83aabe16d32ef9c59250d,0019.png.ots,bundles/0019.png.ots,b651f83ef318246b67a04fb95f67a8b5083bcc594bb9a6b7e3db2dd9526cd172,0019.png.ots.upgraded,bundles/ots_upgraded_bundle/0019.png.ots.upgraded,58ae126aaa21b8c1120b60b6177ab126b5c25dfc45a5a894865c0b6d504b20f4,anchored,c19ba4441656166516ba86cb612f22e187c0f3aa7af83aabe16d32ef9c59250d,yes,949319,00000000000000000001167897b80c9add7c40f4481e0d4dbebf384a8bd28e82,2026-05-13 23:14:50 CDT,2026-05-14 00:06:03 CDT,2026-05-14 02:06:03 CDT,0019.png.ots__time-stamp.json,bundles/0019.png.ots__time-stamp.json,2026-05-14T03:44:35.044000+00:00,2026-05-13T06:31:59.305000+00:00,2026-05-14T06:31:59.305000+00:00,1000000,b651f83ef318246b67a04fb95f67a8b5083bcc594bb9a6b7e3db2dd9526cd172,yes,bundle.artifact.bind_sha256_hex,yes,yes,yes,yes,yes,yes
0020,0020.json,bundle_json,yes,bundles/0020.json,7194,2026-05-13 22:44:43 CDT,96a7039ced12c4d783cef68a45378ef92937552f1a958e5813a9c1e975bc9ab9,0020.json.ots,bundles/0020.json.ots,a14e68674f2ddb304471622ea66a1327c275c1449f1bb46a557baeeb74105628,0020.json.ots.upgraded,bundles/ots_upgraded_bundle/0020.json.ots.upgraded,10464eaf551cdc674b1b4497fb1996d4d8e324d0def0b72b612b4f2cbac743f0,anchored,96a7039ced12c4d783cef68a45378ef92937552f1a958e5813a9c1e975bc9ab9,yes,949319,00000000000000000001167897b80c9add7c40f4481e0d4dbebf384a8bd28e82,2026-05-13 23:14:50 CDT,2026-05-14 00:06:03 CDT,2026-05-14 02:06:03 CDT,0020.json.ots__time-stamp.json,bundles/0020.json.ots__time-stamp.json,2026-05-14T03:44:45.345000+00:00,2026-05-13T07:42:55.719000+00:00,2026-05-14T07:42:55.719000+00:00,1000000,a14e68674f2ddb304471622ea66a1327c275c1449f1bb46a557baeeb74105628,yes,bundle.artifact.bind_sha256_hex,yes,yes,yes,yes,yes,yes
0020,0020.png,bundle_png,yes,bundles/0020.png,12546,2026-05-13 22:44:40 CDT,1eb8a920649324a099e396b91eeff1b2c5cdbbec973659d007e179af92ab87f4,0020.png.ots,bundles/0020.png.ots,a9a7f3ca210af5f3178b1ffb1a3c8564e26e88c4e914e43b7fa4232cd1322b25,0020.png.ots.upgraded,bundles/ots_upgraded_bundle/0020.png.ots.upgraded,29e14152f43a60242bdf54d26cffeb06cfc9eff4dac6db97c46a3055ff458351,anchored,1eb8a920649324a099e396b91eeff1b2c5cdbbec973659d007e179af92ab87f4,yes,949319,00000000000000000001167897b80c9add7c40f4481e0d4dbebf384a8bd28e82,2026-05-13 23:14:50 CDT,2026-05-14 00:06:03 CDT,2026-05-14 02:06:03 CDT,0020.png.ots__time-stamp.json,bundles/0020.png.ots__time-stamp.json,2026-05-14T03:44:42.644000+00:00,2026-05-13T07:26:49.378000+00:00,2026-05-14T07:26:49.378000+00:00,1000000,a9a7f3ca210af5f3178b1ffb1a3c8564e26e88c4e914e43b7fa4232cd1322b25,yes,bundle.artifact.bind_sha256_hex,yes,yes,yes,yes,yes,yes
0021,0021.json,bundle_json,yes,bundles/0021.json,7197,2026-05-13 22:44:51 CDT,bfe222dcf692a6f72f8bdbece391281dd637b51bd79edb724480bea7128c954a,0021.json.ots,bundles/0021.json.ots,8a871ecc705acc4a42074535c7a4e7d5747cc2e6b1b3954d9161d28475ebd4c1,0021.json.ots.upgraded,bundles/ots_upgraded_bundle/0021.json.ots.upgraded,ba0e8702ec6d3b6fa316652fe1341804d483f147a96a451e34dd2500514db370,anchored,bfe222dcf692a6f72f8bdbece391281dd637b51bd79edb724480bea7128c954a,yes,949313,00000000000000000000b652749d31ea5c941a345b14754a02176d7a03f4a108,2026-05-13 22:25:03 CDT,2026-05-13 23:02:10 CDT,2026-05-14 01:02:10 CDT,0021.json.ots__time-stamp.json,bundles/0021.json.ots__time-stamp.json,2026-05-14T03:44:53.605000+00:00,2026-05-13T10:01:43.892000+00:00,2026-05-14T10:01:43.892000+00:00,1000000,8a871ecc705acc4a42074535c7a4e7d5747cc2e6b1b3954d9161d28475ebd4c1,yes,bundle.artifact.bind_sha256_hex,yes,yes,yes,yes,yes,yes
0021,0021.png,bundle_png,yes,bundles/0021.png,12438,2026-05-13 22:44:47 CDT,2e09366bbd3401d95b42cd107608d9c0effec63cf966cdfbe8c6e90ca22ec975,0021.png.ots,bundles/0021.png.ots,6d602ee9b8d04b238b369db2204de6dccd30d385f0a2a0a0d44b8b4cb0a25bd3,0021.png.ots.upgraded,bundles/ots_upgraded_bundle/0021.png.ots.upgraded,0a7fcbf60f99a6d77e3e2e73cdbd7a3e59de21e21a7a4b554456018f6ca672b5,anchored,2e09366bbd3401d95b42cd107608d9c0effec63cf966cdfbe8c6e90ca22ec975,yes,949319,00000000000000000001167897b80c9add7c40f4481e0d4dbebf384a8bd28e82,2026-05-13 23:14:50 CDT,2026-05-14 00:06:03 CDT,2026-05-14 02:06:03 CDT,0021.png.ots__time-stamp.json,bundles/0021.png.ots__time-stamp.json,2026-05-14T03:44:50.585000+00:00,2026-05-13T07:50:12.083000+00:00,2026-05-14T07:50:12.083000+00:00,1000000,6d602ee9b8d04b238b369db2204de6dccd30d385f0a2a0a0d44b8b4cb0a25bd3,yes,bundle.artifact.bind_sha256_hex,yes,yes,yes,yes,yes,yes
0022,0022.json,bundle_json,yes,bundles/0022.json,7195,2026-05-13 22:44:58 CDT,87ab6d66cd88cb93c01182607b6388c689911718002b3ee1a647320e2491b408,0022.json.ots,bundles/0022.json.ots,39b42f9bd2290aa4a24b6630271b4ddf16077107f5f4e50cb4bf410061266ef1,0022.json.ots.upgraded,bundles/ots_upgraded_bundle/0022.json.ots.upgraded,7478db399bf02dadf0811918c6513aec3927ff82e24b2d462cfcde11d096120f,anchored,87ab6d66cd88cb93c01182607b6388c689911718002b3ee1a647320e2491b408,yes,949315,00000000000000000000d85ce083fd2ec3e33d9809b9ad6fe9165b2babd71911,2026-05-13 22:38:45 CDT,2026-05-13 23:18:37 CDT,2026-05-14 01:18:37 CDT,0022.json.ots__time-stamp.json,bundles/0022.json.ots__time-stamp.json,2026-05-14T03:45:01.294000+00:00,2026-05-13T06:31:59.305000+00:00,2026-05-14T06:31:59.305000+00:00,1000000,39b42f9bd2290aa4a24b6630271b4ddf16077107f5f4e50cb4bf410061266ef1,yes,bundle.artifact.bind_sha256_hex,yes,yes,yes,yes,yes,yes
0022,0022.png,bundle_png,yes,bundles/0022.png,12457,2026-05-13 22:44:55 CDT,047a876e39d0d7d7b5f6608745ad041eb75c2ec4e1a00c7c6e263a24e2085c67,0022.png.ots,bundles/0022.png.ots,2bb619a8fab5d3ce3de4ca04be3577940faededcd180749252af55f57dc0a5a8,0022.png.ots.upgraded,bundles/ots_upgraded_bundle/0022.png.ots.upgraded,225530bfa64f471eee4d882ef450971b6885d9c3ebf138f916e57f1713a3472f,anchored,047a876e39d0d7d7b5f6608745ad041eb75c2ec4e1a00c7c6e263a24e2085c67,yes,949315,00000000000000000000d85ce083fd2ec3e33d9809b9ad6fe9165b2babd71911,2026-05-13 22:38:45 CDT,2026-05-13 23:18:37 CDT,2026-05-14 01:18:37 CDT,0022.png.ots__time-stamp.json,bundles/0022.png.ots__time-stamp.json,2026-05-14T03:44:58.370000+00:00,2026-05-13T09:16:05.223000+00:00,2026-05-14T09:16:05.223000+00:00,1000000,2bb619a8fab5d3ce3de4ca04be3577940faededcd180749252af55f57dc0a5a8,yes,bundle.artifact.bind_sha256_hex,yes,yes,yes,yes,yes,yes
0023,0023.json,bundle_json,yes,bundles/0023.json,7199,2026-05-13 22:45:06 CDT,4a37a8bf1f741c090c115e545dc735980bade51e4f1f30a112340d61a5f18fa5,0023.json.ots,bundles/0023.json.ots,fcecfb386241c383e155fb75255ebc2ffd2f1ec9ad29ccab80de634e86a58de2,0023.json.ots.upgraded,bundles/ots_upgraded_bundle/0023.json.ots.upgraded,274a6f254aa558c5dfbb3ad5bd52df16f1a73799cddcdfb9a0607765eef2876e,anchored,4a37a8bf1f741c090c115e545dc735980bade51e4f1f30a112340d61a5f18fa5,yes,949315,00000000000000000000d85ce083fd2ec3e33d9809b9ad6fe9165b2babd71911,2026-05-13 22:38:45 CDT,2026-05-13 23:18:37 CDT,2026-05-14 01:18:37 CDT,0023.json.ots__time-stamp.json,bundles/0023.json.ots__time-stamp.json,2026-05-14T03:45:08.392000+00:00,2026-05-13T07:35:20.866000+00:00,2026-05-14T07:35:20.866000+00:00,1000000,fcecfb386241c383e155fb75255ebc2ffd2f1ec9ad29ccab80de634e86a58de2,yes,bundle.artifact.bind_sha256_hex,yes,yes,yes,yes,yes,yes
0023,0023.png,bundle_png,yes,bundles/0023.png,12652,2026-05-13 22:45:03 CDT,56dc76cda08df9f5d6ce78153ea74af09971f7f456799e4e2f5523fad2777cc9,0023.png.ots,bundles/0023.png.ots,d9cb8ee213f33a47943f2e7f558354ea70f6f056b4c5eb7203fca9266830ce41,0023.png.ots.upgraded,bundles/ots_upgraded_bundle/0023.png.ots.upgraded,7914ba2981eaeb13e9f359324e8735fc3ca08cc9d56130efb93a826ec93d4715,anchored,56dc76cda08df9f5d6ce78153ea74af09971f7f456799e4e2f5523fad2777cc9,yes,949315,00000000000000000000d85ce083fd2ec3e33d9809b9ad6fe9165b2babd71911,2026-05-13 22:38:45 CDT,2026-05-13 23:18:37 CDT,2026-05-14 01:18:37 CDT,0023.png.ots__time-stamp.json,bundles/0023.png.ots__time-stamp.json,2026-05-14T03:45:05.665000+00:00,2026-05-13T06:34:59.170000+00:00,2026-05-14T06:34:59.170000+00:00,1000000,d9cb8ee213f33a47943f2e7f558354ea70f6f056b4c5eb7203fca9266830ce41,yes,bundle.artifact.bind_sha256_hex,yes,yes,yes,yes,yes,yes
0024,0024.json,bundle_json,yes,bundles/0024.json,6873,2026-05-13 22:45:14 CDT,7724afec6026604f8cc427f0051bc4ca12732bc0f284f12746788b32d9fc1f35,0024.json.ots,bundles/0024.json.ots,f3a98679714d26ce87e44bb7c54569bcfcac1018f1951c768f295170ad8e2cae,0024.json.ots.upgraded,bundles/ots_upgraded_bundle/0024.json.ots.upgraded,e854b7c721f75d52211fef1696857657bae78e288759e097d8efd16583bcc91c,anchored,7724afec6026604f8cc427f0051bc4ca12732bc0f284f12746788b32d9fc1f35,yes,949313,00000000000000000000b652749d31ea5c941a345b14754a02176d7a03f4a108,2026-05-13 22:25:03 CDT,2026-05-13 23:02:10 CDT,2026-05-14 01:02:10 CDT,0024.json.ots__time-stamp.json,bundles/0024.json.ots__time-stamp.json,2026-05-14T03:45:16.704000+00:00,2026-05-13T09:43:31.882000+00:00,2026-05-14T09:43:31.882000+00:00,1000000,f3a98679714d26ce87e44bb7c54569bcfcac1018f1951c768f295170ad8e2cae,yes,bundle.artifact.bind_sha256_hex,yes,yes,yes,yes,yes,yes
0024,0024.png,bundle_png,yes,bundles/0024.png,18895,2026-05-13 22:45:10 CDT,acf6a3f3aadc32bb9f0fd3df9382baeae021a20cdbf5312bab6916f412f3f45a,0024.png.ots,bundles/0024.png.ots,ba8774da0eefb8441f1b6bd103e4f6bb9c8343ebb0bbd8a99b1cf31d22ceb7a0,0024.png.ots.upgraded,bundles/ots_upgraded_bundle/0024.png.ots.upgraded,d31c6987716d18d24042ab3c108a8acfd9bdbbdf45a3da8d3048cac8e4d313a8,anchored,acf6a3f3aadc32bb9f0fd3df9382baeae021a20cdbf5312bab6916f412f3f45a,yes,949313,00000000000000000000b652749d31ea5c941a345b14754a02176d7a03f4a108,2026-05-13 22:25:03 CDT,2026-05-13 23:02:10 CDT,2026-05-14 01:02:10 CDT,0024.png.ots__time-stamp.json,bundles/0024.png.ots__time-stamp.json,2026-05-14T03:45:13.721000+00:00,2026-05-13T09:16:05.223000+00:00,2026-05-14T09:16:05.223000+00:00,1000000,ba8774da0eefb8441f1b6bd103e4f6bb9c8343ebb0bbd8a99b1cf31d22ceb7a0,yes,bundle.artifact.bind_sha256_hex,yes,yes,yes,yes,yes,yes
0025,0025.json,bundle_json,yes,bundles/0025.json,6873,2026-05-13 22:45:21 CDT,16de7f6dbb4609862e83d70bb2fb45887baa5bdb5364cf8398044a5a7101ea3d,0025.json.ots,bundles/0025.json.ots,01710c1c6ec303084d7b1a2c47e1e1277e502140fe6dbbf3cc570c1d75797590,0025.json.ots.upgraded,bundles/ots_upgraded_bundle/0025.json.ots.upgraded,22e8a0d894338db3948ed02adb437b20d9dd64b41a9fdb8fe38b0f1037806180,anchored,16de7f6dbb4609862e83d70bb2fb45887baa5bdb5364cf8398044a5a7101ea3d,yes,949313,00000000000000000000b652749d31ea5c941a345b14754a02176d7a03f4a108,2026-05-13 22:25:03 CDT,2026-05-13 23:02:10 CDT,2026-05-14 01:02:10 CDT,0025.json.ots__time-stamp.json,bundles/0025.json.ots__time-stamp.json,2026-05-14T03:45:23.769000+00:00,2026-05-13T10:49:29.465000+00:00,2026-05-14T10:49:29.465000+00:00,1000000,01710c1c6ec303084d7b1a2c47e1e1277e502140fe6dbbf3cc570c1d75797590,yes,bundle.artifact.bind_sha256_hex,yes,yes,yes,yes,yes,yes
0025,0025.png,bundle_png,yes,bundles/0025.png,19510,2026-05-13 22:45:18 CDT,dbb9a4598744d1a3181a51622e01795b9bd9113124e2e78f1a99684aa1779d23,0025.png.ots,bundles/0025.png.ots,cd1a6fa47a557bbc69fbd8db5a14dced14f3eacd3fc4538c65d7874ae79ff4c9,0025.png.ots.upgraded,bundles/ots_upgraded_bundle/0025.png.ots.upgraded,bac051619a7f557d708aeeefe5c71a8a650276ebecec86be89be9a6d966a78c0,anchored,dbb9a4598744d1a3181a51622e01795b9bd9113124e2e78f1a99684aa1779d23,yes,949313,00000000000000000000b652749d31ea5c941a345b14754a02176d7a03f4a108,2026-05-13 22:25:03 CDT,2026-05-13 23:02:10 CDT,2026-05-14 01:02:10 CDT,0025.png.ots__time-stamp.json,bundles/0025.png.ots__time-stamp.json,2026-05-14T03:45:21.220000+00:00,2026-05-13T09:43:31.882000+00:00,2026-05-14T09:43:31.882000+00:00,1000000,cd1a6fa47a557bbc69fbd8db5a14dced14f3eacd3fc4538c65d7874ae79ff4c9,yes,bundle.artifact.bind_sha256_hex,yes,yes,yes,yes,yes,yes
0026,0026.json,bundle_json,yes,bundles/0026.json,6871,2026-05-13 22:45:29 CDT,e8aa735dca86a0e512be0e6c3b54e44244ee81d3fe62e4c4c31551467ded83eb,0026.json.ots,bundles/0026.json.ots,f978ba0d1e660ce1e768c4fccd0d5e9e26480d50e41f78cb9a2b88967a339eec,0026.json.ots.upgraded,bundles/ots_upgraded_bundle/0026.json.ots.upgraded,ba11ea1196363d30b2afad903d41f2ea442be15a89e50f5a472cf1634a2fae84,anchored,e8aa735dca86a0e512be0e6c3b54e44244ee81d3fe62e4c4c31551467ded83eb,yes,949319,00000000000000000001167897b80c9add7c40f4481e0d4dbebf384a8bd28e82,2026-05-13 23:14:50 CDT,2026-05-14 00:06:03 CDT,2026-05-14 02:06:03 CDT,0026.json.ots__time-stamp.json,bundles/0026.json.ots__time-stamp.json,2026-05-14T03:45:31.385000+00:00,2026-05-13T10:58:02.074000+00:00,2026-05-14T10:58:02.074000+00:00,1000000,f978ba0d1e660ce1e768c4fccd0d5e9e26480d50e41f78cb9a2b88967a339eec,yes,bundle.artifact.bind_sha256_hex,yes,yes,yes,yes,yes,yes
0026,0026.png,bundle_png,yes,bundles/0026.png,20282,2026-05-13 22:45:26 CDT,6bf032a1397d594f2d09e6b6244fd313b5c08718be6eed75ee0f013a28ea8298,0026.png.ots,bundles/0026.png.ots,bf6b5b2a0dd2d158741cdf6a03a74158b428085d3bd7f6655428b75004257a9a,0026.png.ots.upgraded,bundles/ots_upgraded_bundle/0026.png.ots.upgraded,3fad3b4d331403364eec73544fc82ed95c687fc81016fe7d78e50cc9fbbf4002,anchored,6bf032a1397d594f2d09e6b6244fd313b5c08718be6eed75ee0f013a28ea8298,yes,949319,00000000000000000001167897b80c9add7c40f4481e0d4dbebf384a8bd28e82,2026-05-13 23:14:50 CDT,2026-05-14 00:06:03 CDT,2026-05-14 02:06:03 CDT,0026.png.ots__time-stamp.json,bundles/0026.png.ots__time-stamp.json,2026-05-14T03:45:28.745000+00:00,2026-05-13T09:43:31.882000+00:00,2026-05-14T09:43:31.882000+00:00,1000000,bf6b5b2a0dd2d158741cdf6a03a74158b428085d3bd7f6655428b75004257a9a,yes,bundle.artifact.bind_sha256_hex,yes,yes,yes,yes,yes,yes
0027,0027.json,bundle_json,yes,bundles/0027.json,6870,2026-05-13 22:45:37 CDT,aa467122fffe5bfda57cb43de90319fb312faa50791abfed38aac31312d00321,0027.json.ots,bundles/0027.json.ots,d40b67f54f44b8af9eace56f6ec197e6ccbc6fa3f4c168eba58d23cbf67e35fc,0027.json.ots.upgraded,bundles/ots_upgraded_bundle/0027.json.ots.upgraded,1105e6a7d5c9fbfb184df852b8df9ff02f40f0fb644a834170a7ecb158030258,anchored,aa467122fffe5bfda57cb43de90319fb312faa50791abfed38aac31312d00321,yes,949315,00000000000000000000d85ce083fd2ec3e33d9809b9ad6fe9165b2babd71911,2026-05-13 22:38:45 CDT,2026-05-13 23:18:37 CDT,2026-05-14 01:18:37 CDT,0027.json.ots__time-stamp.json,bundles/0027.json.ots__time-stamp.json,2026-05-14T03:45:39.444000+00:00,2026-05-13T06:40:25.129000+00:00,2026-05-14T06:40:25.129000+00:00,1000000,d40b67f54f44b8af9eace56f6ec197e6ccbc6fa3f4c168eba58d23cbf67e35fc,yes,bundle.artifact.bind_sha256_hex,yes,yes,yes,yes,yes,yes
0027,0027.png,bundle_png,yes,bundles/0027.png,22603,2026-05-13 22:45:33 CDT,03739146ce380a7c1dc8638c1b5cd240dc7d8386aa241acd8c4441966819e07c,0027.png.ots,bundles/0027.png.ots,737636d98bfd2e75827210bcb8210542b96dfe6ffb36f5ac237f5c511f08185c,0027.png.ots.upgraded,bundles/ots_upgraded_bundle/0027.png.ots.upgraded,61110ed7237196934377c2d6ade2823ebbf59a4170cbe54a4883e80b438c81f8,anchored,03739146ce380a7c1dc8638c1b5cd240dc7d8386aa241acd8c4441966819e07c,yes,949315,00000000000000000000d85ce083fd2ec3e33d9809b9ad6fe9165b2babd71911,2026-05-13 22:38:45 CDT,2026-05-13 23:18:37 CDT,2026-05-14 01:18:37 CDT,0027.png.ots__time-stamp.json,bundles/0027.png.ots__time-stamp.json,2026-05-14T03:45:36.744000+00:00,2026-05-13T23:25:23.999000+00:00,2026-05-14T23:25:23.999000+00:00,1000000,737636d98bfd2e75827210bcb8210542b96dfe6ffb36f5ac237f5c511f08185c,yes,bundle.artifact.bind_sha256_hex,yes,yes,yes,yes,yes,yes
0028,0028.json,bundle_json,yes,bundles/0028.json,6877,2026-05-13 22:45:44 CDT,c766ee24e184690ce0be60e9e42d2e3d6ec9c3fe458e871a6b927f21d86ae849,0028.json.ots,bundles/0028.json.ots,2ca23c6e90be6f7363f9d568abc6c68d266b03f1bc005d2171ade01307364bc4,0028.json.ots.upgraded,bundles/ots_upgraded_bundle/0028.json.ots.upgraded,16cfcedc35b10145a3a17b3093f7e243190e38e29a2fae8505056b6db9f9d4b3,anchored,c766ee24e184690ce0be60e9e42d2e3d6ec9c3fe458e871a6b927f21d86ae849,yes,949315,00000000000000000000d85ce083fd2ec3e33d9809b9ad6fe9165b2babd71911,2026-05-13 22:38:45 CDT,2026-05-13 23:18:37 CDT,2026-05-14 01:18:37 CDT,0028.json.ots__time-stamp.json,bundles/0028.json.ots__time-stamp.json,2026-05-14T03:45:46.790000+00:00,2026-05-13T11:50:24.007000+00:00,2026-05-14T11:50:24.007000+00:00,1000000,2ca23c6e90be6f7363f9d568abc6c68d266b03f1bc005d2171ade01307364bc4,yes,bundle.artifact.bind_sha256_hex,yes,yes,yes,yes,yes,yes
0028,0028.png,bundle_png,yes,bundles/0028.png,18698,2026-05-13 22:45:41 CDT,01f69eea5a851c6ee529c330fdcf20307b1c4882cc07b8d967d39ce606d08147,0028.png.ots,bundles/0028.png.ots,fa8c08e56e2f032ea90d7bd0c63675e21fffb437b698b8a82b7b76e6e4cf7b2a,0028.png.ots.upgraded,bundles/ots_upgraded_bundle/0028.png.ots.upgraded,3a1d2569958024f61558c2bb1b410ef065a6cc9d969f8b147117a331f8b83c90,anchored,01f69eea5a851c6ee529c330fdcf20307b1c4882cc07b8d967d39ce606d08147,yes,949313,00000000000000000000b652749d31ea5c941a345b14754a02176d7a03f4a108,2026-05-13 22:25:03 CDT,2026-05-13 23:02:10 CDT,2026-05-14 01:02:10 CDT,0028.png.ots__time-stamp.json,bundles/0028.png.ots__time-stamp.json,2026-05-14T03:45:43.790000+00:00,2026-05-13T09:16:05.223000+00:00,2026-05-14T09:16:05.223000+00:00,1000000,fa8c08e56e2f032ea90d7bd0c63675e21fffb437b698b8a82b7b76e6e4cf7b2a,yes,bundle.artifact.bind_sha256_hex,yes,yes,yes,yes,yes,yes
0029,0029.json,bundle_json,yes,bundles/0029.json,6871,2026-05-13 22:45:52 CDT,852433000f5d084c7f51e4b075b018cafc3acb9a49a88b515422ee8fc93d7c93,0029.json.ots,bundles/0029.json.ots,a6d867bf0f4132d9633bfb8b10fb235cdc3af08673fe0f493e942abad746880e,0029.json.ots.upgraded,bundles/ots_upgraded_bundle/0029.json.ots.upgraded,7f490014839d8cd0668775322fa314540ce86830062d8768cda4e45fd6811905,anchored,852433000f5d084c7f51e4b075b018cafc3acb9a49a88b515422ee8fc93d7c93,yes,949313,00000000000000000000b652749d31ea5c941a345b14754a02176d7a03f4a108,2026-05-13 22:25:03 CDT,2026-05-13 23:02:10 CDT,2026-05-14 01:02:10 CDT,0029.json.ots__time-stamp.json,bundles/0029.json.ots__time-stamp.json,2026-05-14T03:45:55.544000+00:00,2026-05-13T07:32:13.637000+00:00,2026-05-14T07:32:13.637000+00:00,1000000,a6d867bf0f4132d9633bfb8b10fb235cdc3af08673fe0f493e942abad746880e,yes,bundle.artifact.bind_sha256_hex,yes,yes,yes,yes,yes,yes
0029,0029.png,bundle_png,yes,bundles/0029.png,16021,2026-05-13 22:45:49 CDT,1f646770e01bf269c9ed6051ab16e2b50310513618fb4af0f2f2f1da6d222ffb,0029.png.ots,bundles/0029.png.ots,e5bb17abf74e697684143774e0851c66f68c411f0bf48dafe4571c620c7a1312,0029.png.ots.upgraded,bundles/ots_upgraded_bundle/0029.png.ots.upgraded,5a79a3453bc9197c9986531d044ef08a7d19d8ffa34f5cea2e8803312bce133a,anchored,1f646770e01bf269c9ed6051ab16e2b50310513618fb4af0f2f2f1da6d222ffb,yes,949315,00000000000000000000d85ce083fd2ec3e33d9809b9ad6fe9165b2babd71911,2026-05-13 22:38:45 CDT,2026-05-13 23:18:37 CDT,2026-05-14 01:18:37 CDT,0029.png.ots__time-stamp.json,bundles/0029.png.ots__time-stamp.json,2026-05-14T03:45:51.862000+00:00,2026-05-13T06:34:59.170000+00:00,2026-05-14T06:34:59.170000+00:00,1000000,e5bb17abf74e697684143774e0851c66f68c411f0bf48dafe4571c620c7a1312,yes,bundle.artifact.bind_sha256_hex,yes,yes,yes,yes,yes,yes
0030,0030.json,bundle_json,yes,bundles/0030.json,6873,2026-05-13 22:46:00 CDT,1fc387ea55ca9df2f6e8143b44075b99ceb4fd84d659bb4cfa54f4016d7a4507,0030.json.ots,bundles/0030.json.ots,616c50ff459be132a4569c9f7af2982422f69849bf1e99674b12fe3326c280c0,0030.json.ots.upgraded,bundles/ots_upgraded_bundle/0030.json.ots.upgraded,c8a01c35f6acbb42915acdd2f157075c2dbd1b26150aa12184b58a8fb161c11d,anchored,1fc387ea55ca9df2f6e8143b44075b99ceb4fd84d659bb4cfa54f4016d7a4507,yes,949319,00000000000000000001167897b80c9add7c40f4481e0d4dbebf384a8bd28e82,2026-05-13 23:14:50 CDT,2026-05-14 00:06:03 CDT,2026-05-14 02:06:03 CDT,0030.json.ots__time-stamp.json,bundles/0030.json.ots__time-stamp.json,2026-05-14T03:46:02.866000+00:00,2026-05-13T07:35:20.866000+00:00,2026-05-14T07:35:20.866000+00:00,1000000,616c50ff459be132a4569c9f7af2982422f69849bf1e99674b12fe3326c280c0,yes,bundle.artifact.bind_sha256_hex,yes,yes,yes,yes,yes,yes
0030,0030.png,bundle_png,yes,bundles/0030.png,16025,2026-05-13 22:45:56 CDT,1c0772072fce84a929e8f51bc905af2bb99004dad77a6d6dbd4cb6e4a69a440f,0030.png.ots,bundles/0030.png.ots,5f7920c5580b31818bfafbbcf1eb861a7a6ca413e3db95b20784e1aac2cef56b,0030.png.ots.upgraded,bundles/ots_upgraded_bundle/0030.png.ots.upgraded,1c0e35028b98f4d1e9eee017cb6212531556c1ea664918d72790cb6736f333c8,anchored,1c0772072fce84a929e8f51bc905af2bb99004dad77a6d6dbd4cb6e4a69a440f,yes,949313,00000000000000000000b652749d31ea5c941a345b14754a02176d7a03f4a108,2026-05-13 22:25:03 CDT,2026-05-13 23:02:10 CDT,2026-05-14 01:02:10 CDT,0030.png.ots__time-stamp.json,bundles/0030.png.ots__time-stamp.json,2026-05-14T03:45:59.844000+00:00,2026-05-13T07:26:49.378000+00:00,2026-05-14T07:26:49.378000+00:00,1000000,5f7920c5580b31818bfafbbcf1eb861a7a6ca413e3db95b20784e1aac2cef56b,yes,bundle.artifact.bind_sha256_hex,yes,yes,yes,yes,yes,yes
0031,0031.json,bundle_json,yes,bundles/0031.json,6876,2026-05-13 22:46:07 CDT,57fbf26a710aa378eb0d5c2199b869ccaa796decdef3653fb577494e8db2303a,0031.json.ots,bundles/0031.json.ots,a6d539d14260f7b4d58b6e5a5129c5c793350316180c2af60d00a6fd2da35f35,0031.json.ots.upgraded,bundles/ots_upgraded_bundle/0031.json.ots.upgraded,3346ae5838fdeb504f36857910db172a8c878de5a0bfddfad3881c1a0092bde1,anchored,57fbf26a710aa378eb0d5c2199b869ccaa796decdef3653fb577494e8db2303a,yes,949319,00000000000000000001167897b80c9add7c40f4481e0d4dbebf384a8bd28e82,2026-05-13 23:14:50 CDT,2026-05-14 00:06:03 CDT,2026-05-14 02:06:03 CDT,0031.json.ots__time-stamp.json,bundles/0031.json.ots__time-stamp.json,2026-05-14T03:46:09.845000+00:00,2026-05-13T09:43:31.882000+00:00,2026-05-14T09:43:31.882000+00:00,1000000,a6d539d14260f7b4d58b6e5a5129c5c793350316180c2af60d00a6fd2da35f35,yes,bundle.artifact.bind_sha256_hex,yes,yes,yes,yes,yes,yes
0031,0031.png,bundle_png,yes,bundles/0031.png,16232,2026-05-13 22:46:04 CDT,e17d5309af164b858aeb7d0a96e673bd6d5cd446d2e298e59c7f58971aceb1ef,0031.png.ots,bundles/0031.png.ots,c02aac5bee243f019bac01394482f18eeab7fe8e9fcbcfaa55a876f23c22354b,0031.png.ots.upgraded,bundles/ots_upgraded_bundle/0031.png.ots.upgraded,5ddce0540ff42dcc36564e8170323f33e3d92ada02cb07aebd8da35dd4525e93,anchored,e17d5309af164b858aeb7d0a96e673bd6d5cd446d2e298e59c7f58971aceb1ef,yes,949315,00000000000000000000d85ce083fd2ec3e33d9809b9ad6fe9165b2babd71911,2026-05-13 22:38:45 CDT,2026-05-13 23:18:37 CDT,2026-05-14 01:18:37 CDT,0031.png.ots__time-stamp.json,bundles/0031.png.ots__time-stamp.json,2026-05-14T03:46:06.865000+00:00,2026-05-13T10:01:43.892000+00:00,2026-05-14T10:01:43.892000+00:00,1000000,c02aac5bee243f019bac01394482f18eeab7fe8e9fcbcfaa55a876f23c22354b,yes,bundle.artifact.bind_sha256_hex,yes,yes,yes,yes,yes,yes
0032,0032.json,bundle_json,yes,bundles/0032.json,6873,2026-05-13 22:46:15 CDT,2c60b3678a56ffddffe90ba12ffc08e01e26195f0d026ed5189c0dc8b70011c0,0032.json.ots,bundles/0032.json.ots,95b31b3ff35f5962b033764d6b8d083977bc46422b07c77538fb3221cf344418,0032.json.ots.upgraded,bundles/ots_upgraded_bundle/0032.json.ots.upgraded,142e3b27d5be7067cbaaa6e660ce6fbaa345a1dd43bb74a9f04d1838611ee9d1,anchored,2c60b3678a56ffddffe90ba12ffc08e01e26195f0d026ed5189c0dc8b70011c0,yes,949315,00000000000000000000d85ce083fd2ec3e33d9809b9ad6fe9165b2babd71911,2026-05-13 22:38:45 CDT,2026-05-13 23:18:37 CDT,2026-05-14 01:18:37 CDT,0032.json.ots__time-stamp.json,bundles/0032.json.ots__time-stamp.json,2026-05-14T03:46:17.645000+00:00,2026-05-13T06:14:03.236000+00:00,2026-05-14T06:14:03.236000+00:00,1000000,95b31b3ff35f5962b033764d6b8d083977bc46422b07c77538fb3221cf344418,yes,bundle.artifact.bind_sha256_hex,yes,yes,yes,yes,yes,yes
0032,0032.png,bundle_png,yes,bundles/0032.png,16446,2026-05-13 22:46:12 CDT,69e26ea39b65535867b247f33f22fff2253b84c601a9552c55601c2fe1254a61,0032.png.ots,bundles/0032.png.ots,c50e39efbddde818e9c5991b0ddaec420aed051c623d605f5598b26bfef547da,0032.png.ots.upgraded,bundles/ots_upgraded_bundle/0032.png.ots.upgraded,8f4859c62c0ecd91f08652f4efc9f67674adf8ac55b77ba1cfedf2925068f50d,anchored,69e26ea39b65535867b247f33f22fff2253b84c601a9552c55601c2fe1254a61,yes,949315,00000000000000000000d85ce083fd2ec3e33d9809b9ad6fe9165b2babd71911,2026-05-13 22:38:45 CDT,2026-05-13 23:18:37 CDT,2026-05-14 01:18:37 CDT,0032.png.ots__time-stamp.json,bundles/0032.png.ots__time-stamp.json,2026-05-14T03:46:14.884000+00:00,2026-05-13T23:25:23.999000+00:00,2026-05-14T23:25:23.999000+00:00,1000000,c50e39efbddde818e9c5991b0ddaec420aed051c623d605f5598b26bfef547da,yes,bundle.artifact.bind_sha256_hex,yes,yes,yes,yes,yes,yes
0033,0033.json,bundle_json,yes,bundles/0033.json,6872,2026-05-13 22:46:23 CDT,c7956d5e105fd5177a749ebeb749168e62384befa3bcd8776531c537d8a8c580,0033.json.ots,bundles/0033.json.ots,77fb1867aed0c5c91395838661de387888bc408ec6c89f20ab8893b29459aa39,0033.json.ots.upgraded,bundles/ots_upgraded_bundle/0033.json.ots.upgraded,43bc71456a67be632623a9e10d1228a274854cdf7066a0831d50d0ca458a387e,anchored,c7956d5e105fd5177a749ebeb749168e62384befa3bcd8776531c537d8a8c580,yes,949319,00000000000000000001167897b80c9add7c40f4481e0d4dbebf384a8bd28e82,2026-05-13 23:14:50 CDT,2026-05-14 00:06:03 CDT,2026-05-14 02:06:03 CDT,0033.json.ots__time-stamp.json,bundles/0033.json.ots__time-stamp.json,2026-05-14T03:46:25.470000+00:00,2026-05-13T10:58:02.074000+00:00,2026-05-14T10:58:02.074000+00:00,1000000,77fb1867aed0c5c91395838661de387888bc408ec6c89f20ab8893b29459aa39,yes,bundle.artifact.bind_sha256_hex,yes,yes,yes,yes,yes,yes
0033,0033.png,bundle_png,yes,bundles/0033.png,16360,2026-05-13 22:46:19 CDT,bd8e11fe6e32123789c65ddc2e12e6e9c27d7afc40baea7d9712f49fb6d32cbe,0033.png.ots,bundles/0033.png.ots,626227c6f25bf422bf35bfc3249c534460f3974c45f410e81694c9ba1f02b197,0033.png.ots.upgraded,bundles/ots_upgraded_bundle/0033.png.ots.upgraded,dc12026c14b534691616d8a50ab405d0f04a664d29c5cbf8cd21f1af04cd8c9f,anchored,bd8e11fe6e32123789c65ddc2e12e6e9c27d7afc40baea7d9712f49fb6d32cbe,yes,949315,00000000000000000000d85ce083fd2ec3e33d9809b9ad6fe9165b2babd71911,2026-05-13 22:38:45 CDT,2026-05-13 23:18:37 CDT,2026-05-14 01:18:37 CDT,0033.png.ots__time-stamp.json,bundles/0033.png.ots__time-stamp.json,2026-05-14T03:46:22.930000+00:00,2026-05-13T07:50:12.083000+00:00,2026-05-14T07:50:12.083000+00:00,1000000,626227c6f25bf422bf35bfc3249c534460f3974c45f410e81694c9ba1f02b197,yes,bundle.artifact.bind_sha256_hex,yes,yes,yes,yes,yes,yes
0034,0034.json,bundle_json,yes,bundles/0034.json,6621,2026-05-13 22:46:31 CDT,7fdf32d5f0eec0bad41b52dc238a53e0bc807de8de34a6301c6f54743a9341a7,0034.json.ots,bundles/0034.json.ots,0cf285ba943e3e71faa24b1c43bc69ac92270a01374870f16c66e52b455a221d,0034.json.ots.upgraded,bundles/ots_upgraded_bundle/0034.json.ots.upgraded,e8787e99ebf835b9c5a3799dd3bafc7bc142555caa7c31dccdc33076e88eaad0,anchored,7fdf32d5f0eec0bad41b52dc238a53e0bc807de8de34a6301c6f54743a9341a7,yes,949319,00000000000000000001167897b80c9add7c40f4481e0d4dbebf384a8bd28e82,2026-05-13 23:14:50 CDT,2026-05-14 00:06:03 CDT,2026-05-14 02:06:03 CDT,0034.json.ots__time-stamp.json,bundles/0034.json.ots__time-stamp.json,2026-05-14T03:46:33.949000+00:00,2026-05-13T06:34:59.170000+00:00,2026-05-14T06:34:59.170000+00:00,1000000,0cf285ba943e3e71faa24b1c43bc69ac92270a01374870f16c66e52b455a221d,yes,bundle.artifact.bind_sha256_hex,yes,yes,yes,yes,yes,yes
0034,0034.png,bundle_png,yes,bundles/0034.png,16452,2026-05-13 22:46:27 CDT,257b6d01a832b946696d7897cbceda87cb1925e505a9036e417d37221c79e6e2,0034.png.ots,bundles/0034.png.ots,4ca416b5d5945170621e2840ec193991a5611576927046d6880a34859fe05465,0034.png.ots.upgraded,bundles/ots_upgraded_bundle/0034.png.ots.upgraded,6c2abd0de9bb539f95bd2bd3171b6c1af8786135e9ffff82407477adaadb2729,anchored,257b6d01a832b946696d7897cbceda87cb1925e505a9036e417d37221c79e6e2,yes,949315,00000000000000000000d85ce083fd2ec3e33d9809b9ad6fe9165b2babd71911,2026-05-13 22:38:45 CDT,2026-05-13 23:18:37 CDT,2026-05-14 01:18:37 CDT,0034.png.ots__time-stamp.json,bundles/0034.png.ots__time-stamp.json,2026-05-14T03:46:30.794000+00:00,2026-05-13T23:25:23.999000+00:00,2026-05-14T23:25:23.999000+00:00,1000000,4ca416b5d5945170621e2840ec193991a5611576927046d6880a34859fe05465,yes,bundle.artifact.bind_sha256_hex,yes,yes,yes,yes,yes,yes
0035,0035.json,bundle_json,yes,bundles/0035.json,6987,2026-05-13 22:46:38 CDT,0e1284da2805af7bc21281bc862aa4294c44d8f6671a3c1f648460183e696934,0035.json.ots,bundles/0035.json.ots,9cde2d1eb116ed0b7c6028e8108a059a23101d4b13b7eb3af88f9ba2323204e8,0035.json.ots.upgraded,bundles/ots_upgraded_bundle/0035.json.ots.upgraded,f94de1960061fb53a215c36a9fe40ee797bcc45009233ca91aa897016ed653fe,anchored,0e1284da2805af7bc21281bc862aa4294c44d8f6671a3c1f648460183e696934,yes,949313,00000000000000000000b652749d31ea5c941a345b14754a02176d7a03f4a108,2026-05-13 22:25:03 CDT,2026-05-13 23:02:10 CDT,2026-05-14 01:02:10 CDT,0035.json.ots__time-stamp.json,bundles/0035.json.ots__time-stamp.json,2026-05-14T03:46:40.705000+00:00,2026-05-13T07:42:55.719000+00:00,2026-05-14T07:42:55.719000+00:00,1000000,9cde2d1eb116ed0b7c6028e8108a059a23101d4b13b7eb3af88f9ba2323204e8,yes,bundle.artifact.bind_sha256_hex,yes,yes,yes,yes,yes,yes
0035,0035.png,bundle_png,yes,bundles/0035.png,16317,2026-05-13 22:46:35 CDT,aceb9bee326a944670072725ba398032b27852dea2666e7d3d16d2b7f76415b7,0035.png.ots,bundles/0035.png.ots,73bb52bd0a00710029fc436b6d95fc5ef98762a654fda846cd8137f3179f4ed1,0035.png.ots.upgraded,bundles/ots_upgraded_bundle/0035.png.ots.upgraded,b3323615e23d9ed666afea7b29d2948dd127ac0a5ab80165230c1e2371f3707f,anchored,aceb9bee326a944670072725ba398032b27852dea2666e7d3d16d2b7f76415b7,yes,949319,00000000000000000001167897b80c9add7c40f4481e0d4dbebf384a8bd28e82,2026-05-13 23:14:50 CDT,2026-05-14 00:06:03 CDT,2026-05-14 02:06:03 CDT,0035.png.ots__time-stamp.json,bundles/0035.png.ots__time-stamp.json,2026-05-14T03:46:37.945000+00:00,2026-05-13T06:14:03.236000+00:00,2026-05-14T06:14:03.236000+00:00,1000000,73bb52bd0a00710029fc436b6d95fc5ef98762a654fda846cd8137f3179f4ed1,yes,bundle.artifact.bind_sha256_hex,yes,yes,yes,yes,yes,yes
0036,0036.json,bundle_json,yes,bundles/0036.json,6986,2026-05-13 22:46:46 CDT,edf59dc1ef753c7d3e21b3feebfa2a559fce1011a0c02a0707c94655ab47a4a5,0036.json.ots,bundles/0036.json.ots,7bd6633435ac79119f349cd484504e4318cb4be3be4147c71215715374d7f015,0036.json.ots.upgraded,bundles/ots_upgraded_bundle/0036.json.ots.upgraded,bdc8867bad2d145d59cde352f1949ac98aced08dda39211d38b44cdb344aeb2d,anchored,edf59dc1ef753c7d3e21b3feebfa2a559fce1011a0c02a0707c94655ab47a4a5,yes,949319,00000000000000000001167897b80c9add7c40f4481e0d4dbebf384a8bd28e82,2026-05-13 23:14:50 CDT,2026-05-14 00:06:03 CDT,2026-05-14 02:06:03 CDT,0036.json.ots__time-stamp.json,bundles/0036.json.ots__time-stamp.json,2026-05-14T03:46:48.549000+00:00,2026-05-13T07:35:20.866000+00:00,2026-05-14T07:35:20.866000+00:00,1000000,7bd6633435ac79119f349cd484504e4318cb4be3be4147c71215715374d7f015,yes,bundle.artifact.bind_sha256_hex,yes,yes,yes,yes,yes,yes
0036,0036.png,bundle_png,yes,bundles/0036.png,16425,2026-05-13 22:46:43 CDT,cf739a3f04a31117967a017f3c6c7ca33c666ff951fa0fb0ec5a561097d8f7ab,0036.png.ots,bundles/0036.png.ots,852465edda3a3435a98f2b28ab7b48c27041e362fca5accc28daa8580938d4a2,0036.png.ots.upgraded,bundles/ots_upgraded_bundle/0036.png.ots.upgraded,4c2b9f0b6704028f9ab44cef6c119b76c72f5bb35205f175e52009328016b868,anchored,cf739a3f04a31117967a017f3c6c7ca33c666ff951fa0fb0ec5a561097d8f7ab,yes,949319,00000000000000000001167897b80c9add7c40f4481e0d4dbebf384a8bd28e82,2026-05-13 23:14:50 CDT,2026-05-14 00:06:03 CDT,2026-05-14 02:06:03 CDT,0036.png.ots__time-stamp.json,bundles/0036.png.ots__time-stamp.json,2026-05-14T03:46:46.004000+00:00,2026-05-13T11:50:24.007000+00:00,2026-05-14T11:50:24.007000+00:00,1000000,852465edda3a3435a98f2b28ab7b48c27041e362fca5accc28daa8580938d4a2,yes,bundle.artifact.bind_sha256_hex,yes,yes,yes,yes,yes,yes
0037,0037.json,bundle_json,yes,bundles/0037.json,6986,2026-05-13 22:46:53 CDT,40545eb29aadc81f8f134a8a7b7d77500c69cd1f5539c37fc9887a6d0b704ccb,0037.json.ots,bundles/0037.json.ots,374ec0afcf594e075d665fa28e5cbcb2a68d4842b47420e67f3f1503ab4c7d62,0037.json.ots.upgraded,bundles/ots_upgraded_bundle/0037.json.ots.upgraded,787391473ed8fa1872779f22bb316830aee58c365deedfed0eaa4e697240a20b,anchored,40545eb29aadc81f8f134a8a7b7d77500c69cd1f5539c37fc9887a6d0b704ccb,yes,949313,00000000000000000000b652749d31ea5c941a345b14754a02176d7a03f4a108,2026-05-13 22:25:03 CDT,2026-05-13 23:02:10 CDT,2026-05-14 01:02:10 CDT,0037.json.ots__time-stamp.json,bundles/0037.json.ots__time-stamp.json,2026-05-14T03:46:55.564000+00:00,2026-05-13T07:32:13.637000+00:00,2026-05-14T07:32:13.637000+00:00,1000000,374ec0afcf594e075d665fa28e5cbcb2a68d4842b47420e67f3f1503ab4c7d62,yes,bundle.artifact.bind_sha256_hex,yes,yes,yes,yes,yes,yes
0037,0037.png,bundle_png,yes,bundles/0037.png,16238,2026-05-13 22:46:50 CDT,da5180c4211bd89fd879054b4b9f6863015915295cded640d725384746bc86d1,0037.png.ots,bundles/0037.png.ots,65c3d34f35b8f6738254f5c5f859bb246c45d872b99cf63afc2a12da96e56ea3,0037.png.ots.upgraded,bundles/ots_upgraded_bundle/0037.png.ots.upgraded,b2f0cc7b5f57eea1a0db2681625f8d6b1325b72503b11a10716d69236647d448,anchored,da5180c4211bd89fd879054b4b9f6863015915295cded640d725384746bc86d1,yes,949319,00000000000000000001167897b80c9add7c40f4481e0d4dbebf384a8bd28e82,2026-05-13 23:14:50 CDT,2026-05-14 00:06:03 CDT,2026-05-14 02:06:03 CDT,0037.png.ots__time-stamp.json,bundles/0037.png.ots__time-stamp.json,2026-05-14T03:46:53.050000+00:00,2026-05-13T10:58:02.074000+00:00,2026-05-14T10:58:02.074000+00:00,1000000,65c3d34f35b8f6738254f5c5f859bb246c45d872b99cf63afc2a12da96e56ea3,yes,bundle.artifact.bind_sha256_hex,yes,yes,yes,yes,yes,yes
0038,0038.json,bundle_json,yes,bundles/0038.json,6954,2026-05-13 22:47:01 CDT,f0316c0546def19ae3eb12a772f3e968f308f47fb44d3d8bfff6a474ffb1d41b,0038.json.ots,bundles/0038.json.ots,0705263e78ca3ee341355adb4d3e42da86da3e2433457f1309f09c919b39b4dc,0038.json.ots.upgraded,bundles/ots_upgraded_bundle/0038.json.ots.upgraded,29c0a2b646a503d06b81c131188cb39dd2450426d8cfb10d676f56bd3b7a5356,anchored,f0316c0546def19ae3eb12a772f3e968f308f47fb44d3d8bfff6a474ffb1d41b,yes,949313,00000000000000000000b652749d31ea5c941a345b14754a02176d7a03f4a108,2026-05-13 22:25:03 CDT,2026-05-13 23:02:10 CDT,2026-05-14 01:02:10 CDT,0038.json.ots__time-stamp.json,bundles/0038.json.ots__time-stamp.json,2026-05-14T03:47:04.100000+00:00,2026-05-13T10:49:29.465000+00:00,2026-05-14T10:49:29.465000+00:00,1000000,0705263e78ca3ee341355adb4d3e42da86da3e2433457f1309f09c919b39b4dc,yes,bundle.artifact.bind_sha256_hex,yes,yes,yes,yes,yes,yes
0038,0038.png,bundle_png,yes,bundles/0038.png,15753,2026-05-13 22:46:58 CDT,4754233ffbd093fff1f93cc6106af865352f5d7342e10a50a4e122055aea89ac,0038.png.ots,bundles/0038.png.ots,39272732bfec0a215d7e06b2ea0c492aa5e5d59dbd4fcabdc558168ac8064260,0038.png.ots.upgraded,bundles/ots_upgraded_bundle/0038.png.ots.upgraded,dac71142e0e080c5fb0fdfcc4f582cc275cfce8a076d0559fcda7cf22761a813,anchored,4754233ffbd093fff1f93cc6106af865352f5d7342e10a50a4e122055aea89ac,yes,949313,00000000000000000000b652749d31ea5c941a345b14754a02176d7a03f4a108,2026-05-13 22:25:03 CDT,2026-05-13 23:02:10 CDT,2026-05-14 01:02:10 CDT,0038.png.ots__time-stamp.json,bundles/0038.png.ots__time-stamp.json,2026-05-14T03:47:01.080000+00:00,2026-05-13T06:34:59.170000+00:00,2026-05-14T06:34:59.170000+00:00,1000000,39272732bfec0a215d7e06b2ea0c492aa5e5d59dbd4fcabdc558168ac8064260,yes,bundle.artifact.bind_sha256_hex,yes,yes,yes,yes,yes,yes
0039,0039.json,bundle_json,yes,bundles/0039.json,6123,2026-05-13 22:47:09 CDT,2969fa513ba4b31572e6d14c393206d2a15d304b2b0a0c022a21e74d250df609,0039.json.ots,bundles/0039.json.ots,0f3376001cf8360142c8a57e9e9cbc4e8e3c58c4bf55a28774debe5a781d6cb9,0039.json.ots.upgraded,bundles/ots_upgraded_bundle/0039.json.ots.upgraded,b630a684ee39f3e01f2a7a53139e70db1f21f37f46f21e4e92637cf746848e83,anchored,2969fa513ba4b31572e6d14c393206d2a15d304b2b0a0c022a21e74d250df609,yes,949315,00000000000000000000d85ce083fd2ec3e33d9809b9ad6fe9165b2babd71911,2026-05-13 22:38:45 CDT,2026-05-13 23:18:37 CDT,2026-05-14 01:18:37 CDT,0039.json.ots__time-stamp.json,bundles/0039.json.ots__time-stamp.json,2026-05-14T03:47:11.684000+00:00,2026-05-13T23:25:23.999000+00:00,2026-05-14T23:25:23.999000+00:00,1000000,0f3376001cf8360142c8a57e9e9cbc4e8e3c58c4bf55a28774debe5a781d6cb9,yes,bundle.artifact.bind_sha256_hex,yes,yes,yes,yes,yes,yes
0039,0039.png,bundle_png,yes,bundles/0039.png,16283,2026-05-13 22:47:06 CDT,2eddc3ab08e84ac8625a0ee733de864c040ebcea1f27aca5e1f8b989b6b6860d,0039.png.ots,bundles/0039.png.ots,dff2ebeeac12b56229b0b05b30e2c36dcc7c8fa2d17d6ed553e5c0cf23eeee24,0039.png.ots.upgraded,bundles/ots_upgraded_bundle/0039.png.ots.upgraded,c236b38aa6319cece7b96315f668437d497e164fdb6921315b74ffec0934481f,anchored,2eddc3ab08e84ac8625a0ee733de864c040ebcea1f27aca5e1f8b989b6b6860d,yes,949319,00000000000000000001167897b80c9add7c40f4481e0d4dbebf384a8bd28e82,2026-05-13 23:14:50 CDT,2026-05-14 00:06:03 CDT,2026-05-14 02:06:03 CDT,0039.png.ots__time-stamp.json,bundles/0039.png.ots__time-stamp.json,2026-05-14T03:47:09.125000+00:00,2026-05-13T07:35:20.866000+00:00,2026-05-14T07:35:20.866000+00:00,1000000,dff2ebeeac12b56229b0b05b30e2c36dcc7c8fa2d17d6ed553e5c0cf23eeee24,yes,bundle.artifact.bind_sha256_hex,yes,yes,yes,yes,yes,yes
0040,0040.json,bundle_json,yes,bundles/0040.json,6128,2026-05-13 22:47:17 CDT,62eae5734a7ae72c884a67b86bd8e09f165cb7b2a4f838820bf585fe488be7b3,0040.json.ots,bundles/0040.json.ots,de013e775ad768b643b17c5ccbf7ca17cd34d348fb3915b12a5336563b890c9d,0040.json.ots.upgraded,bundles/ots_upgraded_bundle/0040.json.ots.upgraded,3462efb7589d7a9ec542cddad4fe09ecce2320296a6fe6c38ddc56d39a384cc5,anchored,62eae5734a7ae72c884a67b86bd8e09f165cb7b2a4f838820bf585fe488be7b3,yes,949315,00000000000000000000d85ce083fd2ec3e33d9809b9ad6fe9165b2babd71911,2026-05-13 22:38:45 CDT,2026-05-13 23:18:37 CDT,2026-05-14 01:18:37 CDT,0040.json.ots__time-stamp.json,bundles/0040.json.ots__time-stamp.json,2026-05-14T03:47:19.164000+00:00,2026-05-13T07:35:20.866000+00:00,2026-05-14T07:35:20.866000+00:00,1000000,de013e775ad768b643b17c5ccbf7ca17cd34d348fb3915b12a5336563b890c9d,yes,bundle.artifact.bind_sha256_hex,yes,yes,yes,yes,yes,yes
0040,0040.png,bundle_png,yes,bundles/0040.png,21406,2026-05-13 22:47:14 CDT,73986be7563cdda75a5636da4cd31865b44917477ec725c3c738f2b44eb87926,0040.png.ots,bundles/0040.png.ots,03944786ba1b610765f38d9a4f81e05df8a77f02bf444904acd4e5f438ac9d9e,0040.png.ots.upgraded,bundles/ots_upgraded_bundle/0040.png.ots.upgraded,4d9fdc80d80af1df99415c29914b30d73132828d18165c4812ccdf42242626de,anchored,73986be7563cdda75a5636da4cd31865b44917477ec725c3c738f2b44eb87926,yes,949315,00000000000000000000d85ce083fd2ec3e33d9809b9ad6fe9165b2babd71911,2026-05-13 22:38:45 CDT,2026-05-13 23:18:37 CDT,2026-05-14 01:18:37 CDT,0040.png.ots__time-stamp.json,bundles/0040.png.ots__time-stamp.json,2026-05-14T03:47:16.900000+00:00,2026-05-13T09:43:31.882000+00:00,2026-05-14T09:43:31.882000+00:00,1000000,03944786ba1b610765f38d9a4f81e05df8a77f02bf444904acd4e5f438ac9d9e,yes,bundle.artifact.bind_sha256_hex,yes,yes,yes,yes,yes,yes
0041,0041.json,bundle_json,yes,bundles/0041.json,6053,2026-05-13 22:47:25 CDT,3d890d31d504c57ecb1f691d4d5cdb8e0865472dd7e9631b45bfe353a59eef03,0041.json.ots,bundles/0041.json.ots,06e8e2a15e37b6477af6eb6750cbfe751d26ad028742dad1fdbecfa8e4dd9847,0041.json.ots.upgraded,bundles/ots_upgraded_bundle/0041.json.ots.upgraded,881f798b29eeb53ed8a8536fd295ee27a79fa907fa78b026b51de9a7b8d75ced,anchored,3d890d31d504c57ecb1f691d4d5cdb8e0865472dd7e9631b45bfe353a59eef03,yes,949315,00000000000000000000d85ce083fd2ec3e33d9809b9ad6fe9165b2babd71911,2026-05-13 22:38:45 CDT,2026-05-13 23:18:37 CDT,2026-05-14 01:18:37 CDT,0041.json.ots__time-stamp.json,bundles/0041.json.ots__time-stamp.json,2026-05-14T03:47:27.641000+00:00,2026-05-13T11:50:24.007000+00:00,2026-05-14T11:50:24.007000+00:00,1000000,06e8e2a15e37b6477af6eb6750cbfe751d26ad028742dad1fdbecfa8e4dd9847,yes,bundle.artifact.bind_sha256_hex,yes,yes,yes,yes,yes,yes
0041,0041.png,bundle_png,yes,bundles/0041.png,20916,2026-05-13 22:47:21 CDT,38245fb87c47198b625933df35fe2ff0b81b1fc4703c559f46063c758a4fc2a3,0041.png.ots,bundles/0041.png.ots,8ec1655e1a372ed0650e4f8b22f657a6dca8ed53fa98d5a6e804aba998ad7f5a,0041.png.ots.upgraded,bundles/ots_upgraded_bundle/0041.png.ots.upgraded,d77cdb8c44ae4e80e8eed1c773818ca60f768e66f45364f8869f1825861582bd,anchored,38245fb87c47198b625933df35fe2ff0b81b1fc4703c559f46063c758a4fc2a3,yes,949313,00000000000000000000b652749d31ea5c941a345b14754a02176d7a03f4a108,2026-05-13 22:25:03 CDT,2026-05-13 23:02:10 CDT,2026-05-14 01:02:10 CDT,0041.png.ots__time-stamp.json,bundles/0041.png.ots__time-stamp.json,2026-05-14T03:47:24.449000+00:00,2026-05-13T07:32:13.637000+00:00,2026-05-14T07:32:13.637000+00:00,1000000,8ec1655e1a372ed0650e4f8b22f657a6dca8ed53fa98d5a6e804aba998ad7f5a,yes,bundle.artifact.bind_sha256_hex,yes,yes,yes,yes,yes,yes
0042,0042.json,bundle_json,yes,bundles/0042.json,6520,2026-05-13 22:47:34 CDT,8fa08ea049c1810389b9278646ccc2b63f34e369f8106fe8f23fdbf2fab3f07d,0042.json.ots,bundles/0042.json.ots,4ef14c561f5798beb35272c0d4d7a39d792dd889423040a910fdfea667174a02,0042.json.ots.upgraded,bundles/ots_upgraded_bundle/0042.json.ots.upgraded,208283b74e1eaf22979a76f237cbefc0ab19b9fa042516cb070bf424aaff87a8,anchored,8fa08ea049c1810389b9278646ccc2b63f34e369f8106fe8f23fdbf2fab3f07d,yes,949319,00000000000000000001167897b80c9add7c40f4481e0d4dbebf384a8bd28e82,2026-05-13 23:14:50 CDT,2026-05-14 00:06:03 CDT,2026-05-14 02:06:03 CDT,0042.json.ots__time-stamp.json,bundles/0042.json.ots__time-stamp.json,2026-05-14T03:47:36.224000+00:00,2026-05-13T07:50:12.083000+00:00,2026-05-14T07:50:12.083000+00:00,1000000,4ef14c561f5798beb35272c0d4d7a39d792dd889423040a910fdfea667174a02,yes,bundle.artifact.bind_sha256_hex,yes,yes,yes,yes,yes,yes
0042,0042.png,bundle_png,yes,bundles/0042.png,29938,2026-05-13 22:47:29 CDT,b43529aa85a8fdeb9873d721f545e0b811c664db99cea85e52dfc376aae7b315,0042.png.ots,bundles/0042.png.ots,8b3085352b4b3621c26bdb5edbbe672a7bba8ba9f560dcd667a9ca6d44f14328,0042.png.ots.upgraded,bundles/ots_upgraded_bundle/0042.png.ots.upgraded,a95086c0e8c73c1633c3170f0a6fbf3bca1caf4f3bad8e4761d3e68d98c97e57,anchored,b43529aa85a8fdeb9873d721f545e0b811c664db99cea85e52dfc376aae7b315,yes,949315,00000000000000000000d85ce083fd2ec3e33d9809b9ad6fe9165b2babd71911,2026-05-13 22:38:45 CDT,2026-05-13 23:18:37 CDT,2026-05-14 01:18:37 CDT,0042.png.ots__time-stamp.json,bundles/0042.png.ots__time-stamp.json,2026-05-14T03:47:33.225000+00:00,2026-05-13T07:50:12.083000+00:00,2026-05-14T07:50:12.083000+00:00,1000000,8b3085352b4b3621c26bdb5edbbe672a7bba8ba9f560dcd667a9ca6d44f14328,yes,bundle.artifact.bind_sha256_hex,yes,yes,yes,yes,yes,yes
0043,0043.json,bundle_json,yes,bundles/0043.json,5410,2026-05-13 22:47:42 CDT,36ea80c588c20956fe10f2f24eb8ee0274cba1e66df443356ac07838192405f9,0043.json.ots,bundles/0043.json.ots,ed21992080cd6da464eb950e9b3622b9b8be56fc549abcf71f952b464b58da1b,0043.json.ots.upgraded,bundles/ots_upgraded_bundle/0043.json.ots.upgraded,1c96e4e8734d8e92f34e54a6d5e64b930bc710b3c6d976b26f003da9626e4ced,anchored,36ea80c588c20956fe10f2f24eb8ee0274cba1e66df443356ac07838192405f9,yes,949315,00000000000000000000d85ce083fd2ec3e33d9809b9ad6fe9165b2babd71911,2026-05-13 22:38:45 CDT,2026-05-13 23:18:37 CDT,2026-05-14 01:18:37 CDT,0043.json.ots__time-stamp.json,bundles/0043.json.ots__time-stamp.json,2026-05-14T03:47:44.824000+00:00,2026-05-13T09:43:31.882000+00:00,2026-05-14T09:43:31.882000+00:00,1000000,ed21992080cd6da464eb950e9b3622b9b8be56fc549abcf71f952b464b58da1b,yes,bundle.artifact.bind_sha256_hex,yes,yes,yes,yes,yes,yes
0043,0043.png,bundle_png,yes,bundles/0043.png,30112,2026-05-13 22:47:38 CDT,eb968e48c0fb2f9e846b1f20d5d5fe5a3ccebcdbacbf828e8daa21ac9802097e,0043.png.ots,bundles/0043.png.ots,c1a65279c870c6d6a80b02c0260e459b209d3555285572fe8e0e7acf88da9b9f,0043.png.ots.upgraded,bundles/ots_upgraded_bundle/0043.png.ots.upgraded,9241fc45f7b513588b7e75e4ff2f7d71863e580070f7ba54480f0b1daaa0dc2a,anchored,eb968e48c0fb2f9e846b1f20d5d5fe5a3ccebcdbacbf828e8daa21ac9802097e,yes,949315,00000000000000000000d85ce083fd2ec3e33d9809b9ad6fe9165b2babd71911,2026-05-13 22:38:45 CDT,2026-05-13 23:18:37 CDT,2026-05-14 01:18:37 CDT,0043.png.ots__time-stamp.json,bundles/0043.png.ots__time-stamp.json,2026-05-14T03:47:41.239000+00:00,2026-05-13T07:26:49.378000+00:00,2026-05-14T07:26:49.378000+00:00,1000000,c1a65279c870c6d6a80b02c0260e459b209d3555285572fe8e0e7acf88da9b9f,yes,bundle.artifact.bind_sha256_hex,yes,yes,yes,yes,yes,yes
0044,0044.json,bundle_json,yes,bundles/0044.json,10940,2026-05-13 22:47:50 CDT,8da9935e113cd9e828a16c52ac599e2e814b3f33211f25e5d5869d00d0b49c0d,0044.json.ots,bundles/0044.json.ots,0fb9a459447a514df9a24a80e6536c5bfb965c91d6e86d79133bafcc25fe2e6c,0044.json.ots.upgraded,bundles/ots_upgraded_bundle/0044.json.ots.upgraded,ad021a62cd83bffeebf6e8001cc4697f523e13e721537957d5bcb2cbe527b1f6,anchored,8da9935e113cd9e828a16c52ac599e2e814b3f33211f25e5d5869d00d0b49c0d,yes,949313,00000000000000000000b652749d31ea5c941a345b14754a02176d7a03f4a108,2026-05-13 22:25:03 CDT,2026-05-13 23:02:10 CDT,2026-05-14 01:02:10 CDT,0044.json.ots__time-stamp.json,bundles/0044.json.ots__time-stamp.json,2026-05-14T03:47:52.885000+00:00,2026-05-13T10:01:43.892000+00:00,2026-05-14T10:01:43.892000+00:00,1000000,0fb9a459447a514df9a24a80e6536c5bfb965c91d6e86d79133bafcc25fe2e6c,yes,bundle.artifact.bind_sha256_hex,yes,yes,yes,yes,yes,yes
0044,0044.png,bundle_png,yes,bundles/0044.png,11963,2026-05-13 22:47:46 CDT,001ed3d80ff469db18fcc291728f2a4c7a1c5a7b691083ed0f29df71f399b764,0044.png.ots,bundles/0044.png.ots,1661cccffa04fc617d4648d8eb6b90a6c15cd74ea1ce4eea641a8615f9cbf92b,0044.png.ots.upgraded,bundles/ots_upgraded_bundle/0044.png.ots.upgraded,2a5eae7137e0295d76c293b4113e9f226dabc09c022da8cdf048c5b14866afab,anchored,001ed3d80ff469db18fcc291728f2a4c7a1c5a7b691083ed0f29df71f399b764,yes,949313,00000000000000000000b652749d31ea5c941a345b14754a02176d7a03f4a108,2026-05-13 22:25:03 CDT,2026-05-13 23:02:10 CDT,2026-05-14 01:02:10 CDT,0044.png.ots__time-stamp.json,bundles/0044.png.ots__time-stamp.json,2026-05-14T03:47:49.269000+00:00,2026-05-13T07:35:20.866000+00:00,2026-05-14T07:35:20.866000+00:00,1000000,1661cccffa04fc617d4648d8eb6b90a6c15cd74ea1ce4eea641a8615f9cbf92b,yes,bundle.artifact.bind_sha256_hex,yes,yes,yes,yes,yes,yes
0045,0045.json,bundle_json,yes,bundles/0045.json,6469,2026-05-13 22:47:58 CDT,b1abbe6f0e73f22fc205a846f0144d4c2fadd0aa0a63d0c687a8b306ec29ac32,0045.json.ots,bundles/0045.json.ots,9ab066739d1d9f3bb5058f2012578bbf52a36045f24c83e0a6b8dbee176b467f,0045.json.ots.upgraded,bundles/ots_upgraded_bundle/0045.json.ots.upgraded,629cccb1cdb1d0a7aff50fe08be72f7cb3500015a983aeeb977eb2e6dd4aea79,anchored,b1abbe6f0e73f22fc205a846f0144d4c2fadd0aa0a63d0c687a8b306ec29ac32,yes,949313,00000000000000000000b652749d31ea5c941a345b14754a02176d7a03f4a108,2026-05-13 22:25:03 CDT,2026-05-13 23:02:10 CDT,2026-05-14 01:02:10 CDT,0045.json.ots__time-stamp.json,bundles/0045.json.ots__time-stamp.json,2026-05-14T03:48:00.285000+00:00,2026-05-13T06:40:25.129000+00:00,2026-05-14T06:40:25.129000+00:00,1000000,9ab066739d1d9f3bb5058f2012578bbf52a36045f24c83e0a6b8dbee176b467f,yes,bundle.artifact.bind_sha256_hex,yes,yes,yes,yes,yes,yes
0045,0045.png,bundle_png,yes,bundles/0045.png,14508,2026-05-13 22:47:54 CDT,3cadda123b055be87f92d501e799e5e8cd5a64b59d097a0af0b98db8a401a795,0045.png.ots,bundles/0045.png.ots,ec7a5cd6b706b13f0d22911f93b15cf7b17ae123e7d267943ac3da1b2ee17cdc,0045.png.ots.upgraded,bundles/ots_upgraded_bundle/0045.png.ots.upgraded,f71602c3a47afc5a2a26b30d794b9b3af4e8290ed1bb8f4503d3b409e48c9063,anchored,3cadda123b055be87f92d501e799e5e8cd5a64b59d097a0af0b98db8a401a795,yes,949315,00000000000000000000d85ce083fd2ec3e33d9809b9ad6fe9165b2babd71911,2026-05-13 22:38:45 CDT,2026-05-13 23:18:37 CDT,2026-05-14 01:18:37 CDT,0045.png.ots__time-stamp.json,bundles/0045.png.ots__time-stamp.json,2026-05-14T03:47:57.305000+00:00,2026-05-13T10:01:43.892000+00:00,2026-05-14T10:01:43.892000+00:00,1000000,ec7a5cd6b706b13f0d22911f93b15cf7b17ae123e7d267943ac3da1b2ee17cdc,yes,bundle.artifact.bind_sha256_hex,yes,yes,yes,yes,yes,yes
0046,0046.json,bundle_json,yes,bundles/0046.json,7148,2026-05-13 22:48:06 CDT,77ddbb00c1d57b2ccea6bacc11282cf5f6ff8c9ea6af2d585e80f7fb6a5b9902,0046.json.ots,bundles/0046.json.ots,f792775caae1efdddadeb1e90feb4060d2c61f83ff777c4b715ee62180194b70,0046.json.ots.upgraded,bundles/ots_upgraded_bundle/0046.json.ots.upgraded,fa8de837a6edd81887fd7df496928df5483edf036594ef3b7bd9f7cdab577662,anchored,77ddbb00c1d57b2ccea6bacc11282cf5f6ff8c9ea6af2d585e80f7fb6a5b9902,yes,949319,00000000000000000001167897b80c9add7c40f4481e0d4dbebf384a8bd28e82,2026-05-13 23:14:50 CDT,2026-05-14 00:06:03 CDT,2026-05-14 02:06:03 CDT,0046.json.ots__time-stamp.json,bundles/0046.json.ots__time-stamp.json,2026-05-14T03:48:08.341000+00:00,2026-05-13T10:58:02.074000+00:00,2026-05-14T10:58:02.074000+00:00,1000000,f792775caae1efdddadeb1e90feb4060d2c61f83ff777c4b715ee62180194b70,yes,bundle.artifact.bind_sha256_hex,yes,yes,yes,yes,yes,yes
0046,0046.png,bundle_png,yes,bundles/0046.png,15526,2026-05-13 22:48:02 CDT,f103081760c021f83ba71d53b8fb8d03003637ac96ccf027754901d22616dc6d,0046.png.ots,bundles/0046.png.ots,deabd076129de7f28c7439e7e99d785b1124baa97885ac1c86c31e2b2915dd1e,0046.png.ots.upgraded,bundles/ots_upgraded_bundle/0046.png.ots.upgraded,ef9947ea21cf4e95b5b0f22987ed35283c90bb4e5ed87e0bfe341f6537ec649a,anchored,f103081760c021f83ba71d53b8fb8d03003637ac96ccf027754901d22616dc6d,yes,949315,00000000000000000000d85ce083fd2ec3e33d9809b9ad6fe9165b2babd71911,2026-05-13 22:38:45 CDT,2026-05-13 23:18:37 CDT,2026-05-14 01:18:37 CDT,0046.png.ots__time-stamp.json,bundles/0046.png.ots__time-stamp.json,2026-05-14T03:48:05.317000+00:00,2026-05-13T06:31:59.305000+00:00,2026-05-14T06:31:59.305000+00:00,1000000,deabd076129de7f28c7439e7e99d785b1124baa97885ac1c86c31e2b2915dd1e,yes,bundle.artifact.bind_sha256_hex,yes,yes,yes,yes,yes,yes
0047,0047.json,bundle_json,yes,bundles/0047.json,7202,2026-05-13 22:48:13 CDT,ea45950e78a2541b3d1309de919887715db03e31e232dd0b3b5026937e93f309,0047.json.ots,bundles/0047.json.ots,bf6bbd2ca59f044c2d7311e66fc83b05f057022e7731d6694febf671698b8fdd,0047.json.ots.upgraded,bundles/ots_upgraded_bundle/0047.json.ots.upgraded,855358c339e8e20ad62355d9743a476f52f2b1cb35e87d334734ab8e521daaf7,anchored,ea45950e78a2541b3d1309de919887715db03e31e232dd0b3b5026937e93f309,yes,949315,00000000000000000000d85ce083fd2ec3e33d9809b9ad6fe9165b2babd71911,2026-05-13 22:38:45 CDT,2026-05-13 23:18:37 CDT,2026-05-14 01:18:37 CDT,0047.json.ots__time-stamp.json,bundles/0047.json.ots__time-stamp.json,2026-05-14T03:48:16.550000+00:00,2026-05-13T10:49:29.465000+00:00,2026-05-14T10:49:29.465000+00:00,1000000,bf6bbd2ca59f044c2d7311e66fc83b05f057022e7731d6694febf671698b8fdd,yes,bundle.artifact.bind_sha256_hex,yes,yes,yes,yes,yes,yes
0047,0047.png,bundle_png,yes,bundles/0047.png,16167,2026-05-13 22:48:10 CDT,c12033c09feef27559707fa73e70a69108a0fc2d9fa9c2f10918cea48ecf8319,0047.png.ots,bundles/0047.png.ots,5f43f9df36971446c0abd1b6ec2600a2b8d23d207e24916a7312f74c509948cb,0047.png.ots.upgraded,bundles/ots_upgraded_bundle/0047.png.ots.upgraded,cc6efacaf6983c190093e65716a074c0a37b0b8858a0f9c27f02ee27699585af,anchored,c12033c09feef27559707fa73e70a69108a0fc2d9fa9c2f10918cea48ecf8319,yes,949313,00000000000000000000b652749d31ea5c941a345b14754a02176d7a03f4a108,2026-05-13 22:25:03 CDT,2026-05-13 23:02:10 CDT,2026-05-14 01:02:10 CDT,0047.png.ots__time-stamp.json,bundles/0047.png.ots__time-stamp.json,2026-05-14T03:48:12.345000+00:00,2026-05-13T09:43:31.882000+00:00,2026-05-14T09:43:31.882000+00:00,1000000,5f43f9df36971446c0abd1b6ec2600a2b8d23d207e24916a7312f74c509948cb,yes,bundle.artifact.bind_sha256_hex,yes,yes,yes,yes,yes,yes
0048,0048.json,bundle_json,yes,bundles/0048.json,8005,2026-05-13 22:48:21 CDT,01887661d80024c1b58e29c3c226629e31f7f47cf59536f9f008c486bd151669,0048.json.ots,bundles/0048.json.ots,36e6b238998230c5da38e7a9dbfe777764e65d72e52b2c2a5d529e222c03fee8,0048.json.ots.upgraded,bundles/ots_upgraded_bundle/0048.json.ots.upgraded,c46ab0ef46793c475b5a8dd1452527752b0dbd10ba4105bf113ef603fdba31a7,anchored,01887661d80024c1b58e29c3c226629e31f7f47cf59536f9f008c486bd151669,yes,949319,00000000000000000001167897b80c9add7c40f4481e0d4dbebf384a8bd28e82,2026-05-13 23:14:50 CDT,2026-05-14 00:06:03 CDT,2026-05-14 02:06:03 CDT,0048.json.ots__time-stamp.json,bundles/0048.json.ots__time-stamp.json,2026-05-14T03:48:24.065000+00:00,2026-05-13T07:32:13.637000+00:00,2026-05-14T07:32:13.637000+00:00,1000000,36e6b238998230c5da38e7a9dbfe777764e65d72e52b2c2a5d529e222c03fee8,yes,bundle.artifact.bind_sha256_hex,yes,yes,yes,yes,yes,yes
0048,0048.png,bundle_png,yes,bundles/0048.png,16405,2026-05-13 22:48:17 CDT,7a7fffe06a18513808bdea1422b766545aab8314945c5c9200ce82ed571ac911,0048.png.ots,bundles/0048.png.ots,f5022d76cd4013522f0b171a0ccff2f458d464fab9c0019db383e4cfa2c284de,0048.png.ots.upgraded,bundles/ots_upgraded_bundle/0048.png.ots.upgraded,6950ba128dc581f660ae506f818830adae9671a42a82cbfc287ed064c64dffe2,anchored,7a7fffe06a18513808bdea1422b766545aab8314945c5c9200ce82ed571ac911,yes,949313,00000000000000000000b652749d31ea5c941a345b14754a02176d7a03f4a108,2026-05-13 22:25:03 CDT,2026-05-13 23:02:10 CDT,2026-05-14 01:02:10 CDT,0048.png.ots__time-stamp.json,bundles/0048.png.ots__time-stamp.json,2026-05-14T03:48:20.624000+00:00,2026-05-13T07:32:13.637000+00:00,2026-05-14T07:32:13.637000+00:00,1000000,f5022d76cd4013522f0b171a0ccff2f458d464fab9c0019db383e4cfa2c284de,yes,bundle.artifact.bind_sha256_hex,yes,yes,yes,yes,yes,yes
0049,0049.json,bundle_json,yes,bundles/0049.json,7164,2026-05-13 22:48:27 CDT,c8c6cdc8c72ea49dc3d3f1d161d788ed5dd92f3836f253ddcc60346805ca33b1,0049.json.ots,bundles/0049.json.ots,db4ec0293c3c79105e27742b111b16131057f8ec27c43d8cadd4f31d18e7cf85,0049.json.ots.upgraded,bundles/ots_upgraded_bundle/0049.json.ots.upgraded,782718682170e73b979950b3ae0687a0ab8e100be0b54360ae810571c874dac8,anchored,c8c6cdc8c72ea49dc3d3f1d161d788ed5dd92f3836f253ddcc60346805ca33b1,yes,949315,00000000000000000000d85ce083fd2ec3e33d9809b9ad6fe9165b2babd71911,2026-05-13 22:38:45 CDT,2026-05-13 23:18:37 CDT,2026-05-14 01:18:37 CDT,0049.json.ots__time-stamp.json,bundles/0049.json.ots__time-stamp.json,2026-05-14T03:48:29.405000+00:00,2026-05-13T07:50:12.083000+00:00,2026-05-14T07:50:12.083000+00:00,1000000,db4ec0293c3c79105e27742b111b16131057f8ec27c43d8cadd4f31d18e7cf85,yes,bundle.artifact.bind_sha256_hex,yes,yes,yes,yes,yes,yes
0049,0049.png,bundle_png,yes,bundles/0049.png,15894,2026-05-13 22:48:25 CDT,49ed3bb111c1f4d863fbeb0e4366561ffa56b1dec30f4265c51783591c787a28,0049.png.ots,bundles/0049.png.ots,99de09be2c3ded90f0c421052120fda961de265052bacf57f07e9a15d2342fd5,0049.png.ots.upgraded,bundles/ots_upgraded_bundle/0049.png.ots.upgraded,7a31cd08a762f2fa68e1da98e5d88b9b8967c9a9689a0b3e2e352ec5181d01a4,anchored,49ed3bb111c1f4d863fbeb0e4366561ffa56b1dec30f4265c51783591c787a28,yes,949313,00000000000000000000b652749d31ea5c941a345b14754a02176d7a03f4a108,2026-05-13 22:25:03 CDT,2026-05-13 23:02:10 CDT,2026-05-14 01:02:10 CDT,0049.png.ots__time-stamp.json,bundles/0049.png.ots__time-stamp.json,2026-05-14T03:48:27.405000+00:00,2026-05-13T09:16:05.223000+00:00,2026-05-14T09:16:05.223000+00:00,1000000,99de09be2c3ded90f0c421052120fda961de265052bacf57f07e9a15d2342fd5,yes,bundle.artifact.bind_sha256_hex,yes,yes,yes,yes,yes,yes
0050,0050.json,bundle_json,yes,bundles/0050.json,7350,2026-05-13 22:48:36 CDT,700d7e2221a13c9f81988ae4dedeeff4fb9205a3d4e3b73726e17c3cbce9568f,0050.json.ots,bundles/0050.json.ots,61a96aa43272abd39b49824ed7ab45c8db52b8df6115e83c225063efb301a381,0050.json.ots.upgraded,bundles/ots_upgraded_bundle/0050.json.ots.upgraded,176492a32745c49d81b69bbccba51788e39f4198e9a8b5be1ed7458cbcdd1f43,anchored,700d7e2221a13c9f81988ae4dedeeff4fb9205a3d4e3b73726e17c3cbce9568f,yes,949315,00000000000000000000d85ce083fd2ec3e33d9809b9ad6fe9165b2babd71911,2026-05-13 22:38:45 CDT,2026-05-13 23:18:37 CDT,2026-05-14 01:18:37 CDT,0050.json.ots__time-stamp.json,bundles/0050.json.ots__time-stamp.json,2026-05-14T03:48:38.484000+00:00,2026-05-13T06:31:59.305000+00:00,2026-05-14T06:31:59.305000+00:00,1000000,61a96aa43272abd39b49824ed7ab45c8db52b8df6115e83c225063efb301a381,yes,bundle.artifact.bind_sha256_hex,yes,yes,yes,yes,yes,yes
0050,0050.png,bundle_png,yes,bundles/0050.png,16919,2026-05-13 22:48:33 CDT,c47724f678cefae40cd58a4a219b496e8621c7106290f3252383d70028497f42,0050.png.ots,bundles/0050.png.ots,4a2b6c74490e18a9c692d1ae536ae31cfd14a5482f2174c9c2e20fb614c83be0,0050.png.ots.upgraded,bundles/ots_upgraded_bundle/0050.png.ots.upgraded,15fc335cdfe49539e937afcd1e8aecf01004c97c22d9cb7fabb623396ce88347,anchored,c47724f678cefae40cd58a4a219b496e8621c7106290f3252383d70028497f42,yes,949315,00000000000000000000d85ce083fd2ec3e33d9809b9ad6fe9165b2babd71911,2026-05-13 22:38:45 CDT,2026-05-13 23:18:37 CDT,2026-05-14 01:18:37 CDT,0050.png.ots__time-stamp.json,bundles/0050.png.ots__time-stamp.json,2026-05-14T03:48:35.427000+00:00,2026-05-13T06:14:03.236000+00:00,2026-05-14T06:14:03.236000+00:00,1000000,4a2b6c74490e18a9c692d1ae536ae31cfd14a5482f2174c9c2e20fb614c83be0,yes,bundle.artifact.bind_sha256_hex,yes,yes,yes,yes,yes,yes
0051,0051.json,bundle_json,yes,bundles/0051.json,8159,2026-05-13 22:48:43 CDT,31ab973ce951f8d974979ac4d113d78bc089a9a7793265e7ace30507b15d9220,0051.json.ots,bundles/0051.json.ots,8fcf6de68e118cdf0e0b95d908edf9b576ec28f7a3ccfa24587144684537c8df,0051.json.ots.upgraded,bundles/ots_upgraded_bundle/0051.json.ots.upgraded,be44a93fcdc995d7b15b91713482a408948ee5624d3ffa47ef783d8c500da89e,anchored,31ab973ce951f8d974979ac4d113d78bc089a9a7793265e7ace30507b15d9220,yes,949319,00000000000000000001167897b80c9add7c40f4481e0d4dbebf384a8bd28e82,2026-05-13 23:14:50 CDT,2026-05-14 00:06:03 CDT,2026-05-14 02:06:03 CDT,0051.json.ots__time-stamp.json,bundles/0051.json.ots__time-stamp.json,2026-05-14T03:48:45.465000+00:00,2026-05-13T07:42:55.719000+00:00,2026-05-14T07:42:55.719000+00:00,1000000,8fcf6de68e118cdf0e0b95d908edf9b576ec28f7a3ccfa24587144684537c8df,yes,bundle.artifact.bind_sha256_hex,yes,yes,yes,yes,yes,yes
0051,0051.png,bundle_png,yes,bundles/0051.png,16090,2026-05-13 22:48:40 CDT,798f5b43b224e678d51f9256acf97ea0adaab64b88e01347363878605842cb6c,0051.png.ots,bundles/0051.png.ots,ac9e5b190fb0f1ebb4efbb5e430158062ad38972671155c89c0b38074a7c9667,0051.png.ots.upgraded,bundles/ots_upgraded_bundle/0051.png.ots.upgraded,0ff03c81637c6015351a655b66ac68cb6550575819b078281cd9f4aa78fd8ff7,anchored,798f5b43b224e678d51f9256acf97ea0adaab64b88e01347363878605842cb6c,yes,949319,00000000000000000001167897b80c9add7c40f4481e0d4dbebf384a8bd28e82,2026-05-13 23:14:50 CDT,2026-05-14 00:06:03 CDT,2026-05-14 02:06:03 CDT,0051.png.ots__time-stamp.json,bundles/0051.png.ots__time-stamp.json,2026-05-14T03:48:43.465000+00:00,2026-05-13T06:14:03.236000+00:00,2026-05-14T06:14:03.236000+00:00,1000000,ac9e5b190fb0f1ebb4efbb5e430158062ad38972671155c89c0b38074a7c9667,yes,bundle.artifact.bind_sha256_hex,yes,yes,yes,yes,yes,yes
0052,0052.json,bundle_json,yes,bundles/0052.json,8165,2026-05-13 22:48:50 CDT,c94277695e0beef63cfe1956f7de751ac9bd32babbf2d09876bc9fe61c5d23e2,0052.json.ots,bundles/0052.json.ots,6cb3036437b8dbd26007e4b8cb96e5ee4dad103e96b441800b6648b3bcef66d7,0052.json.ots.upgraded,bundles/ots_upgraded_bundle/0052.json.ots.upgraded,7c85ebfbba8fd792acab880f61f12b8c57fa6b344261cfcc51d9664013a03b97,anchored,c94277695e0beef63cfe1956f7de751ac9bd32babbf2d09876bc9fe61c5d23e2,yes,949315,00000000000000000000d85ce083fd2ec3e33d9809b9ad6fe9165b2babd71911,2026-05-13 22:38:45 CDT,2026-05-13 23:18:37 CDT,2026-05-14 01:18:37 CDT,0052.json.ots__time-stamp.json,bundles/0052.json.ots__time-stamp.json,2026-05-14T03:48:52.544000+00:00,2026-05-13T07:26:49.378000+00:00,2026-05-14T07:26:49.378000+00:00,1000000,6cb3036437b8dbd26007e4b8cb96e5ee4dad103e96b441800b6648b3bcef66d7,yes,bundle.artifact.bind_sha256_hex,yes,yes,yes,yes,yes,yes
0052,0052.png,bundle_png,yes,bundles/0052.png,16640,2026-05-13 22:48:48 CDT,afdfab6062245c7e74e889bb32cf653b293018e568d3ed16bd17036a0864c03a,0052.png.ots,bundles/0052.png.ots,ee15b2ada56334549912684beb8ce7dc213fe508d01cf37f3f5ffe9140fb46e5,0052.png.ots.upgraded,bundles/ots_upgraded_bundle/0052.png.ots.upgraded,22bbf8846a1917044869d27e962f89d79ded2460ed17461053d735985a00a41a,anchored,afdfab6062245c7e74e889bb32cf653b293018e568d3ed16bd17036a0864c03a,yes,949315,00000000000000000000d85ce083fd2ec3e33d9809b9ad6fe9165b2babd71911,2026-05-13 22:38:45 CDT,2026-05-13 23:18:37 CDT,2026-05-14 01:18:37 CDT,0052.png.ots__time-stamp.json,bundles/0052.png.ots__time-stamp.json,2026-05-14T03:48:50.504000+00:00,2026-05-13T23:25:23.999000+00:00,2026-05-14T23:25:23.999000+00:00,1000000,ee15b2ada56334549912684beb8ce7dc213fe508d01cf37f3f5ffe9140fb46e5,yes,bundle.artifact.bind_sha256_hex,yes,yes,yes,yes,yes,yes
0053,0053.json,bundle_json,yes,bundles/0053.json,7306,2026-05-13 22:48:58 CDT,fbecc3de120dd6e729afd44e65be8c3d97222a70e209da95dae6853b19dee8ff,0053.json.ots,bundles/0053.json.ots,a8039c5f55abc236771abaa6e7be8f6bfc115d257a5114f89eb2aad9511e9013,0053.json.ots.upgraded,bundles/ots_upgraded_bundle/0053.json.ots.upgraded,c15a333d9ca75cd87df316c1d1a2be7bdddd8c09d11fcabd3458dacbd1a23896,anchored,fbecc3de120dd6e729afd44e65be8c3d97222a70e209da95dae6853b19dee8ff,yes,949315,00000000000000000000d85ce083fd2ec3e33d9809b9ad6fe9165b2babd71911,2026-05-13 22:38:45 CDT,2026-05-13 23:18:37 CDT,2026-05-14 01:18:37 CDT,0053.json.ots__time-stamp.json,bundles/0053.json.ots__time-stamp.json,2026-05-14T03:49:00.545000+00:00,2026-05-13T09:16:05.223000+00:00,2026-05-14T09:16:05.223000+00:00,1000000,a8039c5f55abc236771abaa6e7be8f6bfc115d257a5114f89eb2aad9511e9013,yes,bundle.artifact.bind_sha256_hex,yes,yes,yes,yes,yes,yes
0053,0053.png,bundle_png,yes,bundles/0053.png,17148,2026-05-13 22:48:55 CDT,954305d350688ae586820b7aa261094112be523a219dde88f4b9fffbcc586fa0,0053.png.ots,bundles/0053.png.ots,7a3c1371858c5d2911485eaa8ecbe858a05aef8a618e0455105c91cd975fdadc,0053.png.ots.upgraded,bundles/ots_upgraded_bundle/0053.png.ots.upgraded,3000bf549cdf1abe2b1e82366c5d69b6adb6c8bbbde55dcfad81c8deb38e4f15,anchored,954305d350688ae586820b7aa261094112be523a219dde88f4b9fffbcc586fa0,yes,949315,00000000000000000000d85ce083fd2ec3e33d9809b9ad6fe9165b2babd71911,2026-05-13 22:38:45 CDT,2026-05-13 23:18:37 CDT,2026-05-14 01:18:37 CDT,0053.png.ots__time-stamp.json,bundles/0053.png.ots__time-stamp.json,2026-05-14T03:48:58.525000+00:00,2026-05-13T06:40:25.129000+00:00,2026-05-14T06:40:25.129000+00:00,1000000,7a3c1371858c5d2911485eaa8ecbe858a05aef8a618e0455105c91cd975fdadc,yes,bundle.artifact.bind_sha256_hex,yes,yes,yes,yes,yes,yes
0054,0054.json,bundle_json,yes,bundles/0054.json,7312,2026-05-13 22:49:07 CDT,b00a6a2b1ca32ec9f6d42c26f78732a96309664acaec651cc1afce3193e54281,0054.json.ots,bundles/0054.json.ots,f80f4ed52a02a0a5733bccc053aab9513cc2f60212006409452802bc75adc987,0054.json.ots.upgraded,bundles/ots_upgraded_bundle/0054.json.ots.upgraded,5b102c50affa1ad7864ed5d022fbc435be014d0eef866be10b395593a63aa149,anchored,b00a6a2b1ca32ec9f6d42c26f78732a96309664acaec651cc1afce3193e54281,yes,949315,00000000000000000000d85ce083fd2ec3e33d9809b9ad6fe9165b2babd71911,2026-05-13 22:38:45 CDT,2026-05-13 23:18:37 CDT,2026-05-14 01:18:37 CDT,0054.json.ots__time-stamp.json,bundles/0054.json.ots__time-stamp.json,2026-05-14T03:49:09.605000+00:00,2026-05-13T07:50:12.083000+00:00,2026-05-14T07:50:12.083000+00:00,1000000,f80f4ed52a02a0a5733bccc053aab9513cc2f60212006409452802bc75adc987,yes,bundle.artifact.bind_sha256_hex,yes,yes,yes,yes,yes,yes
0054,0054.png,bundle_png,yes,bundles/0054.png,17763,2026-05-13 22:49:03 CDT,8fdb25db8887645656120e3d7da3ada8f29a7a8d6f568d6e5479e85781b9c451,0054.png.ots,bundles/0054.png.ots,ee43ebf467d0e3197165393f2de3762e646b73212b4a2b35d9a77016739499e2,0054.png.ots.upgraded,bundles/ots_upgraded_bundle/0054.png.ots.upgraded,1088d57671faf935f78f53ebdfbf535480091b1e57c3fd46e534ae61bfea5aeb,anchored,8fdb25db8887645656120e3d7da3ada8f29a7a8d6f568d6e5479e85781b9c451,yes,949315,00000000000000000000d85ce083fd2ec3e33d9809b9ad6fe9165b2babd71911,2026-05-13 22:38:45 CDT,2026-05-13 23:18:37 CDT,2026-05-14 01:18:37 CDT,0054.png.ots__time-stamp.json,bundles/0054.png.ots__time-stamp.json,2026-05-14T03:49:07.065000+00:00,2026-05-13T10:58:02.074000+00:00,2026-05-14T10:58:02.074000+00:00,1000000,ee43ebf467d0e3197165393f2de3762e646b73212b4a2b35d9a77016739499e2,yes,bundle.artifact.bind_sha256_hex,yes,yes,yes,yes,yes,yes
0055,0055.json,bundle_json,yes,bundles/0055.json,7310,2026-05-13 22:49:14 CDT,59ef8cf139af060273ce35978cc87a950f6ea7ab336cab9e887191d31adc4932,0055.json.ots,bundles/0055.json.ots,f8053a362ffac4d55f21776fe5c7667c4543f0be4cba8d25c446b01743198e72,0055.json.ots.upgraded,bundles/ots_upgraded_bundle/0055.json.ots.upgraded,d5366853f5831728f35db569a10feab3d258f17dfbe9a0101f0ed0b18f63c287,anchored,59ef8cf139af060273ce35978cc87a950f6ea7ab336cab9e887191d31adc4932,yes,949315,00000000000000000000d85ce083fd2ec3e33d9809b9ad6fe9165b2babd71911,2026-05-13 22:38:45 CDT,2026-05-13 23:18:37 CDT,2026-05-14 01:18:37 CDT,0055.json.ots__time-stamp.json,bundles/0055.json.ots__time-stamp.json,2026-05-14T03:49:16.605000+00:00,2026-05-13T06:14:03.236000+00:00,2026-05-14T06:14:03.236000+00:00,1000000,f8053a362ffac4d55f21776fe5c7667c4543f0be4cba8d25c446b01743198e72,yes,bundle.artifact.bind_sha256_hex,yes,yes,yes,yes,yes,yes
0055,0055.png,bundle_png,yes,bundles/0055.png,17672,2026-05-13 22:49:11 CDT,19cefba80d4739970790b340e808310c9628695cf878b514bdd420c70cce98ab,0055.png.ots,bundles/0055.png.ots,5d5929a3904dc502f456708c2adabbfd68e85ad539fa71100dce05f8022ae443,0055.png.ots.upgraded,bundles/ots_upgraded_bundle/0055.png.ots.upgraded,1a7f8cd2f8317a369ce573f4c9b165e2bdab21813b1757378e61a811fbfdc5b6,anchored,19cefba80d4739970790b340e808310c9628695cf878b514bdd420c70cce98ab,yes,949315,00000000000000000000d85ce083fd2ec3e33d9809b9ad6fe9165b2babd71911,2026-05-13 22:38:45 CDT,2026-05-13 23:18:37 CDT,2026-05-14 01:18:37 CDT,0055.png.ots__time-stamp.json,bundles/0055.png.ots__time-stamp.json,2026-05-14T03:49:14.144000+00:00,2026-05-13T07:50:12.083000+00:00,2026-05-14T07:50:12.083000+00:00,1000000,5d5929a3904dc502f456708c2adabbfd68e85ad539fa71100dce05f8022ae443,yes,bundle.artifact.bind_sha256_hex,yes,yes,yes,yes,yes,yes
0056,0056.json,bundle_json,yes,bundles/0056.json,7308,2026-05-13 22:49:22 CDT,1d402e95c2811a58a8a3383a1d67dc9ad4babed7faf20f1fa7664da3cf80398d,0056.json.ots,bundles/0056.json.ots,62c03ea33c1beac95ee16b1a994664738f658929738e1ca2bb79812864e99f2e,0056.json.ots.upgraded,bundles/ots_upgraded_bundle/0056.json.ots.upgraded,be39debf13485ec65f86f92633feea55dfd7cd367f5f4b1b36bf582e9c11a0a8,anchored,1d402e95c2811a58a8a3383a1d67dc9ad4babed7faf20f1fa7664da3cf80398d,yes,949319,00000000000000000001167897b80c9add7c40f4481e0d4dbebf384a8bd28e82,2026-05-13 23:14:50 CDT,2026-05-14 00:06:03 CDT,2026-05-14 02:06:03 CDT,0056.json.ots__time-stamp.json,bundles/0056.json.ots__time-stamp.json,2026-05-14T03:49:23.645000+00:00,2026-05-13T06:34:59.170000+00:00,2026-05-14T06:34:59.170000+00:00,1000000,62c03ea33c1beac95ee16b1a994664738f658929738e1ca2bb79812864e99f2e,yes,bundle.artifact.bind_sha256_hex,yes,yes,yes,yes,yes,yes
0056,0056.png,bundle_png,yes,bundles/0056.png,15975,2026-05-13 22:49:18 CDT,c2f64678d59e5ccef00dbc6e3eb453db462cc83b3387412fb33b20317c1a4df2,0056.png.ots,bundles/0056.png.ots,54c1392db0df1b428ad65499de0b931cf2c1d4ba18daec6f5095f36763df5426,0056.png.ots.upgraded,bundles/ots_upgraded_bundle/0056.png.ots.upgraded,5856141e81bd1d7997f2c289517a6e0cac4d53c3c878ebb5c932ae7efd2dfa71,anchored,c2f64678d59e5ccef00dbc6e3eb453db462cc83b3387412fb33b20317c1a4df2,yes,949315,00000000000000000000d85ce083fd2ec3e33d9809b9ad6fe9165b2babd71911,2026-05-13 22:38:45 CDT,2026-05-13 23:18:37 CDT,2026-05-14 01:18:37 CDT,0056.png.ots__time-stamp.json,bundles/0056.png.ots__time-stamp.json,2026-05-14T03:49:21.644000+00:00,2026-05-13T07:26:49.378000+00:00,2026-05-14T07:26:49.378000+00:00,1000000,54c1392db0df1b428ad65499de0b931cf2c1d4ba18daec6f5095f36763df5426,yes,bundle.artifact.bind_sha256_hex,yes,yes,yes,yes,yes,yes
0057,0057.json,bundle_json,yes,bundles/0057.json,7305,2026-05-13 22:49:29 CDT,61383ccf7f007e17b059674e9523c1740819c018b256fcc62847828b3f9ef3ba,0057.json.ots,bundles/0057.json.ots,25d545312c8dffd3bb1a022b4c6ca679d4cdc0a311cb822365494bfb817fabd5,0057.json.ots.upgraded,bundles/ots_upgraded_bundle/0057.json.ots.upgraded,1a78bf9e218c6f028de849e7a2f7ac76206db4ca0635210828c4835456965594,anchored,61383ccf7f007e17b059674e9523c1740819c018b256fcc62847828b3f9ef3ba,yes,949315,00000000000000000000d85ce083fd2ec3e33d9809b9ad6fe9165b2babd71911,2026-05-13 22:38:45 CDT,2026-05-13 23:18:37 CDT,2026-05-14 01:18:37 CDT,0057.json.ots__time-stamp.json,bundles/0057.json.ots__time-stamp.json,2026-05-14T03:49:30.669000+00:00,2026-05-13T09:43:31.882000+00:00,2026-05-14T09:43:31.882000+00:00,1000000,25d545312c8dffd3bb1a022b4c6ca679d4cdc0a311cb822365494bfb817fabd5,yes,bundle.artifact.bind_sha256_hex,yes,yes,yes,yes,yes,yes
0057,0057.png,bundle_png,yes,bundles/0057.png,15587,2026-05-13 22:49:26 CDT,116b84ce4d0e776508230e0f88a1589bc27fd3580afd650a0356e1ddebcdf42b,0057.png.ots,bundles/0057.png.ots,182a05cea28e28f2065fe302f72a7d25ec141214d9ba4405d594efe6f579973b,0057.png.ots.upgraded,bundles/ots_upgraded_bundle/0057.png.ots.upgraded,e817d4a02863e313caff560ba5eb1dff06371bb60c8ca537340534cf61ebb4ee,anchored,116b84ce4d0e776508230e0f88a1589bc27fd3580afd650a0356e1ddebcdf42b,yes,949315,00000000000000000000d85ce083fd2ec3e33d9809b9ad6fe9165b2babd71911,2026-05-13 22:38:45 CDT,2026-05-13 23:18:37 CDT,2026-05-14 01:18:37 CDT,0057.png.ots__time-stamp.json,bundles/0057.png.ots__time-stamp.json,2026-05-14T03:49:28.670000+00:00,2026-05-13T10:01:43.892000+00:00,2026-05-14T10:01:43.892000+00:00,1000000,182a05cea28e28f2065fe302f72a7d25ec141214d9ba4405d594efe6f579973b,yes,bundle.artifact.bind_sha256_hex,yes,yes,yes,yes,yes,yes
0058,0058.json,bundle_json,yes,bundles/0058.json,7311,2026-05-13 22:49:37 CDT,1ea920a34afff7b47d8491527c45f1c9e9a127fbd2e255c1ac56014e9edc6765,0058.json.ots,bundles/0058.json.ots,3a5de74ab0ec5c021bf79de73558bef2b28d39cbfc114e0d267b10abe9989395,0058.json.ots.upgraded,bundles/ots_upgraded_bundle/0058.json.ots.upgraded,06b305779a8672a30cf0770bc5bbb278daab51fc30501691aa335465e36f9033,anchored,1ea920a34afff7b47d8491527c45f1c9e9a127fbd2e255c1ac56014e9edc6765,yes,949319,00000000000000000001167897b80c9add7c40f4481e0d4dbebf384a8bd28e82,2026-05-13 23:14:50 CDT,2026-05-14 00:06:03 CDT,2026-05-14 02:06:03 CDT,0058.json.ots__time-stamp.json,bundles/0058.json.ots__time-stamp.json,2026-05-14T03:49:38.690000+00:00,2026-05-13T07:35:20.866000+00:00,2026-05-14T07:35:20.866000+00:00,1000000,3a5de74ab0ec5c021bf79de73558bef2b28d39cbfc114e0d267b10abe9989395,yes,bundle.artifact.bind_sha256_hex,yes,yes,yes,yes,yes,yes
0058,0058.png,bundle_png,yes,bundles/0058.png,15774,2026-05-13 22:49:34 CDT,54e1acc19eecaa86a2f82f8175df948e299a9bb40154fcec4e0acdbcecb5a9b8,0058.png.ots,bundles/0058.png.ots,93a10a038728e3df83acc7502bdbdca3ff0ae8f581d4d244b426cb79aa84216f,0058.png.ots.upgraded,bundles/ots_upgraded_bundle/0058.png.ots.upgraded,27aa7fccfafe9dc5e40180bcc3bb522da408c36935eeece6e6b2fd9a3c970fbd,anchored,54e1acc19eecaa86a2f82f8175df948e299a9bb40154fcec4e0acdbcecb5a9b8,yes,949315,00000000000000000000d85ce083fd2ec3e33d9809b9ad6fe9165b2babd71911,2026-05-13 22:38:45 CDT,2026-05-13 23:18:37 CDT,2026-05-14 01:18:37 CDT,0058.png.ots__time-stamp.json,bundles/0058.png.ots__time-stamp.json,2026-05-14T03:49:36.690000+00:00,2026-05-13T10:58:02.074000+00:00,2026-05-14T10:58:02.074000+00:00,1000000,93a10a038728e3df83acc7502bdbdca3ff0ae8f581d4d244b426cb79aa84216f,yes,bundle.artifact.bind_sha256_hex,yes,yes,yes,yes,yes,yes
0059,0059.json,bundle_json,yes,bundles/0059.json,7305,2026-05-13 22:49:45 CDT,f15c543a6cdd4086d1e6b3e9bca60b0dddcf752afb5475911f6fd68565c3112a,0059.json.ots,bundles/0059.json.ots,9d24f4ab4ea474ef7c5afc2f0007929e69f43861052dfabdda0c3c071e611d35,0059.json.ots.upgraded,bundles/ots_upgraded_bundle/0059.json.ots.upgraded,37180fe0e23057b331da398286b6759f5c700718757c8afe4b86150bdf74d44b,anchored,f15c543a6cdd4086d1e6b3e9bca60b0dddcf752afb5475911f6fd68565c3112a,yes,949319,00000000000000000001167897b80c9add7c40f4481e0d4dbebf384a8bd28e82,2026-05-13 23:14:50 CDT,2026-05-14 00:06:03 CDT,2026-05-14 02:06:03 CDT,0059.json.ots__time-stamp.json,bundles/0059.json.ots__time-stamp.json,2026-05-14T03:49:47.084000+00:00,2026-05-13T07:20:03.388000+00:00,2026-05-14T07:20:03.388000+00:00,1000000,9d24f4ab4ea474ef7c5afc2f0007929e69f43861052dfabdda0c3c071e611d35,yes,bundle.artifact.bind_sha256_hex,yes,yes,yes,yes,yes,yes
0059,0059.png,bundle_png,yes,bundles/0059.png,15897,2026-05-13 22:49:41 CDT,27120227d0eebfa5e9c1212fbdc82359676a4fafb8d35e7252f2114800e1e014,0059.png.ots,bundles/0059.png.ots,cb4e145347567a06b168b0599958f32c5715e8dd2c4b83f25ee5e6a4ae6998f4,0059.png.ots.upgraded,bundles/ots_upgraded_bundle/0059.png.ots.upgraded,a52cea700570bf8f5cb2e76e34ae22eafdf4b314c48d13e8042f9165adbab16c,anchored,27120227d0eebfa5e9c1212fbdc82359676a4fafb8d35e7252f2114800e1e014,yes,949319,00000000000000000001167897b80c9add7c40f4481e0d4dbebf384a8bd28e82,2026-05-13 23:14:50 CDT,2026-05-14 00:06:03 CDT,2026-05-14 02:06:03 CDT,0059.png.ots__time-stamp.json,bundles/0059.png.ots__time-stamp.json,2026-05-14T03:49:44.685000+00:00,2026-05-13T07:50:12.083000+00:00,2026-05-14T07:50:12.083000+00:00,1000000,cb4e145347567a06b168b0599958f32c5715e8dd2c4b83f25ee5e6a4ae6998f4,yes,bundle.artifact.bind_sha256_hex,yes,yes,yes,yes,yes,yes
0060,0060.json,bundle_json,yes,bundles/0060.json,7307,2026-05-13 22:49:52 CDT,072342cec824e69100e9a067cfb6c6ef88ccab3fd3add423b62644930279e574,0060.json.ots,bundles/0060.json.ots,dbb5b5c4bd6cba3152533b49559fd12a6fc0b578e5143118722a42879a67c25a,0060.json.ots.upgraded,bundles/ots_upgraded_bundle/0060.json.ots.upgraded,4d61ad507fded1529fa7032c02a70ce682279a88c62b8004eac23fbc51e3ba1b,anchored,072342cec824e69100e9a067cfb6c6ef88ccab3fd3add423b62644930279e574,yes,949319,00000000000000000001167897b80c9add7c40f4481e0d4dbebf384a8bd28e82,2026-05-13 23:14:50 CDT,2026-05-14 00:06:03 CDT,2026-05-14 02:06:03 CDT,0060.json.ots__time-stamp.json,bundles/0060.json.ots__time-stamp.json,2026-05-14T03:49:53.729000+00:00,2026-05-13T09:43:31.882000+00:00,2026-05-14T09:43:31.882000+00:00,1000000,dbb5b5c4bd6cba3152533b49559fd12a6fc0b578e5143118722a42879a67c25a,yes,bundle.artifact.bind_sha256_hex,yes,yes,yes,yes,yes,yes
0060,0060.png,bundle_png,yes,bundles/0060.png,17338,2026-05-13 22:49:49 CDT,c45bc3438c5f6ab46c459d45fdeed96aa424eec63ce4954d3512e2715e5f9752,0060.png.ots,bundles/0060.png.ots,6bb179ac0747062149491c81956825cbec7c3a97030ee4df5b9e1a16d2a436c2,0060.png.ots.upgraded,bundles/ots_upgraded_bundle/0060.png.ots.upgraded,eaa1daa2ef4139ff12ef68135051acfb764954e441860d4a8edaa7ffc3860206,anchored,c45bc3438c5f6ab46c459d45fdeed96aa424eec63ce4954d3512e2715e5f9752,yes,949315,00000000000000000000d85ce083fd2ec3e33d9809b9ad6fe9165b2babd71911,2026-05-13 22:38:45 CDT,2026-05-13 23:18:37 CDT,2026-05-14 01:18:37 CDT,0060.png.ots__time-stamp.json,bundles/0060.png.ots__time-stamp.json,2026-05-14T03:49:51.704000+00:00,2026-05-13T11:50:24.007000+00:00,2026-05-14T11:50:24.007000+00:00,1000000,6bb179ac0747062149491c81956825cbec7c3a97030ee4df5b9e1a16d2a436c2,yes,bundle.artifact.bind_sha256_hex,yes,yes,yes,yes,yes,yes
0061,0061.json,bundle_json,yes,bundles/0061.json,7312,2026-05-13 22:50:00 CDT,48e3322f399fb55f49beab4edd6e27739d15c8dc33ad70f50f599def9ecdc1eb,0061.json.ots,bundles/0061.json.ots,671c19b288fcef10fb020e61c94f75cba81af716396628738f59ea59625a40ed,0061.json.ots.upgraded,bundles/ots_upgraded_bundle/0061.json.ots.upgraded,b8581625d6163b81d274a532bff6004c3325a95783f2ed19efcef0623f3e1f81,anchored,48e3322f399fb55f49beab4edd6e27739d15c8dc33ad70f50f599def9ecdc1eb,yes,949319,00000000000000000001167897b80c9add7c40f4481e0d4dbebf384a8bd28e82,2026-05-13 23:14:50 CDT,2026-05-14 00:06:03 CDT,2026-05-14 02:06:03 CDT,0061.json.ots__time-stamp.json,bundles/0061.json.ots__time-stamp.json,2026-05-14T03:50:01.764000+00:00,2026-05-13T06:31:59.305000+00:00,2026-05-14T06:31:59.305000+00:00,1000000,671c19b288fcef10fb020e61c94f75cba81af716396628738f59ea59625a40ed,yes,bundle.artifact.bind_sha256_hex,yes,yes,yes,yes,yes,yes
0061,0061.png,bundle_png,yes,bundles/0061.png,16346,2026-05-13 22:49:57 CDT,8e9053f0a794950a33eafbc075b10fe8f79e2d2c2c12fe8c14e8f3a2c2eaab44,0061.png.ots,bundles/0061.png.ots,e80bc23dbe949cd208a761989b862e9d604b8992a13556b7e5b00a86828f4e2b,0061.png.ots.upgraded,bundles/ots_upgraded_bundle/0061.png.ots.upgraded,39dcb8cbc2fba10081d0e3a64e1f77e1f701ddbf580a59695223659dfa516b5f,anchored,8e9053f0a794950a33eafbc075b10fe8f79e2d2c2c12fe8c14e8f3a2c2eaab44,yes,949315,00000000000000000000d85ce083fd2ec3e33d9809b9ad6fe9165b2babd71911,2026-05-13 22:38:45 CDT,2026-05-13 23:18:37 CDT,2026-05-14 01:18:37 CDT,0061.png.ots__time-stamp.json,bundles/0061.png.ots__time-stamp.json,2026-05-14T03:49:59.750000+00:00,2026-05-13T10:49:29.465000+00:00,2026-05-14T10:49:29.465000+00:00,1000000,e80bc23dbe949cd208a761989b862e9d604b8992a13556b7e5b00a86828f4e2b,yes,bundle.artifact.bind_sha256_hex,yes,yes,yes,yes,yes,yes
0062,0062.json,bundle_json,yes,bundles/0062.json,7312,2026-05-13 22:50:07 CDT,5573439bbe5586cb6c2a0972b5407a895b97a78627634232cec81ac71355764c,0062.json.ots,bundles/0062.json.ots,3ef1cffddd9bb792ffbbdda2cb2ecbddbdbb7a92ff06ba94378807bcc038094c,0062.json.ots.upgraded,bundles/ots_upgraded_bundle/0062.json.ots.upgraded,0d9adf52ae3fca1c485d9bb40eba214ab15cab7b18059ca28741e0a903a8e811,anchored,5573439bbe5586cb6c2a0972b5407a895b97a78627634232cec81ac71355764c,yes,949319,00000000000000000001167897b80c9add7c40f4481e0d4dbebf384a8bd28e82,2026-05-13 23:14:50 CDT,2026-05-14 00:06:03 CDT,2026-05-14 02:06:03 CDT,0062.json.ots__time-stamp.json,bundles/0062.json.ots__time-stamp.json,2026-05-14T03:50:08.789000+00:00,2026-05-13T07:26:49.378000+00:00,2026-05-14T07:26:49.378000+00:00,1000000,3ef1cffddd9bb792ffbbdda2cb2ecbddbdbb7a92ff06ba94378807bcc038094c,yes,bundle.artifact.bind_sha256_hex,yes,yes,yes,yes,yes,yes
0062,0062.png,bundle_png,yes,bundles/0062.png,17256,2026-05-13 22:50:04 CDT,c6f681533c74685d78118cd1810ba8c34c7ba2e39c3f8e8c512f89a27c98590b,0062.png.ots,bundles/0062.png.ots,6a23aaae717b34a68b21b7327209a7cc92fc42220080cabce0ea7d27fe6e84d7,0062.png.ots.upgraded,bundles/ots_upgraded_bundle/0062.png.ots.upgraded,486b5aa68b58639e4d0ad65850d71c3f32ed2cd9378632e4a35df8313601f57d,anchored,c6f681533c74685d78118cd1810ba8c34c7ba2e39c3f8e8c512f89a27c98590b,yes,949315,00000000000000000000d85ce083fd2ec3e33d9809b9ad6fe9165b2babd71911,2026-05-13 22:38:45 CDT,2026-05-13 23:18:37 CDT,2026-05-14 01:18:37 CDT,0062.png.ots__time-stamp.json,bundles/0062.png.ots__time-stamp.json,2026-05-14T03:50:06.785000+00:00,2026-05-13T07:50:12.083000+00:00,2026-05-14T07:50:12.083000+00:00,1000000,6a23aaae717b34a68b21b7327209a7cc92fc42220080cabce0ea7d27fe6e84d7,yes,bundle.artifact.bind_sha256_hex,yes,yes,yes,yes,yes,yes
0063,0063.json,bundle_json,yes,bundles/0063.json,7308,2026-05-13 22:50:15 CDT,3bcac876b80d200f3ea7f059f3b92ccf61d8a54ce530435b727a74a07923f0bd,0063.json.ots,bundles/0063.json.ots,bfadf91e5b4a267dfe5b004c9dd15775f86976b63d250ec2a25520d0119f0b4b,0063.json.ots.upgraded,bundles/ots_upgraded_bundle/0063.json.ots.upgraded,8d9dbcd4c2f23204459bf3a06cd52b6d87530053baa52c3f9da99d2ca85591fe,anchored,3bcac876b80d200f3ea7f059f3b92ccf61d8a54ce530435b727a74a07923f0bd,yes,949315,00000000000000000000d85ce083fd2ec3e33d9809b9ad6fe9165b2babd71911,2026-05-13 22:38:45 CDT,2026-05-13 23:18:37 CDT,2026-05-14 01:18:37 CDT,0063.json.ots__time-stamp.json,bundles/0063.json.ots__time-stamp.json,2026-05-14T03:50:16.845000+00:00,2026-05-13T10:49:29.465000+00:00,2026-05-14T10:49:29.465000+00:00,1000000,bfadf91e5b4a267dfe5b004c9dd15775f86976b63d250ec2a25520d0119f0b4b,yes,bundle.artifact.bind_sha256_hex,yes,yes,yes,yes,yes,yes
0063,0063.png,bundle_png,yes,bundles/0063.png,16664,2026-05-13 22:50:12 CDT,23f71887c55db945f48cda1d125d47192e515b410e92aad3a36143255d2916bb,0063.png.ots,bundles/0063.png.ots,0ff8ff3e618ece16c264a835e0e816049ca461775c18825b43547f2ed16314dc,0063.png.ots.upgraded,bundles/ots_upgraded_bundle/0063.png.ots.upgraded,d2c65b19791af1935a9a55ed5a48741cf633355da318ec79a59fa0b0f5174364,anchored,23f71887c55db945f48cda1d125d47192e515b410e92aad3a36143255d2916bb,yes,949315,00000000000000000000d85ce083fd2ec3e33d9809b9ad6fe9165b2babd71911,2026-05-13 22:38:45 CDT,2026-05-13 23:18:37 CDT,2026-05-14 01:18:37 CDT,0063.png.ots__time-stamp.json,bundles/0063.png.ots__time-stamp.json,2026-05-14T03:50:14.825000+00:00,2026-05-13T08:23:50.532000+00:00,2026-05-14T08:23:50.532000+00:00,1000000,0ff8ff3e618ece16c264a835e0e816049ca461775c18825b43547f2ed16314dc,yes,bundle.artifact.bind_sha256_hex,yes,yes,yes,yes,yes,yes
0064,0064.json,bundle_json,yes,bundles/0064.json,7307,2026-05-13 22:50:24 CDT,f243c6546662dd725809234c9453d2f9548d5ee37e3987c72c382bde444ca681,0064.json.ots,bundles/0064.json.ots,b3b6ed9f66a80f2e31e74a97c522c04230b05409683b174a9622df41f2c4c7bd,0064.json.ots.upgraded,bundles/ots_upgraded_bundle/0064.json.ots.upgraded,4b03590b83d90481c17860434ba2c5155ed139564bb50764fd854b0aa721aee0,anchored,f243c6546662dd725809234c9453d2f9548d5ee37e3987c72c382bde444ca681,yes,949315,00000000000000000000d85ce083fd2ec3e33d9809b9ad6fe9165b2babd71911,2026-05-13 22:38:45 CDT,2026-05-13 23:18:37 CDT,2026-05-14 01:18:37 CDT,0064.json.ots__time-stamp.json,bundles/0064.json.ots__time-stamp.json,2026-05-14T03:50:25.865000+00:00,2026-05-13T07:50:12.083000+00:00,2026-05-14T07:50:12.083000+00:00,1000000,b3b6ed9f66a80f2e31e74a97c522c04230b05409683b174a9622df41f2c4c7bd,yes,bundle.artifact.bind_sha256_hex,yes,yes,yes,yes,yes,yes
0064,0064.png,bundle_png,yes,bundles/0064.png,15610,2026-05-13 22:50:20 CDT,e20bb368831f1a924a88435068511a2b18404a6a7803971efd0df1ddc883aeb8,0064.png.ots,bundles/0064.png.ots,cc6f20712b637679e25417ba76cd29a3010a73f2f8dafe242d0e3a170fcdbabd,0064.png.ots.upgraded,bundles/ots_upgraded_bundle/0064.png.ots.upgraded,7982c62094ac114160f7968c6bee3b2aa5e02e23c85d63a865d06b504cd65b99,anchored,e20bb368831f1a924a88435068511a2b18404a6a7803971efd0df1ddc883aeb8,yes,949315,00000000000000000000d85ce083fd2ec3e33d9809b9ad6fe9165b2babd71911,2026-05-13 22:38:45 CDT,2026-05-13 23:18:37 CDT,2026-05-14 01:18:37 CDT,0064.png.ots__time-stamp.json,bundles/0064.png.ots__time-stamp.json,2026-05-14T03:50:23.645000+00:00,2026-05-13T06:14:03.236000+00:00,2026-05-14T06:14:03.236000+00:00,1000000,cc6f20712b637679e25417ba76cd29a3010a73f2f8dafe242d0e3a170fcdbabd,yes,bundle.artifact.bind_sha256_hex,yes,yes,yes,yes,yes,yes
0065,0065.json,bundle_json,yes,bundles/0065.json,8570,2026-05-13 22:50:32 CDT,6db681996492bf1221fe6deaa412e97de6bc9d6d6b190e37c3e42264253bc667,0065.json.ots,bundles/0065.json.ots,f6fc1d44f1cdc735646acf9f36aaa5359c5ffdacc2c4ab168b852a08179d795c,0065.json.ots.upgraded,bundles/ots_upgraded_bundle/0065.json.ots.upgraded,27dbeb240a0fa683d3b9766185a59b50f4034186b9839c3719ce6bf12442bdfa,anchored,6db681996492bf1221fe6deaa412e97de6bc9d6d6b190e37c3e42264253bc667,yes,949315,00000000000000000000d85ce083fd2ec3e33d9809b9ad6fe9165b2babd71911,2026-05-13 22:38:45 CDT,2026-05-13 23:18:37 CDT,2026-05-14 01:18:37 CDT,0065.json.ots__time-stamp.json,bundles/0065.json.ots__time-stamp.json,2026-05-14T03:50:34.185000+00:00,2026-05-13T11:50:24.007000+00:00,2026-05-14T11:50:24.007000+00:00,1000000,f6fc1d44f1cdc735646acf9f36aaa5359c5ffdacc2c4ab168b852a08179d795c,yes,bundle.artifact.bind_sha256_hex,yes,yes,yes,yes,yes,yes
0065,0065.png,bundle_png,yes,bundles/0065.png,16168,2026-05-13 22:50:27 CDT,c1b336eec5af967412454579ec9b3fb14260f56291056adcaa916615ca03e0b3,0065.png.ots,bundles/0065.png.ots,82a335684070f0ba78db4aec925416ccce10a4ac090b0248c1114f3d663fd0df,0065.png.ots.upgraded,bundles/ots_upgraded_bundle/0065.png.ots.upgraded,42bd85ee9ad3ab696d12c72e1243ff037ccb3bff3bb1e2171503c1b1191debab,anchored,c1b336eec5af967412454579ec9b3fb14260f56291056adcaa916615ca03e0b3,yes,949319,00000000000000000001167897b80c9add7c40f4481e0d4dbebf384a8bd28e82,2026-05-13 23:14:50 CDT,2026-05-14 00:06:03 CDT,2026-05-14 02:06:03 CDT,0065.png.ots__time-stamp.json,bundles/0065.png.ots__time-stamp.json,2026-05-14T03:50:30.865000+00:00,2026-05-13T09:16:05.223000+00:00,2026-05-14T09:16:05.223000+00:00,1000000,82a335684070f0ba78db4aec925416ccce10a4ac090b0248c1114f3d663fd0df,yes,bundle.artifact.bind_sha256_hex,yes,yes,yes,yes,yes,yes
0066,0066.json,bundle_json,yes,bundles/0066.json,8625,2026-05-13 22:50:38 CDT,cf31cd3fb76637b2357f84a26a4ef62d1560743f025f336ac5f915c2ebb39996,0066.json.ots,bundles/0066.json.ots,06eb97e72877c63d066cacea2b42bad325f78c1ffbcf094d4e230617fa09ea45,0066.json.ots.upgraded,bundles/ots_upgraded_bundle/0066.json.ots.upgraded,0a269ba95ac88c7de1f8eaf3846badc7b195ef7e397b6ba9e864e32f5a4603dd,anchored,cf31cd3fb76637b2357f84a26a4ef62d1560743f025f336ac5f915c2ebb39996,yes,949315,00000000000000000000d85ce083fd2ec3e33d9809b9ad6fe9165b2babd71911,2026-05-13 22:38:45 CDT,2026-05-13 23:18:37 CDT,2026-05-14 01:18:37 CDT,0066.json.ots__time-stamp.json,bundles/0066.json.ots__time-stamp.json,2026-05-14T03:50:40.645000+00:00,2026-05-13T09:16:05.223000+00:00,2026-05-14T09:16:05.223000+00:00,1000000,06eb97e72877c63d066cacea2b42bad325f78c1ffbcf094d4e230617fa09ea45,yes,bundle.artifact.bind_sha256_hex,yes,yes,yes,yes,yes,yes
0066,0066.png,bundle_png,yes,bundles/0066.png,15537,2026-05-13 22:50:35 CDT,9e5c4ff4f2e38afa167f768cfa84dd2ac43ae14a8522d6ad714cd8c9aca484c4,0066.png.ots,bundles/0066.png.ots,cda767f94aaa72611afcb6aeca548fc63ee6197e7d249ae17870d993f6d5dd65,0066.png.ots.upgraded,bundles/ots_upgraded_bundle/0066.png.ots.upgraded,2fd9b23132b2a77c9259d42eae82423af31860cb2bf4a319c27e1e50af048eeb,anchored,9e5c4ff4f2e38afa167f768cfa84dd2ac43ae14a8522d6ad714cd8c9aca484c4,yes,949315,00000000000000000000d85ce083fd2ec3e33d9809b9ad6fe9165b2babd71911,2026-05-13 22:38:45 CDT,2026-05-13 23:18:37 CDT,2026-05-14 01:18:37 CDT,0066.png.ots__time-stamp.json,bundles/0066.png.ots__time-stamp.json,2026-05-14T03:50:37.964000+00:00,2026-05-13T11:50:24.007000+00:00,2026-05-14T11:50:24.007000+00:00,1000000,cda767f94aaa72611afcb6aeca548fc63ee6197e7d249ae17870d993f6d5dd65,yes,bundle.artifact.bind_sha256_hex,yes,yes,yes,yes,yes,yes
0067,0067.json,bundle_json,yes,bundles/0067.json,8626,2026-05-13 22:50:46 CDT,311bc222bed2f3f94422a006700ec1a2970923d99d46a508f6b560c2b001b33a,0067.json.ots,bundles/0067.json.ots,627c89fec19cc0c08a26e493b05148286a5c359d62a1477f02c16a31e00f5a9c,0067.json.ots.upgraded,bundles/ots_upgraded_bundle/0067.json.ots.upgraded,e4fab744aab3cc29591808f688bfab3ab4ad6b573dc01a90aea91c257509c569,anchored,311bc222bed2f3f94422a006700ec1a2970923d99d46a508f6b560c2b001b33a,yes,949319,00000000000000000001167897b80c9add7c40f4481e0d4dbebf384a8bd28e82,2026-05-13 23:14:50 CDT,2026-05-14 00:06:03 CDT,2026-05-14 02:06:03 CDT,0067.json.ots__time-stamp.json,bundles/0067.json.ots__time-stamp.json,2026-05-14T03:50:48.244000+00:00,2026-05-13T06:31:59.305000+00:00,2026-05-14T06:31:59.305000+00:00,1000000,627c89fec19cc0c08a26e493b05148286a5c359d62a1477f02c16a31e00f5a9c,yes,bundle.artifact.bind_sha256_hex,yes,yes,yes,yes,yes,yes
0067,0067.png,bundle_png,yes,bundles/0067.png,16350,2026-05-13 22:50:43 CDT,95969c4f42229afa7915a8a2b9d0059b9472b5a0ccda77a7ac15ab5797fe4b62,0067.png.ots,bundles/0067.png.ots,3a5d18914af3f4111b523ee4aa2cd1ef1fd67491bb0e62ff8db979948badb484,0067.png.ots.upgraded,bundles/ots_upgraded_bundle/0067.png.ots.upgraded,589fdaae6f0e226951ce2c0a3420b14a8d5b4266106929271e9bf169e3791309,anchored,95969c4f42229afa7915a8a2b9d0059b9472b5a0ccda77a7ac15ab5797fe4b62,yes,949315,00000000000000000000d85ce083fd2ec3e33d9809b9ad6fe9165b2babd71911,2026-05-13 22:38:45 CDT,2026-05-13 23:18:37 CDT,2026-05-14 01:18:37 CDT,0067.png.ots__time-stamp.json,bundles/0067.png.ots__time-stamp.json,2026-05-14T03:50:45.924000+00:00,2026-05-13T07:35:20.866000+00:00,2026-05-14T07:35:20.866000+00:00,1000000,3a5d18914af3f4111b523ee4aa2cd1ef1fd67491bb0e62ff8db979948badb484,yes,bundle.artifact.bind_sha256_hex,yes,yes,yes,yes,yes,yes
0068,0068.json,bundle_json,yes,bundles/0068.json,8628,2026-05-13 22:50:53 CDT,074c740d7647df1ea8abd56a61f472485782ebf8deecb9cd0488cc44cf639db2,0068.json.ots,bundles/0068.json.ots,7ab55e63791c1703e3e68a4450525881cfa8672ee713626c6af698e10650c1eb,0068.json.ots.upgraded,bundles/ots_upgraded_bundle/0068.json.ots.upgraded,20c3a20e2264ba2a67919778ad8b8a8e851e5e6dcc4816ed416bd21e7efa7114,anchored,074c740d7647df1ea8abd56a61f472485782ebf8deecb9cd0488cc44cf639db2,yes,949315,00000000000000000000d85ce083fd2ec3e33d9809b9ad6fe9165b2babd71911,2026-05-13 22:38:45 CDT,2026-05-13 23:18:37 CDT,2026-05-14 01:18:37 CDT,0068.json.ots__time-stamp.json,bundles/0068.json.ots__time-stamp.json,2026-05-14T03:50:55.924000+00:00,2026-05-13T09:43:31.882000+00:00,2026-05-14T09:43:31.882000+00:00,1000000,7ab55e63791c1703e3e68a4450525881cfa8672ee713626c6af698e10650c1eb,yes,bundle.artifact.bind_sha256_hex,yes,yes,yes,yes,yes,yes
0068,0068.png,bundle_png,yes,bundles/0068.png,13199,2026-05-13 22:50:50 CDT,e23ef0129bacfa3d223ecd31289831cc9d1b6d3e5ca319de510114f4f0110b42,0068.png.ots,bundles/0068.png.ots,deb1762651e07e5b2a0a7a7c300cb6a8f362852fb6abd01b7d1f8848d4ae2921,0068.png.ots.upgraded,bundles/ots_upgraded_bundle/0068.png.ots.upgraded,3b3203e8d50b9a3ff935640ae25b81054e770af454a4b96f6ef1f990ac2f7afe,anchored,e23ef0129bacfa3d223ecd31289831cc9d1b6d3e5ca319de510114f4f0110b42,yes,949315,00000000000000000000d85ce083fd2ec3e33d9809b9ad6fe9165b2babd71911,2026-05-13 22:38:45 CDT,2026-05-13 23:18:37 CDT,2026-05-14 01:18:37 CDT,0068.png.ots__time-stamp.json,bundles/0068.png.ots__time-stamp.json,2026-05-14T03:50:53.250000+00:00,2026-05-13T10:58:02.074000+00:00,2026-05-14T10:58:02.074000+00:00,1000000,deb1762651e07e5b2a0a7a7c300cb6a8f362852fb6abd01b7d1f8848d4ae2921,yes,bundle.artifact.bind_sha256_hex,yes,yes,yes,yes,yes,yes
0069,0069.json,bundle_json,yes,bundles/0069.json,8625,2026-05-13 22:51:01 CDT,9ba362adaa814dc70ba2d36d66cbf2fb4d09bb020952f5f03bf669757fd2c3fa,0069.json.ots,bundles/0069.json.ots,22f42f914ac33499ea87e8431f42c5c3598f01d9a1c4b2935f5a083443789e6f,0069.json.ots.upgraded,bundles/ots_upgraded_bundle/0069.json.ots.upgraded,0ac51c5acedc1a23bcf6b887e5bbe674fe123cd772342cf45ead8cc76615ec80,anchored,9ba362adaa814dc70ba2d36d66cbf2fb4d09bb020952f5f03bf669757fd2c3fa,yes,949315,00000000000000000000d85ce083fd2ec3e33d9809b9ad6fe9165b2babd71911,2026-05-13 22:38:45 CDT,2026-05-13 23:18:37 CDT,2026-05-14 01:18:37 CDT,0069.json.ots__time-stamp.json,bundles/0069.json.ots__time-stamp.json,2026-05-14T03:51:03.284000+00:00,2026-05-13T07:26:49.378000+00:00,2026-05-14T07:26:49.378000+00:00,1000000,22f42f914ac33499ea87e8431f42c5c3598f01d9a1c4b2935f5a083443789e6f,yes,bundle.artifact.bind_sha256_hex,yes,yes,yes,yes,yes,yes
0069,0069.png,bundle_png,yes,bundles/0069.png,13639,2026-05-13 22:50:58 CDT,6bbc12d693b376b59016064e4a2cc12b320e3c4469c11e7c16ba73174f1bb283,0069.png.ots,bundles/0069.png.ots,1380b6354e4feaced7c8877a0104b24070a143e8b1b7bc61a49106a7236ea5b7,0069.png.ots.upgraded,bundles/ots_upgraded_bundle/0069.png.ots.upgraded,77df680e08b72c8e68e925511f76bcb2aeb691de3c399d0d12f0d0fe734f9564,anchored,6bbc12d693b376b59016064e4a2cc12b320e3c4469c11e7c16ba73174f1bb283,yes,949315,00000000000000000000d85ce083fd2ec3e33d9809b9ad6fe9165b2babd71911,2026-05-13 22:38:45 CDT,2026-05-13 23:18:37 CDT,2026-05-14 01:18:37 CDT,0069.png.ots__time-stamp.json,bundles/0069.png.ots__time-stamp.json,2026-05-14T03:51:00.965000+00:00,2026-05-13T06:14:03.236000+00:00,2026-05-14T06:14:03.236000+00:00,1000000,1380b6354e4feaced7c8877a0104b24070a143e8b1b7bc61a49106a7236ea5b7,yes,bundle.artifact.bind_sha256_hex,yes,yes,yes,yes,yes,yes
0070,0070.json,bundle_json,yes,bundles/0070.json,6425,2026-05-13 22:51:09 CDT,9942ddd3dd1aa648f53057fb7fb9b9510fd6f318038cce8ea41619eae645da26,0070.json.ots,bundles/0070.json.ots,53903dcfa6e7ca544fc615413db15606eac160c7beeb31b52e493226b3dff33b,0070.json.ots.upgraded,bundles/ots_upgraded_bundle/0070.json.ots.upgraded,228eb821299dc3609fb4748c5595d113d8c3cccfae217ee4a6ab200a8a11c95e,anchored,9942ddd3dd1aa648f53057fb7fb9b9510fd6f318038cce8ea41619eae645da26,yes,949315,00000000000000000000d85ce083fd2ec3e33d9809b9ad6fe9165b2babd71911,2026-05-13 22:38:45 CDT,2026-05-13 23:18:37 CDT,2026-05-14 01:18:37 CDT,0070.json.ots__time-stamp.json,bundles/0070.json.ots__time-stamp.json,2026-05-14T03:51:11.989000+00:00,2026-05-13T07:26:49.378000+00:00,2026-05-14T07:26:49.378000+00:00,1000000,53903dcfa6e7ca544fc615413db15606eac160c7beeb31b52e493226b3dff33b,yes,bundle.artifact.bind_sha256_hex,yes,yes,yes,yes,yes,yes
0070,0070.png,bundle_png,yes,bundles/0070.png,13680,2026-05-13 22:51:06 CDT,32c0b00e3ae82a1b98e6489d904d0eaf430e6f6c5d49ed79866f07a5cce19516,0070.png.ots,bundles/0070.png.ots,e6e59783948a0790623ef81f7e283554dc7990e1dc2ed87a4c23c12b67b26a45,0070.png.ots.upgraded,bundles/ots_upgraded_bundle/0070.png.ots.upgraded,64be4815f3299eddb13aaa13022f24d281df42ee4405f5883341167ce98cdcb9,anchored,32c0b00e3ae82a1b98e6489d904d0eaf430e6f6c5d49ed79866f07a5cce19516,yes,949319,00000000000000000001167897b80c9add7c40f4481e0d4dbebf384a8bd28e82,2026-05-13 23:14:50 CDT,2026-05-14 00:06:03 CDT,2026-05-14 02:06:03 CDT,0070.png.ots__time-stamp.json,bundles/0070.png.ots__time-stamp.json,2026-05-14T03:51:08.965000+00:00,2026-05-13T07:50:12.083000+00:00,2026-05-14T07:50:12.083000+00:00,1000000,e6e59783948a0790623ef81f7e283554dc7990e1dc2ed87a4c23c12b67b26a45,yes,bundle.artifact.bind_sha256_hex,yes,yes,yes,yes,yes,yes
0071,0071.json,bundle_json,yes,bundles/0071.json,5540,2026-05-13 22:51:17 CDT,a3fea221e1affe3c8b4e9e94eb9f1f6223893b919d6f0c85cdf01f46174aeeca,0071.json.ots,bundles/0071.json.ots,674f88d08e6724ea2d0d9dd7587b659836211be56423dcf7bbb634273eccba06,0071.json.ots.upgraded,bundles/ots_upgraded_bundle/0071.json.ots.upgraded,1353aa6064f9a4bc9134d3040674f4c3fa43f567f929c46ebf123aba93b273b5,anchored,a3fea221e1affe3c8b4e9e94eb9f1f6223893b919d6f0c85cdf01f46174aeeca,yes,949319,00000000000000000001167897b80c9add7c40f4481e0d4dbebf384a8bd28e82,2026-05-13 23:14:50 CDT,2026-05-14 00:06:03 CDT,2026-05-14 02:06:03 CDT,0071.json.ots__time-stamp.json,bundles/0071.json.ots__time-stamp.json,2026-05-14T03:51:22.485000+00:00,2026-05-13T08:23:50.532000+00:00,2026-05-14T08:23:50.532000+00:00,1000000,674f88d08e6724ea2d0d9dd7587b659836211be56423dcf7bbb634273eccba06,yes,bundle.artifact.bind_sha256_hex,yes,yes,yes,yes,yes,yes
0071,0071.png,bundle_png,yes,bundles/0071.png,12473,2026-05-13 22:51:13 CDT,e1fc43aa7b1f1ef4457052fd09c0cfaf07189bf4b2691a8f8b5d1ed2b876df72,0071.png.ots,bundles/0071.png.ots,3fcc5360f10569b0161747df5a57a30a89533a6ded10da4eaf89700b8cd41339,0071.png.ots.upgraded,bundles/ots_upgraded_bundle/0071.png.ots.upgraded,350cf84ec657762bd06c9b98207adf37a437033bb7d00a9e6e9424d4a833313f,anchored,e1fc43aa7b1f1ef4457052fd09c0cfaf07189bf4b2691a8f8b5d1ed2b876df72,yes,949315,00000000000000000000d85ce083fd2ec3e33d9809b9ad6fe9165b2babd71911,2026-05-13 22:38:45 CDT,2026-05-13 23:18:37 CDT,2026-05-14 01:18:37 CDT,0071.png.ots__time-stamp.json,bundles/0071.png.ots__time-stamp.json,2026-05-14T03:51:17.010000+00:00,2026-05-13T07:42:55.719000+00:00,2026-05-14T07:42:55.719000+00:00,1000000,3fcc5360f10569b0161747df5a57a30a89533a6ded10da4eaf89700b8cd41339,yes,bundle.artifact.bind_sha256_hex,yes,yes,yes,yes,yes,yes
0072,0072.json,bundle_json,yes,bundles/0072.json,8110,2026-05-13 22:51:25 CDT,0560b02af652875a23afac5de111a8e38b9db25ff386c3b4da196af5fcb8d6f1,0072.json.ots,bundles/0072.json.ots,f1eff00d7254cbd6b8130724451c407b77649f302d95b6ac7db94d761badfc9e,0072.json.ots.upgraded,bundles/ots_upgraded_bundle/0072.json.ots.upgraded,6b5fa5d715f71f534f11e0cd0172117281ed28fb01b44f020bae964a0ffa389d,anchored,0560b02af652875a23afac5de111a8e38b9db25ff386c3b4da196af5fcb8d6f1,yes,949319,00000000000000000001167897b80c9add7c40f4481e0d4dbebf384a8bd28e82,2026-05-13 23:14:50 CDT,2026-05-14 00:06:03 CDT,2026-05-14 02:06:03 CDT,0072.json.ots__time-stamp.json,bundles/0072.json.ots__time-stamp.json,2026-05-14T03:51:28.044000+00:00,2026-05-13T07:50:12.083000+00:00,2026-05-14T07:50:12.083000+00:00,1000000,f1eff00d7254cbd6b8130724451c407b77649f302d95b6ac7db94d761badfc9e,yes,bundle.artifact.bind_sha256_hex,yes,yes,yes,yes,yes,yes
0072,0072.png,bundle_png,yes,bundles/0072.png,12552,2026-05-13 22:51:21 CDT,b5794ec82c6368ecd29f9c5954f97db48ca863c23ade0b775f21c259cc4b0fd1,0072.png.ots,bundles/0072.png.ots,1410a9c146a3bf131ab8ed900af574ac20c1cd10c009c25a01f00b8f6baeac99,0072.png.ots.upgraded,bundles/ots_upgraded_bundle/0072.png.ots.upgraded,2350356323e63a5abbaa7e55134858079a3cbd8c7fa08366699584dea51400a1,anchored,b5794ec82c6368ecd29f9c5954f97db48ca863c23ade0b775f21c259cc4b0fd1,yes,949315,00000000000000000000d85ce083fd2ec3e33d9809b9ad6fe9165b2babd71911,2026-05-13 22:38:45 CDT,2026-05-13 23:18:37 CDT,2026-05-14 01:18:37 CDT,0072.png.ots__time-stamp.json,bundles/0072.png.ots__time-stamp.json,2026-05-14T03:51:25.044000+00:00,2026-05-13T07:26:49.378000+00:00,2026-05-14T07:26:49.378000+00:00,1000000,1410a9c146a3bf131ab8ed900af574ac20c1cd10c009c25a01f00b8f6baeac99,yes,bundle.artifact.bind_sha256_hex,yes,yes,yes,yes,yes,yes
0073,0073.json,bundle_json,yes,bundles/0073.json,7320,2026-05-13 22:51:32 CDT,cbb7817bc8fb402726c10a7d97ebf6e03be0d39b3632c49c7e6734af0c5aa8c5,0073.json.ots,bundles/0073.json.ots,0fc7194e86625a3a7455e7e1dfeb607ebf45a0af3cc18268e7b6cfaacffa92f7,0073.json.ots.upgraded,bundles/ots_upgraded_bundle/0073.json.ots.upgraded,4f46c2d645f0a07a6bdd8caaa07017f6c5a0c82318cd25667cac9dbc6a5d30f1,anchored,cbb7817bc8fb402726c10a7d97ebf6e03be0d39b3632c49c7e6734af0c5aa8c5,yes,949315,00000000000000000000d85ce083fd2ec3e33d9809b9ad6fe9165b2babd71911,2026-05-13 22:38:45 CDT,2026-05-13 23:18:37 CDT,2026-05-14 01:18:37 CDT,0073.json.ots__time-stamp.json,bundles/0073.json.ots__time-stamp.json,2026-05-14T03:51:35.084000+00:00,2026-05-13T11:50:24.007000+00:00,2026-05-14T11:50:24.007000+00:00,1000000,0fc7194e86625a3a7455e7e1dfeb607ebf45a0af3cc18268e7b6cfaacffa92f7,yes,bundle.artifact.bind_sha256_hex,yes,yes,yes,yes,yes,yes
0073,0073.png,bundle_png,yes,bundles/0073.png,15844,2026-05-13 22:51:29 CDT,ac947378f638a8aa018bb84fbec9a896dedd0a30313369d3bb1cd2dcbfc815dc,0073.png.ots,bundles/0073.png.ots,176e466715bc46323b838f983dbb673c0c743f07f5ef5b89256e3b5875c5c3be,0073.png.ots.upgraded,bundles/ots_upgraded_bundle/0073.png.ots.upgraded,157bbc553cb115ae190c85584a5ee55cad93a424914180c7c84dcffe5f852ad3,anchored,ac947378f638a8aa018bb84fbec9a896dedd0a30313369d3bb1cd2dcbfc815dc,yes,949315,00000000000000000000d85ce083fd2ec3e33d9809b9ad6fe9165b2babd71911,2026-05-13 22:38:45 CDT,2026-05-13 23:18:37 CDT,2026-05-14 01:18:37 CDT,0073.png.ots__time-stamp.json,bundles/0073.png.ots__time-stamp.json,2026-05-14T03:51:32.090000+00:00,2026-05-13T10:49:29.465000+00:00,2026-05-14T10:49:29.465000+00:00,1000000,176e466715bc46323b838f983dbb673c0c743f07f5ef5b89256e3b5875c5c3be,yes,bundle.artifact.bind_sha256_hex,yes,yes,yes,yes,yes,yes
0074,0074.json,bundle_json,yes,bundles/0074.json,7325,2026-05-13 22:51:40 CDT,639f70329ae36246f0770e014db0c3bbbb4c3d9aef987425e434cb488e3b65bd,0074.json.ots,bundles/0074.json.ots,433800032f73642a43caa4a7d79c39d9713e45126385bb85ea6f0b1d96a1499e,0074.json.ots.upgraded,bundles/ots_upgraded_bundle/0074.json.ots.upgraded,b78fd5f8db75e8dbde24a9f2b87fefd0f840bb3632a64fc3b720598afbebaf4b,anchored,639f70329ae36246f0770e014db0c3bbbb4c3d9aef987425e434cb488e3b65bd,yes,949319,00000000000000000001167897b80c9add7c40f4481e0d4dbebf384a8bd28e82,2026-05-13 23:14:50 CDT,2026-05-14 00:06:03 CDT,2026-05-14 02:06:03 CDT,0074.json.ots__time-stamp.json,bundles/0074.json.ots__time-stamp.json,2026-05-14T03:51:43.785000+00:00,2026-05-13T09:16:05.223000+00:00,2026-05-14T09:16:05.223000+00:00,1000000,433800032f73642a43caa4a7d79c39d9713e45126385bb85ea6f0b1d96a1499e,yes,bundle.artifact.bind_sha256_hex,yes,yes,yes,yes,yes,yes
0074,0074.png,bundle_png,yes,bundles/0074.png,15897,2026-05-13 22:51:37 CDT,79471d39552eafa71eaa327910668e9bc702c51e1c98d0e20282a6339addd81d,0074.png.ots,bundles/0074.png.ots,e074f2ca4d5921e60e1c1f4fe9ce84f5c3800385d74529bafd19644a61e3ee97,0074.png.ots.upgraded,bundles/ots_upgraded_bundle/0074.png.ots.upgraded,e61f3659bb861d1ee9bb195d9cbfb3da4de4ee427b1ac607f5698606c6b10db3,anchored,79471d39552eafa71eaa327910668e9bc702c51e1c98d0e20282a6339addd81d,yes,949319,00000000000000000001167897b80c9add7c40f4481e0d4dbebf384a8bd28e82,2026-05-13 23:14:50 CDT,2026-05-14 00:06:03 CDT,2026-05-14 02:06:03 CDT,0074.png.ots__time-stamp.json,bundles/0074.png.ots__time-stamp.json,2026-05-14T03:51:40.084000+00:00,2026-05-13T06:34:59.170000+00:00,2026-05-14T06:34:59.170000+00:00,1000000,e074f2ca4d5921e60e1c1f4fe9ce84f5c3800385d74529bafd19644a61e3ee97,yes,bundle.artifact.bind_sha256_hex,yes,yes,yes,yes,yes,yes
0075,0075.json,bundle_json,yes,bundles/0075.json,7325,2026-05-13 22:51:47 CDT,87a3ef4a546ac085f869a1b31dbbcafcd82b3fef1fa16dd3d73d9f2d24ccd733,0075.json.ots,bundles/0075.json.ots,dfe51e09ea156e8aae2b71619806e8a57f41a95113b0fa5b05715bd7b1c7ec04,0075.json.ots.upgraded,bundles/ots_upgraded_bundle/0075.json.ots.upgraded,0e4cf374acbaaff02d7f74a82fac6d34b159ef12535e3a90dfdd63128c7b6d98,anchored,87a3ef4a546ac085f869a1b31dbbcafcd82b3fef1fa16dd3d73d9f2d24ccd733,yes,949315,00000000000000000000d85ce083fd2ec3e33d9809b9ad6fe9165b2babd71911,2026-05-13 22:38:45 CDT,2026-05-13 23:18:37 CDT,2026-05-14 01:18:37 CDT,0075.json.ots__time-stamp.json,bundles/0075.json.ots__time-stamp.json,2026-05-14T03:51:49.825000+00:00,2026-05-13T06:34:59.170000+00:00,2026-05-14T06:34:59.170000+00:00,1000000,dfe51e09ea156e8aae2b71619806e8a57f41a95113b0fa5b05715bd7b1c7ec04,yes,bundle.artifact.bind_sha256_hex,yes,yes,yes,yes,yes,yes
0075,0075.png,bundle_png,yes,bundles/0075.png,23195,2026-05-13 22:51:44 CDT,7eff426c6a1be616d4c2cf098deb67a046f08306957a3dc4032f54eae1a35e47,0075.png.ots,bundles/0075.png.ots,b3e2aebd46e47a7913f435652b8060950a4b3ec1a42b4ef663ca4f768c937e6b,0075.png.ots.upgraded,bundles/ots_upgraded_bundle/0075.png.ots.upgraded,5c93d18d7be1ad6b233241c919f2cc516f6d8d470b50cb634161f8b585956110,anchored,7eff426c6a1be616d4c2cf098deb67a046f08306957a3dc4032f54eae1a35e47,yes,949315,00000000000000000000d85ce083fd2ec3e33d9809b9ad6fe9165b2babd71911,2026-05-13 22:38:45 CDT,2026-05-13 23:18:37 CDT,2026-05-14 01:18:37 CDT,0075.png.ots__time-stamp.json,bundles/0075.png.ots__time-stamp.json,2026-05-14T03:51:47.105000+00:00,2026-05-13T07:42:55.719000+00:00,2026-05-14T07:42:55.719000+00:00,1000000,b3e2aebd46e47a7913f435652b8060950a4b3ec1a42b4ef663ca4f768c937e6b,yes,bundle.artifact.bind_sha256_hex,yes,yes,yes,yes,yes,yes
0076,0076.json,bundle_json,yes,bundles/0076.json,7052,2026-05-13 22:51:55 CDT,8b18c9137a65688cbe82d834d830b79627359514262d6f2551786e765b3d7deb,0076.json.ots,bundles/0076.json.ots,ce5b62154dc18da9e0facdbd111ac6f636d390d0491c43c0488833ec33fe335c,0076.json.ots.upgraded,bundles/ots_upgraded_bundle/0076.json.ots.upgraded,6429575d596d77bb1e1d5a19ff7eb67e6380df1ea6efe276049cade14deb3957,anchored,8b18c9137a65688cbe82d834d830b79627359514262d6f2551786e765b3d7deb,yes,949319,00000000000000000001167897b80c9add7c40f4481e0d4dbebf384a8bd28e82,2026-05-13 23:14:50 CDT,2026-05-14 00:06:03 CDT,2026-05-14 02:06:03 CDT,0076.json.ots__time-stamp.json,bundles/0076.json.ots__time-stamp.json,2026-05-14T03:51:57.885000+00:00,2026-05-13T06:14:03.236000+00:00,2026-05-14T06:14:03.236000+00:00,1000000,ce5b62154dc18da9e0facdbd111ac6f636d390d0491c43c0488833ec33fe335c,yes,bundle.artifact.bind_sha256_hex,yes,yes,yes,yes,yes,yes
0076,0076.png,bundle_png,yes,bundles/0076.png,22899,2026-05-13 22:51:52 CDT,29d09adcfbf93e997bee12b7b9b8db8e13a4f75d87ad54cce075177440f3779d,0076.png.ots,bundles/0076.png.ots,8acf2a02dc0dea447e24badb0de2be89d57ce9d636c378d17916c2b2be8a1aeb,0076.png.ots.upgraded,bundles/ots_upgraded_bundle/0076.png.ots.upgraded,f0e552aa7e22487129cbf034fd19c951589e94f1443aa7507d75195e0d5a128b,anchored,29d09adcfbf93e997bee12b7b9b8db8e13a4f75d87ad54cce075177440f3779d,yes,949319,00000000000000000001167897b80c9add7c40f4481e0d4dbebf384a8bd28e82,2026-05-13 23:14:50 CDT,2026-05-14 00:06:03 CDT,2026-05-14 02:06:03 CDT,0076.png.ots__time-stamp.json,bundles/0076.png.ots__time-stamp.json,2026-05-14T03:51:55.124000+00:00,2026-05-13T11:50:24.007000+00:00,2026-05-14T11:50:24.007000+00:00,1000000,8acf2a02dc0dea447e24badb0de2be89d57ce9d636c378d17916c2b2be8a1aeb,yes,bundle.artifact.bind_sha256_hex,yes,yes,yes,yes,yes,yes
0077,0077.json,bundle_json,yes,bundles/0077.json,7050,2026-05-13 22:52:03 CDT,55704a3834c848fbf8235e0e4e8ac37fc89482d33d64de0eab4ba15f7f00032c,0077.json.ots,bundles/0077.json.ots,cb9c5dbc14313ae744443d7f4dd16cdb2753d0bffde0ac6b05938fdb5f8e21ba,0077.json.ots.upgraded,bundles/ots_upgraded_bundle/0077.json.ots.upgraded,16ab45dd7bf73ac9fec0d3852a0e8c896413afad1a1d987dbde4b3464848bb72,anchored,55704a3834c848fbf8235e0e4e8ac37fc89482d33d64de0eab4ba15f7f00032c,yes,949319,00000000000000000001167897b80c9add7c40f4481e0d4dbebf384a8bd28e82,2026-05-13 23:14:50 CDT,2026-05-14 00:06:03 CDT,2026-05-14 02:06:03 CDT,0077.json.ots__time-stamp.json,bundles/0077.json.ots__time-stamp.json,2026-05-14T03:52:06.185000+00:00,2026-05-13T07:35:20.866000+00:00,2026-05-14T07:35:20.866000+00:00,1000000,cb9c5dbc14313ae744443d7f4dd16cdb2753d0bffde0ac6b05938fdb5f8e21ba,yes,bundle.artifact.bind_sha256_hex,yes,yes,yes,yes,yes,yes
0077,0077.png,bundle_png,yes,bundles/0077.png,23108,2026-05-13 22:52:00 CDT,62b3ec602835086fe0709206eb6516cf676b9a66dfaa09b23c2caed5b8a28d6a,0077.png.ots,bundles/0077.png.ots,549536269cdee7b60fe7ba2bea435664c3263d1a02bc2c997d61af75c553baee,0077.png.ots.upgraded,bundles/ots_upgraded_bundle/0077.png.ots.upgraded,d0d0da362515a33d8bcbc077e5c262a27bd916ede9fe4e5bfe1690733983215c,anchored,62b3ec602835086fe0709206eb6516cf676b9a66dfaa09b23c2caed5b8a28d6a,yes,949315,00000000000000000000d85ce083fd2ec3e33d9809b9ad6fe9165b2babd71911,2026-05-13 22:38:45 CDT,2026-05-13 23:18:37 CDT,2026-05-14 01:18:37 CDT,0077.png.ots__time-stamp.json,bundles/0077.png.ots__time-stamp.json,2026-05-14T03:52:03.205000+00:00,2026-05-13T09:16:05.223000+00:00,2026-05-14T09:16:05.223000+00:00,1000000,549536269cdee7b60fe7ba2bea435664c3263d1a02bc2c997d61af75c553baee,yes,bundle.artifact.bind_sha256_hex,yes,yes,yes,yes,yes,yes
0078,0078.json,bundle_json,yes,bundles/0078.json,6663,2026-05-13 22:52:10 CDT,7ebcc657f03280e7d0a5a715fac37bb4f5a09e16c74a890486935665a9e44031,0078.json.ots,bundles/0078.json.ots,592f364513556fe41fc061fb18d09249177bccb1c25769ea2fb67a86616a04c6,0078.json.ots.upgraded,bundles/ots_upgraded_bundle/0078.json.ots.upgraded,5fb06adfa2921bdf010c59c01fa40e3ca1a34f52db70fc86d25084ed6e47a0e2,anchored,7ebcc657f03280e7d0a5a715fac37bb4f5a09e16c74a890486935665a9e44031,yes,949315,00000000000000000000d85ce083fd2ec3e33d9809b9ad6fe9165b2babd71911,2026-05-13 22:38:45 CDT,2026-05-13 23:18:37 CDT,2026-05-14 01:18:37 CDT,0078.json.ots__time-stamp.json,bundles/0078.json.ots__time-stamp.json,2026-05-14T03:52:12.184000+00:00,2026-05-13T06:40:25.129000+00:00,2026-05-14T06:40:25.129000+00:00,1000000,592f364513556fe41fc061fb18d09249177bccb1c25769ea2fb67a86616a04c6,yes,bundle.artifact.bind_sha256_hex,yes,yes,yes,yes,yes,yes
0078,0078.png,bundle_png,yes,bundles/0078.png,20958,2026-05-13 22:52:07 CDT,80792d054406da151822d6d9887077e2f0e44358aee26bcf8dc89752f3002cce,0078.png.ots,bundles/0078.png.ots,4eecd2157ea03c80147466829f8c1a73f1c8b83a51e42f964717de89978b966c,0078.png.ots.upgraded,bundles/ots_upgraded_bundle/0078.png.ots.upgraded,5b83f86664489c9170c266461b324c0365b9d3076a2ce287d80bfa190455f37d,anchored,80792d054406da151822d6d9887077e2f0e44358aee26bcf8dc89752f3002cce,yes,949315,00000000000000000000d85ce083fd2ec3e33d9809b9ad6fe9165b2babd71911,2026-05-13 22:38:45 CDT,2026-05-13 23:18:37 CDT,2026-05-14 01:18:37 CDT,0078.png.ots__time-stamp.json,bundles/0078.png.ots__time-stamp.json,2026-05-14T03:52:10.190000+00:00,2026-05-13T06:34:59.170000+00:00,2026-05-14T06:34:59.170000+00:00,1000000,4eecd2157ea03c80147466829f8c1a73f1c8b83a51e42f964717de89978b966c,yes,bundle.artifact.bind_sha256_hex,yes,yes,yes,yes,yes,yes
0079,0079.json,bundle_json,yes,bundles/0079.json,6667,2026-05-13 22:52:18 CDT,7683bf3f5afe44dc5e3b13c813e369eca28f0d70febe1e3cb055279ee322500a,0079.json.ots,bundles/0079.json.ots,4161c534613d28c3e9a8e10e11f9957161cdb233c754183b08e962a810679bd4,0079.json.ots.upgraded,bundles/ots_upgraded_bundle/0079.json.ots.upgraded,cdf6581bc3946725e70dea389cb0d82b10f4fa189eafb786fee29f18ce0e574b,anchored,7683bf3f5afe44dc5e3b13c813e369eca28f0d70febe1e3cb055279ee322500a,yes,949319,00000000000000000001167897b80c9add7c40f4481e0d4dbebf384a8bd28e82,2026-05-13 23:14:50 CDT,2026-05-14 00:06:03 CDT,2026-05-14 02:06:03 CDT,0079.json.ots__time-stamp.json,bundles/0079.json.ots__time-stamp.json,2026-05-14T03:52:20.190000+00:00,2026-05-13T07:50:12.083000+00:00,2026-05-14T07:50:12.083000+00:00,1000000,4161c534613d28c3e9a8e10e11f9957161cdb233c754183b08e962a810679bd4,yes,bundle.artifact.bind_sha256_hex,yes,yes,yes,yes,yes,yes
0079,0079.png,bundle_png,yes,bundles/0079.png,16975,2026-05-13 22:52:15 CDT,2cfce4144f40f0d7b969ade8bbde73722967d73fcfd1500990987541a99e06b0,0079.png.ots,bundles/0079.png.ots,54d072c609fa347685eaf799a36203bda3305fe99185c37267ea39bd7891da2c,0079.png.ots.upgraded,bundles/ots_upgraded_bundle/0079.png.ots.upgraded,f031adbe055e9e72497597dff0b5e55c1a6d722f7dbe3647be23bfa766aa6fad,anchored,2cfce4144f40f0d7b969ade8bbde73722967d73fcfd1500990987541a99e06b0,yes,949315,00000000000000000000d85ce083fd2ec3e33d9809b9ad6fe9165b2babd71911,2026-05-13 22:38:45 CDT,2026-05-13 23:18:37 CDT,2026-05-14 01:18:37 CDT,0079.png.ots__time-stamp.json,bundles/0079.png.ots__time-stamp.json,2026-05-14T03:52:18.184000+00:00,2026-05-13T06:34:59.170000+00:00,2026-05-14T06:34:59.170000+00:00,1000000,54d072c609fa347685eaf799a36203bda3305fe99185c37267ea39bd7891da2c,yes,bundle.artifact.bind_sha256_hex,yes,yes,yes,yes,yes,yes
0080,0080.json,bundle_json,yes,bundles/0080.json,7009,2026-05-13 22:52:25 CDT,26eeb08de1ca03c26c6ca1024ec7f3a34c2d137013d327007709ca2cc44c5d48,0080.json.ots,bundles/0080.json.ots,213ccdeaf002fb73dfdb9b3b05ae7c8606699d0b6cbd5bf6774aca754ddf992b,0080.json.ots.upgraded,bundles/ots_upgraded_bundle/0080.json.ots.upgraded,635121d058b85f2386ad19e8ae985b263d26dfe509dd70f72ac0c2cb023eca57,anchored,26eeb08de1ca03c26c6ca1024ec7f3a34c2d137013d327007709ca2cc44c5d48,yes,949319,00000000000000000001167897b80c9add7c40f4481e0d4dbebf384a8bd28e82,2026-05-13 23:14:50 CDT,2026-05-14 00:06:03 CDT,2026-05-14 02:06:03 CDT,0080.json.ots__time-stamp.json,bundles/0080.json.ots__time-stamp.json,2026-05-14T03:52:27.224000+00:00,2026-05-13T07:32:13.637000+00:00,2026-05-14T07:32:13.637000+00:00,1000000,213ccdeaf002fb73dfdb9b3b05ae7c8606699d0b6cbd5bf6774aca754ddf992b,yes,bundle.artifact.bind_sha256_hex,yes,yes,yes,yes,yes,yes
0080,0080.png,bundle_png,yes,bundles/0080.png,19334,2026-05-13 22:52:23 CDT,be6409b77798350d264a330b3aea7c75054210045dcf8564efb3e6fee2f2b729,0080.png.ots,bundles/0080.png.ots,86b9e8672e1bf9b961fc6c769c8f15ad195c39145a5b07b2a2da5e9bbe7dd5f3,0080.png.ots.upgraded,bundles/ots_upgraded_bundle/0080.png.ots.upgraded,aea6bce2ccbfb5dcdbef7804acf9e0c569b4f4e8d5c254a266d07621a5be1f60,anchored,be6409b77798350d264a330b3aea7c75054210045dcf8564efb3e6fee2f2b729,yes,949315,00000000000000000000d85ce083fd2ec3e33d9809b9ad6fe9165b2babd71911,2026-05-13 22:38:45 CDT,2026-05-13 23:18:37 CDT,2026-05-14 01:18:37 CDT,0080.png.ots__time-stamp.json,bundles/0080.png.ots__time-stamp.json,2026-05-14T03:52:25.253000+00:00,2026-05-13T07:26:49.378000+00:00,2026-05-14T07:26:49.378000+00:00,1000000,86b9e8672e1bf9b961fc6c769c8f15ad195c39145a5b07b2a2da5e9bbe7dd5f3,yes,bundle.artifact.bind_sha256_hex,yes,yes,yes,yes,yes,yes
0081,0081.json,bundle_json,yes,bundles/0081.json,7152,2026-05-13 22:52:33 CDT,12241a34b52e9ae395814c2a360c6ef14410516f6214161c1d8f07ba968e7324,0081.json.ots,bundles/0081.json.ots,f7cf4ea062c13486e2cf0a4f463541bdb51d044c612e517b8321b79eb92eda6e,0081.json.ots.upgraded,bundles/ots_upgraded_bundle/0081.json.ots.upgraded,ed4d3567bb60f76ba8948e6d67a6ed02f6e49519a39d071b99d5bd66f853b279,anchored,12241a34b52e9ae395814c2a360c6ef14410516f6214161c1d8f07ba968e7324,yes,949315,00000000000000000000d85ce083fd2ec3e33d9809b9ad6fe9165b2babd71911,2026-05-13 22:38:45 CDT,2026-05-13 23:18:37 CDT,2026-05-14 01:18:37 CDT,0081.json.ots__time-stamp.json,bundles/0081.json.ots__time-stamp.json,2026-05-14T03:52:35.230000+00:00,2026-05-13T07:35:20.866000+00:00,2026-05-14T07:35:20.866000+00:00,1000000,f7cf4ea062c13486e2cf0a4f463541bdb51d044c612e517b8321b79eb92eda6e,yes,bundle.artifact.bind_sha256_hex,yes,yes,yes,yes,yes,yes
0081,0081.png,bundle_png,yes,bundles/0081.png,21001,2026-05-13 22:52:30 CDT,ef0ca805c24ec06357e67969854a850e7869099081de77c4a0fd2800422596d1,0081.png.ots,bundles/0081.png.ots,012c16feba71d58ab90518164586f0db10c8c89f4fb2edc8fddb4d3a7e9e7d90,0081.png.ots.upgraded,bundles/ots_upgraded_bundle/0081.png.ots.upgraded,55515e86ba0b9e1d918e1eb8a6a9a5ca1e2686272d00a06926b5d3d01d087212,anchored,ef0ca805c24ec06357e67969854a850e7869099081de77c4a0fd2800422596d1,yes,949315,00000000000000000000d85ce083fd2ec3e33d9809b9ad6fe9165b2babd71911,2026-05-13 22:38:45 CDT,2026-05-13 23:18:37 CDT,2026-05-14 01:18:37 CDT,0081.png.ots__time-stamp.json,bundles/0081.png.ots__time-stamp.json,2026-05-14T03:52:33.242000+00:00,2026-05-13T07:35:20.866000+00:00,2026-05-14T07:35:20.866000+00:00,1000000,012c16feba71d58ab90518164586f0db10c8c89f4fb2edc8fddb4d3a7e9e7d90,yes,bundle.artifact.bind_sha256_hex,yes,yes,yes,yes,yes,yes
0082,0082.json,bundle_json,yes,bundles/0082.json,7153,2026-05-13 22:52:41 CDT,737eeec2e476e7c365ea5e61a87ff8291b94e9a6bae632af08ac2039db7ecfba,0082.json.ots,bundles/0082.json.ots,92db88dbfce5313a0076cf15deb65711fd87dc33e7da9863c9095c70291594aa,0082.json.ots.upgraded,bundles/ots_upgraded_bundle/0082.json.ots.upgraded,1c994f7476edaeeefe2533094ce027ca09a7cc9b71fd3e87421968e5ba6a1a45,anchored,737eeec2e476e7c365ea5e61a87ff8291b94e9a6bae632af08ac2039db7ecfba,yes,949315,00000000000000000000d85ce083fd2ec3e33d9809b9ad6fe9165b2babd71911,2026-05-13 22:38:45 CDT,2026-05-13 23:18:37 CDT,2026-05-14 01:18:37 CDT,0082.json.ots__time-stamp.json,bundles/0082.json.ots__time-stamp.json,2026-05-14T03:52:43.305000+00:00,2026-05-13T07:20:03.388000+00:00,2026-05-14T07:20:03.388000+00:00,1000000,92db88dbfce5313a0076cf15deb65711fd87dc33e7da9863c9095c70291594aa,yes,bundle.artifact.bind_sha256_hex,yes,yes,yes,yes,yes,yes
0082,0082.png,bundle_png,yes,bundles/0082.png,10547,2026-05-13 22:52:38 CDT,39cd03b0487a6f405bc0f96965c12845c7ba445ff23466123990541d3dfe0c67,0082.png.ots,bundles/0082.png.ots,caaf2a859ecb0d5fff38db6cc9f15ccd1ab1d733e04c1dc5e558b678b74c0944,0082.png.ots.upgraded,bundles/ots_upgraded_bundle/0082.png.ots.upgraded,cc8c77b156158eaa43681afb9ec5dad976b7424ad51c62868a764e12f7f1972b,anchored,39cd03b0487a6f405bc0f96965c12845c7ba445ff23466123990541d3dfe0c67,yes,949319,00000000000000000001167897b80c9add7c40f4481e0d4dbebf384a8bd28e82,2026-05-13 23:14:50 CDT,2026-05-14 00:06:03 CDT,2026-05-14 02:06:03 CDT,0082.png.ots__time-stamp.json,bundles/0082.png.ots__time-stamp.json,2026-05-14T03:52:41.290000+00:00,2026-05-13T07:42:55.719000+00:00,2026-05-14T07:42:55.719000+00:00,1000000,caaf2a859ecb0d5fff38db6cc9f15ccd1ab1d733e04c1dc5e558b678b74c0944,yes,bundle.artifact.bind_sha256_hex,yes,yes,yes,yes,yes,yes
0083,0083.json,bundle_json,yes,bundles/0083.json,7156,2026-05-13 22:52:49 CDT,4d5bd1c82155a7559b605486b547f9698ab85f38d15ff39e4549b7edb777b603,0083.json.ots,bundles/0083.json.ots,e389bf6f1fc0223a38167f3b30a0175c1fd0962e6a83a89b0be38a14fe1d65ad,0083.json.ots.upgraded,bundles/ots_upgraded_bundle/0083.json.ots.upgraded,d88deffaaabf0afd60541c9364d44c9bc54ef491aa99bd98a7b122e883aa2a29,anchored,4d5bd1c82155a7559b605486b547f9698ab85f38d15ff39e4549b7edb777b603,yes,949319,00000000000000000001167897b80c9add7c40f4481e0d4dbebf384a8bd28e82,2026-05-13 23:14:50 CDT,2026-05-14 00:06:03 CDT,2026-05-14 02:06:03 CDT,0083.json.ots__time-stamp.json,bundles/0083.json.ots__time-stamp.json,2026-05-14T03:52:51.550000+00:00,2026-05-13T06:14:03.236000+00:00,2026-05-14T06:14:03.236000+00:00,1000000,e389bf6f1fc0223a38167f3b30a0175c1fd0962e6a83a89b0be38a14fe1d65ad,yes,bundle.artifact.bind_sha256_hex,yes,yes,yes,yes,yes,yes
0083,0083.png,bundle_png,yes,bundles/0083.png,18167,2026-05-13 22:52:46 CDT,40771f668326b3935aeb85156a427db63ab440cc9303365ae0f1076522813e91,0083.png.ots,bundles/0083.png.ots,13e30432509cdc95c98e76531531de93dbd82927fa809f66ce7ab96504eaaddd,0083.png.ots.upgraded,bundles/ots_upgraded_bundle/0083.png.ots.upgraded,bdda73319d330798a36dd495397e6eea6d0fda26bb3ba8035339d46ec7317986,anchored,40771f668326b3935aeb85156a427db63ab440cc9303365ae0f1076522813e91,yes,949315,00000000000000000000d85ce083fd2ec3e33d9809b9ad6fe9165b2babd71911,2026-05-13 22:38:45 CDT,2026-05-13 23:18:37 CDT,2026-05-14 01:18:37 CDT,0083.png.ots__time-stamp.json,bundles/0083.png.ots__time-stamp.json,2026-05-14T03:52:49.327000+00:00,2026-05-13T07:26:49.378000+00:00,2026-05-14T07:26:49.378000+00:00,1000000,13e30432509cdc95c98e76531531de93dbd82927fa809f66ce7ab96504eaaddd,yes,bundle.artifact.bind_sha256_hex,yes,yes,yes,yes,yes,yes
0084,0084.json,bundle_json,yes,bundles/0084.json,7063,2026-05-13 22:52:58 CDT,4fc6a0f601fbf9844d155b6ac488f3eadf2278103c57202c90fadc1139d80cd8,0084.json.ots,bundles/0084.json.ots,4229d354aef4ff161797c204198cca56580f9106b18abeb9aaafa931065118ee,0084.json.ots.upgraded,bundles/ots_upgraded_bundle/0084.json.ots.upgraded,73a97698c4844a78a6e174beac3094ca5d68f5977d1060990e6a47e4c02753f3,anchored,4fc6a0f601fbf9844d155b6ac488f3eadf2278103c57202c90fadc1139d80cd8,yes,949319,00000000000000000001167897b80c9add7c40f4481e0d4dbebf384a8bd28e82,2026-05-13 23:14:50 CDT,2026-05-14 00:06:03 CDT,2026-05-14 02:06:03 CDT,0084.json.ots__time-stamp.json,bundles/0084.json.ots__time-stamp.json,2026-05-14T03:53:00.345000+00:00,2026-05-13T10:58:02.074000+00:00,2026-05-14T10:58:02.074000+00:00,1000000,4229d354aef4ff161797c204198cca56580f9106b18abeb9aaafa931065118ee,yes,bundle.artifact.bind_sha256_hex,yes,yes,yes,yes,yes,yes
0084,0084.png,bundle_png,yes,bundles/0084.png,18105,2026-05-13 22:52:54 CDT,df1ace8e9a0d10e37decc386ad05da0ee0e59f99ef306eeb8f36b34d7397737f,0084.png.ots,bundles/0084.png.ots,8514db4918b7d89b41c4df662cc2ad121a22b459db0a059e0212950b8e6fc651,0084.png.ots.upgraded,bundles/ots_upgraded_bundle/0084.png.ots.upgraded,f8840c1b137e13777a80971cb3ed143b13d515552d98d44b70b906915fc3b385,anchored,df1ace8e9a0d10e37decc386ad05da0ee0e59f99ef306eeb8f36b34d7397737f,yes,949315,00000000000000000000d85ce083fd2ec3e33d9809b9ad6fe9165b2babd71911,2026-05-13 22:38:45 CDT,2026-05-13 23:18:37 CDT,2026-05-14 01:18:37 CDT,0084.png.ots__time-stamp.json,bundles/0084.png.ots__time-stamp.json,2026-05-14T03:52:57.330000+00:00,2026-05-13T10:58:02.074000+00:00,2026-05-14T10:58:02.074000+00:00,1000000,8514db4918b7d89b41c4df662cc2ad121a22b459db0a059e0212950b8e6fc651,yes,bundle.artifact.bind_sha256_hex,yes,yes,yes,yes,yes,yes
0085,0085.json,bundle_json,yes,bundles/0085.json,7238,2026-05-13 22:53:05 CDT,b9a6e23164303b8c98b9c9dad7ce0a1ae693e4e47f18252dfa3ccf76c4402feb,0085.json.ots,bundles/0085.json.ots,8cf9cfa90767b6854054a45a13c4b7c8264a5a1eea5730b0c051e1b4c78023a2,0085.json.ots.upgraded,bundles/ots_upgraded_bundle/0085.json.ots.upgraded,d8fbb722dde632d03189c95b5fee3335a806cef8c645b304bfbc226eb608bd62,anchored,b9a6e23164303b8c98b9c9dad7ce0a1ae693e4e47f18252dfa3ccf76c4402feb,yes,949319,00000000000000000001167897b80c9add7c40f4481e0d4dbebf384a8bd28e82,2026-05-13 23:14:50 CDT,2026-05-14 00:06:03 CDT,2026-05-14 02:06:03 CDT,0085.json.ots__time-stamp.json,bundles/0085.json.ots__time-stamp.json,2026-05-14T03:53:07.685000+00:00,2026-05-13T10:01:43.892000+00:00,2026-05-14T10:01:43.892000+00:00,1000000,8cf9cfa90767b6854054a45a13c4b7c8264a5a1eea5730b0c051e1b4c78023a2,yes,bundle.artifact.bind_sha256_hex,yes,yes,yes,yes,yes,yes
0085,0085.png,bundle_png,yes,bundles/0085.png,29456,2026-05-13 22:53:02 CDT,970c291a739221baa3d1163eb356b633c46340f81bd201d101fa99e29d4c09c4,0085.png.ots,bundles/0085.png.ots,49c835525890b67bc958787624b960818b6da2b5d22ec5ba4c0f35276c7032ee,0085.png.ots.upgraded,bundles/ots_upgraded_bundle/0085.png.ots.upgraded,07519788e8ec8b32fe442f53ca25c59cc3613345dd574914d442218a1d9cc407,anchored,970c291a739221baa3d1163eb356b633c46340f81bd201d101fa99e29d4c09c4,yes,949315,00000000000000000000d85ce083fd2ec3e33d9809b9ad6fe9165b2babd71911,2026-05-13 22:38:45 CDT,2026-05-13 23:18:37 CDT,2026-05-14 01:18:37 CDT,0085.png.ots__time-stamp.json,bundles/0085.png.ots__time-stamp.json,2026-05-14T03:53:05.345000+00:00,2026-05-13T10:49:29.465000+00:00,2026-05-14T10:49:29.465000+00:00,1000000,49c835525890b67bc958787624b960818b6da2b5d22ec5ba4c0f35276c7032ee,yes,bundle.artifact.bind_sha256_hex,yes,yes,yes,yes,yes,yes
0086,0086.json,bundle_json,yes,bundles/0086.json,7284,2026-05-13 22:53:13 CDT,f1f6219132c7dc278888c156e64c92dd248fc908409485f113142aed35a7198f,0086.json.ots,bundles/0086.json.ots,314fc29104790226bf9df20f5de49dae44bf17081efb1edb0d5a1387c9bb02b0,0086.json.ots.upgraded,bundles/ots_upgraded_bundle/0086.json.ots.upgraded,30154cdd88f767213eddda1994c186d115c163d5347007f44c9f1bb6843312dd,anchored,f1f6219132c7dc278888c156e64c92dd248fc908409485f113142aed35a7198f,yes,949315,00000000000000000000d85ce083fd2ec3e33d9809b9ad6fe9165b2babd71911,2026-05-13 22:38:45 CDT,2026-05-13 23:18:37 CDT,2026-05-14 01:18:37 CDT,0086.json.ots__time-stamp.json,bundles/0086.json.ots__time-stamp.json,2026-05-14T03:53:15.365000+00:00,2026-05-13T07:50:12.083000+00:00,2026-05-14T07:50:12.083000+00:00,1000000,314fc29104790226bf9df20f5de49dae44bf17081efb1edb0d5a1387c9bb02b0,yes,bundle.artifact.bind_sha256_hex,yes,yes,yes,yes,yes,yes
0086,0086.png,bundle_png,yes,bundles/0086.png,29045,2026-05-13 22:53:09 CDT,8665beae08d3063fe94af42632505cb1bad59a2c61abd7c5f8e503ccbf141d68,0086.png.ots,bundles/0086.png.ots,8b80614885a9148c826a9f31a9792e6d1d8c6a75754936e3f35cb82590a41c51,0086.png.ots.upgraded,bundles/ots_upgraded_bundle/0086.png.ots.upgraded,8c056e47f3384f4cc4316b0ca7a630bc7cd1dbaf4ff81cc32eace881adada03c,anchored,8665beae08d3063fe94af42632505cb1bad59a2c61abd7c5f8e503ccbf141d68,yes,949315,00000000000000000000d85ce083fd2ec3e33d9809b9ad6fe9165b2babd71911,2026-05-13 22:38:45 CDT,2026-05-13 23:18:37 CDT,2026-05-14 01:18:37 CDT,0086.png.ots__time-stamp.json,bundles/0086.png.ots__time-stamp.json,2026-05-14T03:53:12.685000+00:00,2026-05-13T06:40:25.129000+00:00,2026-05-14T06:40:25.129000+00:00,1000000,8b80614885a9148c826a9f31a9792e6d1d8c6a75754936e3f35cb82590a41c51,yes,bundle.artifact.bind_sha256_hex,yes,yes,yes,yes,yes,yes
0087,0087.json,bundle_json,yes,bundles/0087.json,7210,2026-05-13 22:53:20 CDT,1b592190960204d4ed7eeb9780865a9e72515c73114a853c978567e3b9c40fcf,0087.json.ots,bundles/0087.json.ots,ad89b04189af32b033f69f8e353b7bdf1470a476111272f03372a61db3eb4c14,0087.json.ots.upgraded,bundles/ots_upgraded_bundle/0087.json.ots.upgraded,3aa4b2e0ee6426f99c6947b790ecb6a9cabf63b443afbb5f6cacfda84ec4571e,anchored,1b592190960204d4ed7eeb9780865a9e72515c73114a853c978567e3b9c40fcf,yes,949315,00000000000000000000d85ce083fd2ec3e33d9809b9ad6fe9165b2babd71911,2026-05-13 22:38:45 CDT,2026-05-13 23:18:37 CDT,2026-05-14 01:18:37 CDT,0087.json.ots__time-stamp.json,bundles/0087.json.ots__time-stamp.json,2026-05-14T03:53:23.390000+00:00,2026-05-13T07:32:13.637000+00:00,2026-05-14T07:32:13.637000+00:00,1000000,ad89b04189af32b033f69f8e353b7bdf1470a476111272f03372a61db3eb4c14,yes,bundle.artifact.bind_sha256_hex,yes,yes,yes,yes,yes,yes
0087,0087.png,bundle_png,yes,bundles/0087.png,29343,2026-05-13 22:53:17 CDT,c3cdad7ab20cd8dde41855ad1640b3521a55036f18b0adedf67b6321ef49d8a2,0087.png.ots,bundles/0087.png.ots,c345642939ba04a088ba415d5f2cec1e5422f2fa81caced7107a71f54ae53b90,0087.png.ots.upgraded,bundles/ots_upgraded_bundle/0087.png.ots.upgraded,14e7b092ee269c6d0cae295e26f3fbf84c3205fc8875e29c8b2cf85f5bc60881,anchored,c3cdad7ab20cd8dde41855ad1640b3521a55036f18b0adedf67b6321ef49d8a2,yes,949315,00000000000000000000d85ce083fd2ec3e33d9809b9ad6fe9165b2babd71911,2026-05-13 22:38:45 CDT,2026-05-13 23:18:37 CDT,2026-05-14 01:18:37 CDT,0087.png.ots__time-stamp.json,bundles/0087.png.ots__time-stamp.json,2026-05-14T03:53:20.359000+00:00,2026-05-13T06:34:59.170000+00:00,2026-05-14T06:34:59.170000+00:00,1000000,c345642939ba04a088ba415d5f2cec1e5422f2fa81caced7107a71f54ae53b90,yes,bundle.artifact.bind_sha256_hex,yes,yes,yes,yes,yes,yes
0088,0088.json,bundle_json,yes,bundles/0088.json,6094,2026-05-13 22:53:29 CDT,6f842b2819f12ce9e675ba3d4c97a0099b3d25c3ed45336609547c5ae0f75998,0088.json.ots,bundles/0088.json.ots,b48026cdbf424b535b20c6c07b4b2d5b12c8c943065eabff458316101c2e7518,0088.json.ots.upgraded,bundles/ots_upgraded_bundle/0088.json.ots.upgraded,eb7f3c09ea048f60c2fee61d3d497f83f2a0c6825241ff6bb9f8a63374b0d157,anchored,6f842b2819f12ce9e675ba3d4c97a0099b3d25c3ed45336609547c5ae0f75998,yes,949319,00000000000000000001167897b80c9add7c40f4481e0d4dbebf384a8bd28e82,2026-05-13 23:14:50 CDT,2026-05-14 00:06:03 CDT,2026-05-14 02:06:03 CDT,0088.json.ots__time-stamp.json,bundles/0088.json.ots__time-stamp.json,2026-05-14T03:53:31.410000+00:00,2026-05-13T07:42:55.719000+00:00,2026-05-14T07:42:55.719000+00:00,1000000,b48026cdbf424b535b20c6c07b4b2d5b12c8c943065eabff458316101c2e7518,yes,bundle.artifact.bind_sha256_hex,yes,yes,yes,yes,yes,yes
0088,0088.png,bundle_png,yes,bundles/0088.png,11132,2026-05-13 22:53:25 CDT,c971937e1d5e3973012b7492185abd8937a29dc6a9ef7d55ea449588e8396d29,0088.png.ots,bundles/0088.png.ots,956ac564b0c4e086750ba4ed7ea4663e11b204f8d2a205aa194845774026a141,0088.png.ots.upgraded,bundles/ots_upgraded_bundle/0088.png.ots.upgraded,a40c3dd9d0ce4f560dc24101733deb6c253a332fe2867476c38ca2806d9ff2a4,anchored,c971937e1d5e3973012b7492185abd8937a29dc6a9ef7d55ea449588e8396d29,yes,949315,00000000000000000000d85ce083fd2ec3e33d9809b9ad6fe9165b2babd71911,2026-05-13 22:38:45 CDT,2026-05-13 23:18:37 CDT,2026-05-14 01:18:37 CDT,0088.png.ots__time-stamp.json,bundles/0088.png.ots__time-stamp.json,2026-05-14T03:53:28.404000+00:00,2026-05-13T06:31:59.305000+00:00,2026-05-14T06:31:59.305000+00:00,1000000,956ac564b0c4e086750ba4ed7ea4663e11b204f8d2a205aa194845774026a141,yes,bundle.artifact.bind_sha256_hex,yes,yes,yes,yes,yes,yes
0089,0089.json,bundle_json,yes,bundles/0089.json,5988,2026-05-13 22:53:36 CDT,56fc3acd95de672ffd07fd64ccab8dbe8710836062c28324e4c13ba0bbaab5b5,0089.json.ots,bundles/0089.json.ots,26b96ee7bd967cde873041f443a708c90d3c4c9f8703e3d6b2c23d2ce9e39d40,0089.json.ots.upgraded,bundles/ots_upgraded_bundle/0089.json.ots.upgraded,9c2acd4cd3f12b9fc0e0b9f21e7b0bd2b572a6e571cbd86a61de6e58e67129bb,anchored,56fc3acd95de672ffd07fd64ccab8dbe8710836062c28324e4c13ba0bbaab5b5,yes,949319,00000000000000000001167897b80c9add7c40f4481e0d4dbebf384a8bd28e82,2026-05-13 23:14:50 CDT,2026-05-14 00:06:03 CDT,2026-05-14 02:06:03 CDT,0089.json.ots__time-stamp.json,bundles/0089.json.ots__time-stamp.json,2026-05-14T03:53:38.425000+00:00,2026-05-13T07:32:13.637000+00:00,2026-05-14T07:32:13.637000+00:00,1000000,26b96ee7bd967cde873041f443a708c90d3c4c9f8703e3d6b2c23d2ce9e39d40,yes,bundle.artifact.bind_sha256_hex,yes,yes,yes,yes,yes,yes
0089,0089.png,bundle_png,yes,bundles/0089.png,18595,2026-05-13 22:53:33 CDT,da6889e7311d3ae6c5abc41617d4f9ca14c27ba781166b3282c8dabb2c49b6cf,0089.png.ots,bundles/0089.png.ots,75cf82500d27bb3c3c2c6fe2f4052ebfd1997bab66f6f12e8ce0facb90bf7922,0089.png.ots.upgraded,bundles/ots_upgraded_bundle/0089.png.ots.upgraded,842e9fa35021d1ef50c73bc49b9f3209f1ebb036288f268f272570a022606515,anchored,da6889e7311d3ae6c5abc41617d4f9ca14c27ba781166b3282c8dabb2c49b6cf,yes,949319,00000000000000000001167897b80c9add7c40f4481e0d4dbebf384a8bd28e82,2026-05-13 23:14:50 CDT,2026-05-14 00:06:03 CDT,2026-05-14 02:06:03 CDT,0089.png.ots__time-stamp.json,bundles/0089.png.ots__time-stamp.json,2026-05-14T03:53:35.745000+00:00,2026-05-13T10:49:29.465000+00:00,2026-05-14T10:49:29.465000+00:00,1000000,75cf82500d27bb3c3c2c6fe2f4052ebfd1997bab66f6f12e8ce0facb90bf7922,yes,bundle.artifact.bind_sha256_hex,yes,yes,yes,yes,yes,yes
0090,0090.json,bundle_json,yes,bundles/0090.json,5987,2026-05-13 22:53:43 CDT,3102a003fb1dcebfff856f7d00a1c83204c4be11e60ba580e56d3f356e83807e,0090.json.ots,bundles/0090.json.ots,5e5ececdf940cb3af141f127d09972e6b3ec77b12a2c27b1f3eed1fade2cd062,0090.json.ots.upgraded,bundles/ots_upgraded_bundle/0090.json.ots.upgraded,05092acf64e512191bc49c65d4c0f9969a2c26d893fa91177f75ebd6273c5900,anchored,3102a003fb1dcebfff856f7d00a1c83204c4be11e60ba580e56d3f356e83807e,yes,949319,00000000000000000001167897b80c9add7c40f4481e0d4dbebf384a8bd28e82,2026-05-13 23:14:50 CDT,2026-05-14 00:06:03 CDT,2026-05-14 02:06:03 CDT,0090.json.ots__time-stamp.json,bundles/0090.json.ots__time-stamp.json,2026-05-14T03:53:45.750000+00:00,2026-05-13T07:42:55.719000+00:00,2026-05-14T07:42:55.719000+00:00,1000000,5e5ececdf940cb3af141f127d09972e6b3ec77b12a2c27b1f3eed1fade2cd062,yes,bundle.artifact.bind_sha256_hex,yes,yes,yes,yes,yes,yes
0090,0090.png,bundle_png,yes,bundles/0090.png,18505,2026-05-13 22:53:40 CDT,15f4aad3822f414ec6341c573bbb8d82285b13ea78f48415bcbcc108cbb9505a,0090.png.ots,bundles/0090.png.ots,55670f836892b3a0c7abc4ad488e632a500520754fbd8e5a9f9733611109cef9,0090.png.ots.upgraded,bundles/ots_upgraded_bundle/0090.png.ots.upgraded,3a6c2c75ae2b0afd49bab04a82a8988507bf53044e2a8b18921eb21a8532405c,anchored,15f4aad3822f414ec6341c573bbb8d82285b13ea78f48415bcbcc108cbb9505a,yes,949315,00000000000000000000d85ce083fd2ec3e33d9809b9ad6fe9165b2babd71911,2026-05-13 22:38:45 CDT,2026-05-13 23:18:37 CDT,2026-05-14 01:18:37 CDT,0090.png.ots__time-stamp.json,bundles/0090.png.ots__time-stamp.json,2026-05-14T03:53:43.425000+00:00,2026-05-13T10:49:29.465000+00:00,2026-05-14T10:49:29.465000+00:00,1000000,55670f836892b3a0c7abc4ad488e632a500520754fbd8e5a9f9733611109cef9,yes,bundle.artifact.bind_sha256_hex,yes,yes,yes,yes,yes,yes
0091,0091.json,bundle_json,yes,bundles/0091.json,5988,2026-05-13 22:53:51 CDT,151aa30b1c559b9aeb52a5d5f272ceeb322d36b424d107b0c5e9a1e2cb5c8c52,0091.json.ots,bundles/0091.json.ots,2e3249acdff4fdbcdce70edc295faf84d50687d9ac66c868f00750891ca16253,0091.json.ots.upgraded,bundles/ots_upgraded_bundle/0091.json.ots.upgraded,0cde6c2ad67f152b605e113eba94fd64112685f5a69a04cbc952b2bb036d8c84,anchored,151aa30b1c559b9aeb52a5d5f272ceeb322d36b424d107b0c5e9a1e2cb5c8c52,yes,949319,00000000000000000001167897b80c9add7c40f4481e0d4dbebf384a8bd28e82,2026-05-13 23:14:50 CDT,2026-05-14 00:06:03 CDT,2026-05-14 02:06:03 CDT,0091.json.ots__time-stamp.json,bundles/0091.json.ots__time-stamp.json,2026-05-14T03:53:53.469000+00:00,2026-05-13T07:32:13.637000+00:00,2026-05-14T07:32:13.637000+00:00,1000000,2e3249acdff4fdbcdce70edc295faf84d50687d9ac66c868f00750891ca16253,yes,bundle.artifact.bind_sha256_hex,yes,yes,yes,yes,yes,yes
0091,0091.png,bundle_png,yes,bundles/0091.png,18622,2026-05-13 22:53:48 CDT,4553876e7b2036a16b4d25a5e8138104d8c83ab4f130d575cf20341ea6dc8cbc,0091.png.ots,bundles/0091.png.ots,046258c42a62985dade01070f80bc274f2a248477a90b16183b3deb1b610df32,0091.png.ots.upgraded,bundles/ots_upgraded_bundle/0091.png.ots.upgraded,74ac12cbedb643e16e92a704fde39a4e0472ab756286016a8293fc1bf15d2fe4,anchored,4553876e7b2036a16b4d25a5e8138104d8c83ab4f130d575cf20341ea6dc8cbc,yes,949315,00000000000000000000d85ce083fd2ec3e33d9809b9ad6fe9165b2babd71911,2026-05-13 22:38:45 CDT,2026-05-13 23:18:37 CDT,2026-05-14 01:18:37 CDT,0091.png.ots__time-stamp.json,bundles/0091.png.ots__time-stamp.json,2026-05-14T03:53:50.769000+00:00,2026-05-13T08:23:50.532000+00:00,2026-05-14T08:23:50.532000+00:00,1000000,046258c42a62985dade01070f80bc274f2a248477a90b16183b3deb1b610df32,yes,bundle.artifact.bind_sha256_hex,yes,yes,yes,yes,yes,yes
0092,0092.json,bundle_json,yes,bundles/0092.json,5980,2026-05-13 22:53:59 CDT,36373215a6741f8bbf6020849ea9aa4a97ece6cad3b9db61756373a323664cdb,0092.json.ots,bundles/0092.json.ots,fb4ea21839819c9086597aa02cbdd8baa4c3157984f5d47bcfc5c36d1211d767,0092.json.ots.upgraded,bundles/ots_upgraded_bundle/0092.json.ots.upgraded,87a45b431d4cd824f055366d2dd54fbddad8036570acae77bb2037f93f21086a,anchored,36373215a6741f8bbf6020849ea9aa4a97ece6cad3b9db61756373a323664cdb,yes,949315,00000000000000000000d85ce083fd2ec3e33d9809b9ad6fe9165b2babd71911,2026-05-13 22:38:45 CDT,2026-05-13 23:18:37 CDT,2026-05-14 01:18:37 CDT,0092.json.ots__time-stamp.json,bundles/0092.json.ots__time-stamp.json,2026-05-14T03:54:01.490000+00:00,2026-05-13T23:25:23.999000+00:00,2026-05-14T23:25:23.999000+00:00,1000000,fb4ea21839819c9086597aa02cbdd8baa4c3157984f5d47bcfc5c36d1211d767,yes,bundle.artifact.bind_sha256_hex,yes,yes,yes,yes,yes,yes
0092,0092.png,bundle_png,yes,bundles/0092.png,20449,2026-05-13 22:53:56 CDT,10b4dd73464a22da9e695c6cc7d5b172fe3fad999dcff61d0909ebcda35c7635,0092.png.ots,bundles/0092.png.ots,cc8d7e2bc16bb8109edc126fd90a94e18678f3ee59b7d1530decef8176cda73e,0092.png.ots.upgraded,bundles/ots_upgraded_bundle/0092.png.ots.upgraded,0f664da271440cecdb39d398efa9a725f287d47c95ec834c91be5ff76553cb5c,anchored,10b4dd73464a22da9e695c6cc7d5b172fe3fad999dcff61d0909ebcda35c7635,yes,949319,00000000000000000001167897b80c9add7c40f4481e0d4dbebf384a8bd28e82,2026-05-13 23:14:50 CDT,2026-05-14 00:06:03 CDT,2026-05-14 02:06:03 CDT,0092.png.ots__time-stamp.json,bundles/0092.png.ots__time-stamp.json,2026-05-14T03:53:58.770000+00:00,2026-05-13T07:50:12.083000+00:00,2026-05-14T07:50:12.083000+00:00,1000000,cc8d7e2bc16bb8109edc126fd90a94e18678f3ee59b7d1530decef8176cda73e,yes,bundle.artifact.bind_sha256_hex,yes,yes,yes,yes,yes,yes
0093,0093.json,bundle_json,yes,bundles/0093.json,5974,2026-05-13 22:54:07 CDT,b08a4f9e534db79bb27d0100a169abaa0b7e46caf5bb92ee2d8cc4373e1735c7,0093.json.ots,bundles/0093.json.ots,2c3545f16fcb7734d0205fc31dacaf4b6e290be425226008aaadc14e81aa4c9e,0093.json.ots.upgraded,bundles/ots_upgraded_bundle/0093.json.ots.upgraded,ca7a337bedbd7f72b51353729e07208a032511ca9d4f65dec075a010d6fc9e35,anchored,b08a4f9e534db79bb27d0100a169abaa0b7e46caf5bb92ee2d8cc4373e1735c7,yes,949315,00000000000000000000d85ce083fd2ec3e33d9809b9ad6fe9165b2babd71911,2026-05-13 22:38:45 CDT,2026-05-13 23:18:37 CDT,2026-05-14 01:18:37 CDT,0093.json.ots__time-stamp.json,bundles/0093.json.ots__time-stamp.json,2026-05-14T03:54:09.525000+00:00,2026-05-13T06:14:03.236000+00:00,2026-05-14T06:14:03.236000+00:00,1000000,2c3545f16fcb7734d0205fc31dacaf4b6e290be425226008aaadc14e81aa4c9e,yes,bundle.artifact.bind_sha256_hex,yes,yes,yes,yes,yes,yes
0093,0093.png,bundle_png,yes,bundles/0093.png,21227,2026-05-13 22:54:03 CDT,43e8589c32b6ea25ff0b24d12ed74626f13ce2da844a10b6cf6ca35de6f431b4,0093.png.ots,bundles/0093.png.ots,22bb3a4e83c8c685a58ce49782f501126f8401e2550a3c907cc26b94e12ba9dd,0093.png.ots.upgraded,bundles/ots_upgraded_bundle/0093.png.ots.upgraded,ec1c04f40551f7b1fe193dc0d4d11503156939887227ac92ca36c1aad871115c,anchored,43e8589c32b6ea25ff0b24d12ed74626f13ce2da844a10b6cf6ca35de6f431b4,yes,949315,00000000000000000000d85ce083fd2ec3e33d9809b9ad6fe9165b2babd71911,2026-05-13 22:38:45 CDT,2026-05-13 23:18:37 CDT,2026-05-14 01:18:37 CDT,0093.png.ots__time-stamp.json,bundles/0093.png.ots__time-stamp.json,2026-05-14T03:54:06.505000+00:00,2026-05-13T11:50:24.007000+00:00,2026-05-14T11:50:24.007000+00:00,1000000,22bb3a4e83c8c685a58ce49782f501126f8401e2550a3c907cc26b94e12ba9dd,yes,bundle.artifact.bind_sha256_hex,yes,yes,yes,yes,yes,yes
0094,0094.json,bundle_json,yes,bundles/0094.json,5723,2026-05-13 22:54:14 CDT,68c98a30fffe0b1e44b6318f4ba9b33fe26d53438c7109c801978254b3e42a4e,0094.json.ots,bundles/0094.json.ots,df39581f22007fad7035cb622cfb4e380095b300c787aee9bc869084a93a8c51,0094.json.ots.upgraded,bundles/ots_upgraded_bundle/0094.json.ots.upgraded,22ff8adcadc228a1da25eae4e527b8b518398d6abfe1b9a82c7a41294418892c,anchored,68c98a30fffe0b1e44b6318f4ba9b33fe26d53438c7109c801978254b3e42a4e,yes,949315,00000000000000000000d85ce083fd2ec3e33d9809b9ad6fe9165b2babd71911,2026-05-13 22:38:45 CDT,2026-05-13 23:18:37 CDT,2026-05-14 01:18:37 CDT,0094.json.ots__time-stamp.json,bundles/0094.json.ots__time-stamp.json,2026-05-14T03:54:16.565000+00:00,2026-05-13T07:42:55.719000+00:00,2026-05-14T07:42:55.719000+00:00,1000000,df39581f22007fad7035cb622cfb4e380095b300c787aee9bc869084a93a8c51,yes,bundle.artifact.bind_sha256_hex,yes,yes,yes,yes,yes,yes
0094,0094.png,bundle_png,yes,bundles/0094.png,20827,2026-05-13 22:54:11 CDT,61d6a4a4517846ca1d33bdce204dda417ed55ba5318b9d0ca3e05a510bf14fe2,0094.png.ots,bundles/0094.png.ots,2ddfe4ea0a4cbb2295b6865efe324334f6dd93e4a3e72f3c6c206ff5718acea3,0094.png.ots.upgraded,bundles/ots_upgraded_bundle/0094.png.ots.upgraded,c744d6a2ce04250c479b3b6417d09e5cd9af5c2599e64b2c5a707166ec5d7e4c,anchored,61d6a4a4517846ca1d33bdce204dda417ed55ba5318b9d0ca3e05a510bf14fe2,yes,949315,00000000000000000000d85ce083fd2ec3e33d9809b9ad6fe9165b2babd71911,2026-05-13 22:38:45 CDT,2026-05-13 23:18:37 CDT,2026-05-14 01:18:37 CDT,0094.png.ots__time-stamp.json,bundles/0094.png.ots__time-stamp.json,2026-05-14T03:54:13.884000+00:00,2026-05-13T07:20:03.388000+00:00,2026-05-14T07:20:03.388000+00:00,1000000,2ddfe4ea0a4cbb2295b6865efe324334f6dd93e4a3e72f3c6c206ff5718acea3,yes,bundle.artifact.bind_sha256_hex,yes,yes,yes,yes,yes,yes
0095,0095.json,bundle_json,yes,bundles/0095.json,5934,2026-05-13 22:54:22 CDT,3d632e3caf95195e484dcaa11f817da5eeef93c28c9288b17ddf8fbd3f15bdbc,0095.json.ots,bundles/0095.json.ots,315745fc432b7dd89a48aa47e7f9c020ab2000528dd2501877c31bea88ca9e57,0095.json.ots.upgraded,bundles/ots_upgraded_bundle/0095.json.ots.upgraded,993aeb8daab0b544015b4a7111f7264bd96e31b09b299ca15c567faaff60bbaa,anchored,3d632e3caf95195e484dcaa11f817da5eeef93c28c9288b17ddf8fbd3f15bdbc,yes,949319,00000000000000000001167897b80c9add7c40f4481e0d4dbebf384a8bd28e82,2026-05-13 23:14:50 CDT,2026-05-14 00:06:03 CDT,2026-05-14 02:06:03 CDT,0095.json.ots__time-stamp.json,bundles/0095.json.ots__time-stamp.json,2026-05-14T03:54:24.605000+00:00,2026-05-13T06:14:03.236000+00:00,2026-05-14T06:14:03.236000+00:00,1000000,315745fc432b7dd89a48aa47e7f9c020ab2000528dd2501877c31bea88ca9e57,yes,bundle.artifact.bind_sha256_hex,yes,yes,yes,yes,yes,yes
0095,0095.png,bundle_png,yes,bundles/0095.png,20801,2026-05-13 22:54:18 CDT,8ca24f366435dd896c9eb3ce619d28a65675541d89e2ea41fcbc8c96868ad123,0095.png.ots,bundles/0095.png.ots,fa41e5974858ad8af35cc66c27720a776dc187339cd619525ee246458ff4ab29,0095.png.ots.upgraded,bundles/ots_upgraded_bundle/0095.png.ots.upgraded,b0e5ea914228a21e62e2845993d85edeb51d0657c72e6f9d4d375249763f0571,anchored,8ca24f366435dd896c9eb3ce619d28a65675541d89e2ea41fcbc8c96868ad123,yes,949315,00000000000000000000d85ce083fd2ec3e33d9809b9ad6fe9165b2babd71911,2026-05-13 22:38:45 CDT,2026-05-13 23:18:37 CDT,2026-05-14 01:18:37 CDT,0095.png.ots__time-stamp.json,bundles/0095.png.ots__time-stamp.json,2026-05-14T03:54:21.565000+00:00,2026-05-13T07:42:55.719000+00:00,2026-05-14T07:42:55.719000+00:00,1000000,fa41e5974858ad8af35cc66c27720a776dc187339cd619525ee246458ff4ab29,yes,bundle.artifact.bind_sha256_hex,yes,yes,yes,yes,yes,yes
0096,0096.json,bundle_json,yes,bundles/0096.json,5940,2026-05-13 22:54:30 CDT,a1f058eecbf9d2076f6f32a69e40bd62eb01cd8841c055f014d2fbfdc3b55d5c,0096.json.ots,bundles/0096.json.ots,f3a4645791cc65d322990002188fef7e1911df750ae287ed19edf07c95f815f2,0096.json.ots.upgraded,bundles/ots_upgraded_bundle/0096.json.ots.upgraded,67f2aea0289fb1c7a32d52d3c82171f739b31de487f3bb99faf2fabe39d91418,anchored,a1f058eecbf9d2076f6f32a69e40bd62eb01cd8841c055f014d2fbfdc3b55d5c,yes,949319,00000000000000000001167897b80c9add7c40f4481e0d4dbebf384a8bd28e82,2026-05-13 23:14:50 CDT,2026-05-14 00:06:03 CDT,2026-05-14 02:06:03 CDT,0096.json.ots__time-stamp.json,bundles/0096.json.ots__time-stamp.json,2026-05-14T03:54:31.730000+00:00,2026-05-13T08:23:50.532000+00:00,2026-05-14T08:23:50.532000+00:00,1000000,f3a4645791cc65d322990002188fef7e1911df750ae287ed19edf07c95f815f2,yes,bundle.artifact.bind_sha256_hex,yes,yes,yes,yes,yes,yes
0096,0096.png,bundle_png,yes,bundles/0096.png,21543,2026-05-13 22:54:26 CDT,69ec8508a1d1d38c00c670c78a8636e4e1e2cc600c1f6dae2b827d996b6f33a4,0096.png.ots,bundles/0096.png.ots,40166646c0914cc7af421ca3f5949814cd1f66b3a3380b158279feaea4022634,0096.png.ots.upgraded,bundles/ots_upgraded_bundle/0096.png.ots.upgraded,eb2aebb7a34270075038d0e6ba5d37bb7dbf60650dcf4e8eede6fbc23ecd8d2e,anchored,69ec8508a1d1d38c00c670c78a8636e4e1e2cc600c1f6dae2b827d996b6f33a4,yes,949315,00000000000000000000d85ce083fd2ec3e33d9809b9ad6fe9165b2babd71911,2026-05-13 22:38:45 CDT,2026-05-13 23:18:37 CDT,2026-05-14 01:18:37 CDT,0096.png.ots__time-stamp.json,bundles/0096.png.ots__time-stamp.json,2026-05-14T03:54:29.625000+00:00,2026-05-13T10:58:02.074000+00:00,2026-05-14T10:58:02.074000+00:00,1000000,40166646c0914cc7af421ca3f5949814cd1f66b3a3380b158279feaea4022634,yes,bundle.artifact.bind_sha256_hex,yes,yes,yes,yes,yes,yes
0097,0097.json,bundle_json,yes,bundles/0097.json,5936,2026-05-13 22:54:37 CDT,33353d98b708b09ca592e5bcac325dc9a256cce4dc766d657e844bd9fbbb9bc6,0097.json.ots,bundles/0097.json.ots,b6c6ee83be56fb152951826a18bdc04c51ae98d05d5f1dd1bdd9272e92570408,0097.json.ots.upgraded,bundles/ots_upgraded_bundle/0097.json.ots.upgraded,c3bcb368b96a8d3c2682ea1d5dc34314b498ec6c88f92c9f4ca6e2c152971206,anchored,33353d98b708b09ca592e5bcac325dc9a256cce4dc766d657e844bd9fbbb9bc6,yes,949315,00000000000000000000d85ce083fd2ec3e33d9809b9ad6fe9165b2babd71911,2026-05-13 22:38:45 CDT,2026-05-13 23:18:37 CDT,2026-05-14 01:18:37 CDT,0097.json.ots__time-stamp.json,bundles/0097.json.ots__time-stamp.json,2026-05-14T03:54:38.745000+00:00,2026-05-13T07:32:13.637000+00:00,2026-05-14T07:32:13.637000+00:00,1000000,b6c6ee83be56fb152951826a18bdc04c51ae98d05d5f1dd1bdd9272e92570408,yes,bundle.artifact.bind_sha256_hex,yes,yes,yes,yes,yes,yes
0097,0097.png,bundle_png,yes,bundles/0097.png,21622,2026-05-13 22:54:34 CDT,b2e85e9bc9212b4d3dcb4024e2e701c03124aec9d9cfbf861f8d260bde659588,0097.png.ots,bundles/0097.png.ots,98efd8d1e29f437a487f070b4413889d2b32e274c791a1e6c3a32baa459e65d3,0097.png.ots.upgraded,bundles/ots_upgraded_bundle/0097.png.ots.upgraded,15312629dc1b184669c91a88aaf88f356facd146e2558888c5055003d8c5bb90,anchored,b2e85e9bc9212b4d3dcb4024e2e701c03124aec9d9cfbf861f8d260bde659588,yes,949315,00000000000000000000d85ce083fd2ec3e33d9809b9ad6fe9165b2babd71911,2026-05-13 22:38:45 CDT,2026-05-13 23:18:37 CDT,2026-05-14 01:18:37 CDT,0097.png.ots__time-stamp.json,bundles/0097.png.ots__time-stamp.json,2026-05-14T03:54:36.745000+00:00,2026-05-13T06:34:59.170000+00:00,2026-05-14T06:34:59.170000+00:00,1000000,98efd8d1e29f437a487f070b4413889d2b32e274c791a1e6c3a32baa459e65d3,yes,bundle.artifact.bind_sha256_hex,yes,yes,yes,yes,yes,yes
0098,0098.json,bundle_json,yes,bundles/0098.json,5938,2026-05-13 22:54:45 CDT,cda683c67bb399dbc1ce411f520cf35b4de6574c36bc5a8273f1f3d5d1329741,0098.json.ots,bundles/0098.json.ots,fb300a11163e225bf77c28e09690eb563365fe1ce2813ad7cb151abe2476e001,0098.json.ots.upgraded,bundles/ots_upgraded_bundle/0098.json.ots.upgraded,8d5e073aaca0b5fb17aa8d6c1f616eea89ede46e6d91e79d78c63c5e82afe1b6,anchored,cda683c67bb399dbc1ce411f520cf35b4de6574c36bc5a8273f1f3d5d1329741,yes,949315,00000000000000000000d85ce083fd2ec3e33d9809b9ad6fe9165b2babd71911,2026-05-13 22:38:45 CDT,2026-05-13 23:18:37 CDT,2026-05-14 01:18:37 CDT,0098.json.ots__time-stamp.json,bundles/0098.json.ots__time-stamp.json,2026-05-14T03:54:46.765000+00:00,2026-05-13T07:32:13.637000+00:00,2026-05-14T07:32:13.637000+00:00,1000000,fb300a11163e225bf77c28e09690eb563365fe1ce2813ad7cb151abe2476e001,yes,bundle.artifact.bind_sha256_hex,yes,yes,yes,yes,yes,yes
0098,0098.png,bundle_png,yes,bundles/0098.png,21692,2026-05-13 22:54:42 CDT,9d7186e728a60c00f53b881393412de3ca6d28c7f2b1add71de172418a1ca168,0098.png.ots,bundles/0098.png.ots,c7ae8242f26366f5cd50505e0e240183771beebbf68f423186369aa82af34114,0098.png.ots.upgraded,bundles/ots_upgraded_bundle/0098.png.ots.upgraded,f6c01698706cf8cead7cfbffebacc8a7b079651681fb869560857a700d98ebac,anchored,9d7186e728a60c00f53b881393412de3ca6d28c7f2b1add71de172418a1ca168,yes,949315,00000000000000000000d85ce083fd2ec3e33d9809b9ad6fe9165b2babd71911,2026-05-13 22:38:45 CDT,2026-05-13 23:18:37 CDT,2026-05-14 01:18:37 CDT,0098.png.ots__time-stamp.json,bundles/0098.png.ots__time-stamp.json,2026-05-14T03:54:44.744000+00:00,2026-05-13T11:50:24.007000+00:00,2026-05-14T11:50:24.007000+00:00,1000000,c7ae8242f26366f5cd50505e0e240183771beebbf68f423186369aa82af34114,yes,bundle.artifact.bind_sha256_hex,yes,yes,yes,yes,yes,yes
0099,0099.json,bundle_json,yes,bundles/0099.json,5935,2026-05-13 22:54:52 CDT,9c6f268117872dada6088639cb5df50a1081bbeabf5d4e2411085facf3af57c0,0099.json.ots,bundles/0099.json.ots,7d3795f0a831b515c1b93a04f2dec1b11dd439414e2f5a2bb85fa2e80431078c,0099.json.ots.upgraded,bundles/ots_upgraded_bundle/0099.json.ots.upgraded,27f7ee88f874930de3d1fb287adf50d88f77065729c6f51bea22756ed7945de4,anchored,9c6f268117872dada6088639cb5df50a1081bbeabf5d4e2411085facf3af57c0,yes,949315,00000000000000000000d85ce083fd2ec3e33d9809b9ad6fe9165b2babd71911,2026-05-13 22:38:45 CDT,2026-05-13 23:18:37 CDT,2026-05-14 01:18:37 CDT,0099.json.ots__time-stamp.json,bundles/0099.json.ots__time-stamp.json,2026-05-14T03:54:54.704000+00:00,2026-05-13T06:31:59.305000+00:00,2026-05-14T06:31:59.305000+00:00,1000000,7d3795f0a831b515c1b93a04f2dec1b11dd439414e2f5a2bb85fa2e80431078c,yes,bundle.artifact.bind_sha256_hex,yes,yes,yes,yes,yes,yes
0099,0099.png,bundle_png,yes,bundles/0099.png,21796,2026-05-13 22:54:49 CDT,52c34e9fb34c9929cb2b238c35fc4e8ba311ca08e35c8a52af21b72f6c0c36c7,0099.png.ots,bundles/0099.png.ots,15da71a774cc58abf4db1c8bad569739f5c8cd76f8e9f085f765329d3284f82a,0099.png.ots.upgraded,bundles/ots_upgraded_bundle/0099.png.ots.upgraded,05bb63a20e32cc232140a41b034e9df15dbcb43620d91daa292e5c21a9cc6e55,anchored,52c34e9fb34c9929cb2b238c35fc4e8ba311ca08e35c8a52af21b72f6c0c36c7,yes,949315,00000000000000000000d85ce083fd2ec3e33d9809b9ad6fe9165b2babd71911,2026-05-13 22:38:45 CDT,2026-05-13 23:18:37 CDT,2026-05-14 01:18:37 CDT,0099.png.ots__time-stamp.json,bundles/0099.png.ots__time-stamp.json,2026-05-14T03:54:52.115000+00:00,2026-05-13T07:20:03.388000+00:00,2026-05-14T07:20:03.388000+00:00,1000000,15da71a774cc58abf4db1c8bad569739f5c8cd76f8e9f085f765329d3284f82a,yes,bundle.artifact.bind_sha256_hex,yes,yes,yes,yes,yes,yes
0100,0100.json,bundle_json,yes,bundles/0100.json,5936,2026-05-13 22:55:00 CDT,f3f0e4814e363a7337946f05453274acb26965326f11f413314b58071181117c,0100.json.ots,bundles/0100.json.ots,7f2975f9cc07a67fe1323d2fa0cb2cad39917e6dea973119e4439c16bd8bb187,0100.json.ots.upgraded,bundles/ots_upgraded_bundle/0100.json.ots.upgraded,bb0516ef02196e99dd7ae045f1e71a9693ddd2b920b8c1a382fac08bb7d78050,anchored,f3f0e4814e363a7337946f05453274acb26965326f11f413314b58071181117c,yes,949319,00000000000000000001167897b80c9add7c40f4481e0d4dbebf384a8bd28e82,2026-05-13 23:14:50 CDT,2026-05-14 00:06:03 CDT,2026-05-14 02:06:03 CDT,0100.json.ots__time-stamp.json,bundles/0100.json.ots__time-stamp.json,2026-05-14T03:55:01.750000+00:00,2026-05-13T07:42:55.719000+00:00,2026-05-14T07:42:55.719000+00:00,1000000,7f2975f9cc07a67fe1323d2fa0cb2cad39917e6dea973119e4439c16bd8bb187,yes,bundle.artifact.bind_sha256_hex,yes,yes,yes,yes,yes,yes
0100,0100.png,bundle_png,yes,bundles/0100.png,21643,2026-05-13 22:54:57 CDT,164b116cfd746fdd237e6f10aeec7a2ebed17059928c1dd81377a4d14dcbea13,0100.png.ots,bundles/0100.png.ots,2f3f0e67d9bac632f14891e598a699f6e3ae879b93ae28ca6e1f3d13f4b63942,0100.png.ots.upgraded,bundles/ots_upgraded_bundle/0100.png.ots.upgraded,a3fffb908cff518529fb2a1a87f52ee16217513bbf33bf3d96500dfd72c2d0cb,anchored,164b116cfd746fdd237e6f10aeec7a2ebed17059928c1dd81377a4d14dcbea13,yes,949315,00000000000000000000d85ce083fd2ec3e33d9809b9ad6fe9165b2babd71911,2026-05-13 22:38:45 CDT,2026-05-13 23:18:37 CDT,2026-05-14 01:18:37 CDT,0100.png.ots__time-stamp.json,bundles/0100.png.ots__time-stamp.json,2026-05-14T03:54:59.744000+00:00,2026-05-13T07:20:03.388000+00:00,2026-05-14T07:20:03.388000+00:00,1000000,2f3f0e67d9bac632f14891e598a699f6e3ae879b93ae28ca6e1f3d13f4b63942,yes,bundle.artifact.bind_sha256_hex,yes,yes,yes,yes,yes,yes
0101,0101.json,bundle_json,yes,bundles/0101.json,5941,2026-05-13 22:55:08 CDT,f4fdc2daee99da4daf8a1b2e16f98ef1a0327a0093a5725f24f56357ba4b4573,0101.json.ots,bundles/0101.json.ots,422c66b22d29298892e6d2c6c56a8cad97f2bf3418405dde478950247a6e70e1,0101.json.ots.upgraded,bundles/ots_upgraded_bundle/0101.json.ots.upgraded,837a657c8cb394b3ee2aaaf4c95e36d31b01bd6f51bf7500449944902c1f4c60,anchored,f4fdc2daee99da4daf8a1b2e16f98ef1a0327a0093a5725f24f56357ba4b4573,yes,949315,00000000000000000000d85ce083fd2ec3e33d9809b9ad6fe9165b2babd71911,2026-05-13 22:38:45 CDT,2026-05-13 23:18:37 CDT,2026-05-14 01:18:37 CDT,0101.json.ots__time-stamp.json,bundles/0101.json.ots__time-stamp.json,2026-05-14T03:55:09.784000+00:00,2026-05-13T06:34:59.170000+00:00,2026-05-14T06:34:59.170000+00:00,1000000,422c66b22d29298892e6d2c6c56a8cad97f2bf3418405dde478950247a6e70e1,yes,bundle.artifact.bind_sha256_hex,yes,yes,yes,yes,yes,yes
0101,0101.png,bundle_png,yes,bundles/0101.png,20437,2026-05-13 22:55:04 CDT,6e77663957d9e0c30100d9c0f8b3a03eb09c1e2b4b834daa36666f90af82d048,0101.png.ots,bundles/0101.png.ots,ea83010da0902746664dd88abcd9e771320c609740b6919133bd7b6885cfe3b1,0101.png.ots.upgraded,bundles/ots_upgraded_bundle/0101.png.ots.upgraded,0fe2912f285dbb197d79c927df119b8b14f8a99188d81603d58ce3b66ca51100,anchored,6e77663957d9e0c30100d9c0f8b3a03eb09c1e2b4b834daa36666f90af82d048,yes,949315,00000000000000000000d85ce083fd2ec3e33d9809b9ad6fe9165b2babd71911,2026-05-13 22:38:45 CDT,2026-05-13 23:18:37 CDT,2026-05-14 01:18:37 CDT,0101.png.ots__time-stamp.json,bundles/0101.png.ots__time-stamp.json,2026-05-14T03:55:07.764000+00:00,2026-05-13T09:43:31.882000+00:00,2026-05-14T09:43:31.882000+00:00,1000000,ea83010da0902746664dd88abcd9e771320c609740b6919133bd7b6885cfe3b1,yes,bundle.artifact.bind_sha256_hex,yes,yes,yes,yes,yes,yes
0102,0102.json,bundle_json,yes,bundles/0102.json,5941,2026-05-13 22:55:15 CDT,3c886bb8862bfb68b1ba759251088fd1defbed4e912b05b9671252dd9a754190,0102.json.ots,bundles/0102.json.ots,7bd2045a3262890c711d08eec76138eececab704a382882f26b78103d8ff2ed1,0102.json.ots.upgraded,bundles/ots_upgraded_bundle/0102.json.ots.upgraded,7f9e2be2dd009bb29428e1eaf4e52820ec8ef4a56a47654f248b3fdb84ef1670,anchored,3c886bb8862bfb68b1ba759251088fd1defbed4e912b05b9671252dd9a754190,yes,949315,00000000000000000000d85ce083fd2ec3e33d9809b9ad6fe9165b2babd71911,2026-05-13 22:38:45 CDT,2026-05-13 23:18:37 CDT,2026-05-14 01:18:37 CDT,0102.json.ots__time-stamp.json,bundles/0102.json.ots__time-stamp.json,2026-05-14T03:55:16.805000+00:00,2026-05-13T08:10:30.590000+00:00,2026-05-14T08:10:30.590000+00:00,1000000,7bd2045a3262890c711d08eec76138eececab704a382882f26b78103d8ff2ed1,yes,bundle.artifact.bind_sha256_hex,yes,yes,yes,yes,yes,yes
0102,0102.png,bundle_png,yes,bundles/0102.png,21673,2026-05-13 22:55:12 CDT,eede4e513d1555f1a8d6ed1af645f980ec3680ceb2883fcaa864a8f1564076d0,0102.png.ots,bundles/0102.png.ots,50a1ef4b62e9c9a58022399595b21b39acfdd7fd4b95ff392e183c76786894f3,0102.png.ots.upgraded,bundles/ots_upgraded_bundle/0102.png.ots.upgraded,ae80334398f58b076a0d737152e4fff7a3e8eca44f66edeb400cb8afb1823d72,anchored,eede4e513d1555f1a8d6ed1af645f980ec3680ceb2883fcaa864a8f1564076d0,yes,949319,00000000000000000001167897b80c9add7c40f4481e0d4dbebf384a8bd28e82,2026-05-13 23:14:50 CDT,2026-05-14 00:06:03 CDT,2026-05-14 02:06:03 CDT,0102.png.ots__time-stamp.json,bundles/0102.png.ots__time-stamp.json,2026-05-14T03:55:14.774000+00:00,2026-05-13T09:43:31.882000+00:00,2026-05-14T09:43:31.882000+00:00,1000000,50a1ef4b62e9c9a58022399595b21b39acfdd7fd4b95ff392e183c76786894f3,yes,bundle.artifact.bind_sha256_hex,yes,yes,yes,yes,yes,yes
0103,0103.json,bundle_json,yes,bundles/0103.json,5941,2026-05-13 22:55:23 CDT,85dbd1c469bd84bd7e7ea10573965250353f18aa1c9d6b9e26acbb5dab6637bd,0103.json.ots,bundles/0103.json.ots,7573debb851406377df6a132518521cc6e71b4453efe414900b2799b5e64522a,0103.json.ots.upgraded,bundles/ots_upgraded_bundle/0103.json.ots.upgraded,4f9b2bf2ceccd542e6a2d47981bedf8517bc3ddad0870090dd2fffeb68ed0f43,anchored,85dbd1c469bd84bd7e7ea10573965250353f18aa1c9d6b9e26acbb5dab6637bd,yes,949315,00000000000000000000d85ce083fd2ec3e33d9809b9ad6fe9165b2babd71911,2026-05-13 22:38:45 CDT,2026-05-13 23:18:37 CDT,2026-05-14 01:18:37 CDT,0103.json.ots__time-stamp.json,bundles/0103.json.ots__time-stamp.json,2026-05-14T03:55:24.829000+00:00,2026-05-13T11:50:24.007000+00:00,2026-05-14T11:50:24.007000+00:00,1000000,7573debb851406377df6a132518521cc6e71b4453efe414900b2799b5e64522a,yes,bundle.artifact.bind_sha256_hex,yes,yes,yes,yes,yes,yes
0103,0103.png,bundle_png,yes,bundles/0103.png,21816,2026-05-13 22:55:20 CDT,1697ec2e80ede2637c351786a42a4210b2ada253b3e6f0ef68e658d2f503e4ed,0103.png.ots,bundles/0103.png.ots,c40c88f86e4fe0320081f326b8c3279f37ec67c72cb42db4adb65e126d21a62f,0103.png.ots.upgraded,bundles/ots_upgraded_bundle/0103.png.ots.upgraded,95d9695194e55d88d9cef7193e70930d4f81dbbf42fd7bc94a25195851e52918,anchored,1697ec2e80ede2637c351786a42a4210b2ada253b3e6f0ef68e658d2f503e4ed,yes,949319,00000000000000000001167897b80c9add7c40f4481e0d4dbebf384a8bd28e82,2026-05-13 23:14:50 CDT,2026-05-14 00:06:03 CDT,2026-05-14 02:06:03 CDT,0103.png.ots__time-stamp.json,bundles/0103.png.ots__time-stamp.json,2026-05-14T03:55:22.825000+00:00,2026-05-13T10:58:02.074000+00:00,2026-05-14T10:58:02.074000+00:00,1000000,c40c88f86e4fe0320081f326b8c3279f37ec67c72cb42db4adb65e126d21a62f,yes,bundle.artifact.bind_sha256_hex,yes,yes,yes,yes,yes,yes
0104,0104.json,bundle_json,yes,bundles/0104.json,5936,2026-05-13 22:55:31 CDT,c9e30a07bb76b128d81e2d3c1ed9eb9cd6aa962f3867b09e78f3cb7154948562,0104.json.ots,bundles/0104.json.ots,f7dddb3c83c62bbdfc71faff1f2ecf1167fb694521f505d5589e87739f48a27a,0104.json.ots.upgraded,bundles/ots_upgraded_bundle/0104.json.ots.upgraded,3958ba7a6aa792c768538e6ab12dbb3949d9d7cba2a1cfd5362335dbb52318bc,anchored,c9e30a07bb76b128d81e2d3c1ed9eb9cd6aa962f3867b09e78f3cb7154948562,yes,949319,00000000000000000001167897b80c9add7c40f4481e0d4dbebf384a8bd28e82,2026-05-13 23:14:50 CDT,2026-05-14 00:06:03 CDT,2026-05-14 02:06:03 CDT,0104.json.ots__time-stamp.json,bundles/0104.json.ots__time-stamp.json,2026-05-14T03:55:32.850000+00:00,2026-05-13T10:49:29.465000+00:00,2026-05-14T10:49:29.465000+00:00,1000000,f7dddb3c83c62bbdfc71faff1f2ecf1167fb694521f505d5589e87739f48a27a,yes,bundle.artifact.bind_sha256_hex,yes,yes,yes,yes,yes,yes
0104,0104.png,bundle_png,yes,bundles/0104.png,21636,2026-05-13 22:55:28 CDT,23c3251793fec3d67e6852be9bd808448a4f1692909033ff78cf7563cc0384e5,0104.png.ots,bundles/0104.png.ots,6283610fa512a5506609d94e278a4b93ba1408e562d7c6a318e8b6613ab58c32,0104.png.ots.upgraded,bundles/ots_upgraded_bundle/0104.png.ots.upgraded,45b5ebfa1ed27bef55a7698abd79f868ef8f520d96f3afbc97dbf87dea802158,anchored,23c3251793fec3d67e6852be9bd808448a4f1692909033ff78cf7563cc0384e5,yes,949319,00000000000000000001167897b80c9add7c40f4481e0d4dbebf384a8bd28e82,2026-05-13 23:14:50 CDT,2026-05-14 00:06:03 CDT,2026-05-14 02:06:03 CDT,0104.png.ots__time-stamp.json,bundles/0104.png.ots__time-stamp.json,2026-05-14T03:55:30.845000+00:00,2026-05-13T07:50:12.083000+00:00,2026-05-14T07:50:12.083000+00:00,1000000,6283610fa512a5506609d94e278a4b93ba1408e562d7c6a318e8b6613ab58c32,yes,bundle.artifact.bind_sha256_hex,yes,yes,yes,yes,yes,yes
0105,0105.json,bundle_json,yes,bundles/0105.json,5937,2026-05-13 22:55:38 CDT,abcf8b14405c9d27b2e1e4defb2020f854eca7f2bbabaf85da51dbcc1d6f80c6,0105.json.ots,bundles/0105.json.ots,7b2290e03d1f11740e1b10c4a171ab5a5b9869beaf5bfb2e36d5e511e9681972,0105.json.ots.upgraded,bundles/ots_upgraded_bundle/0105.json.ots.upgraded,0e788f0afa5a21873023ec5f4ac59cb29e861b0489ec6e437525cdf6e30f82cd,anchored,abcf8b14405c9d27b2e1e4defb2020f854eca7f2bbabaf85da51dbcc1d6f80c6,yes,949319,00000000000000000001167897b80c9add7c40f4481e0d4dbebf384a8bd28e82,2026-05-13 23:14:50 CDT,2026-05-14 00:06:03 CDT,2026-05-14 02:06:03 CDT,0105.json.ots__time-stamp.json,bundles/0105.json.ots__time-stamp.json,2026-05-14T03:55:39.972000+00:00,2026-05-13T09:43:31.882000+00:00,2026-05-14T09:43:31.882000+00:00,1000000,7b2290e03d1f11740e1b10c4a171ab5a5b9869beaf5bfb2e36d5e511e9681972,yes,bundle.artifact.bind_sha256_hex,yes,yes,yes,yes,yes,yes
0105,0105.png,bundle_png,yes,bundles/0105.png,21510,2026-05-13 22:55:35 CDT,baaa9ff1ccd5a17aa8fc69a348fa0092af490bf2a30bf3eed05cff8d14c6bc99,0105.png.ots,bundles/0105.png.ots,03252000d013228a846b73800794d755c365785c94830d401a097709fad23c3d,0105.png.ots.upgraded,bundles/ots_upgraded_bundle/0105.png.ots.upgraded,2399c1a9f85cb7037880b105259a2e476130113b0d8ec2f1434804bcac3d32ad,anchored,baaa9ff1ccd5a17aa8fc69a348fa0092af490bf2a30bf3eed05cff8d14c6bc99,yes,949315,00000000000000000000d85ce083fd2ec3e33d9809b9ad6fe9165b2babd71911,2026-05-13 22:38:45 CDT,2026-05-13 23:18:37 CDT,2026-05-14 01:18:37 CDT,0105.png.ots__time-stamp.json,bundles/0105.png.ots__time-stamp.json,2026-05-14T03:55:37.870000+00:00,2026-05-13T08:23:50.532000+00:00,2026-05-14T08:23:50.532000+00:00,1000000,03252000d013228a846b73800794d755c365785c94830d401a097709fad23c3d,yes,bundle.artifact.bind_sha256_hex,yes,yes,yes,yes,yes,yes
0106,0106.json,bundle_json,yes,bundles/0106.json,5937,2026-05-13 22:55:46 CDT,46264befd3c0827eb956b9e364debf05848d4b633158405a56d996014a77e31a,0106.json.ots,bundles/0106.json.ots,3c5b5faa5a3f4f0def989ee9c9dc57b7dd55c7d6c8189e3831a2e6e2d0dd3286,0106.json.ots.upgraded,bundles/ots_upgraded_bundle/0106.json.ots.upgraded,0b5984f4ca798df151fb72c9ce6be6c1eb137704866b78f9755b6c5b7d1f289e,anchored,46264befd3c0827eb956b9e364debf05848d4b633158405a56d996014a77e31a,yes,949315,00000000000000000000d85ce083fd2ec3e33d9809b9ad6fe9165b2babd71911,2026-05-13 22:38:45 CDT,2026-05-13 23:18:37 CDT,2026-05-14 01:18:37 CDT,0106.json.ots__time-stamp.json,bundles/0106.json.ots__time-stamp.json,2026-05-14T03:55:48.230000+00:00,2026-05-13T07:50:12.083000+00:00,2026-05-14T07:50:12.083000+00:00,1000000,3c5b5faa5a3f4f0def989ee9c9dc57b7dd55c7d6c8189e3831a2e6e2d0dd3286,yes,bundle.artifact.bind_sha256_hex,yes,yes,yes,yes,yes,yes
0106,0106.png,bundle_png,yes,bundles/0106.png,21350,2026-05-13 22:55:43 CDT,2d5ad39ad710b7f4d393273db4cd3e418b143887bd907daacf97dd0e3885d79e,0106.png.ots,bundles/0106.png.ots,bb60706f57d30a206a3ff12b119ff40dbe725f8d9e1920dddfc0df5883bf646f,0106.png.ots.upgraded,bundles/ots_upgraded_bundle/0106.png.ots.upgraded,c9f94633f8f6a20fa02911607a14510a2d35db6199e0dbc6245d5a2a52451776,anchored,2d5ad39ad710b7f4d393273db4cd3e418b143887bd907daacf97dd0e3885d79e,yes,949315,00000000000000000000d85ce083fd2ec3e33d9809b9ad6fe9165b2babd71911,2026-05-13 22:38:45 CDT,2026-05-13 23:18:37 CDT,2026-05-14 01:18:37 CDT,0106.png.ots__time-stamp.json,bundles/0106.png.ots__time-stamp.json,2026-05-14T03:55:45.885000+00:00,2026-05-13T08:23:50.532000+00:00,2026-05-14T08:23:50.532000+00:00,1000000,bb60706f57d30a206a3ff12b119ff40dbe725f8d9e1920dddfc0df5883bf646f,yes,bundle.artifact.bind_sha256_hex,yes,yes,yes,yes,yes,yes
0107,0107.json,bundle_json,yes,bundles/0107.json,5935,2026-05-13 22:55:54 CDT,9d638e85e52d84e3be578f4b3517a99357d34c1c63c71671a21b2a67709786d7,0107.json.ots,bundles/0107.json.ots,d6e326520fe18ec1be1c78b8bb3bc72d17f5a8fe044e0486e66911241c3556ad,0107.json.ots.upgraded,bundles/ots_upgraded_bundle/0107.json.ots.upgraded,e2568fb146c5bf2c357359a218377044eed666814ae5b10d47ba01b167950096,anchored,9d638e85e52d84e3be578f4b3517a99357d34c1c63c71671a21b2a67709786d7,yes,949315,00000000000000000000d85ce083fd2ec3e33d9809b9ad6fe9165b2babd71911,2026-05-13 22:38:45 CDT,2026-05-13 23:18:37 CDT,2026-05-14 01:18:37 CDT,0107.json.ots__time-stamp.json,bundles/0107.json.ots__time-stamp.json,2026-05-14T03:55:56.244000+00:00,2026-05-13T07:26:49.378000+00:00,2026-05-14T07:26:49.378000+00:00,1000000,d6e326520fe18ec1be1c78b8bb3bc72d17f5a8fe044e0486e66911241c3556ad,yes,bundle.artifact.bind_sha256_hex,yes,yes,yes,yes,yes,yes
0107,0107.png,bundle_png,yes,bundles/0107.png,21369,2026-05-13 22:55:50 CDT,1443ea836757eec866d046de69c4be17184faf3e75fabdbef05e4c2fef3dc427,0107.png.ots,bundles/0107.png.ots,8c0dc7052fa5b9bfe960c237086a54ecc4109a71e154da2fc19ac635b39e2638,0107.png.ots.upgraded,bundles/ots_upgraded_bundle/0107.png.ots.upgraded,a575abb30826336d8019261f0156b460b1645cef7bc757c574899c54de2b4ff8,anchored,1443ea836757eec866d046de69c4be17184faf3e75fabdbef05e4c2fef3dc427,yes,949315,00000000000000000000d85ce083fd2ec3e33d9809b9ad6fe9165b2babd71911,2026-05-13 22:38:45 CDT,2026-05-13 23:18:37 CDT,2026-05-14 01:18:37 CDT,0107.png.ots__time-stamp.json,bundles/0107.png.ots__time-stamp.json,2026-05-14T03:55:53.825000+00:00,2026-05-13T07:42:55.719000+00:00,2026-05-14T07:42:55.719000+00:00,1000000,8c0dc7052fa5b9bfe960c237086a54ecc4109a71e154da2fc19ac635b39e2638,yes,bundle.artifact.bind_sha256_hex,yes,yes,yes,yes,yes,yes
0108,0108.json,bundle_json,yes,bundles/0108.json,5937,2026-05-13 22:56:01 CDT,669979362c250abf8c8eda34861fafc7c247c65ea7156ad8d50763a1c33b684b,0108.json.ots,bundles/0108.json.ots,6495ff4d48fd5ecf9835095c595bdd1533495f09fc198deae4c79d6d3d4a8023,0108.json.ots.upgraded,bundles/ots_upgraded_bundle/0108.json.ots.upgraded,96327133bcec02c0841c46635d2e3c5b78573d3cbc86b90901ae658a2ba33b16,anchored,669979362c250abf8c8eda34861fafc7c247c65ea7156ad8d50763a1c33b684b,yes,949315,00000000000000000000d85ce083fd2ec3e33d9809b9ad6fe9165b2babd71911,2026-05-13 22:38:45 CDT,2026-05-13 23:18:37 CDT,2026-05-14 01:18:37 CDT,0108.json.ots__time-stamp.json,bundles/0108.json.ots__time-stamp.json,2026-05-14T03:56:03.950000+00:00,2026-05-13T08:23:50.532000+00:00,2026-05-14T08:23:50.532000+00:00,1000000,6495ff4d48fd5ecf9835095c595bdd1533495f09fc198deae4c79d6d3d4a8023,yes,bundle.artifact.bind_sha256_hex,yes,yes,yes,yes,yes,yes
0108,0108.png,bundle_png,yes,bundles/0108.png,21309,2026-05-13 22:55:58 CDT,1155eb56b6d6e973b39a36830c8188df96495168d433244a0d0a33f35e3aa991,0108.png.ots,bundles/0108.png.ots,869f4f37acae57240bdf15e63989fde81c25840ba96b8f2a8fd268c947457c04,0108.png.ots.upgraded,bundles/ots_upgraded_bundle/0108.png.ots.upgraded,0c4d1d1a2385d6ac372814c68b0a60f02e2658d1cd91bc6d9f562574f30be711,anchored,1155eb56b6d6e973b39a36830c8188df96495168d433244a0d0a33f35e3aa991,yes,949315,00000000000000000000d85ce083fd2ec3e33d9809b9ad6fe9165b2babd71911,2026-05-13 22:38:45 CDT,2026-05-13 23:18:37 CDT,2026-05-14 01:18:37 CDT,0108.png.ots__time-stamp.json,bundles/0108.png.ots__time-stamp.json,2026-05-14T03:56:01.259000+00:00,2026-05-13T23:25:23.999000+00:00,2026-05-14T23:25:23.999000+00:00,1000000,869f4f37acae57240bdf15e63989fde81c25840ba96b8f2a8fd268c947457c04,yes,bundle.artifact.bind_sha256_hex,yes,yes,yes,yes,yes,yes
0109,0109.json,bundle_json,yes,bundles/0109.json,6235,2026-05-13 22:56:09 CDT,45484e5159c0050e6fef921010dbb3c1a310a38c9c754b67abfcf4ffa329c1a1,0109.json.ots,bundles/0109.json.ots,2883efafa2bad3ff2be32b91891cc96e54bb9d0404c46f67edc6d5e27f6dd6ab,0109.json.ots.upgraded,bundles/ots_upgraded_bundle/0109.json.ots.upgraded,87df66b12bf9a27d0aa19ab75671645768341880469e15bd4469ff9bc3240235,anchored,45484e5159c0050e6fef921010dbb3c1a310a38c9c754b67abfcf4ffa329c1a1,yes,949315,00000000000000000000d85ce083fd2ec3e33d9809b9ad6fe9165b2babd71911,2026-05-13 22:38:45 CDT,2026-05-13 23:18:37 CDT,2026-05-14 01:18:37 CDT,0109.json.ots__time-stamp.json,bundles/0109.json.ots__time-stamp.json,2026-05-14T03:56:11.990000+00:00,2026-05-13T07:50:12.083000+00:00,2026-05-14T07:50:12.083000+00:00,1000000,2883efafa2bad3ff2be32b91891cc96e54bb9d0404c46f67edc6d5e27f6dd6ab,yes,bundle.artifact.bind_sha256_hex,yes,yes,yes,yes,yes,yes
0109,0109.png,bundle_png,yes,bundles/0109.png,15926,2026-05-13 22:56:06 CDT,c1f3b80b68ad63711a19ab2fd24651ded1bdacf3bca783b1750b326d9a30fd98,0109.png.ots,bundles/0109.png.ots,87559e6cd5840a67aab6e9d1bed5fe9b280c735b1908cc2de01f75d1d4a7d57c,0109.png.ots.upgraded,bundles/ots_upgraded_bundle/0109.png.ots.upgraded,a3f3eb23b00a6efe715cd6a24a62cb1b1fb052b8365acf9eeb3d56cf82eb4750,anchored,c1f3b80b68ad63711a19ab2fd24651ded1bdacf3bca783b1750b326d9a30fd98,yes,949315,00000000000000000000d85ce083fd2ec3e33d9809b9ad6fe9165b2babd71911,2026-05-13 22:38:45 CDT,2026-05-13 23:18:37 CDT,2026-05-14 01:18:37 CDT,0109.png.ots__time-stamp.json,bundles/0109.png.ots__time-stamp.json,2026-05-14T03:56:08.949000+00:00,2026-05-13T09:43:31.882000+00:00,2026-05-14T09:43:31.882000+00:00,1000000,87559e6cd5840a67aab6e9d1bed5fe9b280c735b1908cc2de01f75d1d4a7d57c,yes,bundle.artifact.bind_sha256_hex,yes,yes,yes,yes,yes,yes
0110,0110.json,bundle_json,yes,bundles/0110.json,6046,2026-05-13 22:56:17 CDT,6b3d76a77adc5bc3cd8706c3442a77c56be187700990fef4d37332fa16e8b208,0110.json.ots,bundles/0110.json.ots,b72b3754c593b95905e16f9610280d84131a54a4c7150fab5a72a859f27d82ef,0110.json.ots.upgraded,bundles/ots_upgraded_bundle/0110.json.ots.upgraded,ab31ba5e45734ee6810cc8b2c95ac0ff72d7e948bccf27bfae0abc7ff9f637a5,anchored,6b3d76a77adc5bc3cd8706c3442a77c56be187700990fef4d37332fa16e8b208,yes,949319,00000000000000000001167897b80c9add7c40f4481e0d4dbebf384a8bd28e82,2026-05-13 23:14:50 CDT,2026-05-14 00:06:03 CDT,2026-05-14 02:06:03 CDT,0110.json.ots__time-stamp.json,bundles/0110.json.ots__time-stamp.json,2026-05-14T03:56:19.985000+00:00,2026-05-13T10:58:02.074000+00:00,2026-05-14T10:58:02.074000+00:00,1000000,b72b3754c593b95905e16f9610280d84131a54a4c7150fab5a72a859f27d82ef,yes,bundle.artifact.bind_sha256_hex,yes,yes,yes,yes,yes,yes
0110,0110.png,bundle_png,yes,bundles/0110.png,18469,2026-05-13 22:56:14 CDT,2b996bc23894f8f731aed3ed80d15ab15aa796e1138310948f49587e986f4a81,0110.png.ots,bundles/0110.png.ots,0c852ce9168b6aba536e4fd9ab4e8d066020827055cbe7a76885791a76901886,0110.png.ots.upgraded,bundles/ots_upgraded_bundle/0110.png.ots.upgraded,ef6d7986dde7cd5c4c7925c6b9979bb8d5ebb389698bcee37f5e7a4757fad5e9,anchored,2b996bc23894f8f731aed3ed80d15ab15aa796e1138310948f49587e986f4a81,yes,949319,00000000000000000001167897b80c9add7c40f4481e0d4dbebf384a8bd28e82,2026-05-13 23:14:50 CDT,2026-05-14 00:06:03 CDT,2026-05-14 02:06:03 CDT,0110.png.ots__time-stamp.json,bundles/0110.png.ots__time-stamp.json,2026-05-14T03:56:16.985000+00:00,2026-05-13T10:01:43.892000+00:00,2026-05-14T10:01:43.892000+00:00,1000000,0c852ce9168b6aba536e4fd9ab4e8d066020827055cbe7a76885791a76901886,yes,bundle.artifact.bind_sha256_hex,yes,yes,yes,yes,yes,yes
0111,0111.json,bundle_json,yes,bundles/0111.json,6046,2026-05-13 22:56:24 CDT,1e4faaf5afb2836b352ab7b0d6e8e16c677a76de82e0a608da72b0c2d74f315b,0111.json.ots,bundles/0111.json.ots,303677236f6baacf4a29d66625a8b9b09f598e22d5cf38c576342ff1cb1d9424,0111.json.ots.upgraded,bundles/ots_upgraded_bundle/0111.json.ots.upgraded,6b405c6ef83170543e8fd05bf15fd1ac0cbb4bc4e8eb3ee3dd672e3bfb662455,anchored,1e4faaf5afb2836b352ab7b0d6e8e16c677a76de82e0a608da72b0c2d74f315b,yes,949319,00000000000000000001167897b80c9add7c40f4481e0d4dbebf384a8bd28e82,2026-05-13 23:14:50 CDT,2026-05-14 00:06:03 CDT,2026-05-14 02:06:03 CDT,0111.json.ots__time-stamp.json,bundles/0111.json.ots__time-stamp.json,2026-05-14T03:56:26.244000+00:00,2026-05-13T23:25:23.999000+00:00,2026-05-14T23:25:23.999000+00:00,1000000,303677236f6baacf4a29d66625a8b9b09f598e22d5cf38c576342ff1cb1d9424,yes,bundle.artifact.bind_sha256_hex,yes,yes,yes,yes,yes,yes
0111,0111.png,bundle_png,yes,bundles/0111.png,18293,2026-05-13 22:56:21 CDT,935858e7ab09b9bbc4af8c95d66ce7a9456f6e116a2c79d66876cfc3731c302e,0111.png.ots,bundles/0111.png.ots,8faf24813eae02f94564e3e45a2f2e8cb70600c70c94cba8f9ee7c147a1a8eb1,0111.png.ots.upgraded,bundles/ots_upgraded_bundle/0111.png.ots.upgraded,6c6cbc659e056e9d999c9292aaae33339965d929a50ba55254390ceec48fc63d,anchored,935858e7ab09b9bbc4af8c95d66ce7a9456f6e116a2c79d66876cfc3731c302e,yes,949315,00000000000000000000d85ce083fd2ec3e33d9809b9ad6fe9165b2babd71911,2026-05-13 22:38:45 CDT,2026-05-13 23:18:37 CDT,2026-05-14 01:18:37 CDT,0111.png.ots__time-stamp.json,bundles/0111.png.ots__time-stamp.json,2026-05-14T03:56:24.150000+00:00,2026-05-13T09:16:05.223000+00:00,2026-05-14T09:16:05.223000+00:00,1000000,8faf24813eae02f94564e3e45a2f2e8cb70600c70c94cba8f9ee7c147a1a8eb1,yes,bundle.artifact.bind_sha256_hex,yes,yes,yes,yes,yes,yes
0112,0112.json,bundle_json,yes,bundles/0112.json,6046,2026-05-13 22:56:32 CDT,1d610f1a5c564f9fdb3790ef0b44f1f9334b055cef881ed9e0e19a6c7654ea12,0112.json.ots,bundles/0112.json.ots,beabcd4bcac0aa499265a89039c6b5b6d9a6f85a1ec1615bec407dbf24e0dacc,0112.json.ots.upgraded,bundles/ots_upgraded_bundle/0112.json.ots.upgraded,9d451c1f9bc5e6b9933b0872aa1a756f0150ea8fc51ec582df58bd3f56873e63,anchored,1d610f1a5c564f9fdb3790ef0b44f1f9334b055cef881ed9e0e19a6c7654ea12,yes,949315,00000000000000000000d85ce083fd2ec3e33d9809b9ad6fe9165b2babd71911,2026-05-13 22:38:45 CDT,2026-05-13 23:18:37 CDT,2026-05-14 01:18:37 CDT,0112.json.ots__time-stamp.json,bundles/0112.json.ots__time-stamp.json,2026-05-14T03:56:34.465000+00:00,2026-05-13T10:01:43.892000+00:00,2026-05-14T10:01:43.892000+00:00,1000000,beabcd4bcac0aa499265a89039c6b5b6d9a6f85a1ec1615bec407dbf24e0dacc,yes,bundle.artifact.bind_sha256_hex,yes,yes,yes,yes,yes,yes
0112,0112.png,bundle_png,yes,bundles/0112.png,18092,2026-05-13 22:56:29 CDT,2a8dbe6a67b874f54593e364ab3a758e10a1813ceb19bf01bca2cd6929053d7e,0112.png.ots,bundles/0112.png.ots,fc2bffd238f89a4ba71b06964b0943855b8ac86a8c58951e62c5765a586356ff,0112.png.ots.upgraded,bundles/ots_upgraded_bundle/0112.png.ots.upgraded,c67ac3217977e82002b6d6724dde343af83351209ab1206b69e019f2726ec74b,anchored,2a8dbe6a67b874f54593e364ab3a758e10a1813ceb19bf01bca2cd6929053d7e,yes,949315,00000000000000000000d85ce083fd2ec3e33d9809b9ad6fe9165b2babd71911,2026-05-13 22:38:45 CDT,2026-05-13 23:18:37 CDT,2026-05-14 01:18:37 CDT,0112.png.ots__time-stamp.json,bundles/0112.png.ots__time-stamp.json,2026-05-14T03:56:32.057000+00:00,2026-05-13T10:49:29.465000+00:00,2026-05-14T10:49:29.465000+00:00,1000000,fc2bffd238f89a4ba71b06964b0943855b8ac86a8c58951e62c5765a586356ff,yes,bundle.artifact.bind_sha256_hex,yes,yes,yes,yes,yes,yes
0113,0113.json,bundle_json,yes,bundles/0113.json,6046,2026-05-13 22:56:40 CDT,f4972286092d14d89b0158d59541fe9bb21ffef5321b8120f019cf5453425098,0113.json.ots,bundles/0113.json.ots,ad220bba51002cabc4dce2999f491a8444df6e91e1505630da2979e2ec305723,0113.json.ots.upgraded,bundles/ots_upgraded_bundle/0113.json.ots.upgraded,e9dad0c4102026e2734e8b9333fa301908f9b4e2566bd4044ceff9e2d84d2957,anchored,f4972286092d14d89b0158d59541fe9bb21ffef5321b8120f019cf5453425098,yes,949319,00000000000000000001167897b80c9add7c40f4481e0d4dbebf384a8bd28e82,2026-05-13 23:14:50 CDT,2026-05-14 00:06:03 CDT,2026-05-14 02:06:03 CDT,0113.json.ots__time-stamp.json,bundles/0113.json.ots__time-stamp.json,2026-05-14T03:56:42.465000+00:00,2026-05-13T10:49:29.465000+00:00,2026-05-14T10:49:29.465000+00:00,1000000,ad220bba51002cabc4dce2999f491a8444df6e91e1505630da2979e2ec305723,yes,bundle.artifact.bind_sha256_hex,yes,yes,yes,yes,yes,yes
0113,0113.png,bundle_png,yes,bundles/0113.png,18604,2026-05-13 22:56:37 CDT,d6b2cfe2535e59b0cf54ac764294fa84d8abc241e21e524fb69e505a4020a446,0113.png.ots,bundles/0113.png.ots,14e98eca26aec349cf9efde08f883192f9234084ccbdcda2619ac50120b25f32,0113.png.ots.upgraded,bundles/ots_upgraded_bundle/0113.png.ots.upgraded,69c7d0d50c74127702b9ff465eb48c24fe6f29927de46b637c93b4bb49e01b34,anchored,d6b2cfe2535e59b0cf54ac764294fa84d8abc241e21e524fb69e505a4020a446,yes,949315,00000000000000000000d85ce083fd2ec3e33d9809b9ad6fe9165b2babd71911,2026-05-13 22:38:45 CDT,2026-05-13 23:18:37 CDT,2026-05-14 01:18:37 CDT,0113.png.ots__time-stamp.json,bundles/0113.png.ots__time-stamp.json,2026-05-14T03:56:40.044000+00:00,2026-05-13T07:35:20.866000+00:00,2026-05-14T07:35:20.866000+00:00,1000000,14e98eca26aec349cf9efde08f883192f9234084ccbdcda2619ac50120b25f32,yes,bundle.artifact.bind_sha256_hex,yes,yes,yes,yes,yes,yes
0114,0114.json,bundle_json,yes,bundles/0114.json,6049,2026-05-13 22:56:48 CDT,741820e754544784ca833a870d2ca49f68de2af8d21650381a1fbd28baa09b4e,0114.json.ots,bundles/0114.json.ots,d55851220357bb2704bf583f46148ec5406dfa637fe0ae5e9012af5cecfed4b6,0114.json.ots.upgraded,bundles/ots_upgraded_bundle/0114.json.ots.upgraded,af4108f8b760f7719487f3f2c81eea47070daf39557b7308b476cef41a223de0,anchored,741820e754544784ca833a870d2ca49f68de2af8d21650381a1fbd28baa09b4e,yes,949319,00000000000000000001167897b80c9add7c40f4481e0d4dbebf384a8bd28e82,2026-05-13 23:14:50 CDT,2026-05-14 00:06:03 CDT,2026-05-14 02:06:03 CDT,0114.json.ots__time-stamp.json,bundles/0114.json.ots__time-stamp.json,2026-05-14T03:56:50.125000+00:00,2026-05-13T07:42:55.719000+00:00,2026-05-14T07:42:55.719000+00:00,1000000,d55851220357bb2704bf583f46148ec5406dfa637fe0ae5e9012af5cecfed4b6,yes,bundle.artifact.bind_sha256_hex,yes,yes,yes,yes,yes,yes
0114,0114.png,bundle_png,yes,bundles/0114.png,18650,2026-05-13 22:56:44 CDT,80718dc1d2dee8d9fa82d601111d23849416e4cdb4f30a55051c759b1e7e5039,0114.png.ots,bundles/0114.png.ots,6803e5eda36ef529c553f00d7e738c2fbca3dda95cb7aa040ebebb532cd323e0,0114.png.ots.upgraded,bundles/ots_upgraded_bundle/0114.png.ots.upgraded,7340731ac996387a023423e787c221c94118636fa0db94bb6c6d70bf37cedfdf,anchored,80718dc1d2dee8d9fa82d601111d23849416e4cdb4f30a55051c759b1e7e5039,yes,949319,00000000000000000001167897b80c9add7c40f4481e0d4dbebf384a8bd28e82,2026-05-13 23:14:50 CDT,2026-05-14 00:06:03 CDT,2026-05-14 02:06:03 CDT,0114.png.ots__time-stamp.json,bundles/0114.png.ots__time-stamp.json,2026-05-14T03:56:47.644000+00:00,2026-05-13T11:50:24.007000+00:00,2026-05-14T11:50:24.007000+00:00,1000000,6803e5eda36ef529c553f00d7e738c2fbca3dda95cb7aa040ebebb532cd323e0,yes,bundle.artifact.bind_sha256_hex,yes,yes,yes,yes,yes,yes
0115,0115.json,bundle_json,yes,bundles/0115.json,6044,2026-05-13 22:56:55 CDT,9c4e3c3f098d7bd140a85e4e23e6a31bfd537c30955d73d5b7a8ca1bb8f83d05,0115.json.ots,bundles/0115.json.ots,3f912dbbba9691651f3d080ce14ba2d5764420558820370f5443a818ab0da4a4,0115.json.ots.upgraded,bundles/ots_upgraded_bundle/0115.json.ots.upgraded,0954876ceff02bab96fa58baeb3072c29375121f26e9dc58281442d428a9281e,anchored,9c4e3c3f098d7bd140a85e4e23e6a31bfd537c30955d73d5b7a8ca1bb8f83d05,yes,949319,00000000000000000001167897b80c9add7c40f4481e0d4dbebf384a8bd28e82,2026-05-13 23:14:50 CDT,2026-05-14 00:06:03 CDT,2026-05-14 02:06:03 CDT,0115.json.ots__time-stamp.json,bundles/0115.json.ots__time-stamp.json,2026-05-14T03:56:57.165000+00:00,2026-05-13T07:42:55.719000+00:00,2026-05-14T07:42:55.719000+00:00,1000000,3f912dbbba9691651f3d080ce14ba2d5764420558820370f5443a818ab0da4a4,yes,bundle.artifact.bind_sha256_hex,yes,yes,yes,yes,yes,yes
0115,0115.png,bundle_png,yes,bundles/0115.png,18859,2026-05-13 22:56:52 CDT,f872143fd30074b47e61f183710662fcef766397193c30131a0b904cc9285327,0115.png.ots,bundles/0115.png.ots,15475c0d683ab6a32da1a81dda4368c0f66924d5defb750c9d0493b6b5b95041,0115.png.ots.upgraded,bundles/ots_upgraded_bundle/0115.png.ots.upgraded,993ffc0f19afc7bc394a2507c8cf5cc2cf5ce24607532e08c39fba0c52e75e3a,anchored,f872143fd30074b47e61f183710662fcef766397193c30131a0b904cc9285327,yes,949315,00000000000000000000d85ce083fd2ec3e33d9809b9ad6fe9165b2babd71911,2026-05-13 22:38:45 CDT,2026-05-13 23:18:37 CDT,2026-05-14 01:18:37 CDT,0115.png.ots__time-stamp.json,bundles/0115.png.ots__time-stamp.json,2026-05-14T03:56:55.165000+00:00,2026-05-13T10:49:29.465000+00:00,2026-05-14T10:49:29.465000+00:00,1000000,15475c0d683ab6a32da1a81dda4368c0f66924d5defb750c9d0493b6b5b95041,yes,bundle.artifact.bind_sha256_hex,yes,yes,yes,yes,yes,yes
0116,0116.json,bundle_json,yes,bundles/0116.json,6044,2026-05-13 22:57:03 CDT,189fabb6839baeb5463b33bcfb431b96431af5256ace00ed97a8717f4998c622,0116.json.ots,bundles/0116.json.ots,591e5e9d17d7caf565699d184928f805588b4638bf0df0815261c647431bc501,0116.json.ots.upgraded,bundles/ots_upgraded_bundle/0116.json.ots.upgraded,70fae3b128e5495bd06b5fe6d07c1558df2916853ca4022172d299a7a4d6f0da,anchored,189fabb6839baeb5463b33bcfb431b96431af5256ace00ed97a8717f4998c622,yes,949319,00000000000000000001167897b80c9add7c40f4481e0d4dbebf384a8bd28e82,2026-05-13 23:14:50 CDT,2026-05-14 00:06:03 CDT,2026-05-14 02:06:03 CDT,0116.json.ots__time-stamp.json,bundles/0116.json.ots__time-stamp.json,2026-05-14T03:57:06.125000+00:00,2026-05-13T10:49:29.465000+00:00,2026-05-14T10:49:29.465000+00:00,1000000,591e5e9d17d7caf565699d184928f805588b4638bf0df0815261c647431bc501,yes,bundle.artifact.bind_sha256_hex,yes,yes,yes,yes,yes,yes
0116,0116.png,bundle_png,yes,bundles/0116.png,18741,2026-05-13 22:57:00 CDT,7989ec294ac52c5b843a8afefcb3d0e28f4fc2390d52f6f42d8fbdcec9bcba60,0116.png.ots,bundles/0116.png.ots,908d2fd427f5c80e92a085b5a41c97193cecda046a177175e362153f9b9de83f,0116.png.ots.upgraded,bundles/ots_upgraded_bundle/0116.png.ots.upgraded,fd7000ebdec3659853cf556d0c54e5d81a08f019ccda830e375be0d85098fcb8,anchored,7989ec294ac52c5b843a8afefcb3d0e28f4fc2390d52f6f42d8fbdcec9bcba60,yes,949315,00000000000000000000d85ce083fd2ec3e33d9809b9ad6fe9165b2babd71911,2026-05-13 22:38:45 CDT,2026-05-13 23:18:37 CDT,2026-05-14 01:18:37 CDT,0116.png.ots__time-stamp.json,bundles/0116.png.ots__time-stamp.json,2026-05-14T03:57:03.205000+00:00,2026-05-13T09:43:31.882000+00:00,2026-05-14T09:43:31.882000+00:00,1000000,908d2fd427f5c80e92a085b5a41c97193cecda046a177175e362153f9b9de83f,yes,bundle.artifact.bind_sha256_hex,yes,yes,yes,yes,yes,yes
0117,0117.json,bundle_json,yes,bundles/0117.json,6046,2026-05-13 22:57:11 CDT,99cf55c24d0b21a041818d313ae1b39b9aaa1894e46ea53f3d0bd02703cf32f7,0117.json.ots,bundles/0117.json.ots,03a7cf06f753c755a62fbc8b7665bb14ca3f473f739fab71732287acd7698c94,0117.json.ots.upgraded,bundles/ots_upgraded_bundle/0117.json.ots.upgraded,060f3430482f3bb45bfd6fa560d658465782311896d515ae218c53be924a7cef,anchored,99cf55c24d0b21a041818d313ae1b39b9aaa1894e46ea53f3d0bd02703cf32f7,yes,949315,00000000000000000000d85ce083fd2ec3e33d9809b9ad6fe9165b2babd71911,2026-05-13 22:38:45 CDT,2026-05-13 23:18:37 CDT,2026-05-14 01:18:37 CDT,0117.json.ots__time-stamp.json,bundles/0117.json.ots__time-stamp.json,2026-05-14T03:57:13.365000+00:00,2026-05-13T10:01:43.892000+00:00,2026-05-14T10:01:43.892000+00:00,1000000,03a7cf06f753c755a62fbc8b7665bb14ca3f473f739fab71732287acd7698c94,yes,bundle.artifact.bind_sha256_hex,yes,yes,yes,yes,yes,yes
0117,0117.png,bundle_png,yes,bundles/0117.png,15887,2026-05-13 22:57:08 CDT,a6aba224d785bfb273ebc049a99b34de6b18e0c40ffe852b79a05ed241412805,0117.png.ots,bundles/0117.png.ots,d8e2c2d049d50dacfff7c90b7dcbbbb3f82e40dccfbb466dc95bf370cd64cc7a,0117.png.ots.upgraded,bundles/ots_upgraded_bundle/0117.png.ots.upgraded,2ef3f2ef8678d9d4c87db44b8915cb00da8da49d7cac41cdc001d7097e005fae,anchored,a6aba224d785bfb273ebc049a99b34de6b18e0c40ffe852b79a05ed241412805,yes,949315,00000000000000000000d85ce083fd2ec3e33d9809b9ad6fe9165b2babd71911,2026-05-13 22:38:45 CDT,2026-05-13 23:18:37 CDT,2026-05-14 01:18:37 CDT,0117.png.ots__time-stamp.json,bundles/0117.png.ots__time-stamp.json,2026-05-14T03:57:10.705000+00:00,2026-05-13T11:50:24.007000+00:00,2026-05-14T11:50:24.007000+00:00,1000000,d8e2c2d049d50dacfff7c90b7dcbbbb3f82e40dccfbb466dc95bf370cd64cc7a,yes,bundle.artifact.bind_sha256_hex,yes,yes,yes,yes,yes,yes
0118,0118.json,bundle_json,yes,bundles/0118.json,6045,2026-05-13 22:57:18 CDT,151e20b8a7567f0beedeebc97f41dc33274736e99115ea0e7b1263143b838bfc,0118.json.ots,bundles/0118.json.ots,463e756f995b999904fab98c374063c7b2fc133b69efe4f82b5e9d9ef0ae258b,0118.json.ots.upgraded,bundles/ots_upgraded_bundle/0118.json.ots.upgraded,897ccde5fcd3f368ddfca9b8c650faaeef6291cb3f9bf7ce51bcc03315fca134,anchored,151e20b8a7567f0beedeebc97f41dc33274736e99115ea0e7b1263143b838bfc,yes,949315,00000000000000000000d85ce083fd2ec3e33d9809b9ad6fe9165b2babd71911,2026-05-13 22:38:45 CDT,2026-05-13 23:18:37 CDT,2026-05-14 01:18:37 CDT,0118.json.ots__time-stamp.json,bundles/0118.json.ots__time-stamp.json,2026-05-14T03:57:21.145000+00:00,2026-05-13T07:32:13.637000+00:00,2026-05-14T07:32:13.637000+00:00,1000000,463e756f995b999904fab98c374063c7b2fc133b69efe4f82b5e9d9ef0ae258b,yes,bundle.artifact.bind_sha256_hex,yes,yes,yes,yes,yes,yes
0118,0118.png,bundle_png,yes,bundles/0118.png,25690,2026-05-13 22:57:15 CDT,670ac30f9648a9902f7b5b8a7294a4afb9d9c28c52a207009c2deb23e2713a91,0118.png.ots,bundles/0118.png.ots,442f2a9092ca97199a546ee18c27b39f884d6398f7a2899f2c954f432ee54d73,0118.png.ots.upgraded,bundles/ots_upgraded_bundle/0118.png.ots.upgraded,e7ad735c98c7b6c8d524fdd90c3ce234b7f68e2b9dae497b58f78950a8c95a2a,anchored,670ac30f9648a9902f7b5b8a7294a4afb9d9c28c52a207009c2deb23e2713a91,yes,949315,00000000000000000000d85ce083fd2ec3e33d9809b9ad6fe9165b2babd71911,2026-05-13 22:38:45 CDT,2026-05-13 23:18:37 CDT,2026-05-14 01:18:37 CDT,0118.png.ots__time-stamp.json,bundles/0118.png.ots__time-stamp.json,2026-05-14T03:57:18.544000+00:00,2026-05-13T07:20:03.388000+00:00,2026-05-14T07:20:03.388000+00:00,1000000,442f2a9092ca97199a546ee18c27b39f884d6398f7a2899f2c954f432ee54d73,yes,bundle.artifact.bind_sha256_hex,yes,yes,yes,yes,yes,yes
0119,0119.json,bundle_json,yes,bundles/0119.json,6045,2026-05-13 22:57:26 CDT,5fee7eff31aa53c97151c8875d127d28fd382b64ac7e167f0b203590f4f33228,0119.json.ots,bundles/0119.json.ots,344514a2f215eeef614e331f47d9edd1f18d09642aa2fb80cc258a54365cb452,0119.json.ots.upgraded,bundles/ots_upgraded_bundle/0119.json.ots.upgraded,2b9b59ab7019aabd188cbe669e5129a099fe9846ec67c2face8a7a4e15bf7bdc,anchored,5fee7eff31aa53c97151c8875d127d28fd382b64ac7e167f0b203590f4f33228,yes,949315,00000000000000000000d85ce083fd2ec3e33d9809b9ad6fe9165b2babd71911,2026-05-13 22:38:45 CDT,2026-05-13 23:18:37 CDT,2026-05-14 01:18:37 CDT,0119.json.ots__time-stamp.json,bundles/0119.json.ots__time-stamp.json,2026-05-14T03:57:29.170000+00:00,2026-05-13T07:35:20.866000+00:00,2026-05-14T07:35:20.866000+00:00,1000000,344514a2f215eeef614e331f47d9edd1f18d09642aa2fb80cc258a54365cb452,yes,bundle.artifact.bind_sha256_hex,yes,yes,yes,yes,yes,yes
0119,0119.png,bundle_png,yes,bundles/0119.png,18605,2026-05-13 22:57:23 CDT,468314d5f12cbdbe893052dad0d1da8375ef1c5524b31e19c70272f47a926cce,0119.png.ots,bundles/0119.png.ots,40a7aeb9a90cefc47e52d5ba542f068a6ee0067fa22cb129aa987f1dbbf3cdab,0119.png.ots.upgraded,bundles/ots_upgraded_bundle/0119.png.ots.upgraded,a2d321b127db411decdbe47d857305cbfefe62aeef5eb0df95f01187e77f6781,anchored,468314d5f12cbdbe893052dad0d1da8375ef1c5524b31e19c70272f47a926cce,yes,949315,00000000000000000000d85ce083fd2ec3e33d9809b9ad6fe9165b2babd71911,2026-05-13 22:38:45 CDT,2026-05-13 23:18:37 CDT,2026-05-14 01:18:37 CDT,0119.png.ots__time-stamp.json,bundles/0119.png.ots__time-stamp.json,2026-05-14T03:57:26.245000+00:00,2026-05-13T10:58:02.074000+00:00,2026-05-14T10:58:02.074000+00:00,1000000,40a7aeb9a90cefc47e52d5ba542f068a6ee0067fa22cb129aa987f1dbbf3cdab,yes,bundle.artifact.bind_sha256_hex,yes,yes,yes,yes,yes,yes
0120,0120.json,bundle_json,yes,bundles/0120.json,6044,2026-05-13 22:57:33 CDT,59ebe15064fc34811462646102340f4b7ce4998235a98b4a38a67bef0c123ace,0120.json.ots,bundles/0120.json.ots,e583c469fbbf0dfed5eee8868b74d7b96d3027c0495e15a4329370d4f0731165,0120.json.ots.upgraded,bundles/ots_upgraded_bundle/0120.json.ots.upgraded,599b33753d533dc0627af7112e2114dc48adafbc603ee0a71c9ba66196fe69ee,anchored,59ebe15064fc34811462646102340f4b7ce4998235a98b4a38a67bef0c123ace,yes,949319,00000000000000000001167897b80c9add7c40f4481e0d4dbebf384a8bd28e82,2026-05-13 23:14:50 CDT,2026-05-14 00:06:03 CDT,2026-05-14 02:06:03 CDT,0120.json.ots__time-stamp.json,bundles/0120.json.ots__time-stamp.json,2026-05-14T03:57:36.225000+00:00,2026-05-13T09:43:31.882000+00:00,2026-05-14T09:43:31.882000+00:00,1000000,e583c469fbbf0dfed5eee8868b74d7b96d3027c0495e15a4329370d4f0731165,yes,bundle.artifact.bind_sha256_hex,yes,yes,yes,yes,yes,yes
0120,0120.png,bundle_png,yes,bundles/0120.png,17025,2026-05-13 22:57:31 CDT,350f666f91fce5a71316cbef2472512cffdc5f612b94210a622b6a9a4023857c,0120.png.ots,bundles/0120.png.ots,70acb590d6213dc495d68941b425bf0e96f22b12b9af4d3cd14a98f35a18efad,0120.png.ots.upgraded,bundles/ots_upgraded_bundle/0120.png.ots.upgraded,6335ac13ebbc5dd0e47e5b93206a2daad291f8424c63b2fbc6684d5f35395f52,anchored,350f666f91fce5a71316cbef2472512cffdc5f612b94210a622b6a9a4023857c,yes,949315,00000000000000000000d85ce083fd2ec3e33d9809b9ad6fe9165b2babd71911,2026-05-13 22:38:45 CDT,2026-05-13 23:18:37 CDT,2026-05-14 01:18:37 CDT,0120.png.ots__time-stamp.json,bundles/0120.png.ots__time-stamp.json,2026-05-14T03:57:33.584000+00:00,2026-05-13T11:50:24.007000+00:00,2026-05-14T11:50:24.007000+00:00,1000000,70acb590d6213dc495d68941b425bf0e96f22b12b9af4d3cd14a98f35a18efad,yes,bundle.artifact.bind_sha256_hex,yes,yes,yes,yes,yes,yes
0121,0121.json,bundle_json,yes,bundles/0121.json,6044,2026-05-13 22:57:41 CDT,d705d17e756ddf7f70aaf41ef226bf45d6439c8ba7fd65961e1283828a200663,0121.json.ots,bundles/0121.json.ots,2948a8625206a24f09823cd378046e9b645edb504c4e0d119ccda6335d567aaf,0121.json.ots.upgraded,bundles/ots_upgraded_bundle/0121.json.ots.upgraded,6d88e54abc54d58a12e3bf05c6a4e3d05f6888227ed38bbea2764dd1b88a96d2,anchored,d705d17e756ddf7f70aaf41ef226bf45d6439c8ba7fd65961e1283828a200663,yes,949319,00000000000000000001167897b80c9add7c40f4481e0d4dbebf384a8bd28e82,2026-05-13 23:14:50 CDT,2026-05-14 00:06:03 CDT,2026-05-14 02:06:03 CDT,0121.json.ots__time-stamp.json,bundles/0121.json.ots__time-stamp.json,2026-05-14T03:57:43.604000+00:00,2026-05-13T07:32:13.637000+00:00,2026-05-14T07:32:13.637000+00:00,1000000,2948a8625206a24f09823cd378046e9b645edb504c4e0d119ccda6335d567aaf,yes,bundle.artifact.bind_sha256_hex,yes,yes,yes,yes,yes,yes
0121,0121.png,bundle_png,yes,bundles/0121.png,33335,2026-05-13 22:57:38 CDT,2c3a2ab692df15ee1ab48b9f54a3ec1d900d0f49089ac049278f26ab4fbf75ac,0121.png.ots,bundles/0121.png.ots,d72d3fda6094176dcae6560d1eaa1002744288f8dd6623db85bcc6de6d812572,0121.png.ots.upgraded,bundles/ots_upgraded_bundle/0121.png.ots.upgraded,fe5937df56ec479c955a0d6d10cb1d99516114f712a5e2cc836b399c9a6be100,anchored,2c3a2ab692df15ee1ab48b9f54a3ec1d900d0f49089ac049278f26ab4fbf75ac,yes,949315,00000000000000000000d85ce083fd2ec3e33d9809b9ad6fe9165b2babd71911,2026-05-13 22:38:45 CDT,2026-05-13 23:18:37 CDT,2026-05-14 01:18:37 CDT,0121.png.ots__time-stamp.json,bundles/0121.png.ots__time-stamp.json,2026-05-14T03:57:41.350000+00:00,2026-05-13T08:23:50.532000+00:00,2026-05-14T08:23:50.532000+00:00,1000000,d72d3fda6094176dcae6560d1eaa1002744288f8dd6623db85bcc6de6d812572,yes,bundle.artifact.bind_sha256_hex,yes,yes,yes,yes,yes,yes
0122,0122.json,bundle_json,yes,bundles/0122.json,6512,2026-05-13 22:57:50 CDT,fe0c7cc15e925034759fa8391da5016158b71a49d7ae3fa69887d95bc69204cc,0122.json.ots,bundles/0122.json.ots,a315aedebc7a182d645dc21f6a7d3e6ee816877a4e70c3971da4cc68bc37d018,0122.json.ots.upgraded,bundles/ots_upgraded_bundle/0122.json.ots.upgraded,08ae3336d42dde2510be5488dedcd6fc6df61995aa6429e2c8ce8aeb132a1037,anchored,fe0c7cc15e925034759fa8391da5016158b71a49d7ae3fa69887d95bc69204cc,yes,949319,00000000000000000001167897b80c9add7c40f4481e0d4dbebf384a8bd28e82,2026-05-13 23:14:50 CDT,2026-05-14 00:06:03 CDT,2026-05-14 02:06:03 CDT,0122.json.ots__time-stamp.json,bundles/0122.json.ots__time-stamp.json,2026-05-14T03:57:52.245000+00:00,2026-05-13T09:16:05.223000+00:00,2026-05-14T09:16:05.223000+00:00,1000000,a315aedebc7a182d645dc21f6a7d3e6ee816877a4e70c3971da4cc68bc37d018,yes,bundle.artifact.bind_sha256_hex,yes,yes,yes,yes,yes,yes
0122,0122.png,bundle_png,yes,bundles/0122.png,33578,2026-05-13 22:57:46 CDT,e5b496eb0189b126961597300f61726a6675214d2442114a778ed2528b514bea,0122.png.ots,bundles/0122.png.ots,e55fc4a4c27359460fbaaea12df2a0289c89197a25e2494df40151285de03d51,0122.png.ots.upgraded,bundles/ots_upgraded_bundle/0122.png.ots.upgraded,5c4e4a2fecc0f6205453ba9615e4654e5591539c8236b02289f1a583c456fd82,anchored,e5b496eb0189b126961597300f61726a6675214d2442114a778ed2528b514bea,yes,949319,00000000000000000001167897b80c9add7c40f4481e0d4dbebf384a8bd28e82,2026-05-13 23:14:50 CDT,2026-05-14 00:06:03 CDT,2026-05-14 02:06:03 CDT,0122.png.ots__time-stamp.json,bundles/0122.png.ots__time-stamp.json,2026-05-14T03:57:49.605000+00:00,2026-05-13T11:50:24.007000+00:00,2026-05-14T11:50:24.007000+00:00,1000000,e55fc4a4c27359460fbaaea12df2a0289c89197a25e2494df40151285de03d51,yes,bundle.artifact.bind_sha256_hex,yes,yes,yes,yes,yes,yes
0123,0123.json,bundle_json,yes,bundles/0123.json,6813,2026-05-13 22:57:57 CDT,737e349a868b1c803298a8113207f40b591bf6cb23ec2387e0a237bd3f85e531,0123.json.ots,bundles/0123.json.ots,088c8a9cdedac98b73d72a15ee47826af53bbd9245921430c1a7ae8bb257c882,0123.json.ots.upgraded,bundles/ots_upgraded_bundle/0123.json.ots.upgraded,30517106631a92ef85680ad98519b08ded68b4137096679876d8c689ab295a19,anchored,737e349a868b1c803298a8113207f40b591bf6cb23ec2387e0a237bd3f85e531,yes,949315,00000000000000000000d85ce083fd2ec3e33d9809b9ad6fe9165b2babd71911,2026-05-13 22:38:45 CDT,2026-05-13 23:18:37 CDT,2026-05-14 01:18:37 CDT,0123.json.ots__time-stamp.json,bundles/0123.json.ots__time-stamp.json,2026-05-14T03:57:59.424000+00:00,2026-05-13T06:31:59.305000+00:00,2026-05-14T06:31:59.305000+00:00,1000000,088c8a9cdedac98b73d72a15ee47826af53bbd9245921430c1a7ae8bb257c882,yes,bundle.artifact.bind_sha256_hex,yes,yes,yes,yes,yes,yes
0123,0123.png,bundle_png,yes,bundles/0123.png,19208,2026-05-13 22:57:54 CDT,f3066de4d1cf501da8f41045198e0dcf3d4a284e6a8784baa9cf142c0520c29d,0123.png.ots,bundles/0123.png.ots,d151a2177efa13d667ae1cff7596abb9fdfe58f8bc9877c5037363e1fc825e55,0123.png.ots.upgraded,bundles/ots_upgraded_bundle/0123.png.ots.upgraded,3f02284afbd386cd9424fd6a96738c9a3f6e383f0bb66c808ad8c1c1fbec7f1f,anchored,f3066de4d1cf501da8f41045198e0dcf3d4a284e6a8784baa9cf142c0520c29d,yes,949319,00000000000000000001167897b80c9add7c40f4481e0d4dbebf384a8bd28e82,2026-05-13 23:14:50 CDT,2026-05-14 00:06:03 CDT,2026-05-14 02:06:03 CDT,0123.png.ots__time-stamp.json,bundles/0123.png.ots__time-stamp.json,2026-05-14T03:57:57.269000+00:00,2026-05-13T23:25:23.999000+00:00,2026-05-14T23:25:23.999000+00:00,1000000,d151a2177efa13d667ae1cff7596abb9fdfe58f8bc9877c5037363e1fc825e55,yes,bundle.artifact.bind_sha256_hex,yes,yes,yes,yes,yes,yes
0124,0124.json,bundle_json,yes,bundles/0124.json,6816,2026-05-13 22:58:05 CDT,9d36d10d98037d530c0bbaeee34aa687fa7a96bed9d365ebe8477843fd89abd6,0124.json.ots,bundles/0124.json.ots,8292c816b36403f4dfb5af7f89d7bff1f80846a7d8cc94e2bc39d9c88c19d222,0124.json.ots.upgraded,bundles/ots_upgraded_bundle/0124.json.ots.upgraded,52751bf3d0cec94f5bbd8063285c693818e8c3cdea426d87826675ef068adbea,anchored,9d36d10d98037d530c0bbaeee34aa687fa7a96bed9d365ebe8477843fd89abd6,yes,949315,00000000000000000000d85ce083fd2ec3e33d9809b9ad6fe9165b2babd71911,2026-05-13 22:38:45 CDT,2026-05-13 23:18:37 CDT,2026-05-14 01:18:37 CDT,0124.json.ots__time-stamp.json,bundles/0124.json.ots__time-stamp.json,2026-05-14T03:58:07.485000+00:00,2026-05-13T07:20:03.388000+00:00,2026-05-14T07:20:03.388000+00:00,1000000,8292c816b36403f4dfb5af7f89d7bff1f80846a7d8cc94e2bc39d9c88c19d222,yes,bundle.artifact.bind_sha256_hex,yes,yes,yes,yes,yes,yes
0124,0124.png,bundle_png,yes,bundles/0124.png,16592,2026-05-13 22:58:02 CDT,95ecd14cde80974f6e21ce5f9a3060a583ea255be1298df20e866bb3a84c83a7,0124.png.ots,bundles/0124.png.ots,3590e03e0f7b16212e12ec0c8b7b3f1e9f086a57a6227344a947332baa3c57df,0124.png.ots.upgraded,bundles/ots_upgraded_bundle/0124.png.ots.upgraded,75e5dc368351431fda40070b05cfba950cd7a1d2d23eb8940f7aed6b7d3dca1e,anchored,95ecd14cde80974f6e21ce5f9a3060a583ea255be1298df20e866bb3a84c83a7,yes,949319,00000000000000000001167897b80c9add7c40f4481e0d4dbebf384a8bd28e82,2026-05-13 23:14:50 CDT,2026-05-14 00:06:03 CDT,2026-05-14 02:06:03 CDT,0124.png.ots__time-stamp.json,bundles/0124.png.ots__time-stamp.json,2026-05-14T03:58:05.289000+00:00,2026-05-13T07:35:20.866000+00:00,2026-05-14T07:35:20.866000+00:00,1000000,3590e03e0f7b16212e12ec0c8b7b3f1e9f086a57a6227344a947332baa3c57df,yes,bundle.artifact.bind_sha256_hex,yes,yes,yes,yes,yes,yes
0125,0125.json,bundle_json,yes,bundles/0125.json,6514,2026-05-13 22:58:14 CDT,98ffff6db233b39f708817b9236fcfbf2e5eab2bf95dc47e6a1767c366ae3d68,0125.json.ots,bundles/0125.json.ots,1c83af280c2e33641f86cd9f6ba539ed2c44b70615da4b85d941388235fdedd2,0125.json.ots.upgraded,bundles/ots_upgraded_bundle/0125.json.ots.upgraded,3e568ff64423b454ab18e05c94d0ebfbafcaa1b8106b1e5688165af93a297268,anchored,98ffff6db233b39f708817b9236fcfbf2e5eab2bf95dc47e6a1767c366ae3d68,yes,949315,00000000000000000000d85ce083fd2ec3e33d9809b9ad6fe9165b2babd71911,2026-05-13 22:38:45 CDT,2026-05-13 23:18:37 CDT,2026-05-14 01:18:37 CDT,0125.json.ots__time-stamp.json,bundles/0125.json.ots__time-stamp.json,2026-05-14T03:58:16.504000+00:00,2026-05-13T06:34:59.170000+00:00,2026-05-14T06:34:59.170000+00:00,1000000,1c83af280c2e33641f86cd9f6ba539ed2c44b70615da4b85d941388235fdedd2,yes,bundle.artifact.bind_sha256_hex,yes,yes,yes,yes,yes,yes
0125,0125.png,bundle_png,yes,bundles/0125.png,33619,2026-05-13 22:58:10 CDT,50059ae9b427ea3b8de06cba88866bf7c193bea70ae957274fa60d9755a8c640,0125.png.ots,bundles/0125.png.ots,34accfb284532084f8319c2849c1aa5d3bbcc5f178388809cac1471d142cb10f,0125.png.ots.upgraded,bundles/ots_upgraded_bundle/0125.png.ots.upgraded,8e8c1b4208bdd527582d5f20044fd0989fe5d90167909350bcdd3af91c302a88,anchored,50059ae9b427ea3b8de06cba88866bf7c193bea70ae957274fa60d9755a8c640,yes,949315,00000000000000000000d85ce083fd2ec3e33d9809b9ad6fe9165b2babd71911,2026-05-13 22:38:45 CDT,2026-05-13 23:18:37 CDT,2026-05-14 01:18:37 CDT,0125.png.ots__time-stamp.json,bundles/0125.png.ots__time-stamp.json,2026-05-14T03:58:14.284000+00:00,2026-05-13T07:35:20.866000+00:00,2026-05-14T07:35:20.866000+00:00,1000000,34accfb284532084f8319c2849c1aa5d3bbcc5f178388809cac1471d142cb10f,yes,bundle.artifact.bind_sha256_hex,yes,yes,yes,yes,yes,yes
0126,0126.json,bundle_json,yes,bundles/0126.json,6512,2026-05-13 22:58:20 CDT,9dff8e076e0c5223ba52a87548d67b74ef3c6d82e878315893b820fd1b056d80,0126.json.ots,bundles/0126.json.ots,2a3dc084b556d5bca2b16c5f20190824a288e204da832c73fcd2f81c1f2461f6,0126.json.ots.upgraded,bundles/ots_upgraded_bundle/0126.json.ots.upgraded,85d1217fa1d77bf494da2330bf4d42e3e2f7e8d1964b138c2cdffa793e45fc14,anchored,9dff8e076e0c5223ba52a87548d67b74ef3c6d82e878315893b820fd1b056d80,yes,949315,00000000000000000000d85ce083fd2ec3e33d9809b9ad6fe9165b2babd71911,2026-05-13 22:38:45 CDT,2026-05-13 23:18:37 CDT,2026-05-14 01:18:37 CDT,0126.json.ots__time-stamp.json,bundles/0126.json.ots__time-stamp.json,2026-05-14T03:58:22.545000+00:00,2026-05-13T07:50:12.083000+00:00,2026-05-14T07:50:12.083000+00:00,1000000,2a3dc084b556d5bca2b16c5f20190824a288e204da832c73fcd2f81c1f2461f6,yes,bundle.artifact.bind_sha256_hex,yes,yes,yes,yes,yes,yes
0126,0126.png,bundle_png,yes,bundles/0126.png,17948,2026-05-13 22:58:17 CDT,533bd2bb1946305c3dcdf9517d34eddb4e35227d67018b682ec2e7fb1ee30cc5,0126.png.ots,bundles/0126.png.ots,801be8a109f1ae69e3069e81bf4f7e2fff3b209a88114d37866f4d1c6a6b21dc,0126.png.ots.upgraded,bundles/ots_upgraded_bundle/0126.png.ots.upgraded,87da0dba84c874631d04db15b64e7f3beaa70a05409e5e20f84b9a2837ae71c3,anchored,533bd2bb1946305c3dcdf9517d34eddb4e35227d67018b682ec2e7fb1ee30cc5,yes,949315,00000000000000000000d85ce083fd2ec3e33d9809b9ad6fe9165b2babd71911,2026-05-13 22:38:45 CDT,2026-05-13 23:18:37 CDT,2026-05-14 01:18:37 CDT,0126.png.ots__time-stamp.json,bundles/0126.png.ots__time-stamp.json,2026-05-14T03:58:20.525000+00:00,2026-05-13T07:50:12.083000+00:00,2026-05-14T07:50:12.083000+00:00,1000000,801be8a109f1ae69e3069e81bf4f7e2fff3b209a88114d37866f4d1c6a6b21dc,yes,bundle.artifact.bind_sha256_hex,yes,yes,yes,yes,yes,yes
0127,0127.json,bundle_json,yes,bundles/0127.json,6510,2026-05-13 22:58:28 CDT,cec9a213bed7fa74432a282a118d00032d438b9b3bac0d87e7128a776096992b,0127.json.ots,bundles/0127.json.ots,2b347870bef3502f2553f62ee21213911335937eb41f7f6610d5075593d65613,0127.json.ots.upgraded,bundles/ots_upgraded_bundle/0127.json.ots.upgraded,f4128e5c37c7d8e4c193a42846d7c7ac4f37d247bffea7a741831928b9c04384,anchored,cec9a213bed7fa74432a282a118d00032d438b9b3bac0d87e7128a776096992b,yes,949315,00000000000000000000d85ce083fd2ec3e33d9809b9ad6fe9165b2babd71911,2026-05-13 22:38:45 CDT,2026-05-13 23:18:37 CDT,2026-05-14 01:18:37 CDT,0127.json.ots__time-stamp.json,bundles/0127.json.ots__time-stamp.json,2026-05-14T03:58:30.564000+00:00,2026-05-13T07:26:49.378000+00:00,2026-05-14T07:26:49.378000+00:00,1000000,2b347870bef3502f2553f62ee21213911335937eb41f7f6610d5075593d65613,yes,bundle.artifact.bind_sha256_hex,yes,yes,yes,yes,yes,yes
0127,0127.png,bundle_png,yes,bundles/0127.png,17625,2026-05-13 22:58:25 CDT,985e7a6672046d0da27c6c9fd500e61e4d604adeffb478600b34b20ca4acd802,0127.png.ots,bundles/0127.png.ots,cf71b3ada7a01f3614e13176bc778cc1fba192531e832f72ce4be4c75c6ae5e1,0127.png.ots.upgraded,bundles/ots_upgraded_bundle/0127.png.ots.upgraded,08e06759c8c2c4b50cd5755a1a19531ca1355ffe54395d0975331aa6aab212c4,anchored,985e7a6672046d0da27c6c9fd500e61e4d604adeffb478600b34b20ca4acd802,yes,949319,00000000000000000001167897b80c9add7c40f4481e0d4dbebf384a8bd28e82,2026-05-13 23:14:50 CDT,2026-05-14 00:06:03 CDT,2026-05-14 02:06:03 CDT,0127.png.ots__time-stamp.json,bundles/0127.png.ots__time-stamp.json,2026-05-14T03:58:28.345000+00:00,2026-05-13T07:50:12.083000+00:00,2026-05-14T07:50:12.083000+00:00,1000000,cf71b3ada7a01f3614e13176bc778cc1fba192531e832f72ce4be4c75c6ae5e1,yes,bundle.artifact.bind_sha256_hex,yes,yes,yes,yes,yes,yes
0128,0128.json,bundle_json,yes,bundles/0128.json,6509,2026-05-13 22:58:35 CDT,89423fe44ed4180a71e518c72962209fe34c5158aab5349fe0e2701466f8d2c5,0128.json.ots,bundles/0128.json.ots,da7ce154002660cb0ba6a5118805e83c1c3640f203b1c6be53924938d5f92fd0,0128.json.ots.upgraded,bundles/ots_upgraded_bundle/0128.json.ots.upgraded,e937d98adcf8fd6c5f4507b07fb554dfb11a7778bd66dde14fb0dcf7ca6054d6,anchored,89423fe44ed4180a71e518c72962209fe34c5158aab5349fe0e2701466f8d2c5,yes,949319,00000000000000000001167897b80c9add7c40f4481e0d4dbebf384a8bd28e82,2026-05-13 23:14:50 CDT,2026-05-14 00:06:03 CDT,2026-05-14 02:06:03 CDT,0128.json.ots__time-stamp.json,bundles/0128.json.ots__time-stamp.json,2026-05-14T03:58:37.605000+00:00,2026-05-13T07:35:20.866000+00:00,2026-05-14T07:35:20.866000+00:00,1000000,da7ce154002660cb0ba6a5118805e83c1c3640f203b1c6be53924938d5f92fd0,yes,bundle.artifact.bind_sha256_hex,yes,yes,yes,yes,yes,yes
0128,0128.png,bundle_png,yes,bundles/0128.png,20868,2026-05-13 22:58:33 CDT,0dceec932fcaa59c1656c6bc5cfbf80e9a88a6e7d7b8fbbf2c22a703e0410288,0128.png.ots,bundles/0128.png.ots,e5b76adc56e7f618eb30658db9f780e8b9062fea46878d95e0e6ba60812d1bc1,0128.png.ots.upgraded,bundles/ots_upgraded_bundle/0128.png.ots.upgraded,a2548f41c71099d4b755c269653c106e10b332a37308cf3bda055dc89f1aa44f,anchored,0dceec932fcaa59c1656c6bc5cfbf80e9a88a6e7d7b8fbbf2c22a703e0410288,yes,949315,00000000000000000000d85ce083fd2ec3e33d9809b9ad6fe9165b2babd71911,2026-05-13 22:38:45 CDT,2026-05-13 23:18:37 CDT,2026-05-14 01:18:37 CDT,0128.png.ots__time-stamp.json,bundles/0128.png.ots__time-stamp.json,2026-05-14T03:58:35.585000+00:00,2026-05-13T06:31:59.305000+00:00,2026-05-14T06:31:59.305000+00:00,1000000,e5b76adc56e7f618eb30658db9f780e8b9062fea46878d95e0e6ba60812d1bc1,yes,bundle.artifact.bind_sha256_hex,yes,yes,yes,yes,yes,yes
0129,0129.json,bundle_json,yes,bundles/0129.json,6478,2026-05-13 22:58:44 CDT,09c3923b73f4f3be6cb5cc45a08452a1d0de871317d52892b9675817b211bac9,0129.json.ots,bundles/0129.json.ots,245dcb681c649dde3e9b318ea4d4622f219ce33d5486e9708564e4b94fb459e4,0129.json.ots.upgraded,bundles/ots_upgraded_bundle/0129.json.ots.upgraded,cc0c922a943e2cf5014b2cca969034c670a32d32e6659a4a85d3bd5d6722dd29,anchored,09c3923b73f4f3be6cb5cc45a08452a1d0de871317d52892b9675817b211bac9,yes,949315,00000000000000000000d85ce083fd2ec3e33d9809b9ad6fe9165b2babd71911,2026-05-13 22:38:45 CDT,2026-05-13 23:18:37 CDT,2026-05-14 01:18:37 CDT,0129.json.ots__time-stamp.json,bundles/0129.json.ots__time-stamp.json,2026-05-14T03:58:46.385000+00:00,2026-05-13T09:16:05.223000+00:00,2026-05-14T09:16:05.223000+00:00,1000000,245dcb681c649dde3e9b318ea4d4622f219ce33d5486e9708564e4b94fb459e4,yes,bundle.artifact.bind_sha256_hex,yes,yes,yes,yes,yes,yes
0129,0129.png,bundle_png,yes,bundles/0129.png,30486,2026-05-13 22:58:40 CDT,50ca5e729d753101efe80872d3949ea9f6d46e3dc92c0458d52c916f6eac0aa3,0129.png.ots,bundles/0129.png.ots,9380eea6a2bf0693649a167757e9db9741ac1461a5b9f372ad15d321cba09aaa,0129.png.ots.upgraded,bundles/ots_upgraded_bundle/0129.png.ots.upgraded,ae20f13303d49af83b8e550b178b65789b44d9c9d26264caa087f3074b0014ed,anchored,50ca5e729d753101efe80872d3949ea9f6d46e3dc92c0458d52c916f6eac0aa3,yes,949315,00000000000000000000d85ce083fd2ec3e33d9809b9ad6fe9165b2babd71911,2026-05-13 22:38:45 CDT,2026-05-13 23:18:37 CDT,2026-05-14 01:18:37 CDT,0129.png.ots__time-stamp.json,bundles/0129.png.ots__time-stamp.json,2026-05-14T03:58:43.629000+00:00,2026-05-13T09:43:31.882000+00:00,2026-05-14T09:43:31.882000+00:00,1000000,9380eea6a2bf0693649a167757e9db9741ac1461a5b9f372ad15d321cba09aaa,yes,bundle.artifact.bind_sha256_hex,yes,yes,yes,yes,yes,yes
0130,0130.json,bundle_json,yes,bundles/0130.json,6303,2026-05-13 22:58:52 CDT,44a64ffb5ac7a3451fc64541f6bb6e2b300a3d1b319fd960b16208f3a8350ba3,0130.json.ots,bundles/0130.json.ots,84345ca563a0467f5518a215b23664d0f0cc39abf6dce2e66b9a0ed4069d4762,0130.json.ots.upgraded,bundles/ots_upgraded_bundle/0130.json.ots.upgraded,2aace83dce98c69c10ce2cc862c8901d8ec529bdf35e622afe24aa040db27c50,anchored,44a64ffb5ac7a3451fc64541f6bb6e2b300a3d1b319fd960b16208f3a8350ba3,yes,949319,00000000000000000001167897b80c9add7c40f4481e0d4dbebf384a8bd28e82,2026-05-13 23:14:50 CDT,2026-05-14 00:06:03 CDT,2026-05-14 02:06:03 CDT,0130.json.ots__time-stamp.json,bundles/0130.json.ots__time-stamp.json,2026-05-14T03:58:54.405000+00:00,2026-05-13T08:10:30.590000+00:00,2026-05-14T08:10:30.590000+00:00,1000000,84345ca563a0467f5518a215b23664d0f0cc39abf6dce2e66b9a0ed4069d4762,yes,bundle.artifact.bind_sha256_hex,yes,yes,yes,yes,yes,yes
0130,0130.png,bundle_png,yes,bundles/0130.png,13536,2026-05-13 22:58:48 CDT,9d8f3a8c68395c777f0d764fa565c6a983a4fe5525120013c44ee3ba8e894ac2,0130.png.ots,bundles/0130.png.ots,cf2cf99add964d09cd566ddf65a484f924b0993ae50b2938a9e2c07e838f7980,0130.png.ots.upgraded,bundles/ots_upgraded_bundle/0130.png.ots.upgraded,aebd52a270777611017fd98a6448b4ac237b0f26d900975dcb8d1e1a759a1258,anchored,9d8f3a8c68395c777f0d764fa565c6a983a4fe5525120013c44ee3ba8e894ac2,yes,949315,00000000000000000000d85ce083fd2ec3e33d9809b9ad6fe9165b2babd71911,2026-05-13 22:38:45 CDT,2026-05-13 23:18:37 CDT,2026-05-14 01:18:37 CDT,0130.png.ots__time-stamp.json,bundles/0130.png.ots__time-stamp.json,2026-05-14T03:58:51.425000+00:00,2026-05-13T10:01:43.892000+00:00,2026-05-14T10:01:43.892000+00:00,1000000,cf2cf99add964d09cd566ddf65a484f924b0993ae50b2938a9e2c07e838f7980,yes,bundle.artifact.bind_sha256_hex,yes,yes,yes,yes,yes,yes
0131,0131.json,bundle_json,yes,bundles/0131.json,6304,2026-05-13 22:58:59 CDT,99d55002630d72c04b020697abe7eb3455c2049ef37d2489104f95ff61784e58,0131.json.ots,bundles/0131.json.ots,8bd1937a11f24cce9813185daaeadffd6ab6ba87254075e3b1b76864b477b72f,0131.json.ots.upgraded,bundles/ots_upgraded_bundle/0131.json.ots.upgraded,cc991047aa9d194ba4a9be137a8d90b164c37e1168086e76f6505abfbe8199c2,anchored,99d55002630d72c04b020697abe7eb3455c2049ef37d2489104f95ff61784e58,yes,949315,00000000000000000000d85ce083fd2ec3e33d9809b9ad6fe9165b2babd71911,2026-05-13 22:38:45 CDT,2026-05-13 23:18:37 CDT,2026-05-14 01:18:37 CDT,0131.json.ots__time-stamp.json,bundles/0131.json.ots__time-stamp.json,2026-05-14T03:59:01.420000+00:00,2026-05-13T07:42:55.719000+00:00,2026-05-14T07:42:55.719000+00:00,1000000,8bd1937a11f24cce9813185daaeadffd6ab6ba87254075e3b1b76864b477b72f,yes,bundle.artifact.bind_sha256_hex,yes,yes,yes,yes,yes,yes
0131,0131.png,bundle_png,yes,bundles/0131.png,13982,2026-05-13 22:58:56 CDT,da70d6b4ffb2db08de7c85138cebf633b6d67400fabf98e11f6afa67f8b554c7,0131.png.ots,bundles/0131.png.ots,6897abc0702203eb9210c14278ecb19f99fa19a116d0398d26f2f2bf57866dab,0131.png.ots.upgraded,bundles/ots_upgraded_bundle/0131.png.ots.upgraded,aee5f68b1d1412520206c2019691c1a2141b0af567f030c3c47028c6a48fcf79,anchored,da70d6b4ffb2db08de7c85138cebf633b6d67400fabf98e11f6afa67f8b554c7,yes,949315,00000000000000000000d85ce083fd2ec3e33d9809b9ad6fe9165b2babd71911,2026-05-13 22:38:45 CDT,2026-05-13 23:18:37 CDT,2026-05-14 01:18:37 CDT,0131.png.ots__time-stamp.json,bundles/0131.png.ots__time-stamp.json,2026-05-14T03:58:58.805000+00:00,2026-05-13T10:49:29.465000+00:00,2026-05-14T10:49:29.465000+00:00,1000000,6897abc0702203eb9210c14278ecb19f99fa19a116d0398d26f2f2bf57866dab,yes,bundle.artifact.bind_sha256_hex,yes,yes,yes,yes,yes,yes
0132,0132.json,bundle_json,yes,bundles/0132.json,6319,2026-05-13 22:59:08 CDT,b8966ff17359a63a3320b99e8ea962e3803842727cbafbcb4847105de526c244,0132.json.ots,bundles/0132.json.ots,05b2ce253c765045120d06d13b44a32ac9049382e3615abdb8c8c83a687c2c15,0132.json.ots.upgraded,bundles/ots_upgraded_bundle/0132.json.ots.upgraded,40c84338c243ee486a0d6c093d7b387876f6d0edefafa3df57cf3b6d96ef95ff,anchored,b8966ff17359a63a3320b99e8ea962e3803842727cbafbcb4847105de526c244,yes,949315,00000000000000000000d85ce083fd2ec3e33d9809b9ad6fe9165b2babd71911,2026-05-13 22:38:45 CDT,2026-05-13 23:18:37 CDT,2026-05-14 01:18:37 CDT,0132.json.ots__time-stamp.json,bundles/0132.json.ots__time-stamp.json,2026-05-14T03:59:10.465000+00:00,2026-05-13T10:49:29.465000+00:00,2026-05-14T10:49:29.465000+00:00,1000000,05b2ce253c765045120d06d13b44a32ac9049382e3615abdb8c8c83a687c2c15,yes,bundle.artifact.bind_sha256_hex,yes,yes,yes,yes,yes,yes
0132,0132.png,bundle_png,yes,bundles/0132.png,29228,2026-05-13 22:59:04 CDT,cacc860175d49b2b5edfb5a9958632a1a81f3b1d89afe9e142a8e5831f4e5d43,0132.png.ots,bundles/0132.png.ots,4822ca666d4258f2b0c3bc0b1736c0c6550339864a3c1ed74fc4d6d50591f64c,0132.png.ots.upgraded,bundles/ots_upgraded_bundle/0132.png.ots.upgraded,a2fcf67b3dd42bc4104941f2080146b2f9ab70cef66bc0f5575c63487543696c,anchored,cacc860175d49b2b5edfb5a9958632a1a81f3b1d89afe9e142a8e5831f4e5d43,yes,949319,00000000000000000001167897b80c9add7c40f4481e0d4dbebf384a8bd28e82,2026-05-13 23:14:50 CDT,2026-05-14 00:06:03 CDT,2026-05-14 02:06:03 CDT,0132.png.ots__time-stamp.json,bundles/0132.png.ots__time-stamp.json,2026-05-14T03:59:07.464000+00:00,2026-05-13T06:40:25.129000+00:00,2026-05-14T06:40:25.129000+00:00,1000000,4822ca666d4258f2b0c3bc0b1736c0c6550339864a3c1ed74fc4d6d50591f64c,yes,bundle.artifact.bind_sha256_hex,yes,yes,yes,yes,yes,yes
0133,0133.json,bundle_json,yes,bundles/0133.json,6451,2026-05-13 22:59:16 CDT,38f9439df459576cc65e46a5dcbcdcc710266b3f0d754d615cee917cd293be10,0133.json.ots,bundles/0133.json.ots,7e3c287a1aaacadaeb6c4c44ab0178ca6b522f45e63fc6aa955d711ac5d25bcd,0133.json.ots.upgraded,bundles/ots_upgraded_bundle/0133.json.ots.upgraded,dfc24fb750e8bffeb03c8632ce027868e9ea773630dfa9d68f9b4f722252da18,anchored,38f9439df459576cc65e46a5dcbcdcc710266b3f0d754d615cee917cd293be10,yes,949315,00000000000000000000d85ce083fd2ec3e33d9809b9ad6fe9165b2babd71911,2026-05-13 22:38:45 CDT,2026-05-13 23:18:37 CDT,2026-05-14 01:18:37 CDT,0133.json.ots__time-stamp.json,bundles/0133.json.ots__time-stamp.json,2026-05-14T03:59:17.870000+00:00,2026-05-13T10:58:02.074000+00:00,2026-05-14T10:58:02.074000+00:00,1000000,7e3c287a1aaacadaeb6c4c44ab0178ca6b522f45e63fc6aa955d711ac5d25bcd,yes,bundle.artifact.bind_sha256_hex,yes,yes,yes,yes,yes,yes
0133,0133.png,bundle_png,yes,bundles/0133.png,29516,2026-05-13 22:59:12 CDT,8f60b1cb04d3cfebb1ab6d857f87fc2bc5ef85ffbe22672450cf66778e1fc748,0133.png.ots,bundles/0133.png.ots,617ec2c8b70772087e40aa024fa099fb449d449573d9ec6b7e89548150c73598,0133.png.ots.upgraded,bundles/ots_upgraded_bundle/0133.png.ots.upgraded,b1b50924ce73bfae316e4c96d6ccf46c318c6f854f22ab903d722c23d02d48b9,anchored,8f60b1cb04d3cfebb1ab6d857f87fc2bc5ef85ffbe22672450cf66778e1fc748,yes,949315,00000000000000000000d85ce083fd2ec3e33d9809b9ad6fe9165b2babd71911,2026-05-13 22:38:45 CDT,2026-05-13 23:18:37 CDT,2026-05-14 01:18:37 CDT,0133.png.ots__time-stamp.json,bundles/0133.png.ots__time-stamp.json,2026-05-14T03:59:15.454000+00:00,2026-05-13T10:01:43.892000+00:00,2026-05-14T10:01:43.892000+00:00,1000000,617ec2c8b70772087e40aa024fa099fb449d449573d9ec6b7e89548150c73598,yes,bundle.artifact.bind_sha256_hex,yes,yes,yes,yes,yes,yes
0134,0134.json,bundle_json,yes,bundles/0134.json,7788,2026-05-13 22:59:24 CDT,bedd50137c27e51c6cbcf085ced3c67b30b1447c32cdb304f89c7556f054d34f,0134.json.ots,bundles/0134.json.ots,106e82fa98c5480532caee60db9576919b18dc0f71af6cc86c34d732427338cc,0134.json.ots.upgraded,bundles/ots_upgraded_bundle/0134.json.ots.upgraded,69a7ab2922e605cbe137f08ec48c0478c10132e51514ade3b63fce57be5741fc,anchored,bedd50137c27e51c6cbcf085ced3c67b30b1447c32cdb304f89c7556f054d34f,yes,949315,00000000000000000000d85ce083fd2ec3e33d9809b9ad6fe9165b2babd71911,2026-05-13 22:38:45 CDT,2026-05-13 23:18:37 CDT,2026-05-14 01:18:37 CDT,0134.json.ots__time-stamp.json,bundles/0134.json.ots__time-stamp.json,2026-05-14T03:59:25.905000+00:00,2026-05-13T08:23:50.532000+00:00,2026-05-14T08:23:50.532000+00:00,1000000,106e82fa98c5480532caee60db9576919b18dc0f71af6cc86c34d732427338cc,yes,bundle.artifact.bind_sha256_hex,yes,yes,yes,yes,yes,yes
0134,0134.png,bundle_png,yes,bundles/0134.png,31351,2026-05-13 22:59:20 CDT,9d32bcaed19af8def2193491a6543658aed478b00443bc2cac8aec26c8884e8e,0134.png.ots,bundles/0134.png.ots,980477ad7a1f7bff55da0529c841eaad0231a4421296b61f86088658a55f8f0e,0134.png.ots.upgraded,bundles/ots_upgraded_bundle/0134.png.ots.upgraded,915f43a3ac1888d5f7bec06b4c777c8890282974d99ea60af1e5bcecb484dee9,anchored,9d32bcaed19af8def2193491a6543658aed478b00443bc2cac8aec26c8884e8e,yes,949315,00000000000000000000d85ce083fd2ec3e33d9809b9ad6fe9165b2babd71911,2026-05-13 22:38:45 CDT,2026-05-13 23:18:37 CDT,2026-05-14 01:18:37 CDT,0134.png.ots__time-stamp.json,bundles/0134.png.ots__time-stamp.json,2026-05-14T03:59:23.485000+00:00,2026-05-13T10:49:29.465000+00:00,2026-05-14T10:49:29.465000+00:00,1000000,980477ad7a1f7bff55da0529c841eaad0231a4421296b61f86088658a55f8f0e,yes,bundle.artifact.bind_sha256_hex,yes,yes,yes,yes,yes,yes
0135,0135.json,bundle_json,yes,bundles/0135.json,7253,2026-05-13 22:59:30 CDT,8a5d33143744bb4f5ef79e1813e8ec8b491bd54740d6f47045f12e95fde2afda,0135.json.ots,bundles/0135.json.ots,ab1e4b7f4b80cfc7bd2d9c11f926686767dfb74bd590f46642b80984ed15fe9a,0135.json.ots.upgraded,bundles/ots_upgraded_bundle/0135.json.ots.upgraded,f21629514c725d127b488e33f923d6af9dca040824732a2ef751e505f165e32d,anchored,8a5d33143744bb4f5ef79e1813e8ec8b491bd54740d6f47045f12e95fde2afda,yes,949319,00000000000000000001167897b80c9add7c40f4481e0d4dbebf384a8bd28e82,2026-05-13 23:14:50 CDT,2026-05-14 00:06:03 CDT,2026-05-14 02:06:03 CDT,0135.json.ots__time-stamp.json,bundles/0135.json.ots__time-stamp.json,2026-05-14T03:59:32.905000+00:00,2026-05-13T10:58:02.074000+00:00,2026-05-14T10:58:02.074000+00:00,1000000,ab1e4b7f4b80cfc7bd2d9c11f926686767dfb74bd590f46642b80984ed15fe9a,yes,bundle.artifact.bind_sha256_hex,yes,yes,yes,yes,yes,yes
0135,0135.png,bundle_png,yes,bundles/0135.png,26751,2026-05-13 22:59:28 CDT,c3c6242b3e165271853029f7b2050d038835ecec29bbc8c5e59b18858f34314f,0135.png.ots,bundles/0135.png.ots,5a029997307069e8de0338dea48a84a7a9675267053215e75533a2c047725b28,0135.png.ots.upgraded,bundles/ots_upgraded_bundle/0135.png.ots.upgraded,1faf971f1eaa09bc29a610c668cd1ecc0432514c7d53a2184a75bafef3e93433,anchored,c3c6242b3e165271853029f7b2050d038835ecec29bbc8c5e59b18858f34314f,yes,949315,00000000000000000000d85ce083fd2ec3e33d9809b9ad6fe9165b2babd71911,2026-05-13 22:38:45 CDT,2026-05-13 23:18:37 CDT,2026-05-14 01:18:37 CDT,0135.png.ots__time-stamp.json,bundles/0135.png.ots__time-stamp.json,2026-05-14T03:59:30.525000+00:00,2026-05-13T07:42:55.719000+00:00,2026-05-14T07:42:55.719000+00:00,1000000,5a029997307069e8de0338dea48a84a7a9675267053215e75533a2c047725b28,yes,bundle.artifact.bind_sha256_hex,yes,yes,yes,yes,yes,yes
0136,0136.json,bundle_json,yes,bundles/0136.json,6173,2026-05-13 22:59:38 CDT,ecbc98eec7f5e5530c98fd49c311c28fa35f8e7542b7951b16ffe669588cced7,0136.json.ots,bundles/0136.json.ots,ca34aaa25579251acc6a7e02eab120101283bda1446926b7145d271b8f88f11b,0136.json.ots.upgraded,bundles/ots_upgraded_bundle/0136.json.ots.upgraded,643fc11c17107f267e372fe7832cc645f75bac0f8ee4901d29f7d7bcaa49fadb,anchored,ecbc98eec7f5e5530c98fd49c311c28fa35f8e7542b7951b16ffe669588cced7,yes,949319,00000000000000000001167897b80c9add7c40f4481e0d4dbebf384a8bd28e82,2026-05-13 23:14:50 CDT,2026-05-14 00:06:03 CDT,2026-05-14 02:06:03 CDT,0136.json.ots__time-stamp.json,bundles/0136.json.ots__time-stamp.json,2026-05-14T03:59:42.025000+00:00,2026-05-13T23:25:23.999000+00:00,2026-05-14T23:25:23.999000+00:00,1000000,ca34aaa25579251acc6a7e02eab120101283bda1446926b7145d271b8f88f11b,yes,bundle.artifact.bind_sha256_hex,yes,yes,yes,yes,yes,yes
0136,0136.png,bundle_png,yes,bundles/0136.png,18545,2026-05-13 22:59:35 CDT,6375909870146a12710319f900f7ce60a7306a8c3b37c387a8c0dc4a8002a370,0136.png.ots,bundles/0136.png.ots,6c41f2ad1584a4924cdec17856a13acf7a5d9a8733df3a2f6755c5f27b8a54aa,0136.png.ots.upgraded,bundles/ots_upgraded_bundle/0136.png.ots.upgraded,2d994a6d2f39acb93bd81dd007b5344caab76e63eab009a513ce9c52e73c07f2,anchored,6375909870146a12710319f900f7ce60a7306a8c3b37c387a8c0dc4a8002a370,yes,949315,00000000000000000000d85ce083fd2ec3e33d9809b9ad6fe9165b2babd71911,2026-05-13 22:38:45 CDT,2026-05-13 23:18:37 CDT,2026-05-14 01:18:37 CDT,0136.png.ots__time-stamp.json,bundles/0136.png.ots__time-stamp.json,2026-05-14T03:59:38.550000+00:00,2026-05-13T10:01:43.892000+00:00,2026-05-14T10:01:43.892000+00:00,1000000,6c41f2ad1584a4924cdec17856a13acf7a5d9a8733df3a2f6755c5f27b8a54aa,yes,bundle.artifact.bind_sha256_hex,yes,yes,yes,yes,yes,yes
0137,0137.json,bundle_json,yes,bundles/0137.json,6151,2026-05-13 22:59:46 CDT,dcd15594cba58112d894c218e04676448da97370cf2c673d0d8dbdebb0658da4,0137.json.ots,bundles/0137.json.ots,d2217c84271da54ef884698677c20fc445ae06b7531bd8c94ce749f9bc10db00,0137.json.ots.upgraded,bundles/ots_upgraded_bundle/0137.json.ots.upgraded,022f894f8db8a82c69d5d5e0f7917d6a592cc8ef194ebb2859f471d4f842ad2f,anchored,dcd15594cba58112d894c218e04676448da97370cf2c673d0d8dbdebb0658da4,yes,949319,00000000000000000001167897b80c9add7c40f4481e0d4dbebf384a8bd28e82,2026-05-13 23:14:50 CDT,2026-05-14 00:06:03 CDT,2026-05-14 02:06:03 CDT,0137.json.ots__time-stamp.json,bundles/0137.json.ots__time-stamp.json,2026-05-14T03:59:48.585000+00:00,2026-05-13T07:42:55.719000+00:00,2026-05-14T07:42:55.719000+00:00,1000000,d2217c84271da54ef884698677c20fc445ae06b7531bd8c94ce749f9bc10db00,yes,bundle.artifact.bind_sha256_hex,yes,yes,yes,yes,yes,yes
0137,0137.png,bundle_png,yes,bundles/0137.png,18423,2026-05-13 22:59:43 CDT,fb0276ad2d7b56430085e10cf480bf4fd28617f275cc9af0ff3ecfe44a6b2ab4,0137.png.ots,bundles/0137.png.ots,995ff1b1ac08414287275f5ab203d4468e21025904d2beb6a8bc738704633db3,0137.png.ots.upgraded,bundles/ots_upgraded_bundle/0137.png.ots.upgraded,12edbd920180f0e2580874cfd9e05b8943cb5e7df04067b7a1c78ed42513af65,anchored,fb0276ad2d7b56430085e10cf480bf4fd28617f275cc9af0ff3ecfe44a6b2ab4,yes,949315,00000000000000000000d85ce083fd2ec3e33d9809b9ad6fe9165b2babd71911,2026-05-13 22:38:45 CDT,2026-05-13 23:18:37 CDT,2026-05-14 01:18:37 CDT,0137.png.ots__time-stamp.json,bundles/0137.png.ots__time-stamp.json,2026-05-14T03:59:46.044000+00:00,2026-05-13T07:35:20.866000+00:00,2026-05-14T07:35:20.866000+00:00,1000000,995ff1b1ac08414287275f5ab203d4468e21025904d2beb6a8bc738704633db3,yes,bundle.artifact.bind_sha256_hex,yes,yes,yes,yes,yes,yes
0138,0138.json,bundle_json,yes,bundles/0138.json,6155,2026-05-13 22:59:54 CDT,3bd80df31e51d8244ef2aa62a9609c3e1e22b51bb91d6a2b22125ff615bd3a40,0138.json.ots,bundles/0138.json.ots,846725563f320c1685a86ac07fbc6ff5bb9280186c98ff71e5ab99ccfc07de5f,0138.json.ots.upgraded,bundles/ots_upgraded_bundle/0138.json.ots.upgraded,bcfeae0e9fff85004eba815fee693460c283a26eccfe626f4e6a942d1258dc3a,anchored,3bd80df31e51d8244ef2aa62a9609c3e1e22b51bb91d6a2b22125ff615bd3a40,yes,949319,00000000000000000001167897b80c9add7c40f4481e0d4dbebf384a8bd28e82,2026-05-13 23:14:50 CDT,2026-05-14 00:06:03 CDT,2026-05-14 02:06:03 CDT,0138.json.ots__time-stamp.json,bundles/0138.json.ots__time-stamp.json,2026-05-14T03:59:56.120000+00:00,2026-05-13T10:58:02.074000+00:00,2026-05-14T10:58:02.074000+00:00,1000000,846725563f320c1685a86ac07fbc6ff5bb9280186c98ff71e5ab99ccfc07de5f,yes,bundle.artifact.bind_sha256_hex,yes,yes,yes,yes,yes,yes
0138,0138.png,bundle_png,yes,bundles/0138.png,18393,2026-05-13 22:59:51 CDT,6992a402ab80398dd145bf012d6850a07e23ed2e83fb224cc2d405a6ad19f12d,0138.png.ots,bundles/0138.png.ots,767b31e008435c419f6f79ad4a670050c340ff3c191b31c19019668ab3b6ec06,0138.png.ots.upgraded,bundles/ots_upgraded_bundle/0138.png.ots.upgraded,34a7d9598231501e6de24fa9c482b8eb8e6b089120deb61fe0c2cb5b06a49d62,anchored,6992a402ab80398dd145bf012d6850a07e23ed2e83fb224cc2d405a6ad19f12d,yes,949315,00000000000000000000d85ce083fd2ec3e33d9809b9ad6fe9165b2babd71911,2026-05-13 22:38:45 CDT,2026-05-13 23:18:37 CDT,2026-05-14 01:18:37 CDT,0138.png.ots__time-stamp.json,bundles/0138.png.ots__time-stamp.json,2026-05-14T03:59:53.585000+00:00,2026-05-13T08:23:50.532000+00:00,2026-05-14T08:23:50.532000+00:00,1000000,767b31e008435c419f6f79ad4a670050c340ff3c191b31c19019668ab3b6ec06,yes,bundle.artifact.bind_sha256_hex,yes,yes,yes,yes,yes,yes
0139,0139.json,bundle_json,yes,bundles/0139.json,6152,2026-05-13 23:00:01 CDT,ce2e6675d4ceeff430f96002a962a7ab8d0a87276ea87b86be348bd9a9d4f40d,0139.json.ots,bundles/0139.json.ots,7aec819470ee2cda8598081ed3bc44d709af5854279fe9f596316ed68f36edf7,0139.json.ots.upgraded,bundles/ots_upgraded_bundle/0139.json.ots.upgraded,d01c1114ac7d2a9d8e1432aa56eed7407aa8da8f4a6f3f28c4d46d74a98fac1e,anchored,ce2e6675d4ceeff430f96002a962a7ab8d0a87276ea87b86be348bd9a9d4f40d,yes,949319,00000000000000000001167897b80c9add7c40f4481e0d4dbebf384a8bd28e82,2026-05-13 23:14:50 CDT,2026-05-14 00:06:03 CDT,2026-05-14 02:06:03 CDT,0139.json.ots__time-stamp.json,bundles/0139.json.ots__time-stamp.json,2026-05-14T04:00:03.664000+00:00,2026-05-13T06:31:59.305000+00:00,2026-05-14T06:31:59.305000+00:00,1000000,7aec819470ee2cda8598081ed3bc44d709af5854279fe9f596316ed68f36edf7,yes,bundle.artifact.bind_sha256_hex,yes,yes,yes,yes,yes,yes
0139,0139.png,bundle_png,yes,bundles/0139.png,16016,2026-05-13 22:59:58 CDT,a2786f86f998cf49b7f85a9908e0ee0f0411a67fd1b0008b4a41b124ecc93985,0139.png.ots,bundles/0139.png.ots,ce06a286635b695e2190e73dcf6c6935f47c927f0134af1956d4325bd0c0d1ce,0139.png.ots.upgraded,bundles/ots_upgraded_bundle/0139.png.ots.upgraded,9107e24902e63f946b9e1fed32e2c6fad9275271cf4e88bac0d9a56ef7553138,anchored,a2786f86f998cf49b7f85a9908e0ee0f0411a67fd1b0008b4a41b124ecc93985,yes,949315,00000000000000000000d85ce083fd2ec3e33d9809b9ad6fe9165b2babd71911,2026-05-13 22:38:45 CDT,2026-05-13 23:18:37 CDT,2026-05-14 01:18:37 CDT,0139.png.ots__time-stamp.json,bundles/0139.png.ots__time-stamp.json,2026-05-14T04:00:01.385000+00:00,2026-05-13T10:58:02.074000+00:00,2026-05-14T10:58:02.074000+00:00,1000000,ce06a286635b695e2190e73dcf6c6935f47c927f0134af1956d4325bd0c0d1ce,yes,bundle.artifact.bind_sha256_hex,yes,yes,yes,yes,yes,yes
0140,0140.json,bundle_json,yes,bundles/0140.json,6564,2026-05-13 23:00:09 CDT,b2f58348359c73e8449bf81da81351786ac8eb62f840449ff54782eab1569ce6,0140.json.ots,bundles/0140.json.ots,07d6a3b05ff1e9a1f8c3bc1509539be9d313c0ad3a6a090e7a10c6b01132f9d2,0140.json.ots.upgraded,bundles/ots_upgraded_bundle/0140.json.ots.upgraded,91496bcb7eebf3489e8b8fb1054c69362c9b2b3f5f5ccf4b0396f3829541497f,anchored,b2f58348359c73e8449bf81da81351786ac8eb62f840449ff54782eab1569ce6,yes,949319,00000000000000000001167897b80c9add7c40f4481e0d4dbebf384a8bd28e82,2026-05-13 23:14:50 CDT,2026-05-14 00:06:03 CDT,2026-05-14 02:06:03 CDT,0140.json.ots__time-stamp.json,bundles/0140.json.ots__time-stamp.json,2026-05-14T04:00:11.665000+00:00,2026-05-13T11:50:24.007000+00:00,2026-05-14T11:50:24.007000+00:00,1000000,07d6a3b05ff1e9a1f8c3bc1509539be9d313c0ad3a6a090e7a10c6b01132f9d2,yes,bundle.artifact.bind_sha256_hex,yes,yes,yes,yes,yes,yes
0140,0140.png,bundle_png,yes,bundles/0140.png,20329,2026-05-13 23:00:06 CDT,5cf23768118f63c0969b062686f7293510a3b16d747eaf1965979f8500901817,0140.png.ots,bundles/0140.png.ots,d9aea51d279a79b3bb310fd75f3b793869463bbb79e8d969fb04180ad1f2c329,0140.png.ots.upgraded,bundles/ots_upgraded_bundle/0140.png.ots.upgraded,7ba931f35460ae05f1ccf428508d13b26401119a327c0afb13b44c6e753f9050,anchored,5cf23768118f63c0969b062686f7293510a3b16d747eaf1965979f8500901817,yes,949319,00000000000000000001167897b80c9add7c40f4481e0d4dbebf384a8bd28e82,2026-05-13 23:14:50 CDT,2026-05-14 00:06:03 CDT,2026-05-14 02:06:03 CDT,0140.png.ots__time-stamp.json,bundles/0140.png.ots__time-stamp.json,2026-05-14T04:00:09.004000+00:00,2026-05-13T09:43:31.882000+00:00,2026-05-14T09:43:31.882000+00:00,1000000,d9aea51d279a79b3bb310fd75f3b793869463bbb79e8d969fb04180ad1f2c329,yes,bundle.artifact.bind_sha256_hex,yes,yes,yes,yes,yes,yes
0141,0141.json,bundle_json,yes,bundles/0141.json,6630,2026-05-13 23:00:17 CDT,57c445b6656ce916fcf44fd743d23a6db19fdaa9f3d03877e0d56a94accf14f8,0141.json.ots,bundles/0141.json.ots,289f52068402fb0ca753d99973e3182ecfbb1bf41ebdacbf08e7691cf6136b38,0141.json.ots.upgraded,bundles/ots_upgraded_bundle/0141.json.ots.upgraded,935ee7361871ad749f320a3a7893d1e3ed96ada89d8aa5e230852e8dd065f9c7,anchored,57c445b6656ce916fcf44fd743d23a6db19fdaa9f3d03877e0d56a94accf14f8,yes,949315,00000000000000000000d85ce083fd2ec3e33d9809b9ad6fe9165b2babd71911,2026-05-13 22:38:45 CDT,2026-05-13 23:18:37 CDT,2026-05-14 01:18:37 CDT,0141.json.ots__time-stamp.json,bundles/0141.json.ots__time-stamp.json,2026-05-14T04:00:19.028000+00:00,2026-05-13T07:32:13.637000+00:00,2026-05-14T07:32:13.637000+00:00,1000000,289f52068402fb0ca753d99973e3182ecfbb1bf41ebdacbf08e7691cf6136b38,yes,bundle.artifact.bind_sha256_hex,yes,yes,yes,yes,yes,yes
0141,0141.png,bundle_png,yes,bundles/0141.png,23766,2026-05-13 23:00:13 CDT,5731f8352a9508140446ce5497c1aff9cf80d5a19836b743ac017e00ee004a27,0141.png.ots,bundles/0141.png.ots,8235780112e8d864c5e8e3c322157206e2d64182c27da4376b2338689666ef8f,0141.png.ots.upgraded,bundles/ots_upgraded_bundle/0141.png.ots.upgraded,54802f477e6b619a8dc7e8262e7a5277557057d9a332bd03e84b70529c1c1308,anchored,5731f8352a9508140446ce5497c1aff9cf80d5a19836b743ac017e00ee004a27,yes,949315,00000000000000000000d85ce083fd2ec3e33d9809b9ad6fe9165b2babd71911,2026-05-13 22:38:45 CDT,2026-05-13 23:18:37 CDT,2026-05-14 01:18:37 CDT,0141.png.ots__time-stamp.json,bundles/0141.png.ots__time-stamp.json,2026-05-14T04:00:16.785000+00:00,2026-05-13T10:01:43.892000+00:00,2026-05-14T10:01:43.892000+00:00,1000000,8235780112e8d864c5e8e3c322157206e2d64182c27da4376b2338689666ef8f,yes,bundle.artifact.bind_sha256_hex,yes,yes,yes,yes,yes,yes
0142,0142.json,bundle_json,yes,bundles/0142.json,6426,2026-05-13 23:00:24 CDT,ed488e6bd1f028a669b3fef595b8f88c2049f1a71b430263bc4dd847298c86e1,0142.json.ots,bundles/0142.json.ots,1ef05625f9d0a5959bf00d0024dfbe3f196849e6792d74366d348c6986b48845,0142.json.ots.upgraded,bundles/ots_upgraded_bundle/0142.json.ots.upgraded,8c14b738912a817fab95676909be8d8b86c0692dcac85cb10ac966d8e9a11ee7,anchored,ed488e6bd1f028a669b3fef595b8f88c2049f1a71b430263bc4dd847298c86e1,yes,949315,00000000000000000000d85ce083fd2ec3e33d9809b9ad6fe9165b2babd71911,2026-05-13 22:38:45 CDT,2026-05-13 23:18:37 CDT,2026-05-14 01:18:37 CDT,0142.json.ots__time-stamp.json,bundles/0142.json.ots__time-stamp.json,2026-05-14T04:00:26.705000+00:00,2026-05-13T11:50:24.007000+00:00,2026-05-14T11:50:24.007000+00:00,1000000,1ef05625f9d0a5959bf00d0024dfbe3f196849e6792d74366d348c6986b48845,yes,bundle.artifact.bind_sha256_hex,yes,yes,yes,yes,yes,yes
0142,0142.png,bundle_png,yes,bundles/0142.png,19268,2026-05-13 23:00:21 CDT,0e909424c0a589d89a0efce0b6587a3362cf04d77efee81f4edc8a1e5272baf0,0142.png.ots,bundles/0142.png.ots,5df0a31745cb7f12e886c836108a10cb770c8133f514d0fcf40d7b583937238d,0142.png.ots.upgraded,bundles/ots_upgraded_bundle/0142.png.ots.upgraded,887c86b1aa0ff5d9d92a24d2263efa0185dffb7c51fa7db949f92cdc19ced904,anchored,0e909424c0a589d89a0efce0b6587a3362cf04d77efee81f4edc8a1e5272baf0,yes,949315,00000000000000000000d85ce083fd2ec3e33d9809b9ad6fe9165b2babd71911,2026-05-13 22:38:45 CDT,2026-05-13 23:18:37 CDT,2026-05-14 01:18:37 CDT,0142.png.ots__time-stamp.json,bundles/0142.png.ots__time-stamp.json,2026-05-14T04:00:24.064000+00:00,2026-05-13T07:35:20.866000+00:00,2026-05-14T07:35:20.866000+00:00,1000000,5df0a31745cb7f12e886c836108a10cb770c8133f514d0fcf40d7b583937238d,yes,bundle.artifact.bind_sha256_hex,yes,yes,yes,yes,yes,yes
0143,0143.json,bundle_json,yes,bundles/0143.json,6433,2026-05-13 23:00:32 CDT,a7dc50fdae8c8f0327ec1fe65505516a1afdf0de7d5bdbfff4d1ac1373efa8e9,0143.json.ots,bundles/0143.json.ots,1b515cb1f461f50884f7c84e0039bbc0ccc03688e7794b957e4fa73bfe0009a3,0143.json.ots.upgraded,bundles/ots_upgraded_bundle/0143.json.ots.upgraded,126f2d155aca9c48498adc317472df6dbaf752988999e2cd2af3b7b23a4a3445,anchored,a7dc50fdae8c8f0327ec1fe65505516a1afdf0de7d5bdbfff4d1ac1373efa8e9,yes,949315,00000000000000000000d85ce083fd2ec3e33d9809b9ad6fe9165b2babd71911,2026-05-13 22:38:45 CDT,2026-05-13 23:18:37 CDT,2026-05-14 01:18:37 CDT,0143.json.ots__time-stamp.json,bundles/0143.json.ots__time-stamp.json,2026-05-14T04:00:34.117000+00:00,2026-05-13T07:26:49.378000+00:00,2026-05-14T07:26:49.378000+00:00,1000000,1b515cb1f461f50884f7c84e0039bbc0ccc03688e7794b957e4fa73bfe0009a3,yes,bundle.artifact.bind_sha256_hex,yes,yes,yes,yes,yes,yes
0143,0143.png,bundle_png,yes,bundles/0143.png,22576,2026-05-13 23:00:29 CDT,3f9eeb3fb9aa2313c5028f291866da29ba6cdc7dcb223bc24349be643b0ed32c,0143.png.ots,bundles/0143.png.ots,0beaa3cc2d7766872b04b7371183449b9a11c3dd50d687a4c2f9e2289b411ec1,0143.png.ots.upgraded,bundles/ots_upgraded_bundle/0143.png.ots.upgraded,2244901e76d9c5870adfdf13c3dac3f899c7290d1ea3b60888be0a59f9e4a45a,anchored,3f9eeb3fb9aa2313c5028f291866da29ba6cdc7dcb223bc24349be643b0ed32c,yes,949315,00000000000000000000d85ce083fd2ec3e33d9809b9ad6fe9165b2babd71911,2026-05-13 22:38:45 CDT,2026-05-13 23:18:37 CDT,2026-05-14 01:18:37 CDT,0143.png.ots__time-stamp.json,bundles/0143.png.ots__time-stamp.json,2026-05-14T04:00:31.885000+00:00,2026-05-13T07:32:13.637000+00:00,2026-05-14T07:32:13.637000+00:00,1000000,0beaa3cc2d7766872b04b7371183449b9a11c3dd50d687a4c2f9e2289b411ec1,yes,bundle.artifact.bind_sha256_hex,yes,yes,yes,yes,yes,yes
0144,0144.json,bundle_json,yes,bundles/0144.json,6063,2026-05-13 23:00:40 CDT,435421c8004d09d923d6c54c86933eb62fbc4d1490e233d9b3343c270ec5439f,0144.json.ots,bundles/0144.json.ots,753d2898b3afdf4900ba70ccafb3385877d615e1b093dd4148f8331140b3b601,0144.json.ots.upgraded,bundles/ots_upgraded_bundle/0144.json.ots.upgraded,f7e82409e53bf5d0ac04cb852b7f9935cbe9061cb566bf105415f1655f3d59e6,anchored,435421c8004d09d923d6c54c86933eb62fbc4d1490e233d9b3343c270ec5439f,yes,949319,00000000000000000001167897b80c9add7c40f4481e0d4dbebf384a8bd28e82,2026-05-13 23:14:50 CDT,2026-05-14 00:06:03 CDT,2026-05-14 02:06:03 CDT,0144.json.ots__time-stamp.json,bundles/0144.json.ots__time-stamp.json,2026-05-14T04:00:42.245000+00:00,2026-05-13T07:50:12.083000+00:00,2026-05-14T07:50:12.083000+00:00,1000000,753d2898b3afdf4900ba70ccafb3385877d615e1b093dd4148f8331140b3b601,yes,bundle.artifact.bind_sha256_hex,yes,yes,yes,yes,yes,yes
0144,0144.png,bundle_png,yes,bundles/0144.png,19614,2026-05-13 23:00:36 CDT,9dfa8ed22a975d9e924bbf8ef370c96c58f1cb6afdf375de7fb5dab9b7a82ed2,0144.png.ots,bundles/0144.png.ots,4af8576e9fae49dab3bb38af5af8703c8bab89cd407e6545636157cfc968befc,0144.png.ots.upgraded,bundles/ots_upgraded_bundle/0144.png.ots.upgraded,10c05b6c4a872032454ff7cc5faa56c94fe8944b26310b8ea106b48aaefad1c7,anchored,9dfa8ed22a975d9e924bbf8ef370c96c58f1cb6afdf375de7fb5dab9b7a82ed2,yes,949315,00000000000000000000d85ce083fd2ec3e33d9809b9ad6fe9165b2babd71911,2026-05-13 22:38:45 CDT,2026-05-13 23:18:37 CDT,2026-05-14 01:18:37 CDT,0144.png.ots__time-stamp.json,bundles/0144.png.ots__time-stamp.json,2026-05-14T04:00:39.909000+00:00,2026-05-13T06:31:59.305000+00:00,2026-05-14T06:31:59.305000+00:00,1000000,4af8576e9fae49dab3bb38af5af8703c8bab89cd407e6545636157cfc968befc,yes,bundle.artifact.bind_sha256_hex,yes,yes,yes,yes,yes,yes
0145,0145.json,bundle_json,yes,bundles/0145.json,6064,2026-05-13 23:00:48 CDT,70c47b640a0bab7af63c4cfb96a799822695609e8acc44392e0c13793cf27c74,0145.json.ots,bundles/0145.json.ots,f9932bf3d47b8ded36dfeedd9f204de7796b1c8fd04fe39f8e2920fcedc5a550,0145.json.ots.upgraded,bundles/ots_upgraded_bundle/0145.json.ots.upgraded,3ab0af6b97b4cd852a30320dff2d8e9e5cfdf562d9c2a2140829acfed022e92e,anchored,70c47b640a0bab7af63c4cfb96a799822695609e8acc44392e0c13793cf27c74,yes,949315,00000000000000000000d85ce083fd2ec3e33d9809b9ad6fe9165b2babd71911,2026-05-13 22:38:45 CDT,2026-05-13 23:18:37 CDT,2026-05-14 01:18:37 CDT,0145.json.ots__time-stamp.json,bundles/0145.json.ots__time-stamp.json,2026-05-14T04:00:50.185000+00:00,2026-05-13T07:35:20.866000+00:00,2026-05-14T07:35:20.866000+00:00,1000000,f9932bf3d47b8ded36dfeedd9f204de7796b1c8fd04fe39f8e2920fcedc5a550,yes,bundle.artifact.bind_sha256_hex,yes,yes,yes,yes,yes,yes
0145,0145.png,bundle_png,yes,bundles/0145.png,22078,2026-05-13 23:00:44 CDT,0b55fc0fab84bdefde1ca0ce0bb07cbd422facd92b6a9dbc06f012ae3b46794d,0145.png.ots,bundles/0145.png.ots,d33638655fcbd333ed7ea54917f90840b9a205bd2d830ed31afde64e2e64b481,0145.png.ots.upgraded,bundles/ots_upgraded_bundle/0145.png.ots.upgraded,6e44945372d7987c04acc9db28bbeecdd133566cf51aab46057c329d98311638,anchored,0b55fc0fab84bdefde1ca0ce0bb07cbd422facd92b6a9dbc06f012ae3b46794d,yes,949319,00000000000000000001167897b80c9add7c40f4481e0d4dbebf384a8bd28e82,2026-05-13 23:14:50 CDT,2026-05-14 00:06:03 CDT,2026-05-14 02:06:03 CDT,0145.png.ots__time-stamp.json,bundles/0145.png.ots__time-stamp.json,2026-05-14T04:00:47.922000+00:00,2026-05-13T06:40:25.129000+00:00,2026-05-14T06:40:25.129000+00:00,1000000,d33638655fcbd333ed7ea54917f90840b9a205bd2d830ed31afde64e2e64b481,yes,bundle.artifact.bind_sha256_hex,yes,yes,yes,yes,yes,yes
0146,0146.json,bundle_json,yes,bundles/0146.json,6068,2026-05-13 23:00:55 CDT,e68f91a1833148816125c45efbb368514e2c20e05d92470ff560e18528cdbf60,0146.json.ots,bundles/0146.json.ots,0f641c803f67da5f1005e655199191d2b5c0d8a14e335420b994f247c4266cde,0146.json.ots.upgraded,bundles/ots_upgraded_bundle/0146.json.ots.upgraded,4fae8fd8e732bbd7271576495387fe50467dd8a96a674bde3fd554b5265e26b5,anchored,e68f91a1833148816125c45efbb368514e2c20e05d92470ff560e18528cdbf60,yes,949315,00000000000000000000d85ce083fd2ec3e33d9809b9ad6fe9165b2babd71911,2026-05-13 22:38:45 CDT,2026-05-13 23:18:37 CDT,2026-05-14 01:18:37 CDT,0146.json.ots__time-stamp.json,bundles/0146.json.ots__time-stamp.json,2026-05-14T04:00:57.905000+00:00,2026-05-13T06:40:25.129000+00:00,2026-05-14T06:40:25.129000+00:00,1000000,0f641c803f67da5f1005e655199191d2b5c0d8a14e335420b994f247c4266cde,yes,bundle.artifact.bind_sha256_hex,yes,yes,yes,yes,yes,yes
0146,0146.png,bundle_png,yes,bundles/0146.png,21649,2026-05-13 23:00:52 CDT,4f1178d1a5697673ae258c7ed3a24a8247eb2d2d275cc89f3cd3dbb713a1b93b,0146.png.ots,bundles/0146.png.ots,20f17c51375416d9b057e5572cad45843079241e430bf4ac5795bfff5b36c4e9,0146.png.ots.upgraded,bundles/ots_upgraded_bundle/0146.png.ots.upgraded,6610b6b6e95d8c4e3633541779b8c789c8f54916e3eecda2a5b5420c88a9023a,anchored,4f1178d1a5697673ae258c7ed3a24a8247eb2d2d275cc89f3cd3dbb713a1b93b,yes,949315,00000000000000000000d85ce083fd2ec3e33d9809b9ad6fe9165b2babd71911,2026-05-13 22:38:45 CDT,2026-05-13 23:18:37 CDT,2026-05-14 01:18:37 CDT,0146.png.ots__time-stamp.json,bundles/0146.png.ots__time-stamp.json,2026-05-14T04:00:55.270000+00:00,2026-05-13T09:16:05.223000+00:00,2026-05-14T09:16:05.223000+00:00,1000000,20f17c51375416d9b057e5572cad45843079241e430bf4ac5795bfff5b36c4e9,yes,bundle.artifact.bind_sha256_hex,yes,yes,yes,yes,yes,yes
0147,0147.json,bundle_json,yes,bundles/0147.json,6066,2026-05-13 23:01:03 CDT,ed9cf9a764738bb2454c84cf917fe10e5f61d08e7a4e04e87ca5a5838b15b1aa,0147.json.ots,bundles/0147.json.ots,ac40b973164eb51e8b800c6ece6338b41a8cd8313ffe7caff071b6aad14b51a8,0147.json.ots.upgraded,bundles/ots_upgraded_bundle/0147.json.ots.upgraded,b5e26a5695cc0e1795371bc45e7825dd4d7193656f2e5ee432cd2a8aac9d29ff,anchored,ed9cf9a764738bb2454c84cf917fe10e5f61d08e7a4e04e87ca5a5838b15b1aa,yes,949319,00000000000000000001167897b80c9add7c40f4481e0d4dbebf384a8bd28e82,2026-05-13 23:14:50 CDT,2026-05-14 00:06:03 CDT,2026-05-14 02:06:03 CDT,0147.json.ots__time-stamp.json,bundles/0147.json.ots__time-stamp.json,2026-05-14T04:01:05.287000+00:00,2026-05-13T11:50:24.007000+00:00,2026-05-14T11:50:24.007000+00:00,1000000,ac40b973164eb51e8b800c6ece6338b41a8cd8313ffe7caff071b6aad14b51a8,yes,bundle.artifact.bind_sha256_hex,yes,yes,yes,yes,yes,yes
0147,0147.png,bundle_png,yes,bundles/0147.png,21875,2026-05-13 23:01:00 CDT,97a606480bbda1f1579734d78e6a0a641fed4ce863d57d1197b480ad561a445c,0147.png.ots,bundles/0147.png.ots,a99a0b19b1f5af03168f6158d77e9e63df3f7ee72bc1cc1184188f915326e7cb,0147.png.ots.upgraded,bundles/ots_upgraded_bundle/0147.png.ots.upgraded,cf42bddeb2cf75fa6587070c809763e0e9368bdd32e221f455224026fd405ec5,anchored,97a606480bbda1f1579734d78e6a0a641fed4ce863d57d1197b480ad561a445c,yes,949315,00000000000000000000d85ce083fd2ec3e33d9809b9ad6fe9165b2babd71911,2026-05-13 22:38:45 CDT,2026-05-13 23:18:37 CDT,2026-05-14 01:18:37 CDT,0147.png.ots__time-stamp.json,bundles/0147.png.ots__time-stamp.json,2026-05-14T04:01:02.865000+00:00,2026-05-13T08:10:30.590000+00:00,2026-05-14T08:10:30.590000+00:00,1000000,a99a0b19b1f5af03168f6158d77e9e63df3f7ee72bc1cc1184188f915326e7cb,yes,bundle.artifact.bind_sha256_hex,yes,yes,yes,yes,yes,yes
0148,0148.json,bundle_json,yes,bundles/0148.json,6080,2026-05-13 23:01:11 CDT,0965e7de3e11ab00cda286661a3e3692f10601e5ea08dd9081a342eed2ca2b62,0148.json.ots,bundles/0148.json.ots,0d90e2d824e2eef2ce4f2ad1787a4abb9b2c7ab66adb120f0dd25dbc558cbab6,0148.json.ots.upgraded,bundles/ots_upgraded_bundle/0148.json.ots.upgraded,47c61da3f43d5d88b1a6b8724f9b048b6ac30294393c3f80168096ea817b410a,anchored,0965e7de3e11ab00cda286661a3e3692f10601e5ea08dd9081a342eed2ca2b62,yes,949315,00000000000000000000d85ce083fd2ec3e33d9809b9ad6fe9165b2babd71911,2026-05-13 22:38:45 CDT,2026-05-13 23:18:37 CDT,2026-05-14 01:18:37 CDT,0148.json.ots__time-stamp.json,bundles/0148.json.ots__time-stamp.json,2026-05-14T04:01:13.325000+00:00,2026-05-13T10:01:43.892000+00:00,2026-05-14T10:01:43.892000+00:00,1000000,0d90e2d824e2eef2ce4f2ad1787a4abb9b2c7ab66adb120f0dd25dbc558cbab6,yes,bundle.artifact.bind_sha256_hex,yes,yes,yes,yes,yes,yes
0148,0148.png,bundle_png,yes,bundles/0148.png,20792,2026-05-13 23:01:08 CDT,4e627fdfd30e02f52f04ebc5c8eeae497b424ddc7e214e8b980f2b51da3ac18e,0148.png.ots,bundles/0148.png.ots,72072287c5b489e16d24c4d411b6f629ff9c1b0ed9a88b9fa1b70872ec83cd16,0148.png.ots.upgraded,bundles/ots_upgraded_bundle/0148.png.ots.upgraded,b7bd66b2c9736a9e5aed79deedb732edc88e9f159c51fa4497dd88462c43d4d5,anchored,4e627fdfd30e02f52f04ebc5c8eeae497b424ddc7e214e8b980f2b51da3ac18e,yes,949315,00000000000000000000d85ce083fd2ec3e33d9809b9ad6fe9165b2babd71911,2026-05-13 22:38:45 CDT,2026-05-13 23:18:37 CDT,2026-05-14 01:18:37 CDT,0148.png.ots__time-stamp.json,bundles/0148.png.ots__time-stamp.json,2026-05-14T04:01:10.909000+00:00,2026-05-13T07:35:20.866000+00:00,2026-05-14T07:35:20.866000+00:00,1000000,72072287c5b489e16d24c4d411b6f629ff9c1b0ed9a88b9fa1b70872ec83cd16,yes,bundle.artifact.bind_sha256_hex,yes,yes,yes,yes,yes,yes
0149,0149.json,bundle_json,yes,bundles/0149.json,6078,2026-05-13 23:01:18 CDT,2259e81bb9ae00769eca0ae06468984a4981bb1cab30475ebbf3a8097f577a7c,0149.json.ots,bundles/0149.json.ots,3bfc9bd137730896e078db03406b40213f3325a6eeb1634757d4c058d7dd863c,0149.json.ots.upgraded,bundles/ots_upgraded_bundle/0149.json.ots.upgraded,6222410253c5b6cc67b11a4f0904bc81d2ce49762935b75654fd08faee48b161,anchored,2259e81bb9ae00769eca0ae06468984a4981bb1cab30475ebbf3a8097f577a7c,yes,949319,00000000000000000001167897b80c9add7c40f4481e0d4dbebf384a8bd28e82,2026-05-13 23:14:50 CDT,2026-05-14 00:06:03 CDT,2026-05-14 02:06:03 CDT,0149.json.ots__time-stamp.json,bundles/0149.json.ots__time-stamp.json,2026-05-14T04:01:20.925000+00:00,2026-05-13T10:49:29.465000+00:00,2026-05-14T10:49:29.465000+00:00,1000000,3bfc9bd137730896e078db03406b40213f3325a6eeb1634757d4c058d7dd863c,yes,bundle.artifact.bind_sha256_hex,yes,yes,yes,yes,yes,yes
0149,0149.png,bundle_png,yes,bundles/0149.png,29479,2026-05-13 23:01:15 CDT,0cf616ca3a4b54ecd79c7fefaaaa2e739bc5feefde4aaee9e4fbcb7e19927125,0149.png.ots,bundles/0149.png.ots,7a3dc4d22efdb53743aa4b8634e27187416f0718a3ad57a49bc5d0ab5b7104fc,0149.png.ots.upgraded,bundles/ots_upgraded_bundle/0149.png.ots.upgraded,645b90a557ea08b2c3a95671151afc5207b058d4f6c7f97b66cafeb095d339a7,anchored,0cf616ca3a4b54ecd79c7fefaaaa2e739bc5feefde4aaee9e4fbcb7e19927125,yes,949315,00000000000000000000d85ce083fd2ec3e33d9809b9ad6fe9165b2babd71911,2026-05-13 22:38:45 CDT,2026-05-13 23:18:37 CDT,2026-05-14 01:18:37 CDT,0149.png.ots__time-stamp.json,bundles/0149.png.ots__time-stamp.json,2026-05-14T04:01:18.345000+00:00,2026-05-13T09:43:31.882000+00:00,2026-05-14T09:43:31.882000+00:00,1000000,7a3dc4d22efdb53743aa4b8634e27187416f0718a3ad57a49bc5d0ab5b7104fc,yes,bundle.artifact.bind_sha256_hex,yes,yes,yes,yes,yes,yes
0150,0150.json,bundle_json,yes,bundles/0150.json,6086,2026-05-13 23:01:26 CDT,e297d60de7781c3450fb4aedd09ca86cc47a204c4914151c22729a2aab8ad51f,0150.json.ots,bundles/0150.json.ots,7bfd7da4f7f5af5451fd53297ab7d89726b044cb5d044a11b7e30976c44e6124,0150.json.ots.upgraded,bundles/ots_upgraded_bundle/0150.json.ots.upgraded,4a52cef44f927592a754ddc13b666d1b56e51ed8ea06288e6959318b59859b60,anchored,e297d60de7781c3450fb4aedd09ca86cc47a204c4914151c22729a2aab8ad51f,yes,949319,00000000000000000001167897b80c9add7c40f4481e0d4dbebf384a8bd28e82,2026-05-13 23:14:50 CDT,2026-05-14 00:06:03 CDT,2026-05-14 02:06:03 CDT,0150.json.ots__time-stamp.json,bundles/0150.json.ots__time-stamp.json,2026-05-14T04:01:28.604000+00:00,2026-05-13T11:50:24.007000+00:00,2026-05-14T11:50:24.007000+00:00,1000000,7bfd7da4f7f5af5451fd53297ab7d89726b044cb5d044a11b7e30976c44e6124,yes,bundle.artifact.bind_sha256_hex,yes,yes,yes,yes,yes,yes
0150,0150.png,bundle_png,yes,bundles/0150.png,29039,2026-05-13 23:01:23 CDT,790a09084fdd89d443e35df5d5179421dd61e437d9a39ea5299c8c43cd3d4525,0150.png.ots,bundles/0150.png.ots,4377457c3f4e1bcc641c7a90b045cf44a87555d440d1d72179e988067e3ccace,0150.png.ots.upgraded,bundles/ots_upgraded_bundle/0150.png.ots.upgraded,317ecc1ca35163deea2d0b8739120874cf8e4e74125d93a96aa49ade1139638e,anchored,790a09084fdd89d443e35df5d5179421dd61e437d9a39ea5299c8c43cd3d4525,yes,949315,00000000000000000000d85ce083fd2ec3e33d9809b9ad6fe9165b2babd71911,2026-05-13 22:38:45 CDT,2026-05-13 23:18:37 CDT,2026-05-14 01:18:37 CDT,0150.png.ots__time-stamp.json,bundles/0150.png.ots__time-stamp.json,2026-05-14T04:01:26.069000+00:00,2026-05-13T09:43:31.882000+00:00,2026-05-14T09:43:31.882000+00:00,1000000,4377457c3f4e1bcc641c7a90b045cf44a87555d440d1d72179e988067e3ccace,yes,bundle.artifact.bind_sha256_hex,yes,yes,yes,yes,yes,yes
0151,0151.json,bundle_json,yes,bundles/0151.json,6050,2026-05-13 23:01:34 CDT,34cb5a8ddcc2c12cfdb66e57934a915c153f5a6d32b92c52c7617570e54b4fd2,0151.json.ots,bundles/0151.json.ots,67606cc75562ee020a972cf2e331b824bbf56e1979161956698aba53371ec919,0151.json.ots.upgraded,bundles/ots_upgraded_bundle/0151.json.ots.upgraded,b9fe1df41984b20e4fcbfd1d1fec87fbd05f38a37f49ebd4e48f914f8f963233,anchored,34cb5a8ddcc2c12cfdb66e57934a915c153f5a6d32b92c52c7617570e54b4fd2,yes,949319,00000000000000000001167897b80c9add7c40f4481e0d4dbebf384a8bd28e82,2026-05-13 23:14:50 CDT,2026-05-14 00:06:03 CDT,2026-05-14 02:06:03 CDT,0151.json.ots__time-stamp.json,bundles/0151.json.ots__time-stamp.json,2026-05-14T04:01:36.345000+00:00,2026-05-13T10:49:29.465000+00:00,2026-05-14T10:49:29.465000+00:00,1000000,67606cc75562ee020a972cf2e331b824bbf56e1979161956698aba53371ec919,yes,bundle.artifact.bind_sha256_hex,yes,yes,yes,yes,yes,yes
0151,0151.png,bundle_png,yes,bundles/0151.png,29369,2026-05-13 23:01:31 CDT,df8a6fe478269f715f32043efee8d54eb9a09e45726b6a17b17ea7124417c901,0151.png.ots,bundles/0151.png.ots,aa29117f1a0c5b065a126ff189aaac5ab1270e9f482b06a8fb97e0cb023a8813,0151.png.ots.upgraded,bundles/ots_upgraded_bundle/0151.png.ots.upgraded,3804b37353aaa558fdc3a6fe02e587741a1645a09c4e47bd6916d2fbac19ba91,anchored,df8a6fe478269f715f32043efee8d54eb9a09e45726b6a17b17ea7124417c901,yes,949315,00000000000000000000d85ce083fd2ec3e33d9809b9ad6fe9165b2babd71911,2026-05-13 22:38:45 CDT,2026-05-13 23:18:37 CDT,2026-05-14 01:18:37 CDT,0151.png.ots__time-stamp.json,bundles/0151.png.ots__time-stamp.json,2026-05-14T04:01:33.965000+00:00,2026-05-13T23:25:23.999000+00:00,2026-05-14T23:25:23.999000+00:00,1000000,aa29117f1a0c5b065a126ff189aaac5ab1270e9f482b06a8fb97e0cb023a8813,yes,bundle.artifact.bind_sha256_hex,yes,yes,yes,yes,yes,yes
0152,0152.json,bundle_json,yes,bundles/0152.json,6050,2026-05-13 23:01:41 CDT,79430c6bb535ba36e580662875ffaa79d48045f47223c96436c65f7a31a94ccb,0152.json.ots,bundles/0152.json.ots,7cf3b72574cdd4164edbd4e387e4f7899aec7391cb674df1ebbe44dd7b40e26a,0152.json.ots.upgraded,bundles/ots_upgraded_bundle/0152.json.ots.upgraded,c0527842b4891510a049db49223fc9715b87f993afc463e112d8ac848eac72b7,anchored,79430c6bb535ba36e580662875ffaa79d48045f47223c96436c65f7a31a94ccb,yes,949315,00000000000000000000d85ce083fd2ec3e33d9809b9ad6fe9165b2babd71911,2026-05-13 22:38:45 CDT,2026-05-13 23:18:37 CDT,2026-05-14 01:18:37 CDT,0152.json.ots__time-stamp.json,bundles/0152.json.ots__time-stamp.json,2026-05-14T04:01:44.024000+00:00,2026-05-13T07:32:13.637000+00:00,2026-05-14T07:32:13.637000+00:00,1000000,7cf3b72574cdd4164edbd4e387e4f7899aec7391cb674df1ebbe44dd7b40e26a,yes,bundle.artifact.bind_sha256_hex,yes,yes,yes,yes,yes,yes
0152,0152.png,bundle_png,yes,bundles/0152.png,22562,2026-05-13 23:01:38 CDT,fcb9478c5f380fb207eaaf344a89300fdbdbc8b489436a4670ffd90d5c5ca9d4,0152.png.ots,bundles/0152.png.ots,9e905429004c4eb875f86cc2b025106f32e88a6295ec952560c4886abceaf8ab,0152.png.ots.upgraded,bundles/ots_upgraded_bundle/0152.png.ots.upgraded,efedaf4571af8caa3fba3e689ea363de798fbf8b7094e3df6665762da60b2336,anchored,fcb9478c5f380fb207eaaf344a89300fdbdbc8b489436a4670ffd90d5c5ca9d4,yes,949319,00000000000000000001167897b80c9add7c40f4481e0d4dbebf384a8bd28e82,2026-05-13 23:14:50 CDT,2026-05-14 00:06:03 CDT,2026-05-14 02:06:03 CDT,0152.png.ots__time-stamp.json,bundles/0152.png.ots__time-stamp.json,2026-05-14T04:01:41.360000+00:00,2026-05-13T07:42:55.719000+00:00,2026-05-14T07:42:55.719000+00:00,1000000,9e905429004c4eb875f86cc2b025106f32e88a6295ec952560c4886abceaf8ab,yes,bundle.artifact.bind_sha256_hex,yes,yes,yes,yes,yes,yes
0153,0153.json,bundle_json,yes,bundles/0153.json,6048,2026-05-13 23:01:49 CDT,b0bf4a67cfd7b8a910d02b3c1177ee9a0f2c147b7624a5253acadf245ea7157b,0153.json.ots,bundles/0153.json.ots,be92a0e23c43fc4aa5b6a97000abc7de683191836daa8dcfbfa2387efb218804,0153.json.ots.upgraded,bundles/ots_upgraded_bundle/0153.json.ots.upgraded,a54de8573b184a9c20bd5a5b4a66559dda412f50abf1ce14870ad4603046d356,anchored,b0bf4a67cfd7b8a910d02b3c1177ee9a0f2c147b7624a5253acadf245ea7157b,yes,949319,00000000000000000001167897b80c9add7c40f4481e0d4dbebf384a8bd28e82,2026-05-13 23:14:50 CDT,2026-05-14 00:06:03 CDT,2026-05-14 02:06:03 CDT,0153.json.ots__time-stamp.json,bundles/0153.json.ots__time-stamp.json,2026-05-14T04:01:51.409000+00:00,2026-05-13T09:43:31.882000+00:00,2026-05-14T09:43:31.882000+00:00,1000000,be92a0e23c43fc4aa5b6a97000abc7de683191836daa8dcfbfa2387efb218804,yes,bundle.artifact.bind_sha256_hex,yes,yes,yes,yes,yes,yes
0153,0153.png,bundle_png,yes,bundles/0153.png,24766,2026-05-13 23:01:46 CDT,6143dc03d335b46b877b4abc38aa7970ca293b6f7be2c7b416c719e346964dc7,0153.png.ots,bundles/0153.png.ots,22350181d40eef9475a5638093bd3646a3d85b7147cfa393bd196eb369adf4bb,0153.png.ots.upgraded,bundles/ots_upgraded_bundle/0153.png.ots.upgraded,ed5d0c333f9469ca42d800e89a93797d5cf94a2016b8efe92b45157c0d339178,anchored,6143dc03d335b46b877b4abc38aa7970ca293b6f7be2c7b416c719e346964dc7,yes,949319,00000000000000000001167897b80c9add7c40f4481e0d4dbebf384a8bd28e82,2026-05-13 23:14:50 CDT,2026-05-14 00:06:03 CDT,2026-05-14 02:06:03 CDT,0153.png.ots__time-stamp.json,bundles/0153.png.ots__time-stamp.json,2026-05-14T04:01:49.150000+00:00,2026-05-13T06:31:59.305000+00:00,2026-05-14T06:31:59.305000+00:00,1000000,22350181d40eef9475a5638093bd3646a3d85b7147cfa393bd196eb369adf4bb,yes,bundle.artifact.bind_sha256_hex,yes,yes,yes,yes,yes,yes
0154,0154.json,bundle_json,yes,bundles/0154.json,6050,2026-05-13 23:01:56 CDT,eaa05e5249bad7a6849ab9d2173c5025e3ceba0d68a5370be4d137a4631f4857,0154.json.ots,bundles/0154.json.ots,a36d377a99683f52719cfd049a52d7c7c69d1550c79b38e7d292fbbe70da5efd,0154.json.ots.upgraded,bundles/ots_upgraded_bundle/0154.json.ots.upgraded,3741c7afbb839c305c58ad31db959ea08aa31fa10a02d497091f82b924571556,anchored,eaa05e5249bad7a6849ab9d2173c5025e3ceba0d68a5370be4d137a4631f4857,yes,949315,00000000000000000000d85ce083fd2ec3e33d9809b9ad6fe9165b2babd71911,2026-05-13 22:38:45 CDT,2026-05-13 23:18:37 CDT,2026-05-14 01:18:37 CDT,0154.json.ots__time-stamp.json,bundles/0154.json.ots__time-stamp.json,2026-05-14T04:01:59.065000+00:00,2026-05-13T07:42:55.719000+00:00,2026-05-14T07:42:55.719000+00:00,1000000,a36d377a99683f52719cfd049a52d7c7c69d1550c79b38e7d292fbbe70da5efd,yes,bundle.artifact.bind_sha256_hex,yes,yes,yes,yes,yes,yes
0154,0154.png,bundle_png,yes,bundles/0154.png,12799,2026-05-13 23:01:54 CDT,a174289f4455814bcdaf445c0ccc720dd1c074f1d702699f6fca68010f73a21e,0154.png.ots,bundles/0154.png.ots,2105f7d4794059f1db011c85b66dfb6a2dc2de9dd03b34e709d2cc7011084cb9,0154.png.ots.upgraded,bundles/ots_upgraded_bundle/0154.png.ots.upgraded,29df3b0ab23b10c96f13079146504f057b4cb61a05c41fdeaeb82b3bf11cc95b,anchored,a174289f4455814bcdaf445c0ccc720dd1c074f1d702699f6fca68010f73a21e,yes,949319,00000000000000000001167897b80c9add7c40f4481e0d4dbebf384a8bd28e82,2026-05-13 23:14:50 CDT,2026-05-14 00:06:03 CDT,2026-05-14 02:06:03 CDT,0154.png.ots__time-stamp.json,bundles/0154.png.ots__time-stamp.json,2026-05-14T04:01:56.414000+00:00,2026-05-13T09:43:31.882000+00:00,2026-05-14T09:43:31.882000+00:00,1000000,2105f7d4794059f1db011c85b66dfb6a2dc2de9dd03b34e709d2cc7011084cb9,yes,bundle.artifact.bind_sha256_hex,yes,yes,yes,yes,yes,yes
0155,0155.json,bundle_json,yes,bundles/0155.json,6378,2026-05-13 23:02:04 CDT,b78ed849db4e9ea198a98a562df2734be0e740c88f574ed50fe2fa3da3b288af,0155.json.ots,bundles/0155.json.ots,b2f78ea3be3e00d71d8c81544edba5a48687df1573e41d7b1b3174bca1a9c79d,0155.json.ots.upgraded,bundles/ots_upgraded_bundle/0155.json.ots.upgraded,6b80f621d0cbb2d2c2d5fb269bbbdc984651aff788786c7161f0f640f4974313,anchored,b78ed849db4e9ea198a98a562df2734be0e740c88f574ed50fe2fa3da3b288af,yes,949315,00000000000000000000d85ce083fd2ec3e33d9809b9ad6fe9165b2babd71911,2026-05-13 22:38:45 CDT,2026-05-13 23:18:37 CDT,2026-05-14 01:18:37 CDT,0155.json.ots__time-stamp.json,bundles/0155.json.ots__time-stamp.json,2026-05-14T04:02:07.110000+00:00,2026-05-13T07:42:55.719000+00:00,2026-05-14T07:42:55.719000+00:00,1000000,b2f78ea3be3e00d71d8c81544edba5a48687df1573e41d7b1b3174bca1a9c79d,yes,bundle.artifact.bind_sha256_hex,yes,yes,yes,yes,yes,yes
0155,0155.png,bundle_png,yes,bundles/0155.png,22890,2026-05-13 23:02:01 CDT,3902383b4649a2c142edca52e565a63f7c637912ab6d73b6a9fd078d3188c2d9,0155.png.ots,bundles/0155.png.ots,b410faf75e7b1b867f3e1343f126c08605867c0d6330a200068f6e39a40c50e3,0155.png.ots.upgraded,bundles/ots_upgraded_bundle/0155.png.ots.upgraded,821f582fbc4c787fdf488ea4fc75101b7b82d6df169baa4242ef9a4c8d3dda36,anchored,3902383b4649a2c142edca52e565a63f7c637912ab6d73b6a9fd078d3188c2d9,yes,949315,00000000000000000000d85ce083fd2ec3e33d9809b9ad6fe9165b2babd71911,2026-05-13 22:38:45 CDT,2026-05-13 23:18:37 CDT,2026-05-14 01:18:37 CDT,0155.png.ots__time-stamp.json,bundles/0155.png.ots__time-stamp.json,2026-05-14T04:02:04.405000+00:00,2026-05-13T07:50:12.083000+00:00,2026-05-14T07:50:12.083000+00:00,1000000,b410faf75e7b1b867f3e1343f126c08605867c0d6330a200068f6e39a40c50e3,yes,bundle.artifact.bind_sha256_hex,yes,yes,yes,yes,yes,yes
0156,0156.json,bundle_json,yes,bundles/0156.json,5989,2026-05-13 23:02:13 CDT,7a48084a356032c5678765b6fb8541366ceebf3febf8f56f4e600082869a603a,0156.json.ots,bundles/0156.json.ots,18768a524a975ffa743a9367230260097d100b4f93db6c6bff2bd25d5f714e49,0156.json.ots.upgraded,bundles/ots_upgraded_bundle/0156.json.ots.upgraded,0cbef95a46c4a164856b7eb9592bb60e674f8b8c2b81b38b4d22d5686119c315,anchored,7a48084a356032c5678765b6fb8541366ceebf3febf8f56f4e600082869a603a,yes,949315,00000000000000000000d85ce083fd2ec3e33d9809b9ad6fe9165b2babd71911,2026-05-13 22:38:45 CDT,2026-05-13 23:18:37 CDT,2026-05-14 01:18:37 CDT,0156.json.ots__time-stamp.json,bundles/0156.json.ots__time-stamp.json,2026-05-14T04:02:15.269000+00:00,2026-05-13T23:25:23.999000+00:00,2026-05-14T23:25:23.999000+00:00,1000000,18768a524a975ffa743a9367230260097d100b4f93db6c6bff2bd25d5f714e49,yes,bundle.artifact.bind_sha256_hex,yes,yes,yes,yes,yes,yes
0156,0156.png,bundle_png,yes,bundles/0156.png,10702,2026-05-13 23:02:09 CDT,5ac66b1cdc539d5baae4c893d422e9c7c5f8e8317b078a51ea8b6888b1b4085e,0156.png.ots,bundles/0156.png.ots,232e7528df6288803b10e848977669f522e1d0c5e29c5cb02b88a654c3d79331,0156.png.ots.upgraded,bundles/ots_upgraded_bundle/0156.png.ots.upgraded,48a7bcd40bc86f3d66c6595bf99bff1877bc69ec6f1a9eaeb3370bbf536e5e33,anchored,5ac66b1cdc539d5baae4c893d422e9c7c5f8e8317b078a51ea8b6888b1b4085e,yes,949315,00000000000000000000d85ce083fd2ec3e33d9809b9ad6fe9165b2babd71911,2026-05-13 22:38:45 CDT,2026-05-13 23:18:37 CDT,2026-05-14 01:18:37 CDT,0156.png.ots__time-stamp.json,bundles/0156.png.ots__time-stamp.json,2026-05-14T04:02:13.030000+00:00,2026-05-13T09:16:05.223000+00:00,2026-05-14T09:16:05.223000+00:00,1000000,232e7528df6288803b10e848977669f522e1d0c5e29c5cb02b88a654c3d79331,yes,bundle.artifact.bind_sha256_hex,yes,yes,yes,yes,yes,yes
0157,0157.json,bundle_json,yes,bundles/0157.json,5989,2026-05-13 23:02:20 CDT,403d77c344c163ae8d84228144ca34e2fc328d5047e22390db873cab8bca12b8,0157.json.ots,bundles/0157.json.ots,b4c2e3b3ab1d012baeeb78758794b8d52733ab9d4b8aad9f2a197e82f6dc8262,0157.json.ots.upgraded,bundles/ots_upgraded_bundle/0157.json.ots.upgraded,9bc46f5b137ee9268aced17034270c2ab08121fc89dfc8acf4309e5ae9ef4262,anchored,403d77c344c163ae8d84228144ca34e2fc328d5047e22390db873cab8bca12b8,yes,949319,00000000000000000001167897b80c9add7c40f4481e0d4dbebf384a8bd28e82,2026-05-13 23:14:50 CDT,2026-05-14 00:06:03 CDT,2026-05-14 02:06:03 CDT,0157.json.ots__time-stamp.json,bundles/0157.json.ots__time-stamp.json,2026-05-14T04:02:22.545000+00:00,2026-05-13T07:42:55.719000+00:00,2026-05-14T07:42:55.719000+00:00,1000000,b4c2e3b3ab1d012baeeb78758794b8d52733ab9d4b8aad9f2a197e82f6dc8262,yes,bundle.artifact.bind_sha256_hex,yes,yes,yes,yes,yes,yes
0157,0157.png,bundle_png,yes,bundles/0157.png,10861,2026-05-13 23:02:17 CDT,d9bfd0ecb84a1a86d9ea6faa496d1d33655edc0f5e9e81758107ca097691defb,0157.png.ots,bundles/0157.png.ots,974d746bfac73063310eb82595ffd9c8a75e7d3a44436adecab4f1192a14ad08,0157.png.ots.upgraded,bundles/ots_upgraded_bundle/0157.png.ots.upgraded,e3f5bca6d1ce58035ecf0d770db7530d0c8590e1ba4128329a00e40b9d3bfad9,anchored,d9bfd0ecb84a1a86d9ea6faa496d1d33655edc0f5e9e81758107ca097691defb,yes,949319,00000000000000000001167897b80c9add7c40f4481e0d4dbebf384a8bd28e82,2026-05-13 23:14:50 CDT,2026-05-14 00:06:03 CDT,2026-05-14 02:06:03 CDT,0157.png.ots__time-stamp.json,bundles/0157.png.ots__time-stamp.json,2026-05-14T04:02:20.125000+00:00,2026-05-13T07:50:12.083000+00:00,2026-05-14T07:50:12.083000+00:00,1000000,974d746bfac73063310eb82595ffd9c8a75e7d3a44436adecab4f1192a14ad08,yes,bundle.artifact.bind_sha256_hex,yes,yes,yes,yes,yes,yes
0158,0158.json,bundle_json,yes,bundles/0158.json,5982,2026-05-13 23:02:27 CDT,7d33fe48c1252cc98b85b07580b56c56a48cfdb885d072efc71aed8d2443fde9,0158.json.ots,bundles/0158.json.ots,7005e832602caef8f046ff56db34b0a5f4cbf4ee8cb94066a2fda7a07ee2ac75,0158.json.ots.upgraded,bundles/ots_upgraded_bundle/0158.json.ots.upgraded,ab23e697a6a6b1e783b9775afd2677972d3e49d2704a2fd03b19636721090569,anchored,7d33fe48c1252cc98b85b07580b56c56a48cfdb885d072efc71aed8d2443fde9,yes,949315,00000000000000000000d85ce083fd2ec3e33d9809b9ad6fe9165b2babd71911,2026-05-13 22:38:45 CDT,2026-05-13 23:18:37 CDT,2026-05-14 01:18:37 CDT,0158.json.ots__time-stamp.json,bundles/0158.json.ots__time-stamp.json,2026-05-14T04:02:30.165000+00:00,2026-05-13T08:10:30.590000+00:00,2026-05-14T08:10:30.590000+00:00,1000000,7005e832602caef8f046ff56db34b0a5f4cbf4ee8cb94066a2fda7a07ee2ac75,yes,bundle.artifact.bind_sha256_hex,yes,yes,yes,yes,yes,yes
0158,0158.png,bundle_png,yes,bundles/0158.png,10742,2026-05-13 23:02:25 CDT,d3e44f0de2182f1c6596a5e2281805a95a851839ae57a4d75333735458b96f59,0158.png.ots,bundles/0158.png.ots,6636becacd810c4beca5f7a8f571db7f8f75be4b3a5c2450000d9239c82ffcf8,0158.png.ots.upgraded,bundles/ots_upgraded_bundle/0158.png.ots.upgraded,126973a17f1d0ed2e89e10241ae9c8e988f7f1afcfc9e7478e2a9e400c60dd8f,anchored,d3e44f0de2182f1c6596a5e2281805a95a851839ae57a4d75333735458b96f59,yes,949319,00000000000000000001167897b80c9add7c40f4481e0d4dbebf384a8bd28e82,2026-05-13 23:14:50 CDT,2026-05-14 00:06:03 CDT,2026-05-14 02:06:03 CDT,0158.png.ots__time-stamp.json,bundles/0158.png.ots__time-stamp.json,2026-05-14T04:02:27.564000+00:00,2026-05-13T23:25:23.999000+00:00,2026-05-14T23:25:23.999000+00:00,1000000,6636becacd810c4beca5f7a8f571db7f8f75be4b3a5c2450000d9239c82ffcf8,yes,bundle.artifact.bind_sha256_hex,yes,yes,yes,yes,yes,yes
0159,0159.json,bundle_json,yes,bundles/0159.json,7703,2026-05-13 23:02:36 CDT,95d36ab94c6c345d559aaeaddba147317cb605b8cd0e91fc363f58792a91fc9f,0159.json.ots,bundles/0159.json.ots,64ea234be4b7e82274363d9f4c6540556eb7a269c26844f3e5da239567fd1664,0159.json.ots.upgraded,bundles/ots_upgraded_bundle/0159.json.ots.upgraded,8f76c4827709b4df6c5eb2fc1ad03840387bec8c759222d6c54d60115cfcdaf4,anchored,95d36ab94c6c345d559aaeaddba147317cb605b8cd0e91fc363f58792a91fc9f,yes,949315,00000000000000000000d85ce083fd2ec3e33d9809b9ad6fe9165b2babd71911,2026-05-13 22:38:45 CDT,2026-05-13 23:18:37 CDT,2026-05-14 01:18:37 CDT,0159.json.ots__time-stamp.json,bundles/0159.json.ots__time-stamp.json,2026-05-14T04:02:39.181000+00:00,2026-05-13T09:16:05.223000+00:00,2026-05-14T09:16:05.223000+00:00,1000000,64ea234be4b7e82274363d9f4c6540556eb7a269c26844f3e5da239567fd1664,yes,bundle.artifact.bind_sha256_hex,yes,yes,yes,yes,yes,yes
0159,0159.png,bundle_png,yes,bundles/0159.png,29864,2026-05-13 23:02:33 CDT,9755c9a3f50a82e00c11aafd9e56a246c22733de93d9d302e5446c36e7cf4fb4,0159.png.ots,bundles/0159.png.ots,028185d36aa61dfde6874f91ec5466b6bc221a54e49ea6a57f0cfa75f499a1df,0159.png.ots.upgraded,bundles/ots_upgraded_bundle/0159.png.ots.upgraded,c2b1a9d0b344cd999fd9455a076c16dd34fce11de95b3d777f2a3aab4777ef7e,anchored,9755c9a3f50a82e00c11aafd9e56a246c22733de93d9d302e5446c36e7cf4fb4,yes,949315,00000000000000000000d85ce083fd2ec3e33d9809b9ad6fe9165b2babd71911,2026-05-13 22:38:45 CDT,2026-05-13 23:18:37 CDT,2026-05-14 01:18:37 CDT,0159.png.ots__time-stamp.json,bundles/0159.png.ots__time-stamp.json,2026-05-14T04:02:36.184000+00:00,2026-05-13T09:43:31.882000+00:00,2026-05-14T09:43:31.882000+00:00,1000000,028185d36aa61dfde6874f91ec5466b6bc221a54e49ea6a57f0cfa75f499a1df,yes,bundle.artifact.bind_sha256_hex,yes,yes,yes,yes,yes,yes
0160,0160.json,bundle_json,yes,bundles/0160.json,6384,2026-05-13 23:02:44 CDT,879c7a91cbea36e78f0e0253e4d7fe56f56f166c1770646bc83f76c0c6e555af,0160.json.ots,bundles/0160.json.ots,5374575689a81f51576956ec3f2c97a39730dd2754154b5b6f343a85e03e2f63,0160.json.ots.upgraded,bundles/ots_upgraded_bundle/0160.json.ots.upgraded,c59a6e27cdb289fc8d21a1feeee5ca9b3651ea36b5223628754b619770d70623,anchored,879c7a91cbea36e78f0e0253e4d7fe56f56f166c1770646bc83f76c0c6e555af,yes,949319,00000000000000000001167897b80c9add7c40f4481e0d4dbebf384a8bd28e82,2026-05-13 23:14:50 CDT,2026-05-14 00:06:03 CDT,2026-05-14 02:06:03 CDT,0160.json.ots__time-stamp.json,bundles/0160.json.ots__time-stamp.json,2026-05-14T04:02:47.205000+00:00,2026-05-13T07:42:55.719000+00:00,2026-05-14T07:42:55.719000+00:00,1000000,5374575689a81f51576956ec3f2c97a39730dd2754154b5b6f343a85e03e2f63,yes,bundle.artifact.bind_sha256_hex,yes,yes,yes,yes,yes,yes
0160,0160.png,bundle_png,yes,bundles/0160.png,11468,2026-05-13 23:02:41 CDT,2bde4bace0303b124402b82bb54a2617e08ff00c038841abfd6484dc13f400f5,0160.png.ots,bundles/0160.png.ots,61ca98ba83ea7ca890053345573b7745c7f37767fdc43fd69de153ca4002b283,0160.png.ots.upgraded,bundles/ots_upgraded_bundle/0160.png.ots.upgraded,79f7c5da6ae620c28e7e4d5e19904926fd679c2471ac65a5a5b2e5d8e5c18264,anchored,2bde4bace0303b124402b82bb54a2617e08ff00c038841abfd6484dc13f400f5,yes,949315,00000000000000000000d85ce083fd2ec3e33d9809b9ad6fe9165b2babd71911,2026-05-13 22:38:45 CDT,2026-05-13 23:18:37 CDT,2026-05-14 01:18:37 CDT,0160.png.ots__time-stamp.json,bundles/0160.png.ots__time-stamp.json,2026-05-14T04:02:44.204000+00:00,2026-05-13T07:20:03.388000+00:00,2026-05-14T07:20:03.388000+00:00,1000000,61ca98ba83ea7ca890053345573b7745c7f37767fdc43fd69de153ca4002b283,yes,bundle.artifact.bind_sha256_hex,yes,yes,yes,yes,yes,yes
0161,0161.json,bundle_json,yes,bundles/0161.json,6467,2026-05-13 23:02:53 CDT,9e8cb00e5c1d597203da6ae76f2c6c5a400d723a0f72f95eb8a1b937b883fba6,0161.json.ots,bundles/0161.json.ots,acda684e3362df7b4d43f2173a03c3ad9494920a51d172d14f1f8b761f2e95ed,0161.json.ots.upgraded,bundles/ots_upgraded_bundle/0161.json.ots.upgraded,c9614aa6c3217e39d60297bd502b0a408e5d1292f2b9442e0c2d61e84e2e67fd,anchored,9e8cb00e5c1d597203da6ae76f2c6c5a400d723a0f72f95eb8a1b937b883fba6,yes,949319,00000000000000000001167897b80c9add7c40f4481e0d4dbebf384a8bd28e82,2026-05-13 23:14:50 CDT,2026-05-14 00:06:03 CDT,2026-05-14 02:06:03 CDT,0161.json.ots__time-stamp.json,bundles/0161.json.ots__time-stamp.json,2026-05-14T04:02:55.514000+00:00,2026-05-13T11:50:24.007000+00:00,2026-05-14T11:50:24.007000+00:00,1000000,acda684e3362df7b4d43f2173a03c3ad9494920a51d172d14f1f8b761f2e95ed,yes,bundle.artifact.bind_sha256_hex,yes,yes,yes,yes,yes,yes
0161,0161.png,bundle_png,yes,bundles/0161.png,12333,2026-05-13 23:02:49 CDT,239dbf98f24d13b5f1f664d875fd3dcffe62eeda7f7e14aec1d84834a53386ca,0161.png.ots,bundles/0161.png.ots,a653885374f614b06026716cbe2af23ca359973135852c45bbdec57d39b3c310,0161.png.ots.upgraded,bundles/ots_upgraded_bundle/0161.png.ots.upgraded,8ebfbfe7871ef3f1c19b987ceddf3fa3a5fc36d0ee3f40c91c3371c0c3f584cf,anchored,239dbf98f24d13b5f1f664d875fd3dcffe62eeda7f7e14aec1d84834a53386ca,yes,949319,00000000000000000001167897b80c9add7c40f4481e0d4dbebf384a8bd28e82,2026-05-13 23:14:50 CDT,2026-05-14 00:06:03 CDT,2026-05-14 02:06:03 CDT,0161.png.ots__time-stamp.json,bundles/0161.png.ots__time-stamp.json,2026-05-14T04:02:52.224000+00:00,2026-05-13T07:32:13.637000+00:00,2026-05-14T07:32:13.637000+00:00,1000000,a653885374f614b06026716cbe2af23ca359973135852c45bbdec57d39b3c310,yes,bundle.artifact.bind_sha256_hex,yes,yes,yes,yes,yes,yes
0162,0162.json,bundle_json,yes,bundles/0162.json,6690,2026-05-13 23:03:00 CDT,ae89c90d86d5463b2e2940f43c12e13c0c0fe4c47c3160f8cbe10e44f12c88f2,0162.json.ots,bundles/0162.json.ots,b169a9442492058353426639e4a93a1ef818e77d17b1b5b654bb5564c5439d7e,0162.json.ots.upgraded,bundles/ots_upgraded_bundle/0162.json.ots.upgraded,4a6ebef19c9453632597e06ef5eb336dd812fbf4ec72cd66ab1a12b08fd4fe1d,anchored,ae89c90d86d5463b2e2940f43c12e13c0c0fe4c47c3160f8cbe10e44f12c88f2,yes,949315,00000000000000000000d85ce083fd2ec3e33d9809b9ad6fe9165b2babd71911,2026-05-13 22:38:45 CDT,2026-05-13 23:18:37 CDT,2026-05-14 01:18:37 CDT,0162.json.ots__time-stamp.json,bundles/0162.json.ots__time-stamp.json,2026-05-14T04:03:03.245000+00:00,2026-05-13T07:20:03.388000+00:00,2026-05-14T07:20:03.388000+00:00,1000000,b169a9442492058353426639e4a93a1ef818e77d17b1b5b654bb5564c5439d7e,yes,bundle.artifact.bind_sha256_hex,yes,yes,yes,yes,yes,yes
0162,0162.png,bundle_png,yes,bundles/0162.png,18080,2026-05-13 23:02:57 CDT,a186870afc11023a247c5e0441f995f1d6989c27e6708d86752e233f95ffbdfe,0162.png.ots,bundles/0162.png.ots,c8c7afab85c4a074c6e71dec26398e9d3acec862c7a8cde57b4e9db4306b7933,0162.png.ots.upgraded,bundles/ots_upgraded_bundle/0162.png.ots.upgraded,3e2cfcf6a30d0dbf0c247e7b99fad87eb48c87937fbe60f8d00100db3bacd792,anchored,a186870afc11023a247c5e0441f995f1d6989c27e6708d86752e233f95ffbdfe,yes,949315,00000000000000000000d85ce083fd2ec3e33d9809b9ad6fe9165b2babd71911,2026-05-13 22:38:45 CDT,2026-05-13 23:18:37 CDT,2026-05-14 01:18:37 CDT,0162.png.ots__time-stamp.json,bundles/0162.png.ots__time-stamp.json,2026-05-14T04:03:00.245000+00:00,2026-05-13T10:58:02.074000+00:00,2026-05-14T10:58:02.074000+00:00,1000000,c8c7afab85c4a074c6e71dec26398e9d3acec862c7a8cde57b4e9db4306b7933,yes,bundle.artifact.bind_sha256_hex,yes,yes,yes,yes,yes,yes
0163,0163.json,bundle_json,yes,bundles/0163.json,7117,2026-05-13 23:03:08 CDT,9bdb7f969944faf8ed718994d44379e9391841bcae33993bde778424fd3e2c16,0163.json.ots,bundles/0163.json.ots,4d8c0865bdc67fc7f03842cf9298d7144292e2e488efc2ee4ee6121c22a005fc,0163.json.ots.upgraded,bundles/ots_upgraded_bundle/0163.json.ots.upgraded,7cfb0058c766bcf41aa65668c689238cc32fbcf49d15464919a6d8da20096862,anchored,9bdb7f969944faf8ed718994d44379e9391841bcae33993bde778424fd3e2c16,yes,949319,00000000000000000001167897b80c9add7c40f4481e0d4dbebf384a8bd28e82,2026-05-13 23:14:50 CDT,2026-05-14 00:06:03 CDT,2026-05-14 02:06:03 CDT,0163.json.ots__time-stamp.json,bundles/0163.json.ots__time-stamp.json,2026-05-14T04:03:10.805000+00:00,2026-05-13T09:43:31.882000+00:00,2026-05-14T09:43:31.882000+00:00,1000000,4d8c0865bdc67fc7f03842cf9298d7144292e2e488efc2ee4ee6121c22a005fc,yes,bundle.artifact.bind_sha256_hex,yes,yes,yes,yes,yes,yes
0163,0163.png,bundle_png,yes,bundles/0163.png,15342,2026-05-13 23:03:04 CDT,bd73ac126bc0d1498c33860693ca87480993e93005fb62395aa98c051959f935,0163.png.ots,bundles/0163.png.ots,883816228b0ba240992c737e8590369f44f93990fd61c7c3af507ea5fe614a51,0163.png.ots.upgraded,bundles/ots_upgraded_bundle/0163.png.ots.upgraded,d126d1be6e643b6073b5a3d110c104d48c3b7f539a2f44989bcb4be3a4ab0303,anchored,bd73ac126bc0d1498c33860693ca87480993e93005fb62395aa98c051959f935,yes,949319,00000000000000000001167897b80c9add7c40f4481e0d4dbebf384a8bd28e82,2026-05-13 23:14:50 CDT,2026-05-14 00:06:03 CDT,2026-05-14 02:06:03 CDT,0163.png.ots__time-stamp.json,bundles/0163.png.ots__time-stamp.json,2026-05-14T04:03:07.785000+00:00,2026-05-13T07:50:12.083000+00:00,2026-05-14T07:50:12.083000+00:00,1000000,883816228b0ba240992c737e8590369f44f93990fd61c7c3af507ea5fe614a51,yes,bundle.artifact.bind_sha256_hex,yes,yes,yes,yes,yes,yes
0164,0164.json,bundle_json,yes,bundles/0164.json,9745,2026-05-13 23:03:16 CDT,b7999add44a67ddf5c53b4248cae5684e9ab4f7ef14577f35be4554a9e2a1fc3,0164.json.ots,bundles/0164.json.ots,9c045b03776ffd2fb0446ec467b922f19fd6d609681a483126a9b02e420208b5,0164.json.ots.upgraded,bundles/ots_upgraded_bundle/0164.json.ots.upgraded,c2e6030e1e2c1e3418d3e0e0846d9d28e96bd561f97bf2b7d6316698c67b2eb6,anchored,b7999add44a67ddf5c53b4248cae5684e9ab4f7ef14577f35be4554a9e2a1fc3,yes,949315,00000000000000000000d85ce083fd2ec3e33d9809b9ad6fe9165b2babd71911,2026-05-13 22:38:45 CDT,2026-05-13 23:18:37 CDT,2026-05-14 01:18:37 CDT,0164.json.ots__time-stamp.json,bundles/0164.json.ots__time-stamp.json,2026-05-14T04:03:18.485000+00:00,2026-05-13T09:16:05.223000+00:00,2026-05-14T09:16:05.223000+00:00,1000000,9c045b03776ffd2fb0446ec467b922f19fd6d609681a483126a9b02e420208b5,yes,bundle.artifact.bind_sha256_hex,yes,yes,yes,yes,yes,yes
0164,0164.png,bundle_png,yes,bundles/0164.png,17814,2026-05-13 23:03:12 CDT,4e07024d9a8bc510b247c1cecb8d5443fa7dab5d3e32753ccbcbfc32d69b8505,0164.png.ots,bundles/0164.png.ots,6a3792a18d9abeff1fef94f7e8352037471a2c7fcac0aabbcc0571d384dbc1e1,0164.png.ots.upgraded,bundles/ots_upgraded_bundle/0164.png.ots.upgraded,a23af91bc2f8c977e514bcae206f468ec499a494f7af23eee255bbc4702bb66a,anchored,4e07024d9a8bc510b247c1cecb8d5443fa7dab5d3e32753ccbcbfc32d69b8505,yes,949315,00000000000000000000d85ce083fd2ec3e33d9809b9ad6fe9165b2babd71911,2026-05-13 22:38:45 CDT,2026-05-13 23:18:37 CDT,2026-05-14 01:18:37 CDT,0164.png.ots__time-stamp.json,bundles/0164.png.ots__time-stamp.json,2026-05-14T04:03:15.803000+00:00,2026-05-13T07:32:13.637000+00:00,2026-05-14T07:32:13.637000+00:00,1000000,6a3792a18d9abeff1fef94f7e8352037471a2c7fcac0aabbcc0571d384dbc1e1,yes,bundle.artifact.bind_sha256_hex,yes,yes,yes,yes,yes,yes
0165,0165.json,bundle_json,yes,bundles/0165.json,14110,2026-05-13 23:03:23 CDT,d16f7a5141301b2b030569fc8880d36b60eead4479e063e6fe2aefca710c1196,0165.json.ots,bundles/0165.json.ots,2ed0a39981c553602bfe39e20f053fad5db51582de6b236a112bdda68b9fd6e9,0165.json.ots.upgraded,bundles/ots_upgraded_bundle/0165.json.ots.upgraded,20dd5f76ec102ef336794e665cec7e7df61b8dbb45ca3eb247387a0f4dc1114a,anchored,d16f7a5141301b2b030569fc8880d36b60eead4479e063e6fe2aefca710c1196,yes,949315,00000000000000000000d85ce083fd2ec3e33d9809b9ad6fe9165b2babd71911,2026-05-13 22:38:45 CDT,2026-05-13 23:18:37 CDT,2026-05-14 01:18:37 CDT,0165.json.ots__time-stamp.json,bundles/0165.json.ots__time-stamp.json,2026-05-14T04:03:25.308000+00:00,2026-05-13T08:10:30.590000+00:00,2026-05-14T08:10:30.590000+00:00,1000000,2ed0a39981c553602bfe39e20f053fad5db51582de6b236a112bdda68b9fd6e9,yes,bundle.artifact.bind_sha256_hex,yes,yes,yes,yes,yes,yes
0165,0165.png,bundle_png,yes,bundles/0165.png,15938,2026-05-13 23:03:20 CDT,0d4a92bc7fbfb17fc3a9d096ae0499d6f684fc37338132fac29f5f9ce6e73858,0165.png.ots,bundles/0165.png.ots,d3772dfecc76568ff25bbb72b464250f5ac6a750f7cc060f617212f87739094d,0165.png.ots.upgraded,bundles/ots_upgraded_bundle/0165.png.ots.upgraded,6c406a132ba20570d0c28cd82103a87079446fcb2e0820c2d681de7a6a20c97e,anchored,0d4a92bc7fbfb17fc3a9d096ae0499d6f684fc37338132fac29f5f9ce6e73858,yes,949315,00000000000000000000d85ce083fd2ec3e33d9809b9ad6fe9165b2babd71911,2026-05-13 22:38:45 CDT,2026-05-13 23:18:37 CDT,2026-05-14 01:18:37 CDT,0165.png.ots__time-stamp.json,bundles/0165.png.ots__time-stamp.json,2026-05-14T04:03:22.844000+00:00,2026-05-13T07:35:20.866000+00:00,2026-05-14T07:35:20.866000+00:00,1000000,d3772dfecc76568ff25bbb72b464250f5ac6a750f7cc060f617212f87739094d,yes,bundle.artifact.bind_sha256_hex,yes,yes,yes,yes,yes,yes
0166,0166.json,bundle_json,yes,bundles/0166.json,12666,2026-05-13 23:03:30 CDT,21220286674fbfff7225138092d0e1184a9171ca1f851a05880bd251bc98a790,0166.json.ots,bundles/0166.json.ots,d160d257c495b4d664167e4f0ff22a35938b5e9ca486c1fb5dbc73199f8532b2,0166.json.ots.upgraded,bundles/ots_upgraded_bundle/0166.json.ots.upgraded,3699cc8737bd863bb1571843ccbd88a17a4347e6875924b5287a578915f22700,anchored,21220286674fbfff7225138092d0e1184a9171ca1f851a05880bd251bc98a790,yes,949315,00000000000000000000d85ce083fd2ec3e33d9809b9ad6fe9165b2babd71911,2026-05-13 22:38:45 CDT,2026-05-13 23:18:37 CDT,2026-05-14 01:18:37 CDT,0166.json.ots__time-stamp.json,bundles/0166.json.ots__time-stamp.json,2026-05-14T04:03:32.885000+00:00,2026-05-13T07:50:12.083000+00:00,2026-05-14T07:50:12.083000+00:00,1000000,d160d257c495b4d664167e4f0ff22a35938b5e9ca486c1fb5dbc73199f8532b2,yes,bundle.artifact.bind_sha256_hex,yes,yes,yes,yes,yes,yes
0166,0166.png,bundle_png,yes,bundles/0166.png,17452,2026-05-13 23:03:28 CDT,0fb00682c576ae2c2e006bc9e246a2e8c37694bd0f99242ce843a57f3fd72836,0166.png.ots,bundles/0166.png.ots,bc13adbaaa75bc303a232db8e6caec4d7abbfe8b0bafead4cde2f415b62adc1a,0166.png.ots.upgraded,bundles/ots_upgraded_bundle/0166.png.ots.upgraded,76bc4964ca2b96285a340d85260ea92fda3df9df25ed39593899b614401b5c53,anchored,0fb00682c576ae2c2e006bc9e246a2e8c37694bd0f99242ce843a57f3fd72836,yes,949315,00000000000000000000d85ce083fd2ec3e33d9809b9ad6fe9165b2babd71911,2026-05-13 22:38:45 CDT,2026-05-13 23:18:37 CDT,2026-05-14 01:18:37 CDT,0166.png.ots__time-stamp.json,bundles/0166.png.ots__time-stamp.json,2026-05-14T04:03:30.525000+00:00,2026-05-13T10:49:29.465000+00:00,2026-05-14T10:49:29.465000+00:00,1000000,bc13adbaaa75bc303a232db8e6caec4d7abbfe8b0bafead4cde2f415b62adc1a,yes,bundle.artifact.bind_sha256_hex,yes,yes,yes,yes,yes,yes
0167,0167.json,bundle_json,yes,bundles/0167.json,12667,2026-05-13 23:03:38 CDT,fbb77cf175f0615af464d1c7c594f983c0e4afbb93cbfe4951345396172a4bee,0167.json.ots,bundles/0167.json.ots,3cd57403353a4605c5a1cc1ca9787871d25904ef9e00089cd3c5236dcb407f4e,0167.json.ots.upgraded,bundles/ots_upgraded_bundle/0167.json.ots.upgraded,189f1b04d7f7c973df3c5f29cbf06058230f0b4b012aac82c77c227000e44787,anchored,fbb77cf175f0615af464d1c7c594f983c0e4afbb93cbfe4951345396172a4bee,yes,949315,00000000000000000000d85ce083fd2ec3e33d9809b9ad6fe9165b2babd71911,2026-05-13 22:38:45 CDT,2026-05-13 23:18:37 CDT,2026-05-14 01:18:37 CDT,0167.json.ots__time-stamp.json,bundles/0167.json.ots__time-stamp.json,2026-05-14T04:03:40.564000+00:00,2026-05-13T06:31:59.305000+00:00,2026-05-14T06:31:59.305000+00:00,1000000,3cd57403353a4605c5a1cc1ca9787871d25904ef9e00089cd3c5236dcb407f4e,yes,bundle.artifact.bind_sha256_hex,yes,yes,yes,yes,yes,yes
0167,0167.png,bundle_png,yes,bundles/0167.png,17183,2026-05-13 23:03:35 CDT,26dc8e92888ad967527804318f5b07d132d806c534443117f7b213d380ce8123,0167.png.ots,bundles/0167.png.ots,999efb707ce002f9e4eff3932bcfbae583d419f4af105f7796b4bff498dc89eb,0167.png.ots.upgraded,bundles/ots_upgraded_bundle/0167.png.ots.upgraded,9ec9d882b3e0a50cbd97aee71bf4f9aaab04034ef2b2f0b38490d9ee430e7c50,anchored,26dc8e92888ad967527804318f5b07d132d806c534443117f7b213d380ce8123,yes,949315,00000000000000000000d85ce083fd2ec3e33d9809b9ad6fe9165b2babd71911,2026-05-13 22:38:45 CDT,2026-05-13 23:18:37 CDT,2026-05-14 01:18:37 CDT,0167.png.ots__time-stamp.json,bundles/0167.png.ots__time-stamp.json,2026-05-14T04:03:38.372000+00:00,2026-05-13T09:43:31.882000+00:00,2026-05-14T09:43:31.882000+00:00,1000000,999efb707ce002f9e4eff3932bcfbae583d419f4af105f7796b4bff498dc89eb,yes,bundle.artifact.bind_sha256_hex,yes,yes,yes,yes,yes,yes
0168,0168.json,bundle_json,yes,bundles/0168.json,12667,2026-05-13 23:03:46 CDT,2d76c151ae100a5c327e79001c3c29f376afec84d2c4b381de14f3a1bd2c3a46,0168.json.ots,bundles/0168.json.ots,0b3c11597ebbdd5e9817af7765d0cad3e46aab1d7e330df8adbe300be7ba0fd9,0168.json.ots.upgraded,bundles/ots_upgraded_bundle/0168.json.ots.upgraded,e2fb8dec40cae32fef8cf2636c78bec4b1e98d76b25c9ae6a473914f76a281fd,anchored,2d76c151ae100a5c327e79001c3c29f376afec84d2c4b381de14f3a1bd2c3a46,yes,949315,00000000000000000000d85ce083fd2ec3e33d9809b9ad6fe9165b2babd71911,2026-05-13 22:38:45 CDT,2026-05-13 23:18:37 CDT,2026-05-14 01:18:37 CDT,0168.json.ots__time-stamp.json,bundles/0168.json.ots__time-stamp.json,2026-05-14T04:03:48.385000+00:00,2026-05-13T07:20:03.388000+00:00,2026-05-14T07:20:03.388000+00:00,1000000,0b3c11597ebbdd5e9817af7765d0cad3e46aab1d7e330df8adbe300be7ba0fd9,yes,bundle.artifact.bind_sha256_hex,yes,yes,yes,yes,yes,yes
0168,0168.png,bundle_png,yes,bundles/0168.png,17801,2026-05-13 23:03:43 CDT,2663391398a6587457c5720d81ff8ec93aa234e27c9188471ba156bf70cf2d32,0168.png.ots,bundles/0168.png.ots,bc1463caa07692e193879939b196287e5f6d10037a5949adedefeaec544a6e1b,0168.png.ots.upgraded,bundles/ots_upgraded_bundle/0168.png.ots.upgraded,bc05f385704258d8b1342a06c006201de3e982d06722f6831d2e1cb6bf11fdcb,anchored,2663391398a6587457c5720d81ff8ec93aa234e27c9188471ba156bf70cf2d32,yes,949315,00000000000000000000d85ce083fd2ec3e33d9809b9ad6fe9165b2babd71911,2026-05-13 22:38:45 CDT,2026-05-13 23:18:37 CDT,2026-05-14 01:18:37 CDT,0168.png.ots__time-stamp.json,bundles/0168.png.ots__time-stamp.json,2026-05-14T04:03:45.945000+00:00,2026-05-13T09:16:05.223000+00:00,2026-05-14T09:16:05.223000+00:00,1000000,bc1463caa07692e193879939b196287e5f6d10037a5949adedefeaec544a6e1b,yes,bundle.artifact.bind_sha256_hex,yes,yes,yes,yes,yes,yes
0169,0169.json,bundle_json,yes,bundles/0169.json,12671,2026-05-13 23:03:54 CDT,1181a5fc8f41bc5186198a8e857b68f051990300d94bb49b22815201264a3d42,0169.json.ots,bundles/0169.json.ots,747eae129e3201a99aed3ca9bf93dea7bd25784495676dc5d1a86368eab9ae81,0169.json.ots.upgraded,bundles/ots_upgraded_bundle/0169.json.ots.upgraded,c8ee6f7fb672c0c1cf87bb70f76ced33cdd4ea0e3eccde5b6548cf7ace9fa2ae,anchored,1181a5fc8f41bc5186198a8e857b68f051990300d94bb49b22815201264a3d42,yes,949315,00000000000000000000d85ce083fd2ec3e33d9809b9ad6fe9165b2babd71911,2026-05-13 22:38:45 CDT,2026-05-13 23:18:37 CDT,2026-05-14 01:18:37 CDT,0169.json.ots__time-stamp.json,bundles/0169.json.ots__time-stamp.json,2026-05-14T04:03:56.405000+00:00,2026-05-13T23:25:23.999000+00:00,2026-05-14T23:25:23.999000+00:00,1000000,747eae129e3201a99aed3ca9bf93dea7bd25784495676dc5d1a86368eab9ae81,yes,bundle.artifact.bind_sha256_hex,yes,yes,yes,yes,yes,yes
0169,0169.png,bundle_png,yes,bundles/0169.png,20507,2026-05-13 23:03:50 CDT,0cba694f9b6f22c0323f19275c3c7997455fba62fa65cb734defb911cbb9ba1c,0169.png.ots,bundles/0169.png.ots,38321eb214024ac3ea97ee2d9bb75279cae36a5cd85ec0c1b41097af46307f5a,0169.png.ots.upgraded,bundles/ots_upgraded_bundle/0169.png.ots.upgraded,6cfc84a21b90bce72905d95293c187d3d1890b68026523c7f85b4f98e096ac82,anchored,0cba694f9b6f22c0323f19275c3c7997455fba62fa65cb734defb911cbb9ba1c,yes,949315,00000000000000000000d85ce083fd2ec3e33d9809b9ad6fe9165b2babd71911,2026-05-13 22:38:45 CDT,2026-05-13 23:18:37 CDT,2026-05-14 01:18:37 CDT,0169.png.ots__time-stamp.json,bundles/0169.png.ots__time-stamp.json,2026-05-14T04:03:53.605000+00:00,2026-05-13T08:10:30.590000+00:00,2026-05-14T08:10:30.590000+00:00,1000000,38321eb214024ac3ea97ee2d9bb75279cae36a5cd85ec0c1b41097af46307f5a,yes,bundle.artifact.bind_sha256_hex,yes,yes,yes,yes,yes,yes
0170,0170.json,bundle_json,yes,bundles/0170.json,12667,2026-05-13 23:04:01 CDT,f9af7f01da2c56d7286a59097414041a9922f7f4cc1a2519483720c5a04ebc46,0170.json.ots,bundles/0170.json.ots,144c56ea7df6d21e0c9248313d325f25257e4be953b4a3eb5eb4c61bf0e7765b,0170.json.ots.upgraded,bundles/ots_upgraded_bundle/0170.json.ots.upgraded,e00345d7dd6efb2d57dbd234171db009b129a04b29eaa56656a60db7bfd5995f,anchored,f9af7f01da2c56d7286a59097414041a9922f7f4cc1a2519483720c5a04ebc46,yes,949315,00000000000000000000d85ce083fd2ec3e33d9809b9ad6fe9165b2babd71911,2026-05-13 22:38:45 CDT,2026-05-13 23:18:37 CDT,2026-05-14 01:18:37 CDT,0170.json.ots__time-stamp.json,bundles/0170.json.ots__time-stamp.json,2026-05-14T04:04:04.005000+00:00,2026-05-13T07:50:12.083000+00:00,2026-05-14T07:50:12.083000+00:00,1000000,144c56ea7df6d21e0c9248313d325f25257e4be953b4a3eb5eb4c61bf0e7765b,yes,bundle.artifact.bind_sha256_hex,yes,yes,yes,yes,yes,yes
0170,0170.png,bundle_png,yes,bundles/0170.png,18728,2026-05-13 23:03:58 CDT,fb591104d35451473a2b3f79bfb4589363dd75ed05fa67e663faaea90139b4b3,0170.png.ots,bundles/0170.png.ots,ce39e69627ddeae678da5d89c1fbb9c64f5c4fab5b6e382577b3005a92824c1d,0170.png.ots.upgraded,bundles/ots_upgraded_bundle/0170.png.ots.upgraded,81f699ab0f88c69a1b926ec79103538add6482d3ec85ee47daf671ff48251fb8,anchored,fb591104d35451473a2b3f79bfb4589363dd75ed05fa67e663faaea90139b4b3,yes,949315,00000000000000000000d85ce083fd2ec3e33d9809b9ad6fe9165b2babd71911,2026-05-13 22:38:45 CDT,2026-05-13 23:18:37 CDT,2026-05-14 01:18:37 CDT,0170.png.ots__time-stamp.json,bundles/0170.png.ots__time-stamp.json,2026-05-14T04:04:01.405000+00:00,2026-05-13T09:16:05.223000+00:00,2026-05-14T09:16:05.223000+00:00,1000000,ce39e69627ddeae678da5d89c1fbb9c64f5c4fab5b6e382577b3005a92824c1d,yes,bundle.artifact.bind_sha256_hex,yes,yes,yes,yes,yes,yes
0171,0171.json,bundle_json,yes,bundles/0171.json,12550,2026-05-13 23:04:09 CDT,4a60896c866ab6adde82059aabab649b06e9e623155dfead987580690e5a9133,0171.json.ots,bundles/0171.json.ots,64c6e1b9cc99f51b4b1f320c994d9bf2ef7080ded59e969f9c9b8610af5a4f2f,0171.json.ots.upgraded,bundles/ots_upgraded_bundle/0171.json.ots.upgraded,a9aae690a40792e8842908d094be8405459e2d7e309cd72c03b1a07532f7cf96,anchored,4a60896c866ab6adde82059aabab649b06e9e623155dfead987580690e5a9133,yes,949315,00000000000000000000d85ce083fd2ec3e33d9809b9ad6fe9165b2babd71911,2026-05-13 22:38:45 CDT,2026-05-13 23:18:37 CDT,2026-05-14 01:18:37 CDT,0171.json.ots__time-stamp.json,bundles/0171.json.ots__time-stamp.json,2026-05-14T04:04:11.425000+00:00,2026-05-13T10:01:43.892000+00:00,2026-05-14T10:01:43.892000+00:00,1000000,64c6e1b9cc99f51b4b1f320c994d9bf2ef7080ded59e969f9c9b8610af5a4f2f,yes,bundle.artifact.bind_sha256_hex,yes,yes,yes,yes,yes,yes
0171,0171.png,bundle_png,yes,bundles/0171.png,18886,2026-05-13 23:04:06 CDT,cbc777418183301ce71b85eb87d314edaf2cf9b7f4345e86b62f285b1dd8dc1d,0171.png.ots,bundles/0171.png.ots,19fea2660901d37769019ddb6dfc34c68e6359320e8b0db3ca747f9c085268d6,0171.png.ots.upgraded,bundles/ots_upgraded_bundle/0171.png.ots.upgraded,a4c7336d6cd91c24dc88ef1b28c9094e658d561f1b7218560243530075138e92,anchored,cbc777418183301ce71b85eb87d314edaf2cf9b7f4345e86b62f285b1dd8dc1d,yes,949315,00000000000000000000d85ce083fd2ec3e33d9809b9ad6fe9165b2babd71911,2026-05-13 22:38:45 CDT,2026-05-13 23:18:37 CDT,2026-05-14 01:18:37 CDT,0171.png.ots__time-stamp.json,bundles/0171.png.ots__time-stamp.json,2026-05-14T04:04:08.670000+00:00,2026-05-13T10:58:02.074000+00:00,2026-05-14T10:58:02.074000+00:00,1000000,19fea2660901d37769019ddb6dfc34c68e6359320e8b0db3ca747f9c085268d6,yes,bundle.artifact.bind_sha256_hex,yes,yes,yes,yes,yes,yes
0172,0172.json,bundle_json,yes,bundles/0172.json,12243,2026-05-13 23:04:17 CDT,4c6a86e4b8ae7dde35f171ff7ad01e497294408d053a8c75f4d6bef30c3be0be,0172.json.ots,bundles/0172.json.ots,f5480c8aee9a1b48d8535223bc474250a2079e4aa329e2c7cac7f13151a2c565,0172.json.ots.upgraded,bundles/ots_upgraded_bundle/0172.json.ots.upgraded,dac63c5e879d2a636bd0755ad5225c78e60a11f1753c53c21978adb175c983b0,anchored,4c6a86e4b8ae7dde35f171ff7ad01e497294408d053a8c75f4d6bef30c3be0be,yes,949319,00000000000000000001167897b80c9add7c40f4481e0d4dbebf384a8bd28e82,2026-05-13 23:14:50 CDT,2026-05-14 00:06:03 CDT,2026-05-14 02:06:03 CDT,0172.json.ots__time-stamp.json,bundles/0172.json.ots__time-stamp.json,2026-05-14T04:04:19.445000+00:00,2026-05-13T10:58:02.074000+00:00,2026-05-14T10:58:02.074000+00:00,1000000,f5480c8aee9a1b48d8535223bc474250a2079e4aa329e2c7cac7f13151a2c565,yes,bundle.artifact.bind_sha256_hex,yes,yes,yes,yes,yes,yes
0172,0172.png,bundle_png,yes,bundles/0172.png,20485,2026-05-13 23:04:13 CDT,188e979e2e2d2522ca4920d422b63d8dcd924912f3e8fd4a75af8fa5c3760536,0172.png.ots,bundles/0172.png.ots,9711d822982f56918262e25d207678015e3dbe248ebbefbb4961af823b5ba2f5,0172.png.ots.upgraded,bundles/ots_upgraded_bundle/0172.png.ots.upgraded,4c33f3fc522ed433afad5c61672ab0816577be0a2055edfbfea06e123e8befe2,anchored,188e979e2e2d2522ca4920d422b63d8dcd924912f3e8fd4a75af8fa5c3760536,yes,949315,00000000000000000000d85ce083fd2ec3e33d9809b9ad6fe9165b2babd71911,2026-05-13 22:38:45 CDT,2026-05-13 23:18:37 CDT,2026-05-14 01:18:37 CDT,0172.png.ots__time-stamp.json,bundles/0172.png.ots__time-stamp.json,2026-05-14T04:04:16.665000+00:00,2026-05-13T09:16:05.223000+00:00,2026-05-14T09:16:05.223000+00:00,1000000,9711d822982f56918262e25d207678015e3dbe248ebbefbb4961af823b5ba2f5,yes,bundle.artifact.bind_sha256_hex,yes,yes,yes,yes,yes,yes
0173,0173.json,bundle_json,yes,bundles/0173.json,12240,2026-05-13 23:04:24 CDT,a47ce83d5d8ea0653d721639315a93e5d37931770efcf984588736696a38a094,0173.json.ots,bundles/0173.json.ots,073c6c3b264d9e58253b7ac3d18f19cacaceb6e22479ef06507f3b4b7ed04115,0173.json.ots.upgraded,bundles/ots_upgraded_bundle/0173.json.ots.upgraded,cec5b33a71b978f79ab57ed951696655dbb715ec0fbe295855be4da65f18c72f,anchored,a47ce83d5d8ea0653d721639315a93e5d37931770efcf984588736696a38a094,yes,949319,00000000000000000001167897b80c9add7c40f4481e0d4dbebf384a8bd28e82,2026-05-13 23:14:50 CDT,2026-05-14 00:06:03 CDT,2026-05-14 02:06:03 CDT,0173.json.ots__time-stamp.json,bundles/0173.json.ots__time-stamp.json,2026-05-14T04:04:26.705000+00:00,2026-05-13T10:49:29.465000+00:00,2026-05-14T10:49:29.465000+00:00,1000000,073c6c3b264d9e58253b7ac3d18f19cacaceb6e22479ef06507f3b4b7ed04115,yes,bundle.artifact.bind_sha256_hex,yes,yes,yes,yes,yes,yes
0173,0173.png,bundle_png,yes,bundles/0173.png,20777,2026-05-13 23:04:21 CDT,4db0a6cedc401f24297a5b53d4cf827646900fd2f3bc97ae9d3bb7d6fcee1791,0173.png.ots,bundles/0173.png.ots,e61d601d75382db2e1de82aa5f6eb15101196d4e86a6f223f3ea6c3bb465d290,0173.png.ots.upgraded,bundles/ots_upgraded_bundle/0173.png.ots.upgraded,f5e969db4b1ba11d93cda81e73bf41a50acc53dc6e1f4333b9878904b50fc893,anchored,4db0a6cedc401f24297a5b53d4cf827646900fd2f3bc97ae9d3bb7d6fcee1791,yes,949319,00000000000000000001167897b80c9add7c40f4481e0d4dbebf384a8bd28e82,2026-05-13 23:14:50 CDT,2026-05-14 00:06:03 CDT,2026-05-14 02:06:03 CDT,0173.png.ots__time-stamp.json,bundles/0173.png.ots__time-stamp.json,2026-05-14T04:04:24.470000+00:00,2026-05-13T06:31:59.305000+00:00,2026-05-14T06:31:59.305000+00:00,1000000,e61d601d75382db2e1de82aa5f6eb15101196d4e86a6f223f3ea6c3bb465d290,yes,bundle.artifact.bind_sha256_hex,yes,yes,yes,yes,yes,yes
0174,0174.json,bundle_json,yes,bundles/0174.json,10596,2026-05-13 23:04:32 CDT,7ba7b36f6286f851374f41ce51727012ab00dfec639d32ca8263d4b49c926db4,0174.json.ots,bundles/0174.json.ots,d2e4cb4a68e58fd7013faea3731c07c3b915d0ab47461e6da7b52d3531226b0a,0174.json.ots.upgraded,bundles/ots_upgraded_bundle/0174.json.ots.upgraded,f2383f4c5fa59888f518bf22d51385ee7234ede37109dd74680e5766f04bf3db,anchored,7ba7b36f6286f851374f41ce51727012ab00dfec639d32ca8263d4b49c926db4,yes,949315,00000000000000000000d85ce083fd2ec3e33d9809b9ad6fe9165b2babd71911,2026-05-13 22:38:45 CDT,2026-05-13 23:18:37 CDT,2026-05-14 01:18:37 CDT,0174.json.ots__time-stamp.json,bundles/0174.json.ots__time-stamp.json,2026-05-14T04:04:34.725000+00:00,2026-05-13T09:16:05.223000+00:00,2026-05-14T09:16:05.223000+00:00,1000000,d2e4cb4a68e58fd7013faea3731c07c3b915d0ab47461e6da7b52d3531226b0a,yes,bundle.artifact.bind_sha256_hex,yes,yes,yes,yes,yes,yes
0174,0174.png,bundle_png,yes,bundles/0174.png,20987,2026-05-13 23:04:29 CDT,43139e94f81db0e3c24cd4db475e9542226374b90822ea3811410614bd86e7da,0174.png.ots,bundles/0174.png.ots,58abb87b1ef4208065e94cf00423a69ae35f06047fbf8ce3ab1a6c14afd48acf,0174.png.ots.upgraded,bundles/ots_upgraded_bundle/0174.png.ots.upgraded,3c1de034665ae7e93bb272c7569f47bed5edeb7ef2270aef8df276e7025834a7,anchored,43139e94f81db0e3c24cd4db475e9542226374b90822ea3811410614bd86e7da,yes,949315,00000000000000000000d85ce083fd2ec3e33d9809b9ad6fe9165b2babd71911,2026-05-13 22:38:45 CDT,2026-05-13 23:18:37 CDT,2026-05-14 01:18:37 CDT,0174.png.ots__time-stamp.json,bundles/0174.png.ots__time-stamp.json,2026-05-14T04:04:32.230000+00:00,2026-05-13T09:16:05.223000+00:00,2026-05-14T09:16:05.223000+00:00,1000000,58abb87b1ef4208065e94cf00423a69ae35f06047fbf8ce3ab1a6c14afd48acf,yes,bundle.artifact.bind_sha256_hex,yes,yes,yes,yes,yes,yes
0175,0175.json,bundle_json,yes,bundles/0175.json,9932,2026-05-13 23:04:39 CDT,03c03dde7c26631dc0e432e9508979a3bd3d2c59a181d1810c5dd1cd000a1f63,0175.json.ots,bundles/0175.json.ots,29bb0ffc286f8af3fa4431539d807375f51f62804123ed1a2eca2cefb9a92884,0175.json.ots.upgraded,bundles/ots_upgraded_bundle/0175.json.ots.upgraded,d0a44993a9238bfd75d29345700640eb99ae53528d6ecb9b34168bd42e6b3bca,anchored,03c03dde7c26631dc0e432e9508979a3bd3d2c59a181d1810c5dd1cd000a1f63,yes,949315,00000000000000000000d85ce083fd2ec3e33d9809b9ad6fe9165b2babd71911,2026-05-13 22:38:45 CDT,2026-05-13 23:18:37 CDT,2026-05-14 01:18:37 CDT,0175.json.ots__time-stamp.json,bundles/0175.json.ots__time-stamp.json,2026-05-14T04:04:41.745000+00:00,2026-05-13T07:20:03.388000+00:00,2026-05-14T07:20:03.388000+00:00,1000000,29bb0ffc286f8af3fa4431539d807375f51f62804123ed1a2eca2cefb9a92884,yes,bundle.artifact.bind_sha256_hex,yes,yes,yes,yes,yes,yes
0175,0175.png,bundle_png,yes,bundles/0175.png,21143,2026-05-13 23:04:36 CDT,ee9c7d7753dfe4fdf4f5aa1cbe0e240da654f567d616db7d5db3f9b0e52ef53e,0175.png.ots,bundles/0175.png.ots,bd297b93f259af281d32d96d6a8f2161e4ace9547c5e012f52a49aeda47aac70,0175.png.ots.upgraded,bundles/ots_upgraded_bundle/0175.png.ots.upgraded,b79b70b007ba3a6274e4c16f3c043127647727bd99cee66c74174ba0dca2d1af,anchored,ee9c7d7753dfe4fdf4f5aa1cbe0e240da654f567d616db7d5db3f9b0e52ef53e,yes,949319,00000000000000000001167897b80c9add7c40f4481e0d4dbebf384a8bd28e82,2026-05-13 23:14:50 CDT,2026-05-14 00:06:03 CDT,2026-05-14 02:06:03 CDT,0175.png.ots__time-stamp.json,bundles/0175.png.ots__time-stamp.json,2026-05-14T04:04:39.505000+00:00,2026-05-13T07:35:20.866000+00:00,2026-05-14T07:35:20.866000+00:00,1000000,bd297b93f259af281d32d96d6a8f2161e4ace9547c5e012f52a49aeda47aac70,yes,bundle.artifact.bind_sha256_hex,yes,yes,yes,yes,yes,yes
0176,0176.json,bundle_json,yes,bundles/0176.json,9927,2026-05-13 23:04:47 CDT,e0e1ecc4a85c30b533974befb3229327f367a7134d51581735a612b0de8400dc,0176.json.ots,bundles/0176.json.ots,dfaebb0339a402e453bd65fd533a6270e2063754de56dea245b94773420ff5bf,0176.json.ots.upgraded,bundles/ots_upgraded_bundle/0176.json.ots.upgraded,1c74099c670ed1c852095740ba4e390f43897be46250cbf9242bfd81ac206c6f,anchored,e0e1ecc4a85c30b533974befb3229327f367a7134d51581735a612b0de8400dc,yes,949315,00000000000000000000d85ce083fd2ec3e33d9809b9ad6fe9165b2babd71911,2026-05-13 22:38:45 CDT,2026-05-13 23:18:37 CDT,2026-05-14 01:18:37 CDT,0176.json.ots__time-stamp.json,bundles/0176.json.ots__time-stamp.json,2026-05-14T04:04:49.764000+00:00,2026-05-13T09:43:31.882000+00:00,2026-05-14T09:43:31.882000+00:00,1000000,dfaebb0339a402e453bd65fd533a6270e2063754de56dea245b94773420ff5bf,yes,bundle.artifact.bind_sha256_hex,yes,yes,yes,yes,yes,yes
0176,0176.png,bundle_png,yes,bundles/0176.png,19812,2026-05-13 23:04:44 CDT,c19c95e84b9a4b066bcf1cb6c33d6eee9cf15b2f3e890fc124fb305b84aa9c6f,0176.png.ots,bundles/0176.png.ots,c3a40bab1fa87d543974f5e0cb57aa7f1939f9239c4ddc40bbfc48b2045077ee,0176.png.ots.upgraded,bundles/ots_upgraded_bundle/0176.png.ots.upgraded,c228eb448b5e51a0bdd6de28c25715ddb0ed482d56fd18fa4f166776a076522a,anchored,c19c95e84b9a4b066bcf1cb6c33d6eee9cf15b2f3e890fc124fb305b84aa9c6f,yes,949315,00000000000000000000d85ce083fd2ec3e33d9809b9ad6fe9165b2babd71911,2026-05-13 22:38:45 CDT,2026-05-13 23:18:37 CDT,2026-05-14 01:18:37 CDT,0176.png.ots__time-stamp.json,bundles/0176.png.ots__time-stamp.json,2026-05-14T04:04:47.205000+00:00,2026-05-13T23:25:23.999000+00:00,2026-05-14T23:25:23.999000+00:00,1000000,c3a40bab1fa87d543974f5e0cb57aa7f1939f9239c4ddc40bbfc48b2045077ee,yes,bundle.artifact.bind_sha256_hex,yes,yes,yes,yes,yes,yes
0177,0177.json,bundle_json,yes,bundles/0177.json,9927,2026-05-13 23:04:55 CDT,c221fcfc08ec323e7d3dcf7b122100daf781385588dcd663aad56d3d4d38aaf2,0177.json.ots,bundles/0177.json.ots,55a16c24d32c756d7f3c80bfad89cd87734bba4a150aea3fa27da4c6348c887c,0177.json.ots.upgraded,bundles/ots_upgraded_bundle/0177.json.ots.upgraded,47ed31b67935237f27dc272af9f6a707a45a5beebaa934c35a3664e93c8e8272,anchored,c221fcfc08ec323e7d3dcf7b122100daf781385588dcd663aad56d3d4d38aaf2,yes,949315,00000000000000000000d85ce083fd2ec3e33d9809b9ad6fe9165b2babd71911,2026-05-13 22:38:45 CDT,2026-05-13 23:18:37 CDT,2026-05-14 01:18:37 CDT,0177.json.ots__time-stamp.json,bundles/0177.json.ots__time-stamp.json,2026-05-14T04:04:57.585000+00:00,2026-05-13T09:16:05.223000+00:00,2026-05-14T09:16:05.223000+00:00,1000000,55a16c24d32c756d7f3c80bfad89cd87734bba4a150aea3fa27da4c6348c887c,yes,bundle.artifact.bind_sha256_hex,yes,yes,yes,yes,yes,yes
0177,0177.png,bundle_png,yes,bundles/0177.png,19970,2026-05-13 23:04:52 CDT,e65ee44b90f664f1ab4a9cddea38ee723a2bb3e8917fe364ff1857b4ea2df419,0177.png.ots,bundles/0177.png.ots,a0c0660e19ff8379fe47d71e9573e99a3f0cfcde1d5071967c0da01877590370,0177.png.ots.upgraded,bundles/ots_upgraded_bundle/0177.png.ots.upgraded,526bc932a1d1da6dfcfd6c1ce84b683a2cc7a6c530c748688722035f288ccb62,anchored,e65ee44b90f664f1ab4a9cddea38ee723a2bb3e8917fe364ff1857b4ea2df419,yes,949315,00000000000000000000d85ce083fd2ec3e33d9809b9ad6fe9165b2babd71911,2026-05-13 22:38:45 CDT,2026-05-13 23:18:37 CDT,2026-05-14 01:18:37 CDT,0177.png.ots__time-stamp.json,bundles/0177.png.ots__time-stamp.json,2026-05-14T04:04:54.790000+00:00,2026-05-13T08:23:50.532000+00:00,2026-05-14T08:23:50.532000+00:00,1000000,a0c0660e19ff8379fe47d71e9573e99a3f0cfcde1d5071967c0da01877590370,yes,bundle.artifact.bind_sha256_hex,yes,yes,yes,yes,yes,yes
0178,0178.json,bundle_json,yes,bundles/0178.json,9931,2026-05-13 23:05:02 CDT,cbeaa03736bf82bcc300bfedd2350ebbca6c6c72a1693af3c959a0f70a959f95,0178.json.ots,bundles/0178.json.ots,a33b35ff577c954ea559717d69ee8ca885b6d35a6fc8f9861c64efbec6bb7178,0178.json.ots.upgraded,bundles/ots_upgraded_bundle/0178.json.ots.upgraded,388a5e58214a98af57eb0acf107c43b839df2b920f5ef5c4c25e410abafbec6f,anchored,cbeaa03736bf82bcc300bfedd2350ebbca6c6c72a1693af3c959a0f70a959f95,yes,949315,00000000000000000000d85ce083fd2ec3e33d9809b9ad6fe9165b2babd71911,2026-05-13 22:38:45 CDT,2026-05-13 23:18:37 CDT,2026-05-14 01:18:37 CDT,0178.json.ots__time-stamp.json,bundles/0178.json.ots__time-stamp.json,2026-05-14T04:05:04.825000+00:00,2026-05-13T07:20:03.388000+00:00,2026-05-14T07:20:03.388000+00:00,1000000,a33b35ff577c954ea559717d69ee8ca885b6d35a6fc8f9861c64efbec6bb7178,yes,bundle.artifact.bind_sha256_hex,yes,yes,yes,yes,yes,yes
0178,0178.png,bundle_png,yes,bundles/0178.png,20624,2026-05-13 23:04:59 CDT,b26d101eae4a2b93e9ea0a484af419caed3d06ba424b17a801ffe6fad99b025b,0178.png.ots,bundles/0178.png.ots,820d94075f572fe9d1da2059958c4aae035f655d144ae4e24956dc83a3f0adcf,0178.png.ots.upgraded,bundles/ots_upgraded_bundle/0178.png.ots.upgraded,f2951a278fcce2bdfdc9278c80d88c36d618d994a8df8e738263ddac2f5cb7be,anchored,b26d101eae4a2b93e9ea0a484af419caed3d06ba424b17a801ffe6fad99b025b,yes,949315,00000000000000000000d85ce083fd2ec3e33d9809b9ad6fe9165b2babd71911,2026-05-13 22:38:45 CDT,2026-05-13 23:18:37 CDT,2026-05-14 01:18:37 CDT,0178.png.ots__time-stamp.json,bundles/0178.png.ots__time-stamp.json,2026-05-14T04:05:02.584000+00:00,2026-05-13T07:26:49.378000+00:00,2026-05-14T07:26:49.378000+00:00,1000000,820d94075f572fe9d1da2059958c4aae035f655d144ae4e24956dc83a3f0adcf,yes,bundle.artifact.bind_sha256_hex,yes,yes,yes,yes,yes,yes
0179,0179.json,bundle_json,yes,bundles/0179.json,9924,2026-05-13 23:05:10 CDT,b8dfad6e9f618856f157f6c6bcd74153dfc53e65e4e85edfc2e344ce83811e89,0179.json.ots,bundles/0179.json.ots,14f2dc4700398e65c92a83271a662c4b0bf88f61c5e81192cb3e7c9cf359042e,0179.json.ots.upgraded,bundles/ots_upgraded_bundle/0179.json.ots.upgraded,30f49d6f9c4f67fbcb5b1ffa5f8fa5e29676340b80033c108c55549e02c97cb0,anchored,b8dfad6e9f618856f157f6c6bcd74153dfc53e65e4e85edfc2e344ce83811e89,yes,949315,00000000000000000000d85ce083fd2ec3e33d9809b9ad6fe9165b2babd71911,2026-05-13 22:38:45 CDT,2026-05-13 23:18:37 CDT,2026-05-14 01:18:37 CDT,0179.json.ots__time-stamp.json,bundles/0179.json.ots__time-stamp.json,2026-05-14T04:05:12.324000+00:00,2026-05-13T11:50:24.007000+00:00,2026-05-14T11:50:24.007000+00:00,1000000,14f2dc4700398e65c92a83271a662c4b0bf88f61c5e81192cb3e7c9cf359042e,yes,bundle.artifact.bind_sha256_hex,yes,yes,yes,yes,yes,yes
0179,0179.png,bundle_png,yes,bundles/0179.png,29805,2026-05-13 23:05:07 CDT,0509400ffd66d27f9fdfafba2b4662cb44fa2a9ec3dc53c648b946bdcbd2fcd8,0179.png.ots,bundles/0179.png.ots,31472b594da8d008169ac02eee1ef5900fbddce4156bbac3706e156ec7d44b05,0179.png.ots.upgraded,bundles/ots_upgraded_bundle/0179.png.ots.upgraded,63f4b201ac3e798f2150edc51ea8ee361b61454151a3042d7c78d95dadd3f79e,anchored,0509400ffd66d27f9fdfafba2b4662cb44fa2a9ec3dc53c648b946bdcbd2fcd8,yes,949315,00000000000000000000d85ce083fd2ec3e33d9809b9ad6fe9165b2babd71911,2026-05-13 22:38:45 CDT,2026-05-13 23:18:37 CDT,2026-05-14 01:18:37 CDT,0179.png.ots__time-stamp.json,bundles/0179.png.ots__time-stamp.json,2026-05-14T04:05:09.865000+00:00,2026-05-13T08:23:50.532000+00:00,2026-05-14T08:23:50.532000+00:00,1000000,31472b594da8d008169ac02eee1ef5900fbddce4156bbac3706e156ec7d44b05,yes,bundle.artifact.bind_sha256_hex,yes,yes,yes,yes,yes,yes
0180,0180.json,bundle_json,yes,bundles/0180.json,9231,2026-05-13 23:05:18 CDT,9bb6693b55988ef52bcac215b81b5d69646c27793a604ce08585dee8accd2242,0180.json.ots,bundles/0180.json.ots,ca304288bd9b29d1386fbe67058de9d61369c107d9da55a84cc28eae3e789787,0180.json.ots.upgraded,bundles/ots_upgraded_bundle/0180.json.ots.upgraded,b34fee00b37d57fe562e4b486ee3117b863f14da282be3e7f4cfa67ca8da593a,anchored,9bb6693b55988ef52bcac215b81b5d69646c27793a604ce08585dee8accd2242,yes,949315,00000000000000000000d85ce083fd2ec3e33d9809b9ad6fe9165b2babd71911,2026-05-13 22:38:45 CDT,2026-05-13 23:18:37 CDT,2026-05-14 01:18:37 CDT,0180.json.ots__time-stamp.json,bundles/0180.json.ots__time-stamp.json,2026-05-14T04:05:20.625000+00:00,2026-05-13T07:26:49.378000+00:00,2026-05-14T07:26:49.378000+00:00,1000000,ca304288bd9b29d1386fbe67058de9d61369c107d9da55a84cc28eae3e789787,yes,bundle.artifact.bind_sha256_hex,yes,yes,yes,yes,yes,yes
0180,0180.png,bundle_png,yes,bundles/0180.png,29233,2026-05-13 23:05:15 CDT,d2138f82add8d3828c312f50b0ec15a26f985f1990f2b36d17d8c3e7ea158063,0180.png.ots,bundles/0180.png.ots,91fd1edf18faa6a0530d059e982f6dca8636604a3aef18a6e9ebf91a5b9eef8c,0180.png.ots.upgraded,bundles/ots_upgraded_bundle/0180.png.ots.upgraded,a1824278e29f05146b52e548fe930ee4e2b9142ec4380134f1219084869fa352,anchored,d2138f82add8d3828c312f50b0ec15a26f985f1990f2b36d17d8c3e7ea158063,yes,949315,00000000000000000000d85ce083fd2ec3e33d9809b9ad6fe9165b2babd71911,2026-05-13 22:38:45 CDT,2026-05-13 23:18:37 CDT,2026-05-14 01:18:37 CDT,0180.png.ots__time-stamp.json,bundles/0180.png.ots__time-stamp.json,2026-05-14T04:05:18.174000+00:00,2026-05-13T23:25:23.999000+00:00,2026-05-14T23:25:23.999000+00:00,1000000,91fd1edf18faa6a0530d059e982f6dca8636604a3aef18a6e9ebf91a5b9eef8c,yes,bundle.artifact.bind_sha256_hex,yes,yes,yes,yes,yes,yes
0181,0181.json,bundle_json,yes,bundles/0181.json,9233,2026-05-13 23:05:26 CDT,bdf7a1cf925ea82338e59cfd7d0d5c07b24a7b7453e0447e1e8ebc1ec26621a6,0181.json.ots,bundles/0181.json.ots,27c8ba3a60b76f12be4c387b1accd8dd5afeb7fbc94872d4f284170255def1f0,0181.json.ots.upgraded,bundles/ots_upgraded_bundle/0181.json.ots.upgraded,ec5ca0c434dc87374640919d3325d2432173ae73a88b10084a998aba0d14220a,anchored,bdf7a1cf925ea82338e59cfd7d0d5c07b24a7b7453e0447e1e8ebc1ec26621a6,yes,949319,00000000000000000001167897b80c9add7c40f4481e0d4dbebf384a8bd28e82,2026-05-13 23:14:50 CDT,2026-05-14 00:06:03 CDT,2026-05-14 02:06:03 CDT,0181.json.ots__time-stamp.json,bundles/0181.json.ots__time-stamp.json,2026-05-14T04:05:28.386000+00:00,2026-05-13T08:23:50.532000+00:00,2026-05-14T08:23:50.532000+00:00,1000000,27c8ba3a60b76f12be4c387b1accd8dd5afeb7fbc94872d4f284170255def1f0,yes,bundle.artifact.bind_sha256_hex,yes,yes,yes,yes,yes,yes
0181,0181.png,bundle_png,yes,bundles/0181.png,26567,2026-05-13 23:05:22 CDT,12d0acd9508300f11e756931480e51be121d10976dcb3b9e6526a8e55f2c4326,0181.png.ots,bundles/0181.png.ots,5003487b30e44cbffc725d227b74a5131bc24aa020b74c79acb9e1bf60e80410,0181.png.ots.upgraded,bundles/ots_upgraded_bundle/0181.png.ots.upgraded,68f2fcc2ffa0f512c7b20ae4a0bb8a3917401067a1fc19b27e505d2abae0b168,anchored,12d0acd9508300f11e756931480e51be121d10976dcb3b9e6526a8e55f2c4326,yes,949319,00000000000000000001167897b80c9add7c40f4481e0d4dbebf384a8bd28e82,2026-05-13 23:14:50 CDT,2026-05-14 00:06:03 CDT,2026-05-14 02:06:03 CDT,0181.png.ots__time-stamp.json,bundles/0181.png.ots__time-stamp.json,2026-05-14T04:05:25.644000+00:00,2026-05-13T06:34:59.170000+00:00,2026-05-14T06:34:59.170000+00:00,1000000,5003487b30e44cbffc725d227b74a5131bc24aa020b74c79acb9e1bf60e80410,yes,bundle.artifact.bind_sha256_hex,yes,yes,yes,yes,yes,yes
0182,0182.json,bundle_json,yes,bundles/0182.json,7103,2026-05-13 23:05:33 CDT,d11c748cf3b3a04b2315a85f21b13332e4e0a85df5e5f5b856b950f69405a06c,0182.json.ots,bundles/0182.json.ots,574c56a039e66fe417b9af8c347fc3e7ee9190eb28e14739173f012a34c57622,0182.json.ots.upgraded,bundles/ots_upgraded_bundle/0182.json.ots.upgraded,4d0033805564f02086f783fe8970b1fa47a4d80ad0b95fccc2a0f4323a548590,anchored,d11c748cf3b3a04b2315a85f21b13332e4e0a85df5e5f5b856b950f69405a06c,yes,949315,00000000000000000000d85ce083fd2ec3e33d9809b9ad6fe9165b2babd71911,2026-05-13 22:38:45 CDT,2026-05-13 23:18:37 CDT,2026-05-14 01:18:37 CDT,0182.json.ots__time-stamp.json,bundles/0182.json.ots__time-stamp.json,2026-05-14T04:05:35.424000+00:00,2026-05-13T23:25:23.999000+00:00,2026-05-14T23:25:23.999000+00:00,1000000,574c56a039e66fe417b9af8c347fc3e7ee9190eb28e14739173f012a34c57622,yes,bundle.artifact.bind_sha256_hex,yes,yes,yes,yes,yes,yes
0182,0182.png,bundle_png,yes,bundles/0182.png,17483,2026-05-13 23:05:30 CDT,6197649930fc53fe5d0936d60d187f1557fcaa361ec4ac78364ea27805010e98,0182.png.ots,bundles/0182.png.ots,7fd09b3fc24b6c3da88b5ca6cfe458d2dcabd2710e014b170b9cc2ff7ea136ff,0182.png.ots.upgraded,bundles/ots_upgraded_bundle/0182.png.ots.upgraded,5ff804e533ece598a0ec5382b2ac03338abec31bcd06547ad65790f1bdb44a16,anchored,6197649930fc53fe5d0936d60d187f1557fcaa361ec4ac78364ea27805010e98,yes,949315,00000000000000000000d85ce083fd2ec3e33d9809b9ad6fe9165b2babd71911,2026-05-13 22:38:45 CDT,2026-05-13 23:18:37 CDT,2026-05-14 01:18:37 CDT,0182.png.ots__time-stamp.json,bundles/0182.png.ots__time-stamp.json,2026-05-14T04:05:32.929000+00:00,2026-05-13T06:31:59.305000+00:00,2026-05-14T06:31:59.305000+00:00,1000000,7fd09b3fc24b6c3da88b5ca6cfe458d2dcabd2710e014b170b9cc2ff7ea136ff,yes,bundle.artifact.bind_sha256_hex,yes,yes,yes,yes,yes,yes
0183,0183.json,bundle_json,yes,bundles/0183.json,6058,2026-05-13 23:05:41 CDT,6cde51e27e2a6dc8cf2bb83a19afc57ee44aa21962a7b982f0dee8d61dc5d962,0183.json.ots,bundles/0183.json.ots,181c5892bd1f9c2bf659ca2a5cbcc3d1059b336e746d2e54bbce3e67f66aa8d2,0183.json.ots.upgraded,bundles/ots_upgraded_bundle/0183.json.ots.upgraded,e6d60071fbd5a2362332125e76052894f83399148a25fb1eb2a4c2fce90a3f20,anchored,6cde51e27e2a6dc8cf2bb83a19afc57ee44aa21962a7b982f0dee8d61dc5d962,yes,949319,00000000000000000001167897b80c9add7c40f4481e0d4dbebf384a8bd28e82,2026-05-13 23:14:50 CDT,2026-05-14 00:06:03 CDT,2026-05-14 02:06:03 CDT,0183.json.ots__time-stamp.json,bundles/0183.json.ots__time-stamp.json,2026-05-14T04:05:43.924000+00:00,2026-05-13T23:25:23.999000+00:00,2026-05-14T23:25:23.999000+00:00,1000000,181c5892bd1f9c2bf659ca2a5cbcc3d1059b336e746d2e54bbce3e67f66aa8d2,yes,bundle.artifact.bind_sha256_hex,yes,yes,yes,yes,yes,yes
0183,0183.png,bundle_png,yes,bundles/0183.png,17656,2026-05-13 23:05:38 CDT,25dd64761d15c5f054cab02da7f1d682da93ad587ca1a418c724338cbf7483ce,0183.png.ots,bundles/0183.png.ots,59511c30e051fecba3d82330c590ac39f4f99434b0d901105fda59021e766d37,0183.png.ots.upgraded,bundles/ots_upgraded_bundle/0183.png.ots.upgraded,ee6709f859bfc7b78fcc3c87b046bfe03d43b886d916f29a792d17280698ed35,anchored,25dd64761d15c5f054cab02da7f1d682da93ad587ca1a418c724338cbf7483ce,yes,949315,00000000000000000000d85ce083fd2ec3e33d9809b9ad6fe9165b2babd71911,2026-05-13 22:38:45 CDT,2026-05-13 23:18:37 CDT,2026-05-14 01:18:37 CDT,0183.png.ots__time-stamp.json,bundles/0183.png.ots__time-stamp.json,2026-05-14T04:05:40.950000+00:00,2026-05-13T07:42:55.719000+00:00,2026-05-14T07:42:55.719000+00:00,1000000,59511c30e051fecba3d82330c590ac39f4f99434b0d901105fda59021e766d37,yes,bundle.artifact.bind_sha256_hex,yes,yes,yes,yes,yes,yes
0184,0184.json,bundle_json,yes,bundles/0184.json,6075,2026-05-13 23:05:49 CDT,6abf2701960b5688112fd3f3d83af07da6284b70b523b67a0b54430a947d6e5b,0184.json.ots,bundles/0184.json.ots,1c15d8cfa7b3b3c572658973dd581d08b5d31e4af566f46230ea602d201f0661,0184.json.ots.upgraded,bundles/ots_upgraded_bundle/0184.json.ots.upgraded,d0e0e92f479d9e64ce9ff6bacb3e76c92296a41d23ffd82d7a1c141d26aafaae,anchored,6abf2701960b5688112fd3f3d83af07da6284b70b523b67a0b54430a947d6e5b,yes,949319,00000000000000000001167897b80c9add7c40f4481e0d4dbebf384a8bd28e82,2026-05-13 23:14:50 CDT,2026-05-14 00:06:03 CDT,2026-05-14 02:06:03 CDT,0184.json.ots__time-stamp.json,bundles/0184.json.ots__time-stamp.json,2026-05-14T04:05:51.486000+00:00,2026-05-13T09:16:05.223000+00:00,2026-05-14T09:16:05.223000+00:00,1000000,1c15d8cfa7b3b3c572658973dd581d08b5d31e4af566f46230ea602d201f0661,yes,bundle.artifact.bind_sha256_hex,yes,yes,yes,yes,yes,yes
0184,0184.png,bundle_png,yes,bundles/0184.png,17972,2026-05-13 23:05:45 CDT,61145b4b5412239be418a82da38185dc3db0a4ed9900b6182356b916661830fa,0184.png.ots,bundles/0184.png.ots,eb5d1d8dc72150c8462b510180d4bff4a6a597ecfccd2e5bc7dbdf67ce28d94e,0184.png.ots.upgraded,bundles/ots_upgraded_bundle/0184.png.ots.upgraded,c5698591f391fa1cd2226a3b8613f92c01f3ae14013e6707aa6a31418ce6c4e6,anchored,61145b4b5412239be418a82da38185dc3db0a4ed9900b6182356b916661830fa,yes,949319,00000000000000000001167897b80c9add7c40f4481e0d4dbebf384a8bd28e82,2026-05-13 23:14:50 CDT,2026-05-14 00:06:03 CDT,2026-05-14 02:06:03 CDT,0184.png.ots__time-stamp.json,bundles/0184.png.ots__time-stamp.json,2026-05-14T04:05:48.724000+00:00,2026-05-13T06:31:59.305000+00:00,2026-05-14T06:31:59.305000+00:00,1000000,eb5d1d8dc72150c8462b510180d4bff4a6a597ecfccd2e5bc7dbdf67ce28d94e,yes,bundle.artifact.bind_sha256_hex,yes,yes,yes,yes,yes,yes
0185,0185.json,bundle_json,yes,bundles/0185.json,6250,2026-05-13 23:05:56 CDT,eb05b57d3ed8ca3acada38ff72a6b069e0a89c38e219592645b3192785c4fb4f,0185.json.ots,bundles/0185.json.ots,67e4c106f912a0c1982934816bece97474b7797ed92b64996956503513d54d34,0185.json.ots.upgraded,bundles/ots_upgraded_bundle/0185.json.ots.upgraded,1d31ab63300dd24d32ae2aa93348a17e540ccf96ebf1cf02c6fdd563efa6ea7e,anchored,eb05b57d3ed8ca3acada38ff72a6b069e0a89c38e219592645b3192785c4fb4f,yes,949315,00000000000000000000d85ce083fd2ec3e33d9809b9ad6fe9165b2babd71911,2026-05-13 22:38:45 CDT,2026-05-13 23:18:37 CDT,2026-05-14 01:18:37 CDT,0185.json.ots__time-stamp.json,bundles/0185.json.ots__time-stamp.json,2026-05-14T04:05:58.770000+00:00,2026-05-13T07:35:20.866000+00:00,2026-05-14T07:35:20.866000+00:00,1000000,67e4c106f912a0c1982934816bece97474b7797ed92b64996956503513d54d34,yes,bundle.artifact.bind_sha256_hex,yes,yes,yes,yes,yes,yes
0185,0185.png,bundle_png,yes,bundles/0185.png,19723,2026-05-13 23:05:53 CDT,8191bf35e4b8a5e89656480274ed5a56be4e84d1bf33a6ff9bb9982b466f1bf8,0185.png.ots,bundles/0185.png.ots,42a25572877d02e25833a4f1aea94bd76bdd5cb545a873df17597716640da275,0185.png.ots.upgraded,bundles/ots_upgraded_bundle/0185.png.ots.upgraded,896604d5cc22b52eed1cd9eafc0fc768a5c750d617834f74f659336df6213508,anchored,8191bf35e4b8a5e89656480274ed5a56be4e84d1bf33a6ff9bb9982b466f1bf8,yes,949315,00000000000000000000d85ce083fd2ec3e33d9809b9ad6fe9165b2babd71911,2026-05-13 22:38:45 CDT,2026-05-13 23:18:37 CDT,2026-05-14 01:18:37 CDT,0185.png.ots__time-stamp.json,bundles/0185.png.ots__time-stamp.json,2026-05-14T04:05:55.990000+00:00,2026-05-13T07:50:12.083000+00:00,2026-05-14T07:50:12.083000+00:00,1000000,42a25572877d02e25833a4f1aea94bd76bdd5cb545a873df17597716640da275,yes,bundle.artifact.bind_sha256_hex,yes,yes,yes,yes,yes,yes
0186,0186.json,bundle_json,yes,bundles/0186.json,6245,2026-05-13 23:06:04 CDT,8391c0b13ed607e19d803a8b86996b4d2e57ba34a436f9501049465105bbf189,0186.json.ots,bundles/0186.json.ots,c6d9c46d4a31c53f4764c64f1b435f97e012fe24afd15f9a58c819ba795389c5,0186.json.ots.upgraded,bundles/ots_upgraded_bundle/0186.json.ots.upgraded,add8e1f3eba20ff62740b80f7a85ba65af8d548a40d9bd005b1a1ba280fcf12b,anchored,8391c0b13ed607e19d803a8b86996b4d2e57ba34a436f9501049465105bbf189,yes,949319,00000000000000000001167897b80c9add7c40f4481e0d4dbebf384a8bd28e82,2026-05-13 23:14:50 CDT,2026-05-14 00:06:03 CDT,2026-05-14 02:06:03 CDT,0186.json.ots__time-stamp.json,bundles/0186.json.ots__time-stamp.json,2026-05-14T04:06:06.229000+00:00,2026-05-13T07:20:03.388000+00:00,2026-05-14T07:20:03.388000+00:00,1000000,c6d9c46d4a31c53f4764c64f1b435f97e012fe24afd15f9a58c819ba795389c5,yes,bundle.artifact.bind_sha256_hex,yes,yes,yes,yes,yes,yes
0186,0186.png,bundle_png,yes,bundles/0186.png,19711,2026-05-13 23:06:01 CDT,376b43ab8b613ae7c7fde5f9c6258d9c1077ef83ca513d13e282cced375a4600,0186.png.ots,bundles/0186.png.ots,aca5318d57727101a0bad3ba1b5446dc9e6dcaf21c04474c5024dd71fe87eaca,0186.png.ots.upgraded,bundles/ots_upgraded_bundle/0186.png.ots.upgraded,d8e77a1212439ac429883b5447aca51311c717237a841b2987d4fde9ff4af594,anchored,376b43ab8b613ae7c7fde5f9c6258d9c1077ef83ca513d13e282cced375a4600,yes,949319,00000000000000000001167897b80c9add7c40f4481e0d4dbebf384a8bd28e82,2026-05-13 23:14:50 CDT,2026-05-14 00:06:03 CDT,2026-05-14 02:06:03 CDT,0186.png.ots__time-stamp.json,bundles/0186.png.ots__time-stamp.json,2026-05-14T04:06:03.804000+00:00,2026-05-13T06:40:25.129000+00:00,2026-05-14T06:40:25.129000+00:00,1000000,aca5318d57727101a0bad3ba1b5446dc9e6dcaf21c04474c5024dd71fe87eaca,yes,bundle.artifact.bind_sha256_hex,yes,yes,yes,yes,yes,yes
0187,0187.json,bundle_json,yes,bundles/0187.json,5614,2026-05-13 23:06:12 CDT,fb70f1f5201bf96e513710509f0a73d924e59bc93d545ea734ce6c473cc8f8ec,0187.json.ots,bundles/0187.json.ots,312f8a2a3c71bb8a98008a7b484436b23e3c15f29c64d897ed459deaeee63757,0187.json.ots.upgraded,bundles/ots_upgraded_bundle/0187.json.ots.upgraded,8080f7cd0d7f095e962a54b4cd0c008fdfa53c9c68624be4891146cbd8c0f00d,anchored,fb70f1f5201bf96e513710509f0a73d924e59bc93d545ea734ce6c473cc8f8ec,yes,949315,00000000000000000000d85ce083fd2ec3e33d9809b9ad6fe9165b2babd71911,2026-05-13 22:38:45 CDT,2026-05-13 23:18:37 CDT,2026-05-14 01:18:37 CDT,0187.json.ots__time-stamp.json,bundles/0187.json.ots__time-stamp.json,2026-05-14T04:06:15.174000+00:00,2026-05-13T07:26:49.378000+00:00,2026-05-14T07:26:49.378000+00:00,1000000,312f8a2a3c71bb8a98008a7b484436b23e3c15f29c64d897ed459deaeee63757,yes,bundle.artifact.bind_sha256_hex,yes,yes,yes,yes,yes,yes
0187,0187.png,bundle_png,yes,bundles/0187.png,20102,2026-05-13 23:06:09 CDT,29c942954be367011f2672448b66343156e800376c2407ae18b175edfdd6dd0d,0187.png.ots,bundles/0187.png.ots,1fcec70ac1e46b44f27cc1352b1485b7576763afbb9da09eb97e04617dd2bfe4,0187.png.ots.upgraded,bundles/ots_upgraded_bundle/0187.png.ots.upgraded,1ec67ceed7e0dbd806d2960d493782ccaa8a68effa1f7a7f38c39fe24b376257,anchored,29c942954be367011f2672448b66343156e800376c2407ae18b175edfdd6dd0d,yes,949315,00000000000000000000d85ce083fd2ec3e33d9809b9ad6fe9165b2babd71911,2026-05-13 22:38:45 CDT,2026-05-13 23:18:37 CDT,2026-05-14 01:18:37 CDT,0187.png.ots__time-stamp.json,bundles/0187.png.ots__time-stamp.json,2026-05-14T04:06:12.047000+00:00,2026-05-13T06:14:40.124000+00:00,2026-05-14T06:14:40.124000+00:00,1000000,1fcec70ac1e46b44f27cc1352b1485b7576763afbb9da09eb97e04617dd2bfe4,yes,bundle.artifact.bind_sha256_hex,yes,yes,yes,yes,yes,yes
0188,0188.json,bundle_json,yes,bundles/0188.json,6467,2026-05-13 23:06:21 CDT,a7e39c8148f360dfb531cfead4770dea339b15d63375a777b41cb6226ecb10be,0188.json.ots,bundles/0188.json.ots,86cd757c2620d35498ecfa701774a47da1d55a37a14e5b3bcc1f5c7af0ed8467,0188.json.ots.upgraded,bundles/ots_upgraded_bundle/0188.json.ots.upgraded,b61c6f361ff0f12b2e6a12fac5c5a614b524f69041258e04c6cc73296f0e63eb,anchored,a7e39c8148f360dfb531cfead4770dea339b15d63375a777b41cb6226ecb10be,yes,949319,00000000000000000001167897b80c9add7c40f4481e0d4dbebf384a8bd28e82,2026-05-13 23:14:50 CDT,2026-05-14 00:06:03 CDT,2026-05-14 02:06:03 CDT,0188.json.ots__time-stamp.json,bundles/0188.json.ots__time-stamp.json,2026-05-14T04:06:23.175000+00:00,2026-05-13T06:31:59.305000+00:00,2026-05-14T06:31:59.305000+00:00,1000000,86cd757c2620d35498ecfa701774a47da1d55a37a14e5b3bcc1f5c7af0ed8467,yes,bundle.artifact.bind_sha256_hex,yes,yes,yes,yes,yes,yes
0188,0188.png,bundle_png,yes,bundles/0188.png,18864,2026-05-13 23:06:17 CDT,9d09150365663ce640a4acdc3809a8ead608f649af507d1e12cf975dbccfa952,0188.png.ots,bundles/0188.png.ots,5dc05699fddd64ce3e215ef5f131fe772edc92cd9f1e1fb2717e96a12d223559,0188.png.ots.upgraded,bundles/ots_upgraded_bundle/0188.png.ots.upgraded,d2958aec2b53d543a09225ccb72fb4def531d393199075eedaad8d25f29418be,anchored,9d09150365663ce640a4acdc3809a8ead608f649af507d1e12cf975dbccfa952,yes,949319,00000000000000000001167897b80c9add7c40f4481e0d4dbebf384a8bd28e82,2026-05-13 23:14:50 CDT,2026-05-14 00:06:03 CDT,2026-05-14 02:06:03 CDT,0188.png.ots__time-stamp.json,bundles/0188.png.ots__time-stamp.json,2026-05-14T04:06:20.210000+00:00,2026-05-13T08:23:50.532000+00:00,2026-05-14T08:23:50.532000+00:00,1000000,5dc05699fddd64ce3e215ef5f131fe772edc92cd9f1e1fb2717e96a12d223559,yes,bundle.artifact.bind_sha256_hex,yes,yes,yes,yes,yes,yes
0189,0189.json,bundle_json,yes,bundles/0189.json,7175,2026-05-13 23:06:28 CDT,e8c1770add4db276e42ac4c61d0bc87e40dedc2612f5a9880c88a78306eca060,0189.json.ots,bundles/0189.json.ots,a2dd2cb5d53635dec22d77dd32caed081a5d2310928dfe358dc82a4f90adadaa,0189.json.ots.upgraded,bundles/ots_upgraded_bundle/0189.json.ots.upgraded,1f6209b3c111ca00d38cd3a3d57962aed1b52ab491e89e7ee8f910c4e623229b,anchored,e8c1770add4db276e42ac4c61d0bc87e40dedc2612f5a9880c88a78306eca060,yes,949319,00000000000000000001167897b80c9add7c40f4481e0d4dbebf384a8bd28e82,2026-05-13 23:14:50 CDT,2026-05-14 00:06:03 CDT,2026-05-14 02:06:03 CDT,0189.json.ots__time-stamp.json,bundles/0189.json.ots__time-stamp.json,2026-05-14T04:06:30.865000+00:00,2026-05-13T06:31:59.305000+00:00,2026-05-14T06:31:59.305000+00:00,1000000,a2dd2cb5d53635dec22d77dd32caed081a5d2310928dfe358dc82a4f90adadaa,yes,bundle.artifact.bind_sha256_hex,yes,yes,yes,yes,yes,yes
0189,0189.png,bundle_png,yes,bundles/0189.png,17921,2026-05-13 23:06:24 CDT,49a2e3f0c512e12ac7d34159377e19a11479bbcac5ae2ea966f35abce5b26928,0189.png.ots,bundles/0189.png.ots,46bc6e5a925e915e6c8c93b07791e49efc8ee001a689ab4bd5a809be02fcedeb,0189.png.ots.upgraded,bundles/ots_upgraded_bundle/0189.png.ots.upgraded,a9578fb6fdbbef6915606da031264de778bd6e9b2c374160b14d8793e9f1a230,anchored,49a2e3f0c512e12ac7d34159377e19a11479bbcac5ae2ea966f35abce5b26928,yes,949319,00000000000000000001167897b80c9add7c40f4481e0d4dbebf384a8bd28e82,2026-05-13 23:14:50 CDT,2026-05-14 00:06:03 CDT,2026-05-14 02:06:03 CDT,0189.png.ots__time-stamp.json,bundles/0189.png.ots__time-stamp.json,2026-05-14T04:06:28.230000+00:00,2026-05-13T07:50:12.083000+00:00,2026-05-14T07:50:12.083000+00:00,1000000,46bc6e5a925e915e6c8c93b07791e49efc8ee001a689ab4bd5a809be02fcedeb,yes,bundle.artifact.bind_sha256_hex,yes,yes,yes,yes,yes,yes
0190,0190.json,bundle_json,yes,bundles/0190.json,7498,2026-05-13 23:06:35 CDT,de1cab3c1e6231a8b8d778947f5e5886736f8bcfaee68ffbdc25b1647372ff93,0190.json.ots,bundles/0190.json.ots,c0fc473d28f040f3a1fcc55b3792a21bf7171b660d23e08cf431d57051ef58a9,0190.json.ots.upgraded,bundles/ots_upgraded_bundle/0190.json.ots.upgraded,41ff68ab47e7655a2d1ab39ead2238b4c48301a5a53767e915ab6bb6d374adba,anchored,de1cab3c1e6231a8b8d778947f5e5886736f8bcfaee68ffbdc25b1647372ff93,yes,949315,00000000000000000000d85ce083fd2ec3e33d9809b9ad6fe9165b2babd71911,2026-05-13 22:38:45 CDT,2026-05-13 23:18:37 CDT,2026-05-14 01:18:37 CDT,0190.json.ots__time-stamp.json,bundles/0190.json.ots__time-stamp.json,2026-05-14T04:06:37.245000+00:00,2026-05-13T09:43:31.882000+00:00,2026-05-14T09:43:31.882000+00:00,1000000,c0fc473d28f040f3a1fcc55b3792a21bf7171b660d23e08cf431d57051ef58a9,yes,bundle.artifact.bind_sha256_hex,yes,yes,yes,yes,yes,yes
0190,0190.png,bundle_png,yes,bundles/0190.png,17609,2026-05-13 23:06:32 CDT,9958e8914fe0cb966d4623acfb159458ca67637f8ba3aaf2ecbf85b24e987c0f,0190.png.ots,bundles/0190.png.ots,33051ac7b8bf2ef34950244ec6420ce2ce4495cfa43fcb2043e117c70ebf6e66,0190.png.ots.upgraded,bundles/ots_upgraded_bundle/0190.png.ots.upgraded,171cadb26bfe22a1d5e246ac8f1233a93dd5404cad48f3959c71db53e8897dc4,anchored,9958e8914fe0cb966d4623acfb159458ca67637f8ba3aaf2ecbf85b24e987c0f,yes,949315,00000000000000000000d85ce083fd2ec3e33d9809b9ad6fe9165b2babd71911,2026-05-13 22:38:45 CDT,2026-05-13 23:18:37 CDT,2026-05-14 01:18:37 CDT,0190.png.ots__time-stamp.json,bundles/0190.png.ots__time-stamp.json,2026-05-14T04:06:35.225000+00:00,2026-05-13T07:42:55.719000+00:00,2026-05-14T07:42:55.719000+00:00,1000000,33051ac7b8bf2ef34950244ec6420ce2ce4495cfa43fcb2043e117c70ebf6e66,yes,bundle.artifact.bind_sha256_hex,yes,yes,yes,yes,yes,yes
0191,0191.json,bundle_json,yes,bundles/0191.json,6935,2026-05-13 23:06:44 CDT,02a9e034f00a62eed72ac0aefda7e74e89a7053977a349a2ca96c37f1e9bb595,0191.json.ots,bundles/0191.json.ots,68380a57d7e8d8aef408641d954333ad43d27f04d026e61d82d0c89725ac8b31,0191.json.ots.upgraded,bundles/ots_upgraded_bundle/0191.json.ots.upgraded,0bead87822e688b90994f044a7d0459b8f8a958db28cf660a0f14e232d03fb1b,anchored,02a9e034f00a62eed72ac0aefda7e74e89a7053977a349a2ca96c37f1e9bb595,yes,949315,00000000000000000000d85ce083fd2ec3e33d9809b9ad6fe9165b2babd71911,2026-05-13 22:38:45 CDT,2026-05-13 23:18:37 CDT,2026-05-14 01:18:37 CDT,0191.json.ots__time-stamp.json,bundles/0191.json.ots__time-stamp.json,2026-05-14T04:06:47.310000+00:00,2026-05-13T06:14:40.124000+00:00,2026-05-14T06:14:40.124000+00:00,1000000,68380a57d7e8d8aef408641d954333ad43d27f04d026e61d82d0c89725ac8b31,yes,bundle.artifact.bind_sha256_hex,yes,yes,yes,yes,yes,yes
0191,0191.png,bundle_png,yes,bundles/0191.png,17432,2026-05-13 23:06:40 CDT,ce5c83f7fb4668abf1776665100b88b26fc82ba23de23f1678b450f571bb1a13,0191.png.ots,bundles/0191.png.ots,1772245618caab19955d1c5ce6534686b06dd016706fcd42d70672eb22a62892,0191.png.ots.upgraded,bundles/ots_upgraded_bundle/0191.png.ots.upgraded,cb7a69e862ca40538bfa51b097f7cf13e5cc976927246005c867bba0fefdaba7,anchored,ce5c83f7fb4668abf1776665100b88b26fc82ba23de23f1678b450f571bb1a13,yes,949319,00000000000000000001167897b80c9add7c40f4481e0d4dbebf384a8bd28e82,2026-05-13 23:14:50 CDT,2026-05-14 00:06:03 CDT,2026-05-14 02:06:03 CDT,0191.png.ots__time-stamp.json,bundles/0191.png.ots__time-stamp.json,2026-05-14T04:06:44.320000+00:00,2026-05-13T08:10:30.590000+00:00,2026-05-14T08:10:30.590000+00:00,1000000,1772245618caab19955d1c5ce6534686b06dd016706fcd42d70672eb22a62892,yes,bundle.artifact.bind_sha256_hex,yes,yes,yes,yes,yes,yes
0192,0192.json,bundle_json,yes,bundles/0192.json,7358,2026-05-13 23:06:52 CDT,0bef9528a41a24d9510d4531bf399c99dc92d029c8f53be2685b0af49ba4373b,0192.json.ots,bundles/0192.json.ots,28ebb17066e228daa46cce2e1008cf63b5fbc1663f8e9cdecfafe0003aff34cc,0192.json.ots.upgraded,bundles/ots_upgraded_bundle/0192.json.ots.upgraded,ec55e9aed9941821aa679761b3456bf6d43b78fdccc1423d23d98135f282350c,anchored,0bef9528a41a24d9510d4531bf399c99dc92d029c8f53be2685b0af49ba4373b,yes,949315,00000000000000000000d85ce083fd2ec3e33d9809b9ad6fe9165b2babd71911,2026-05-13 22:38:45 CDT,2026-05-13 23:18:37 CDT,2026-05-14 01:18:37 CDT,0192.json.ots__time-stamp.json,bundles/0192.json.ots__time-stamp.json,2026-05-14T04:06:54.284000+00:00,2026-05-13T08:10:30.590000+00:00,2026-05-14T08:10:30.590000+00:00,1000000,28ebb17066e228daa46cce2e1008cf63b5fbc1663f8e9cdecfafe0003aff34cc,yes,bundle.artifact.bind_sha256_hex,yes,yes,yes,yes,yes,yes
0192,0192.png,bundle_png,yes,bundles/0192.png,39108,2026-05-13 23:06:48 CDT,a888fba284dbdaf8e42a0b8961978426945a9ea56802f4bd2f35d3a8bd122574,0192.png.ots,bundles/0192.png.ots,3ef9c2779087df150e158a43bb196b6d993f6b06a961d18640ba293070ac698e,0192.png.ots.upgraded,bundles/ots_upgraded_bundle/0192.png.ots.upgraded,732f7bfb216ee02e38a69d8df024d70d9f563cd5ca3cc23e4fe57f5e31347faf,anchored,a888fba284dbdaf8e42a0b8961978426945a9ea56802f4bd2f35d3a8bd122574,yes,949319,00000000000000000001167897b80c9add7c40f4481e0d4dbebf384a8bd28e82,2026-05-13 23:14:50 CDT,2026-05-14 00:06:03 CDT,2026-05-14 02:06:03 CDT,0192.png.ots__time-stamp.json,bundles/0192.png.ots__time-stamp.json,2026-05-14T04:06:51.525000+00:00,2026-05-13T07:20:03.388000+00:00,2026-05-14T07:20:03.388000+00:00,1000000,3ef9c2779087df150e158a43bb196b6d993f6b06a961d18640ba293070ac698e,yes,bundle.artifact.bind_sha256_hex,yes,yes,yes,yes,yes,yes
0193,0193.json,bundle_json,yes,bundles/0193.json,7370,2026-05-13 23:06:59 CDT,6151b53309ecf22e51e32b1979f62af8385f7d2b0e16562a9d44d9514adc9235,0193.json.ots,bundles/0193.json.ots,8cd32e6ff60ccbef623aed2702e51f0796103979d14aab868ccd7c25906bf931,0193.json.ots.upgraded,bundles/ots_upgraded_bundle/0193.json.ots.upgraded,10befad8e5435e24fac8d35d9eebc39a4e76bf92563426ef9858dde59078bacb,anchored,6151b53309ecf22e51e32b1979f62af8385f7d2b0e16562a9d44d9514adc9235,yes,949315,00000000000000000000d85ce083fd2ec3e33d9809b9ad6fe9165b2babd71911,2026-05-13 22:38:45 CDT,2026-05-13 23:18:37 CDT,2026-05-14 01:18:37 CDT,0193.json.ots__time-stamp.json,bundles/0193.json.ots__time-stamp.json,2026-05-14T04:07:02.304000+00:00,2026-05-13T07:35:20.866000+00:00,2026-05-14T07:35:20.866000+00:00,1000000,8cd32e6ff60ccbef623aed2702e51f0796103979d14aab868ccd7c25906bf931,yes,bundle.artifact.bind_sha256_hex,yes,yes,yes,yes,yes,yes
0193,0193.png,bundle_png,yes,bundles/0193.png,22687,2026-05-13 23:06:56 CDT,1f7448925d08c2f57d170cc62d49052c4ede3dbbdc3f779b785737a3b7ca2dd2,0193.png.ots,bundles/0193.png.ots,f930789e28e5547a63cdccd095681bf9a0db6062400af9db8fa9e09228fd5e45,0193.png.ots.upgraded,bundles/ots_upgraded_bundle/0193.png.ots.upgraded,6187fe343d9447143c87508269ed49dc6df4cf2be723413651dca78c1d59ebc2,anchored,1f7448925d08c2f57d170cc62d49052c4ede3dbbdc3f779b785737a3b7ca2dd2,yes,949315,00000000000000000000d85ce083fd2ec3e33d9809b9ad6fe9165b2babd71911,2026-05-13 22:38:45 CDT,2026-05-13 23:18:37 CDT,2026-05-14 01:18:37 CDT,0193.png.ots__time-stamp.json,bundles/0193.png.ots__time-stamp.json,2026-05-14T04:06:58.965000+00:00,2026-05-13T11:50:24.007000+00:00,2026-05-14T11:50:24.007000+00:00,1000000,f930789e28e5547a63cdccd095681bf9a0db6062400af9db8fa9e09228fd5e45,yes,bundle.artifact.bind_sha256_hex,yes,yes,yes,yes,yes,yes
0194,0194.json,bundle_json,yes,bundles/0194.json,8173,2026-05-13 23:07:06 CDT,6ded1bfcb7babb3b823b93eb2f8cd3424cefa749bba1364bcc523c04e4253a46,0194.json.ots,bundles/0194.json.ots,21267a400962174cf149ce461ef3834ad1fcc67ca0b690cabca2c09cfd71185b,0194.json.ots.upgraded,bundles/ots_upgraded_bundle/0194.json.ots.upgraded,cedad68d37b06c650bc46d53c917623de28e19072f2b1f9d7770a3cfc8b49d1e,anchored,6ded1bfcb7babb3b823b93eb2f8cd3424cefa749bba1364bcc523c04e4253a46,yes,949315,00000000000000000000d85ce083fd2ec3e33d9809b9ad6fe9165b2babd71911,2026-05-13 22:38:45 CDT,2026-05-13 23:18:37 CDT,2026-05-14 01:18:37 CDT,0194.json.ots__time-stamp.json,bundles/0194.json.ots__time-stamp.json,2026-05-14T04:07:09.374000+00:00,2026-05-13T07:35:20.866000+00:00,2026-05-14T07:35:20.866000+00:00,1000000,21267a400962174cf149ce461ef3834ad1fcc67ca0b690cabca2c09cfd71185b,yes,bundle.artifact.bind_sha256_hex,yes,yes,yes,yes,yes,yes
0194,0194.png,bundle_png,yes,bundles/0194.png,23532,2026-05-13 23:07:03 CDT,8ef4833741c1037b96d09b28c60833594634a9a91f5b5701a2333093a78ee551,0194.png.ots,bundles/0194.png.ots,dd6bf6e9208f3acffec157c8f5f2e6e4cc948badd3b2ab53d34bebc23f459cd6,0194.png.ots.upgraded,bundles/ots_upgraded_bundle/0194.png.ots.upgraded,117bfffec468475e2786d26d2973e21e3e328fac8d33d0f79304fe2889ac98fc,anchored,8ef4833741c1037b96d09b28c60833594634a9a91f5b5701a2333093a78ee551,yes,949315,00000000000000000000d85ce083fd2ec3e33d9809b9ad6fe9165b2babd71911,2026-05-13 22:38:45 CDT,2026-05-13 23:18:37 CDT,2026-05-14 01:18:37 CDT,0194.png.ots__time-stamp.json,bundles/0194.png.ots__time-stamp.json,2026-05-14T04:07:06.326000+00:00,2026-05-13T06:34:59.170000+00:00,2026-05-14T06:34:59.170000+00:00,1000000,dd6bf6e9208f3acffec157c8f5f2e6e4cc948badd3b2ab53d34bebc23f459cd6,yes,bundle.artifact.bind_sha256_hex,yes,yes,yes,yes,yes,yes
0195,0195.json,bundle_json,yes,bundles/0195.json,6961,2026-05-13 23:07:14 CDT,d644b2eef0952d39647b0742eeab217251786046bbca063f9a31c5fa5a2a1373,0195.json.ots,bundles/0195.json.ots,085805eb4754da39cf2683d1654c80bba4dbc8f614ddf694b73eab4484e8e601,0195.json.ots.upgraded,bundles/ots_upgraded_bundle/0195.json.ots.upgraded,eb54b3c10fadba924666324ed3718b06d298c258219a30b576abe59a58d5e2b3,anchored,d644b2eef0952d39647b0742eeab217251786046bbca063f9a31c5fa5a2a1373,yes,949315,00000000000000000000d85ce083fd2ec3e33d9809b9ad6fe9165b2babd71911,2026-05-13 22:38:45 CDT,2026-05-13 23:18:37 CDT,2026-05-14 01:18:37 CDT,0195.json.ots__time-stamp.json,bundles/0195.json.ots__time-stamp.json,2026-05-14T04:07:17.070000+00:00,2026-05-13T07:50:12.083000+00:00,2026-05-14T07:50:12.083000+00:00,1000000,085805eb4754da39cf2683d1654c80bba4dbc8f614ddf694b73eab4484e8e601,yes,bundle.artifact.bind_sha256_hex,yes,yes,yes,yes,yes,yes
0195,0195.png,bundle_png,yes,bundles/0195.png,23079,2026-05-13 23:07:11 CDT,fbafe88ecdd7bd4b0376b3709f8b7a9dfea8919c761c80c059e1decc5ffa06f2,0195.png.ots,bundles/0195.png.ots,7c756d65e8d37bd7fc6189b55b7618e41006bc4e62aa67820037c56f2447f382,0195.png.ots.upgraded,bundles/ots_upgraded_bundle/0195.png.ots.upgraded,17337c4b9600220bd3e80434e1378fa32c0dd49213dc767d7d44d90ddb2dd5c7,anchored,fbafe88ecdd7bd4b0376b3709f8b7a9dfea8919c761c80c059e1decc5ffa06f2,yes,949319,00000000000000000001167897b80c9add7c40f4481e0d4dbebf384a8bd28e82,2026-05-13 23:14:50 CDT,2026-05-14 00:06:03 CDT,2026-05-14 02:06:03 CDT,0195.png.ots__time-stamp.json,bundles/0195.png.ots__time-stamp.json,2026-05-14T04:07:14.025000+00:00,2026-05-13T09:16:05.223000+00:00,2026-05-14T09:16:05.223000+00:00,1000000,7c756d65e8d37bd7fc6189b55b7618e41006bc4e62aa67820037c56f2447f382,yes,bundle.artifact.bind_sha256_hex,yes,yes,yes,yes,yes,yes
0196,0196.json,bundle_json,yes,bundles/0196.json,9163,2026-05-13 23:07:23 CDT,cc72d6dd8497d846b6f16b6a4b20ba87cf415390ecf03b40f44df54d830e5a80,0196.json.ots,bundles/0196.json.ots,b1636dbce3e46e0b872321d45ac1cdcce66c72928eec1b524568bc5d5e24270d,0196.json.ots.upgraded,bundles/ots_upgraded_bundle/0196.json.ots.upgraded,4ab2cbf551ffff6beeb42af27500ae0ceffbd0be5a9f2bf9be335d0da4b51c66,anchored,cc72d6dd8497d846b6f16b6a4b20ba87cf415390ecf03b40f44df54d830e5a80,yes,949315,00000000000000000000d85ce083fd2ec3e33d9809b9ad6fe9165b2babd71911,2026-05-13 22:38:45 CDT,2026-05-13 23:18:37 CDT,2026-05-14 01:18:37 CDT,0196.json.ots__time-stamp.json,bundles/0196.json.ots__time-stamp.json,2026-05-14T04:07:25.425000+00:00,2026-05-13T10:49:29.465000+00:00,2026-05-14T10:49:29.465000+00:00,1000000,b1636dbce3e46e0b872321d45ac1cdcce66c72928eec1b524568bc5d5e24270d,yes,bundle.artifact.bind_sha256_hex,yes,yes,yes,yes,yes,yes
0196,0196.png,bundle_png,yes,bundles/0196.png,30592,2026-05-13 23:07:19 CDT,147f7a91a3395e35d4da12b7086fcb33d84892e375e528e6cafbe9ca1f30cb72,0196.png.ots,bundles/0196.png.ots,615f49ad99e6e1028b1b71669294ff6fcc3b3a806def051d86cb6ae0b7222ef7,0196.png.ots.upgraded,bundles/ots_upgraded_bundle/0196.png.ots.upgraded,7920f7607304d8261e5ca2496a0220fcea363d1c9820259905a05dddf1593296,anchored,147f7a91a3395e35d4da12b7086fcb33d84892e375e528e6cafbe9ca1f30cb72,yes,949315,00000000000000000000d85ce083fd2ec3e33d9809b9ad6fe9165b2babd71911,2026-05-13 22:38:45 CDT,2026-05-13 23:18:37 CDT,2026-05-14 01:18:37 CDT,0196.png.ots__time-stamp.json,bundles/0196.png.ots__time-stamp.json,2026-05-14T04:07:22.386000+00:00,2026-05-13T23:25:23.999000+00:00,2026-05-14T23:25:23.999000+00:00,1000000,615f49ad99e6e1028b1b71669294ff6fcc3b3a806def051d86cb6ae0b7222ef7,yes,bundle.artifact.bind_sha256_hex,yes,yes,yes,yes,yes,yes
0197,0197.json,bundle_json,yes,bundles/0197.json,7869,2026-05-13 23:07:30 CDT,fba301a165d2fa6002c87f23c7d9b8f19ccdd8f4c6283604b968ebf729f086d1,0197.json.ots,bundles/0197.json.ots,77e6900333790f8369f54805d869d676afe014ad7c188151da838e39679ea7ab,0197.json.ots.upgraded,bundles/ots_upgraded_bundle/0197.json.ots.upgraded,49151a9ab367142fd48190ff3a7d2ce50d7d7d39157211f9006266bbcddfdf2c,anchored,fba301a165d2fa6002c87f23c7d9b8f19ccdd8f4c6283604b968ebf729f086d1,yes,949319,00000000000000000001167897b80c9add7c40f4481e0d4dbebf384a8bd28e82,2026-05-13 23:14:50 CDT,2026-05-14 00:06:03 CDT,2026-05-14 02:06:03 CDT,0197.json.ots__time-stamp.json,bundles/0197.json.ots__time-stamp.json,2026-05-14T04:07:33.065000+00:00,2026-05-13T10:49:29.465000+00:00,2026-05-14T10:49:29.465000+00:00,1000000,77e6900333790f8369f54805d869d676afe014ad7c188151da838e39679ea7ab,yes,bundle.artifact.bind_sha256_hex,yes,yes,yes,yes,yes,yes
0197,0197.png,bundle_png,yes,bundles/0197.png,29741,2026-05-13 23:07:27 CDT,eafe6ab2ab9b32a07ba7b0238a16afdd7501d2cc4699841e788d1154f3108a2f,0197.png.ots,bundles/0197.png.ots,c2843ed1caaa7ef7ffa9a779cd6d8f591b13f45fcdf4fcb0792029852855f803,0197.png.ots.upgraded,bundles/ots_upgraded_bundle/0197.png.ots.upgraded,7d93ef8721ee14f14eeadc50b7304bf4aa4f35f03d7e39bfab5ecaf4ee95f91d,anchored,eafe6ab2ab9b32a07ba7b0238a16afdd7501d2cc4699841e788d1154f3108a2f,yes,949315,00000000000000000000d85ce083fd2ec3e33d9809b9ad6fe9165b2babd71911,2026-05-13 22:38:45 CDT,2026-05-13 23:18:37 CDT,2026-05-14 01:18:37 CDT,0197.png.ots__time-stamp.json,bundles/0197.png.ots__time-stamp.json,2026-05-14T04:07:30.185000+00:00,2026-05-13T06:34:59.170000+00:00,2026-05-14T06:34:59.170000+00:00,1000000,c2843ed1caaa7ef7ffa9a779cd6d8f591b13f45fcdf4fcb0792029852855f803,yes,bundle.artifact.bind_sha256_hex,yes,yes,yes,yes,yes,yes
0198,0198.json,bundle_json,yes,bundles/0198.json,8087,2026-05-13 23:07:38 CDT,872a24108dfd1f4347c8d33280c9c68911402d6ac70a14f74c6c1500d45b2539,0198.json.ots,bundles/0198.json.ots,5ce22e6942dfd36f1892072b9ff41ad1f34fe10e0cd477a38ce6662836a4cd30,0198.json.ots.upgraded,bundles/ots_upgraded_bundle/0198.json.ots.upgraded,3ddcb0799084c476c1ed921df8ba351f796d398d862e4cbd65e89afb0f12c66a,anchored,872a24108dfd1f4347c8d33280c9c68911402d6ac70a14f74c6c1500d45b2539,yes,949319,00000000000000000001167897b80c9add7c40f4481e0d4dbebf384a8bd28e82,2026-05-13 23:14:50 CDT,2026-05-14 00:06:03 CDT,2026-05-14 02:06:03 CDT,0198.json.ots__time-stamp.json,bundles/0198.json.ots__time-stamp.json,2026-05-14T04:07:40.084000+00:00,2026-05-13T11:50:24.007000+00:00,2026-05-14T11:50:24.007000+00:00,1000000,5ce22e6942dfd36f1892072b9ff41ad1f34fe10e0cd477a38ce6662836a4cd30,yes,bundle.artifact.bind_sha256_hex,yes,yes,yes,yes,yes,yes
0198,0198.png,bundle_png,yes,bundles/0198.png,30354,2026-05-13 23:07:34 CDT,6e84de704e6717ae32dd2382aabd21865ab1db6943dbebc882d7c7820d9518dd,0198.png.ots,bundles/0198.png.ots,ff4f2a188e2d66f16364f306571536b0bff5884f7b970d60723e4f52fb42e7cd,0198.png.ots.upgraded,bundles/ots_upgraded_bundle/0198.png.ots.upgraded,4b2bb493739712486c3f7cb0a5f25ff23ffd748fa06c5640040ea43a779ce330,anchored,6e84de704e6717ae32dd2382aabd21865ab1db6943dbebc882d7c7820d9518dd,yes,949315,00000000000000000000d85ce083fd2ec3e33d9809b9ad6fe9165b2babd71911,2026-05-13 22:38:45 CDT,2026-05-13 23:18:37 CDT,2026-05-14 01:18:37 CDT,0198.png.ots__time-stamp.json,bundles/0198.png.ots__time-stamp.json,2026-05-14T04:07:37.445000+00:00,2026-05-13T07:26:49.378000+00:00,2026-05-14T07:26:49.378000+00:00,1000000,ff4f2a188e2d66f16364f306571536b0bff5884f7b970d60723e4f52fb42e7cd,yes,bundle.artifact.bind_sha256_hex,yes,yes,yes,yes,yes,yes
0199,0199.json,bundle_json,yes,bundles/0199.json,8090,2026-05-13 23:07:45 CDT,243941f15da950f36e687404989966b247b011f548226f65c4be5efd6881178a,0199.json.ots,bundles/0199.json.ots,af7816cc495824785c9ecb259c1844dc401353f1b9e46390761a637d7762626e,0199.json.ots.upgraded,bundles/ots_upgraded_bundle/0199.json.ots.upgraded,826e997206ed8023ff2f7594877511488fbbd6e1e86ce126d02966ca0d3ad6f4,anchored,243941f15da950f36e687404989966b247b011f548226f65c4be5efd6881178a,yes,949315,00000000000000000000d85ce083fd2ec3e33d9809b9ad6fe9165b2babd71911,2026-05-13 22:38:45 CDT,2026-05-13 23:18:37 CDT,2026-05-14 01:18:37 CDT,0199.json.ots__time-stamp.json,bundles/0199.json.ots__time-stamp.json,2026-05-14T04:07:47.489000+00:00,2026-05-13T06:40:25.129000+00:00,2026-05-14T06:40:25.129000+00:00,1000000,af7816cc495824785c9ecb259c1844dc401353f1b9e46390761a637d7762626e,yes,bundle.artifact.bind_sha256_hex,yes,yes,yes,yes,yes,yes
0199,0199.png,bundle_png,yes,bundles/0199.png,30537,2026-05-13 23:07:42 CDT,1c7fd1a53257c2ced1898ddea0f3faa5bcc86e1efd896f85716810fa8c61111c,0199.png.ots,bundles/0199.png.ots,245856f06458180ae03bbc660c89dd1a7321c93ec22378c30605bb02b6fa0f86,0199.png.ots.upgraded,bundles/ots_upgraded_bundle/0199.png.ots.upgraded,429c3b1c3693b9f550d4255a650d9500ad3567be315c83f84efc079cec598dda,anchored,1c7fd1a53257c2ced1898ddea0f3faa5bcc86e1efd896f85716810fa8c61111c,yes,949315,00000000000000000000d85ce083fd2ec3e33d9809b9ad6fe9165b2babd71911,2026-05-13 22:38:45 CDT,2026-05-13 23:18:37 CDT,2026-05-14 01:18:37 CDT,0199.png.ots__time-stamp.json,bundles/0199.png.ots__time-stamp.json,2026-05-14T04:07:45.105000+00:00,2026-05-13T10:58:02.074000+00:00,2026-05-14T10:58:02.074000+00:00,1000000,245856f06458180ae03bbc660c89dd1a7321c93ec22378c30605bb02b6fa0f86,yes,bundle.artifact.bind_sha256_hex,yes,yes,yes,yes,yes,yes
0200,0200.json,bundle_json,yes,bundles/0200.json,8087,2026-05-13 23:07:53 CDT,0a1edfbc33384c12ec4407daca6845e501dcad739de2543cbbb2698467535ce9,0200.json.ots,bundles/0200.json.ots,03eb2e86506016b16a8819f316af9da0e92640b4cb95b6ed0c22117e91c41d8f,0200.json.ots.upgraded,bundles/ots_upgraded_bundle/0200.json.ots.upgraded,7beea6d1d1a1c2f8b9cd87d0aa376b0c73a30bc7bb76d4e256eb3d0d3219efd7,anchored,0a1edfbc33384c12ec4407daca6845e501dcad739de2543cbbb2698467535ce9,yes,949315,00000000000000000000d85ce083fd2ec3e33d9809b9ad6fe9165b2babd71911,2026-05-13 22:38:45 CDT,2026-05-13 23:18:37 CDT,2026-05-14 01:18:37 CDT,0200.json.ots__time-stamp.json,bundles/0200.json.ots__time-stamp.json,2026-05-14T04:07:55.489000+00:00,2026-05-13T06:40:25.129000+00:00,2026-05-14T06:40:25.129000+00:00,1000000,03eb2e86506016b16a8819f316af9da0e92640b4cb95b6ed0c22117e91c41d8f,yes,bundle.artifact.bind_sha256_hex,yes,yes,yes,yes,yes,yes
0200,0200.png,bundle_png,yes,bundles/0200.png,30186,2026-05-13 23:07:50 CDT,0ba098bd64e6cd5a2d4f1f7cc39af2eddea2759e3deb26ecc7177d906fc6e047,0200.png.ots,bundles/0200.png.ots,94341d60983b46aab5811f772ee8fca1c639ac76a13bcb1e6adca3683cef6908,0200.png.ots.upgraded,bundles/ots_upgraded_bundle/0200.png.ots.upgraded,9a80500896f868198fc0131f2f11402832d68b79943c2ac521a65e1f9d39d7a6,anchored,0ba098bd64e6cd5a2d4f1f7cc39af2eddea2759e3deb26ecc7177d906fc6e047,yes,949315,00000000000000000000d85ce083fd2ec3e33d9809b9ad6fe9165b2babd71911,2026-05-13 22:38:45 CDT,2026-05-13 23:18:37 CDT,2026-05-14 01:18:37 CDT,0200.png.ots__time-stamp.json,bundles/0200.png.ots__time-stamp.json,2026-05-14T04:07:52.484000+00:00,2026-05-13T09:16:05.223000+00:00,2026-05-14T09:16:05.223000+00:00,1000000,94341d60983b46aab5811f772ee8fca1c639ac76a13bcb1e6adca3683cef6908,yes,bundle.artifact.bind_sha256_hex,yes,yes,yes,yes,yes,yes
0201,0201.json,bundle_json,yes,bundles/0201.json,6823,2026-05-13 23:08:02 CDT,d6db1125b077d26df9fa4fc0157f875be16d500cd4ea90724b403033b936e20e,0201.json.ots,bundles/0201.json.ots,6dc93a9bc42965c9da938bf81b5b8e2e2b3f8852e0e07008eae1956057dd9178,0201.json.ots.upgraded,bundles/ots_upgraded_bundle/0201.json.ots.upgraded,6e8bc269ab2574a27b0a6be24079cd5ce9a6bc23d32706539dd1fb1c4a9726b7,anchored,d6db1125b077d26df9fa4fc0157f875be16d500cd4ea90724b403033b936e20e,yes,949315,00000000000000000000d85ce083fd2ec3e33d9809b9ad6fe9165b2babd71911,2026-05-13 22:38:45 CDT,2026-05-13 23:18:37 CDT,2026-05-14 01:18:37 CDT,0201.json.ots__time-stamp.json,bundles/0201.json.ots__time-stamp.json,2026-05-14T04:08:04.525000+00:00,2026-05-13T09:16:05.223000+00:00,2026-05-14T09:16:05.223000+00:00,1000000,6dc93a9bc42965c9da938bf81b5b8e2e2b3f8852e0e07008eae1956057dd9178,yes,bundle.artifact.bind_sha256_hex,yes,yes,yes,yes,yes,yes
0201,0201.png,bundle_png,yes,bundles/0201.png,15176,2026-05-13 23:07:57 CDT,ed8a52a301f43d5a21f437b12d3aebee1f536e31bc85bf8434562b9f577f6eb0,0201.png.ots,bundles/0201.png.ots,22c20c36b5a5d0672b622b36cbe540825bf4e2c80c971a8ff9980eef551c63a5,0201.png.ots.upgraded,bundles/ots_upgraded_bundle/0201.png.ots.upgraded,6fff0f0dedf02760d1d50ddf217a8a1b90f3805acaeea6a48acce8f44ad0d13a,anchored,ed8a52a301f43d5a21f437b12d3aebee1f536e31bc85bf8434562b9f577f6eb0,yes,949315,00000000000000000000d85ce083fd2ec3e33d9809b9ad6fe9165b2babd71911,2026-05-13 22:38:45 CDT,2026-05-13 23:18:37 CDT,2026-05-14 01:18:37 CDT,0201.png.ots__time-stamp.json,bundles/0201.png.ots__time-stamp.json,2026-05-14T04:08:01.150000+00:00,2026-05-13T06:34:59.170000+00:00,2026-05-14T06:34:59.170000+00:00,1000000,22c20c36b5a5d0672b622b36cbe540825bf4e2c80c971a8ff9980eef551c63a5,yes,bundle.artifact.bind_sha256_hex,yes,yes,yes,yes,yes,yes
0202,0202.json,bundle_json,yes,bundles/0202.json,6458,2026-05-13 23:08:09 CDT,044053152f556cbfcddf811a1440efe5d21f847730e4cd190952f6be45a74957,0202.json.ots,bundles/0202.json.ots,8481a492eb94fe7a71affd3ea9e54e5fa7fc0dff27a2b01696a43d13ee453a30,0202.json.ots.upgraded,bundles/ots_upgraded_bundle/0202.json.ots.upgraded,30bf3e1d3bfb224f7df84b29b77e2fba89215c1c5aa771dad59b1cacf9b4b068,anchored,044053152f556cbfcddf811a1440efe5d21f847730e4cd190952f6be45a74957,yes,949315,00000000000000000000d85ce083fd2ec3e33d9809b9ad6fe9165b2babd71911,2026-05-13 22:38:45 CDT,2026-05-13 23:18:37 CDT,2026-05-14 01:18:37 CDT,0202.json.ots__time-stamp.json,bundles/0202.json.ots__time-stamp.json,2026-05-14T04:08:11.545000+00:00,2026-05-13T10:49:29.465000+00:00,2026-05-14T10:49:29.465000+00:00,1000000,8481a492eb94fe7a71affd3ea9e54e5fa7fc0dff27a2b01696a43d13ee453a30,yes,bundle.artifact.bind_sha256_hex,yes,yes,yes,yes,yes,yes
0202,0202.png,bundle_png,yes,bundles/0202.png,28220,2026-05-13 23:08:05 CDT,51f54b154214302da9f9cd617ac3cc713c003fce2c841306ae95e97562d9a480,0202.png.ots,bundles/0202.png.ots,478f9216d45a35ca52e2fa9b447b7479e2698820cb6f6c8007085f34b8ff70f1,0202.png.ots.upgraded,bundles/ots_upgraded_bundle/0202.png.ots.upgraded,93a750b119480d2ffd35e40ab192ebca7ad9cea27e5715dc540fb386fd5c91d8,anchored,51f54b154214302da9f9cd617ac3cc713c003fce2c841306ae95e97562d9a480,yes,949315,00000000000000000000d85ce083fd2ec3e33d9809b9ad6fe9165b2babd71911,2026-05-13 22:38:45 CDT,2026-05-13 23:18:37 CDT,2026-05-14 01:18:37 CDT,0202.png.ots__time-stamp.json,bundles/0202.png.ots__time-stamp.json,2026-05-14T04:08:08.540000+00:00,2026-05-13T07:42:55.719000+00:00,2026-05-14T07:42:55.719000+00:00,1000000,478f9216d45a35ca52e2fa9b447b7479e2698820cb6f6c8007085f34b8ff70f1,yes,bundle.artifact.bind_sha256_hex,yes,yes,yes,yes,yes,yes
0203,0203.json,bundle_json,yes,bundles/0203.json,9051,2026-05-13 23:08:16 CDT,45fbd77fa9cbd7ea4b48671cb0d603a39c1c84cf3b704bce620863b39aa8cce6,0203.json.ots,bundles/0203.json.ots,c95abe4043942d5d9e2672f62d3f006ef6389a580b6630c9c02935433d593fac,0203.json.ots.upgraded,bundles/ots_upgraded_bundle/0203.json.ots.upgraded,86f2b8aff13bc210c9bf985c584e93d087c2fe0296312c1b2e03d07e4e85ba57,anchored,45fbd77fa9cbd7ea4b48671cb0d603a39c1c84cf3b704bce620863b39aa8cce6,yes,949315,00000000000000000000d85ce083fd2ec3e33d9809b9ad6fe9165b2babd71911,2026-05-13 22:38:45 CDT,2026-05-13 23:18:37 CDT,2026-05-14 01:18:37 CDT,0203.json.ots__time-stamp.json,bundles/0203.json.ots__time-stamp.json,2026-05-14T04:08:18.589000+00:00,2026-05-13T09:43:31.882000+00:00,2026-05-14T09:43:31.882000+00:00,1000000,c95abe4043942d5d9e2672f62d3f006ef6389a580b6630c9c02935433d593fac,yes,bundle.artifact.bind_sha256_hex,yes,yes,yes,yes,yes,yes
0203,0203.png,bundle_png,yes,bundles/0203.png,25568,2026-05-13 23:08:13 CDT,6e084d0567b802382ee81135bd2d060fead636ef79a954cb839736bf3b0e5129,0203.png.ots,bundles/0203.png.ots,a6d84b64b99cafdf323044316bbda90c8dc619d33b485be9e5991eb8e3dd2c55,0203.png.ots.upgraded,bundles/ots_upgraded_bundle/0203.png.ots.upgraded,92a7ddcba11368e219e377522b82e129c6f2b9c114f8505a7998b35f053ac939,anchored,6e084d0567b802382ee81135bd2d060fead636ef79a954cb839736bf3b0e5129,yes,949315,00000000000000000000d85ce083fd2ec3e33d9809b9ad6fe9165b2babd71911,2026-05-13 22:38:45 CDT,2026-05-13 23:18:37 CDT,2026-05-14 01:18:37 CDT,0203.png.ots__time-stamp.json,bundles/0203.png.ots__time-stamp.json,2026-05-14T04:08:16.206000+00:00,2026-05-13T09:16:05.223000+00:00,2026-05-14T09:16:05.223000+00:00,1000000,a6d84b64b99cafdf323044316bbda90c8dc619d33b485be9e5991eb8e3dd2c55,yes,bundle.artifact.bind_sha256_hex,yes,yes,yes,yes,yes,yes
0204,0204.json,bundle_json,yes,bundles/0204.json,9049,2026-05-13 23:08:24 CDT,bdc1a499864f118446dcb119ca7c949e648b3355486ccf22197ebee515015fb7,0204.json.ots,bundles/0204.json.ots,ceb7497d9d9a7f9e6de6a450b09be322fd145314b7fed2b52d210aeeb41f6a81,0204.json.ots.upgraded,bundles/ots_upgraded_bundle/0204.json.ots.upgraded,018823c32ee3fd18e57eeb9a2efc9c8b4f2e14e3a98065b4c09ae99b764da796,anchored,bdc1a499864f118446dcb119ca7c949e648b3355486ccf22197ebee515015fb7,yes,949319,00000000000000000001167897b80c9add7c40f4481e0d4dbebf384a8bd28e82,2026-05-13 23:14:50 CDT,2026-05-14 00:06:03 CDT,2026-05-14 02:06:03 CDT,0204.json.ots__time-stamp.json,bundles/0204.json.ots__time-stamp.json,2026-05-14T04:08:26.605000+00:00,2026-05-13T07:42:55.719000+00:00,2026-05-14T07:42:55.719000+00:00,1000000,ceb7497d9d9a7f9e6de6a450b09be322fd145314b7fed2b52d210aeeb41f6a81,yes,bundle.artifact.bind_sha256_hex,yes,yes,yes,yes,yes,yes
0204,0204.png,bundle_png,yes,bundles/0204.png,22654,2026-05-13 23:08:21 CDT,670d7a5febada4d76cd0d5cef8207ad56fbf81b0d92be71ff313b4b0fed08b90,0204.png.ots,bundles/0204.png.ots,d54969c55f4db5fae3e3d1421621fdd8d39265d25851a9e979a7f53faf9ee358,0204.png.ots.upgraded,bundles/ots_upgraded_bundle/0204.png.ots.upgraded,56a9149776e143d8a84085eefb8c671eb085800b1ba1d4a927ea66116b4c1186,anchored,670d7a5febada4d76cd0d5cef8207ad56fbf81b0d92be71ff313b4b0fed08b90,yes,949315,00000000000000000000d85ce083fd2ec3e33d9809b9ad6fe9165b2babd71911,2026-05-13 22:38:45 CDT,2026-05-13 23:18:37 CDT,2026-05-14 01:18:37 CDT,0204.png.ots__time-stamp.json,bundles/0204.png.ots__time-stamp.json,2026-05-14T04:08:24.224000+00:00,2026-05-13T07:32:13.637000+00:00,2026-05-14T07:32:13.637000+00:00,1000000,d54969c55f4db5fae3e3d1421621fdd8d39265d25851a9e979a7f53faf9ee358,yes,bundle.artifact.bind_sha256_hex,yes,yes,yes,yes,yes,yes
0205,0205.json,bundle_json,yes,bundles/0205.json,9055,2026-05-13 23:08:32 CDT,fda8952a279360da9970f559c786af16d35a980d3e656f68a442205d322225a2,0205.json.ots,bundles/0205.json.ots,8ae3196f072e80213706d26bfaa95e915c5b59d451654e6ae60bad49c5b590bd,0205.json.ots.upgraded,bundles/ots_upgraded_bundle/0205.json.ots.upgraded,f54b8b94b989585bb03a923b81cf8b7d6bf0b7c6d0d0aa2f8d09b6e8ff91406e,anchored,fda8952a279360da9970f559c786af16d35a980d3e656f68a442205d322225a2,yes,949315,00000000000000000000d85ce083fd2ec3e33d9809b9ad6fe9165b2babd71911,2026-05-13 22:38:45 CDT,2026-05-13 23:18:37 CDT,2026-05-14 01:18:37 CDT,0205.json.ots__time-stamp.json,bundles/0205.json.ots__time-stamp.json,2026-05-14T04:08:34.265000+00:00,2026-05-13T07:50:12.083000+00:00,2026-05-14T07:50:12.083000+00:00,1000000,8ae3196f072e80213706d26bfaa95e915c5b59d451654e6ae60bad49c5b590bd,yes,bundle.artifact.bind_sha256_hex,yes,yes,yes,yes,yes,yes
0205,0205.png,bundle_png,yes,bundles/0205.png,27669,2026-05-13 23:08:29 CDT,99db8b1e012f203a34ffa46e2e3856458394301651a2672e4bfc76aa11f2d477,0205.png.ots,bundles/0205.png.ots,0930e201fa30d1a152e861b85231cbe2bcfad9363cdbb277fdb992e1aa41dcfd,0205.png.ots.upgraded,bundles/ots_upgraded_bundle/0205.png.ots.upgraded,d1e0b1f87fa1bf46ea6120d31ff6a5557421f407de0ed54aec318779a373ef02,anchored,99db8b1e012f203a34ffa46e2e3856458394301651a2672e4bfc76aa11f2d477,yes,949315,00000000000000000000d85ce083fd2ec3e33d9809b9ad6fe9165b2babd71911,2026-05-13 22:38:45 CDT,2026-05-13 23:18:37 CDT,2026-05-14 01:18:37 CDT,0205.png.ots__time-stamp.json,bundles/0205.png.ots__time-stamp.json,2026-05-14T04:08:31.590000+00:00,2026-05-13T06:40:25.129000+00:00,2026-05-14T06:40:25.129000+00:00,1000000,0930e201fa30d1a152e861b85231cbe2bcfad9363cdbb277fdb992e1aa41dcfd,yes,bundle.artifact.bind_sha256_hex,yes,yes,yes,yes,yes,yes
0206,0206.json,bundle_json,yes,bundles/0206.json,9050,2026-05-13 23:08:39 CDT,15a575cf39def36c890454efa6bc11ac7ab3f6fd2a851b3e7cfe5ef8562aea4c,0206.json.ots,bundles/0206.json.ots,207be92892299735733b49a30fec34f601c05ef13229af0a09ae904170cba6c3,0206.json.ots.upgraded,bundles/ots_upgraded_bundle/0206.json.ots.upgraded,b41ce12d7a7ef74a3cc1e491ab6e7273951ffbcec406102bceac5adbb2b13b8f,anchored,15a575cf39def36c890454efa6bc11ac7ab3f6fd2a851b3e7cfe5ef8562aea4c,yes,949319,00000000000000000001167897b80c9add7c40f4481e0d4dbebf384a8bd28e82,2026-05-13 23:14:50 CDT,2026-05-14 00:06:03 CDT,2026-05-14 02:06:03 CDT,0206.json.ots__time-stamp.json,bundles/0206.json.ots__time-stamp.json,2026-05-14T04:08:41.640000+00:00,2026-05-13T08:10:30.590000+00:00,2026-05-14T08:10:30.590000+00:00,1000000,207be92892299735733b49a30fec34f601c05ef13229af0a09ae904170cba6c3,yes,bundle.artifact.bind_sha256_hex,yes,yes,yes,yes,yes,yes
0206,0206.png,bundle_png,yes,bundles/0206.png,27554,2026-05-13 23:08:36 CDT,59d1c18d8da0a3ffd411403c75a1660b810a8bf6d9d5c831c8fc7d264a2e449e,0206.png.ots,bundles/0206.png.ots,9bec905553d8bbfce2c6f69a9d1e9fcd4cbd5da064a841285ab93cdbddc7c268,0206.png.ots.upgraded,bundles/ots_upgraded_bundle/0206.png.ots.upgraded,fbe75b611e78fffdff54a4380656ea4d5c74663802db20f4987bb82fae455f71,anchored,59d1c18d8da0a3ffd411403c75a1660b810a8bf6d9d5c831c8fc7d264a2e449e,yes,949315,00000000000000000000d85ce083fd2ec3e33d9809b9ad6fe9165b2babd71911,2026-05-13 22:38:45 CDT,2026-05-13 23:18:37 CDT,2026-05-14 01:18:37 CDT,0206.png.ots__time-stamp.json,bundles/0206.png.ots__time-stamp.json,2026-05-14T04:08:39.285000+00:00,2026-05-13T10:58:02.074000+00:00,2026-05-14T10:58:02.074000+00:00,1000000,9bec905553d8bbfce2c6f69a9d1e9fcd4cbd5da064a841285ab93cdbddc7c268,yes,bundle.artifact.bind_sha256_hex,yes,yes,yes,yes,yes,yes
0207,0207.json,bundle_json,yes,bundles/0207.json,9054,2026-05-13 23:08:47 CDT,f678e6b7a01ddd7c85f6dc35f77f70fd40d1f4c45963064aa3b18f3539059d48,0207.json.ots,bundles/0207.json.ots,bce18a28d07702c7d868dc65000b68d6e8c201c2a943cc48f101809ea2a05e2f,0207.json.ots.upgraded,bundles/ots_upgraded_bundle/0207.json.ots.upgraded,f9868c2c2be9c00c1a7b992c301b61f807d269f6735558673a24491f7a24c6a3,anchored,f678e6b7a01ddd7c85f6dc35f77f70fd40d1f4c45963064aa3b18f3539059d48,yes,949315,00000000000000000000d85ce083fd2ec3e33d9809b9ad6fe9165b2babd71911,2026-05-13 22:38:45 CDT,2026-05-13 23:18:37 CDT,2026-05-14 01:18:37 CDT,0207.json.ots__time-stamp.json,bundles/0207.json.ots__time-stamp.json,2026-05-14T04:08:49.684000+00:00,2026-05-13T11:50:24.007000+00:00,2026-05-14T11:50:24.007000+00:00,1000000,bce18a28d07702c7d868dc65000b68d6e8c201c2a943cc48f101809ea2a05e2f,yes,bundle.artifact.bind_sha256_hex,yes,yes,yes,yes,yes,yes
0207,0207.png,bundle_png,yes,bundles/0207.png,27461,2026-05-13 23:08:44 CDT,0bdbf2e1b478f6acedec6a6d61548ddb1c436c3ddfa09b2b8e7efa173260824a,0207.png.ots,bundles/0207.png.ots,c02a1027af78e3516cd0a5e999b3e0c0478a9b5f00d02cba3ff32738e8d43ee6,0207.png.ots.upgraded,bundles/ots_upgraded_bundle/0207.png.ots.upgraded,a33b8d9d0bb3a98676c60011abe5d1f72aa79b7d30044ac8bd550491f2aa8351,anchored,0bdbf2e1b478f6acedec6a6d61548ddb1c436c3ddfa09b2b8e7efa173260824a,yes,949319,00000000000000000001167897b80c9add7c40f4481e0d4dbebf384a8bd28e82,2026-05-13 23:14:50 CDT,2026-05-14 00:06:03 CDT,2026-05-14 02:06:03 CDT,0207.png.ots__time-stamp.json,bundles/0207.png.ots__time-stamp.json,2026-05-14T04:08:47.304000+00:00,2026-05-13T07:35:20.866000+00:00,2026-05-14T07:35:20.866000+00:00,1000000,c02a1027af78e3516cd0a5e999b3e0c0478a9b5f00d02cba3ff32738e8d43ee6,yes,bundle.artifact.bind_sha256_hex,yes,yes,yes,yes,yes,yes
0208,0208.json,bundle_json,yes,bundles/0208.json,9055,2026-05-13 23:08:55 CDT,77aba4261e8147098f8d14db622aa9db424a6398ecfa1bf2dbd68cb99806da85,0208.json.ots,bundles/0208.json.ots,5bed6c2eb2b2159d20b5ed406eacfdb698f4728641226311241252818855cbce,0208.json.ots.upgraded,bundles/ots_upgraded_bundle/0208.json.ots.upgraded,694ba86cd0de59c5cf09392ec821fd2aa91f9b66337215baf4bad3a7fff31941,anchored,77aba4261e8147098f8d14db622aa9db424a6398ecfa1bf2dbd68cb99806da85,yes,949315,00000000000000000000d85ce083fd2ec3e33d9809b9ad6fe9165b2babd71911,2026-05-13 22:38:45 CDT,2026-05-13 23:18:37 CDT,2026-05-14 01:18:37 CDT,0208.json.ots__time-stamp.json,bundles/0208.json.ots__time-stamp.json,2026-05-14T04:08:57.365000+00:00,2026-05-13T07:20:03.388000+00:00,2026-05-14T07:20:03.388000+00:00,1000000,5bed6c2eb2b2159d20b5ed406eacfdb698f4728641226311241252818855cbce,yes,bundle.artifact.bind_sha256_hex,yes,yes,yes,yes,yes,yes
0208,0208.png,bundle_png,yes,bundles/0208.png,27624,2026-05-13 23:08:52 CDT,861ff4fca2ed9e18cc47a1f901411f4938daec7afa1b84cadef27d01d82a4a8e,0208.png.ots,bundles/0208.png.ots,edd8d4f399b8c8652ac16f23b19207943c48faa01940ccd665c315275ccb3e0e,0208.png.ots.upgraded,bundles/ots_upgraded_bundle/0208.png.ots.upgraded,28559dfc9482eb81398fd71b4baac728dbbcd40a36e6223f737663162091e18a,anchored,861ff4fca2ed9e18cc47a1f901411f4938daec7afa1b84cadef27d01d82a4a8e,yes,949315,00000000000000000000d85ce083fd2ec3e33d9809b9ad6fe9165b2babd71911,2026-05-13 22:38:45 CDT,2026-05-13 23:18:37 CDT,2026-05-14 01:18:37 CDT,0208.png.ots__time-stamp.json,bundles/0208.png.ots__time-stamp.json,2026-05-14T04:08:54.685000+00:00,2026-05-13T07:50:12.083000+00:00,2026-05-14T07:50:12.083000+00:00,1000000,edd8d4f399b8c8652ac16f23b19207943c48faa01940ccd665c315275ccb3e0e,yes,bundle.artifact.bind_sha256_hex,yes,yes,yes,yes,yes,yes
0209,0209.json,bundle_json,yes,bundles/0209.json,9053,2026-05-13 23:09:02 CDT,d0e6f47c385413664b44ca796cefdbab85d732c80509cb3a874c7c5f8010d838,0209.json.ots,bundles/0209.json.ots,e2ecb051d4862aa05009aa2a9b0d9ccdf69710eb4ea55c1376936c1a3ce07713,0209.json.ots.upgraded,bundles/ots_upgraded_bundle/0209.json.ots.upgraded,914f9a7f485b69c8bac75a4ae6102ee8016068ac332f42aeb47f0664cb976f3f,anchored,d0e6f47c385413664b44ca796cefdbab85d732c80509cb3a874c7c5f8010d838,yes,949319,00000000000000000001167897b80c9add7c40f4481e0d4dbebf384a8bd28e82,2026-05-13 23:14:50 CDT,2026-05-14 00:06:03 CDT,2026-05-14 02:06:03 CDT,0209.json.ots__time-stamp.json,bundles/0209.json.ots__time-stamp.json,2026-05-14T04:09:04.725000+00:00,2026-05-13T06:14:40.124000+00:00,2026-05-14T06:14:40.124000+00:00,1000000,e2ecb051d4862aa05009aa2a9b0d9ccdf69710eb4ea55c1376936c1a3ce07713,yes,bundle.artifact.bind_sha256_hex,yes,yes,yes,yes,yes,yes
0209,0209.png,bundle_png,yes,bundles/0209.png,29815,2026-05-13 23:08:59 CDT,ec5dc0d8a35797438eaac2e8e5cedc56dbf2ec90fe7267eeb0dfb8f225eadcff,0209.png.ots,bundles/0209.png.ots,c2e0ad3a7e2cb0947d92ccac5a2d6671037165faee4fc7e5e04d12a5bc8e56e8,0209.png.ots.upgraded,bundles/ots_upgraded_bundle/0209.png.ots.upgraded,b3181c850d40f0d0aa397792750e9b81fd230b550b0434402a36e48a7357d213,anchored,ec5dc0d8a35797438eaac2e8e5cedc56dbf2ec90fe7267eeb0dfb8f225eadcff,yes,949319,00000000000000000001167897b80c9add7c40f4481e0d4dbebf384a8bd28e82,2026-05-13 23:14:50 CDT,2026-05-14 00:06:03 CDT,2026-05-14 02:06:03 CDT,0209.png.ots__time-stamp.json,bundles/0209.png.ots__time-stamp.json,2026-05-14T04:09:02.345000+00:00,2026-05-13T08:23:50.532000+00:00,2026-05-14T08:23:50.532000+00:00,1000000,c2e0ad3a7e2cb0947d92ccac5a2d6671037165faee4fc7e5e04d12a5bc8e56e8,yes,bundle.artifact.bind_sha256_hex,yes,yes,yes,yes,yes,yes
0210,0210.json,bundle_json,yes,bundles/0210.json,9051,2026-05-13 23:09:11 CDT,1625b6fc11890dbe6541f11c0aa870afc96ea63e12e1093462802ed40333c4c8,0210.json.ots,bundles/0210.json.ots,ac575b3694033cc0242312b45560d5f46111e860ffa3423e2188b546e96c4417,0210.json.ots.upgraded,bundles/ots_upgraded_bundle/0210.json.ots.upgraded,c8e06ae8ba3b58cdd49fa171255644e5f4e99eb252803b1e8f6cb644a7b50046,anchored,1625b6fc11890dbe6541f11c0aa870afc96ea63e12e1093462802ed40333c4c8,yes,949315,00000000000000000000d85ce083fd2ec3e33d9809b9ad6fe9165b2babd71911,2026-05-13 22:38:45 CDT,2026-05-13 23:18:37 CDT,2026-05-14 01:18:37 CDT,0210.json.ots__time-stamp.json,bundles/0210.json.ots__time-stamp.json,2026-05-14T04:09:13.405000+00:00,2026-05-13T06:14:40.124000+00:00,2026-05-14T06:14:40.124000+00:00,1000000,ac575b3694033cc0242312b45560d5f46111e860ffa3423e2188b546e96c4417,yes,bundle.artifact.bind_sha256_hex,yes,yes,yes,yes,yes,yes
0210,0210.png,bundle_png,yes,bundles/0210.png,29613,2026-05-13 23:09:07 CDT,295f98943377069bcdebfb9d589939133a8a795c3eb3a125b99f026fdb6f52d2,0210.png.ots,bundles/0210.png.ots,56e31cf0674bdb2f1aa3ff2ddc2fe47c631eb3d4507afdf92012a4e444dd5318,0210.png.ots.upgraded,bundles/ots_upgraded_bundle/0210.png.ots.upgraded,8a753feb29758c2043113f3b876ed148e29a1d8c44be84bb5b3efa94f6bae545,anchored,295f98943377069bcdebfb9d589939133a8a795c3eb3a125b99f026fdb6f52d2,yes,949315,00000000000000000000d85ce083fd2ec3e33d9809b9ad6fe9165b2babd71911,2026-05-13 22:38:45 CDT,2026-05-13 23:18:37 CDT,2026-05-14 01:18:37 CDT,0210.png.ots__time-stamp.json,bundles/0210.png.ots__time-stamp.json,2026-05-14T04:09:10.610000+00:00,2026-05-13T23:25:23.999000+00:00,2026-05-14T23:25:23.999000+00:00,1000000,56e31cf0674bdb2f1aa3ff2ddc2fe47c631eb3d4507afdf92012a4e444dd5318,yes,bundle.artifact.bind_sha256_hex,yes,yes,yes,yes,yes,yes
0211,0211.json,bundle_json,yes,bundles/0211.json,9055,2026-05-13 23:09:18 CDT,b87ced9161bc5ab89e188a34c1da8b3f7e1b03b4f8ad592517571e476b940306,0211.json.ots,bundles/0211.json.ots,f24cfca6f14788a3b68146317d922944a446c673445e943bcbad40d3eef6f7be,0211.json.ots.upgraded,bundles/ots_upgraded_bundle/0211.json.ots.upgraded,519704ac4e8907d1bb602b391fa309bb4da6f81860c90c8288f5b660c60e1ddd,anchored,b87ced9161bc5ab89e188a34c1da8b3f7e1b03b4f8ad592517571e476b940306,yes,949319,00000000000000000001167897b80c9add7c40f4481e0d4dbebf384a8bd28e82,2026-05-13 23:14:50 CDT,2026-05-14 00:06:03 CDT,2026-05-14 02:06:03 CDT,0211.json.ots__time-stamp.json,bundles/0211.json.ots__time-stamp.json,2026-05-14T04:09:20.424000+00:00,2026-05-13T07:26:49.378000+00:00,2026-05-14T07:26:49.378000+00:00,1000000,f24cfca6f14788a3b68146317d922944a446c673445e943bcbad40d3eef6f7be,yes,bundle.artifact.bind_sha256_hex,yes,yes,yes,yes,yes,yes
0211,0211.png,bundle_png,yes,bundles/0211.png,29035,2026-05-13 23:09:15 CDT,5c8b7bf1cb5b67d5dbb995d381ea54c0500061175dca3329a75c68adef26ce53,0211.png.ots,bundles/0211.png.ots,ab07c0ca6823def9e7f7dd8aad7c4e8eb741b986be4424510994a63ba71e1ef6,0211.png.ots.upgraded,bundles/ots_upgraded_bundle/0211.png.ots.upgraded,c76a1d8388c54de2bfd9ac4fa234c0ce2b83811e9df28ce9a6affa3ce5ed1b71,anchored,5c8b7bf1cb5b67d5dbb995d381ea54c0500061175dca3329a75c68adef26ce53,yes,949319,00000000000000000001167897b80c9add7c40f4481e0d4dbebf384a8bd28e82,2026-05-13 23:14:50 CDT,2026-05-14 00:06:03 CDT,2026-05-14 02:06:03 CDT,0211.png.ots__time-stamp.json,bundles/0211.png.ots__time-stamp.json,2026-05-14T04:09:17.765000+00:00,2026-05-13T06:31:59.305000+00:00,2026-05-14T06:31:59.305000+00:00,1000000,ab07c0ca6823def9e7f7dd8aad7c4e8eb741b986be4424510994a63ba71e1ef6,yes,bundle.artifact.bind_sha256_hex,yes,yes,yes,yes,yes,yes
0212,0212.json,bundle_json,yes,bundles/0212.json,9050,2026-05-13 23:09:25 CDT,51b1da99b0e07d3700880aebe9674641425558d9ff517408f2b5f1ba563834e7,0212.json.ots,bundles/0212.json.ots,8374f375349f76d0c97bb2da05e9e10b1918a64a7f414433b9f20bc65fad8582,0212.json.ots.upgraded,bundles/ots_upgraded_bundle/0212.json.ots.upgraded,58a76ed89348f80b0047c6b7945ec5877b6090574daac139612e156105bed668,anchored,51b1da99b0e07d3700880aebe9674641425558d9ff517408f2b5f1ba563834e7,yes,949315,00000000000000000000d85ce083fd2ec3e33d9809b9ad6fe9165b2babd71911,2026-05-13 22:38:45 CDT,2026-05-13 23:18:37 CDT,2026-05-14 01:18:37 CDT,0212.json.ots__time-stamp.json,bundles/0212.json.ots__time-stamp.json,2026-05-14T04:09:27.804000+00:00,2026-05-13T06:31:59.305000+00:00,2026-05-14T06:31:59.305000+00:00,1000000,8374f375349f76d0c97bb2da05e9e10b1918a64a7f414433b9f20bc65fad8582,yes,bundle.artifact.bind_sha256_hex,yes,yes,yes,yes,yes,yes
0212,0212.png,bundle_png,yes,bundles/0212.png,29183,2026-05-13 23:09:22 CDT,41a7b7cbcb4937b5d178a015fa680a831d5cffab0dfd5667a4fbcea135836103,0212.png.ots,bundles/0212.png.ots,1bbf9f1515977ccc741711c56e500534f1d14a55171a099159f2c6ec9484828a,0212.png.ots.upgraded,bundles/ots_upgraded_bundle/0212.png.ots.upgraded,6e33d8a2163221ff70ff5cba02c03450016ce1e882dc03fe133fa70362d04a6c,anchored,41a7b7cbcb4937b5d178a015fa680a831d5cffab0dfd5667a4fbcea135836103,yes,949315,00000000000000000000d85ce083fd2ec3e33d9809b9ad6fe9165b2babd71911,2026-05-13 22:38:45 CDT,2026-05-13 23:18:37 CDT,2026-05-14 01:18:37 CDT,0212.png.ots__time-stamp.json,bundles/0212.png.ots__time-stamp.json,2026-05-14T04:09:25.426000+00:00,2026-05-13T11:56:28.764000+00:00,2026-05-14T11:56:28.764000+00:00,1000000,1bbf9f1515977ccc741711c56e500534f1d14a55171a099159f2c6ec9484828a,yes,bundle.artifact.bind_sha256_hex,yes,yes,yes,yes,yes,yes
0213,0213.json,bundle_json,yes,bundles/0213.json,9052,2026-05-13 23:09:33 CDT,b22b3c87a0bd375ca061d358709694b1701e7887666e98797373217d0e10fa90,0213.json.ots,bundles/0213.json.ots,db7bf9fa25f8ff3255785471fca2a18f2b33495307617909617e869adb928879,0213.json.ots.upgraded,bundles/ots_upgraded_bundle/0213.json.ots.upgraded,f6c2360f2216e68f7cf6c1ea4739b05dff52e0e0d74bef75853278b36e16af58,anchored,b22b3c87a0bd375ca061d358709694b1701e7887666e98797373217d0e10fa90,yes,949319,00000000000000000001167897b80c9add7c40f4481e0d4dbebf384a8bd28e82,2026-05-13 23:14:50 CDT,2026-05-14 00:06:03 CDT,2026-05-14 02:06:03 CDT,0213.json.ots__time-stamp.json,bundles/0213.json.ots__time-stamp.json,2026-05-14T04:09:35.465000+00:00,2026-05-13T07:50:12.083000+00:00,2026-05-14T07:50:12.083000+00:00,1000000,db7bf9fa25f8ff3255785471fca2a18f2b33495307617909617e869adb928879,yes,bundle.artifact.bind_sha256_hex,yes,yes,yes,yes,yes,yes
0213,0213.png,bundle_png,yes,bundles/0213.png,29087,2026-05-13 23:09:30 CDT,49a1edd7430fe2e8ed56d310037b1507552c8ac4c6323e96f490d0f3eff1b8f0,0213.png.ots,bundles/0213.png.ots,3f6478c75e75e5fe25926742c79150915044ea4526247eafeb5448d1e3932da4,0213.png.ots.upgraded,bundles/ots_upgraded_bundle/0213.png.ots.upgraded,154c3986fe6ad8cf7e11f3afe99f5509ac40cba05f30643fb1c115e87ba57d8f,anchored,49a1edd7430fe2e8ed56d310037b1507552c8ac4c6323e96f490d0f3eff1b8f0,yes,949315,00000000000000000000d85ce083fd2ec3e33d9809b9ad6fe9165b2babd71911,2026-05-13 22:38:45 CDT,2026-05-13 23:18:37 CDT,2026-05-14 01:18:37 CDT,0213.png.ots__time-stamp.json,bundles/0213.png.ots__time-stamp.json,2026-05-14T04:09:32.825000+00:00,2026-05-13T08:10:30.590000+00:00,2026-05-14T08:10:30.590000+00:00,1000000,3f6478c75e75e5fe25926742c79150915044ea4526247eafeb5448d1e3932da4,yes,bundle.artifact.bind_sha256_hex,yes,yes,yes,yes,yes,yes
0214,0214.json,bundle_json,yes,bundles/0214.json,9053,2026-05-13 23:09:41 CDT,a80245f5331291c69ed8ed365cd8b9045481b2f1694d4ad7cbce8ef123bfd5a1,0214.json.ots,bundles/0214.json.ots,f0da4d666254279e88bc75d44b13af7ae798da892a5815584c9f11373cbe562c,0214.json.ots.upgraded,bundles/ots_upgraded_bundle/0214.json.ots.upgraded,8ab69655afe065900f8add9cfd7b1dddc3a89e11d30d36efa96b023681a642b4,anchored,a80245f5331291c69ed8ed365cd8b9045481b2f1694d4ad7cbce8ef123bfd5a1,yes,949315,00000000000000000000d85ce083fd2ec3e33d9809b9ad6fe9165b2babd71911,2026-05-13 22:38:45 CDT,2026-05-13 23:18:37 CDT,2026-05-14 01:18:37 CDT,0214.json.ots__time-stamp.json,bundles/0214.json.ots__time-stamp.json,2026-05-14T04:09:42.839000+00:00,2026-05-13T07:20:03.388000+00:00,2026-05-14T07:20:03.388000+00:00,1000000,f0da4d666254279e88bc75d44b13af7ae798da892a5815584c9f11373cbe562c,yes,bundle.artifact.bind_sha256_hex,yes,yes,yes,yes,yes,yes
0214,0214.png,bundle_png,yes,bundles/0214.png,27290,2026-05-13 23:09:38 CDT,b51df3f2ec5ab05e326c52fc56f4df4b35b5f44fe520b83ec7a922eba64a6337,0214.png.ots,bundles/0214.png.ots,4bd9cc0c285ce6e51c4d9a7fa76862352f5a4ab2cf1ac227128c94845bb3386c,0214.png.ots.upgraded,bundles/ots_upgraded_bundle/0214.png.ots.upgraded,93f4e83a02b0ac138cd04047121144cc981b40cf2a33bd3f86640083863e8926,anchored,b51df3f2ec5ab05e326c52fc56f4df4b35b5f44fe520b83ec7a922eba64a6337,yes,949315,00000000000000000000d85ce083fd2ec3e33d9809b9ad6fe9165b2babd71911,2026-05-13 22:38:45 CDT,2026-05-13 23:18:37 CDT,2026-05-14 01:18:37 CDT,0214.png.ots__time-stamp.json,bundles/0214.png.ots__time-stamp.json,2026-05-14T04:09:40.579000+00:00,2026-05-13T06:31:59.305000+00:00,2026-05-14T06:31:59.305000+00:00,1000000,4bd9cc0c285ce6e51c4d9a7fa76862352f5a4ab2cf1ac227128c94845bb3386c,yes,bundle.artifact.bind_sha256_hex,yes,yes,yes,yes,yes,yes
0215,0215.json,bundle_json,yes,bundles/0215.json,7708,2026-05-13 23:09:50 CDT,38f2c5e29cf61ebee78cbd5cad5a1456a6e9012658f072a138888b778f10b31b,0215.json.ots,bundles/0215.json.ots,eb1e285f356eb8cb8bab1ee93ecf58b7d8477841e61705e9a9e6aebc8b3fd67f,0215.json.ots.upgraded,bundles/ots_upgraded_bundle/0215.json.ots.upgraded,c47a1eca1a66ffd6f9cdfd744ce6be94e7c6392767b1235f7951c535d6c5fbb3,anchored,38f2c5e29cf61ebee78cbd5cad5a1456a6e9012658f072a138888b778f10b31b,yes,949315,00000000000000000000d85ce083fd2ec3e33d9809b9ad6fe9165b2babd71911,2026-05-13 22:38:45 CDT,2026-05-13 23:18:37 CDT,2026-05-14 01:18:37 CDT,0215.json.ots__time-stamp.json,bundles/0215.json.ots__time-stamp.json,2026-05-14T04:09:52.545000+00:00,2026-05-13T09:16:05.223000+00:00,2026-05-14T09:16:05.223000+00:00,1000000,eb1e285f356eb8cb8bab1ee93ecf58b7d8477841e61705e9a9e6aebc8b3fd67f,yes,bundle.artifact.bind_sha256_hex,yes,yes,yes,yes,yes,yes
0215,0215.png,bundle_png,yes,bundles/0215.png,24193,2026-05-13 23:09:46 CDT,a5ed1de6e9c5e9617924c20e1e46e162845cc686bdc67c3794640bab660486e7,0215.png.ots,bundles/0215.png.ots,6b92d722d8fdc10d55c709cf91fa407e3f90385307f0969f087c35549eb6b885,0215.png.ots.upgraded,bundles/ots_upgraded_bundle/0215.png.ots.upgraded,1334fd19627222676e3b95bbc5f62e1a3e6d20f35bd58f35a1a531c7266bfb35,anchored,a5ed1de6e9c5e9617924c20e1e46e162845cc686bdc67c3794640bab660486e7,yes,949315,00000000000000000000d85ce083fd2ec3e33d9809b9ad6fe9165b2babd71911,2026-05-13 22:38:45 CDT,2026-05-13 23:18:37 CDT,2026-05-14 01:18:37 CDT,0215.png.ots__time-stamp.json,bundles/0215.png.ots__time-stamp.json,2026-05-14T04:09:49.530000+00:00,2026-05-13T08:10:30.590000+00:00,2026-05-14T08:10:30.590000+00:00,1000000,6b92d722d8fdc10d55c709cf91fa407e3f90385307f0969f087c35549eb6b885,yes,bundle.artifact.bind_sha256_hex,yes,yes,yes,yes,yes,yes
0216,0216.json,bundle_json,yes,bundles/0216.json,6643,2026-05-13 23:09:57 CDT,0c022e3c7699ca68f64eb3e6462d89a1c42cd5b14a70be8896da8bc2b7132d5a,0216.json.ots,bundles/0216.json.ots,10d7980ac63742b22347b958f6c8df387f727304a5c05d31c2a88868877c2fe9,0216.json.ots.upgraded,bundles/ots_upgraded_bundle/0216.json.ots.upgraded,c7870329fa6d29509b8dd73e902ad74bc926e64cf7543bac9af60784a1b595b7,anchored,0c022e3c7699ca68f64eb3e6462d89a1c42cd5b14a70be8896da8bc2b7132d5a,yes,949315,00000000000000000000d85ce083fd2ec3e33d9809b9ad6fe9165b2babd71911,2026-05-13 22:38:45 CDT,2026-05-13 23:18:37 CDT,2026-05-14 01:18:37 CDT,0216.json.ots__time-stamp.json,bundles/0216.json.ots__time-stamp.json,2026-05-14T04:09:58.870000+00:00,2026-05-13T09:16:05.223000+00:00,2026-05-14T09:16:05.223000+00:00,1000000,10d7980ac63742b22347b958f6c8df387f727304a5c05d31c2a88868877c2fe9,yes,bundle.artifact.bind_sha256_hex,yes,yes,yes,yes,yes,yes
0216,0216.png,bundle_png,yes,bundles/0216.png,22114,2026-05-13 23:09:53 CDT,b24c9f04f7d1e1df1c88b97b84b79b3811e83e3d0bc8cf1e1d58d4e58d63d9af,0216.png.ots,bundles/0216.png.ots,8f580108763a9c563876b521bd63b2d901e1ae8d1723ffea89261e1ab7d7f565,0216.png.ots.upgraded,bundles/ots_upgraded_bundle/0216.png.ots.upgraded,af3f692c3c5b3d0b1aa7ca83fde146f6a0555cef62d1d97967701c7d6266f5bc,anchored,b24c9f04f7d1e1df1c88b97b84b79b3811e83e3d0bc8cf1e1d58d4e58d63d9af,yes,949315,00000000000000000000d85ce083fd2ec3e33d9809b9ad6fe9165b2babd71911,2026-05-13 22:38:45 CDT,2026-05-13 23:18:37 CDT,2026-05-14 01:18:37 CDT,0216.png.ots__time-stamp.json,bundles/0216.png.ots__time-stamp.json,2026-05-14T04:09:56.550000+00:00,2026-05-13T10:49:29.465000+00:00,2026-05-14T10:49:29.465000+00:00,1000000,8f580108763a9c563876b521bd63b2d901e1ae8d1723ffea89261e1ab7d7f565,yes,bundle.artifact.bind_sha256_hex,yes,yes,yes,yes,yes,yes
0217,0217.json,bundle_json,yes,bundles/0217.json,6637,2026-05-13 23:10:04 CDT,776ee4b3fe2d605b875131f921a6c0ac6b46079e0351ac322a8829e84c75f96f,0217.json.ots,bundles/0217.json.ots,59b90eff6a8162f512b90d8da9478657bcfefa47c55676eba8add0d91c960fc6,0217.json.ots.upgraded,bundles/ots_upgraded_bundle/0217.json.ots.upgraded,fa83c4f044972dbcc67a734c002aefc8aa0e549c29e40620b3f8ef0a371b0f30,anchored,776ee4b3fe2d605b875131f921a6c0ac6b46079e0351ac322a8829e84c75f96f,yes,949315,00000000000000000000d85ce083fd2ec3e33d9809b9ad6fe9165b2babd71911,2026-05-13 22:38:45 CDT,2026-05-13 23:18:37 CDT,2026-05-14 01:18:37 CDT,0217.json.ots__time-stamp.json,bundles/0217.json.ots__time-stamp.json,2026-05-14T04:10:06.605000+00:00,2026-05-13T07:50:12.083000+00:00,2026-05-14T07:50:12.083000+00:00,1000000,59b90eff6a8162f512b90d8da9478657bcfefa47c55676eba8add0d91c960fc6,yes,bundle.artifact.bind_sha256_hex,yes,yes,yes,yes,yes,yes
0217,0217.png,bundle_png,yes,bundles/0217.png,21938,2026-05-13 23:10:01 CDT,53bcd437fc10e078926ea5ced4c4681c9bff364acd2132f6e216c4001f815a84,0217.png.ots,bundles/0217.png.ots,8da0264327f3a4695e3fea8b14e8945ff7568af5014266f5fb7329b7a5cf318f,0217.png.ots.upgraded,bundles/ots_upgraded_bundle/0217.png.ots.upgraded,a0e933936822af12cc806f9840c341833179a79bc3d83d550f7cec2b90cf9388,anchored,53bcd437fc10e078926ea5ced4c4681c9bff364acd2132f6e216c4001f815a84,yes,949319,00000000000000000001167897b80c9add7c40f4481e0d4dbebf384a8bd28e82,2026-05-13 23:14:50 CDT,2026-05-14 00:06:03 CDT,2026-05-14 02:06:03 CDT,0217.png.ots__time-stamp.json,bundles/0217.png.ots__time-stamp.json,2026-05-14T04:10:03.930000+00:00,2026-05-13T07:42:55.719000+00:00,2026-05-14T07:42:55.719000+00:00,1000000,8da0264327f3a4695e3fea8b14e8945ff7568af5014266f5fb7329b7a5cf318f,yes,bundle.artifact.bind_sha256_hex,yes,yes,yes,yes,yes,yes
0218,0218.json,bundle_json,yes,bundles/0218.json,6643,2026-05-13 23:10:12 CDT,e781494b9807dc062bfeab053daabc844a76d1b90fae864e9e6ea73badb950ec,0218.json.ots,bundles/0218.json.ots,84a2d9d3af927e7a2cb8c7863c06ca5713b0c8247ece30369a8c220fc6723387,0218.json.ots.upgraded,bundles/ots_upgraded_bundle/0218.json.ots.upgraded,0d6b9ffb915b2cea609ab15f662705c01cffec1bf6ee711ecf4af5427aba5ef6,anchored,e781494b9807dc062bfeab053daabc844a76d1b90fae864e9e6ea73badb950ec,yes,949315,00000000000000000000d85ce083fd2ec3e33d9809b9ad6fe9165b2babd71911,2026-05-13 22:38:45 CDT,2026-05-13 23:18:37 CDT,2026-05-14 01:18:37 CDT,0218.json.ots__time-stamp.json,bundles/0218.json.ots__time-stamp.json,2026-05-14T04:10:14.645000+00:00,2026-05-13T07:42:55.719000+00:00,2026-05-14T07:42:55.719000+00:00,1000000,84a2d9d3af927e7a2cb8c7863c06ca5713b0c8247ece30369a8c220fc6723387,yes,bundle.artifact.bind_sha256_hex,yes,yes,yes,yes,yes,yes
0218,0218.png,bundle_png,yes,bundles/0218.png,21890,2026-05-13 23:10:08 CDT,50ca837306a682223cb92a0e90a2e348bcd9bb8be0373249bcf75dfd1e1a4ba7,0218.png.ots,bundles/0218.png.ots,b4e5042724dc45ee73b701deb5678b5ac84451f48dde2c0d9c6e39c893e8f764,0218.png.ots.upgraded,bundles/ots_upgraded_bundle/0218.png.ots.upgraded,1158673442c426878b0237295b9e003ad32eb6c185f3aacc79b43f2bb81f51a8,anchored,50ca837306a682223cb92a0e90a2e348bcd9bb8be0373249bcf75dfd1e1a4ba7,yes,949319,00000000000000000001167897b80c9add7c40f4481e0d4dbebf384a8bd28e82,2026-05-13 23:14:50 CDT,2026-05-14 00:06:03 CDT,2026-05-14 02:06:03 CDT,0218.png.ots__time-stamp.json,bundles/0218.png.ots__time-stamp.json,2026-05-14T04:10:12.209000+00:00,2026-05-13T06:31:59.305000+00:00,2026-05-14T06:31:59.305000+00:00,1000000,b4e5042724dc45ee73b701deb5678b5ac84451f48dde2c0d9c6e39c893e8f764,yes,bundle.artifact.bind_sha256_hex,yes,yes,yes,yes,yes,yes
0219,0219.json,bundle_json,yes,bundles/0219.json,6638,2026-05-13 23:10:20 CDT,c52828af4463ee8a2a503d3208d242cc1c329c8257bbd4249e57b216474b68f9,0219.json.ots,bundles/0219.json.ots,a4bf6ab854b33791ab3e87226fff4651219073664e4b0c96ec9f0a1c9d7c3726,0219.json.ots.upgraded,bundles/ots_upgraded_bundle/0219.json.ots.upgraded,62b5a5911e7deb0a32053dd11ff553e2c44907738b459b2c328da841641e7ce3,anchored,c52828af4463ee8a2a503d3208d242cc1c329c8257bbd4249e57b216474b68f9,yes,949315,00000000000000000000d85ce083fd2ec3e33d9809b9ad6fe9165b2babd71911,2026-05-13 22:38:45 CDT,2026-05-13 23:18:37 CDT,2026-05-14 01:18:37 CDT,0219.json.ots__time-stamp.json,bundles/0219.json.ots__time-stamp.json,2026-05-14T04:10:22.205000+00:00,2026-05-13T23:25:23.999000+00:00,2026-05-14T23:25:23.999000+00:00,1000000,a4bf6ab854b33791ab3e87226fff4651219073664e4b0c96ec9f0a1c9d7c3726,yes,bundle.artifact.bind_sha256_hex,yes,yes,yes,yes,yes,yes
0219,0219.png,bundle_png,yes,bundles/0219.png,21885,2026-05-13 23:10:16 CDT,ea3fdef856b22bebc1a40469d00cfc7fbb8c1d94f772cbd4678699e8f02a7c7d,0219.png.ots,bundles/0219.png.ots,933719b26fa7b5fd265a2815ca83fe5be887177939aaa9d33edc85c462ec789f,0219.png.ots.upgraded,bundles/ots_upgraded_bundle/0219.png.ots.upgraded,0c0bea61cc9d96f8a6c62d80afdea5ea0b66b0af597207066c2402d53a200362,anchored,ea3fdef856b22bebc1a40469d00cfc7fbb8c1d94f772cbd4678699e8f02a7c7d,yes,949315,00000000000000000000d85ce083fd2ec3e33d9809b9ad6fe9165b2babd71911,2026-05-13 22:38:45 CDT,2026-05-13 23:18:37 CDT,2026-05-14 01:18:37 CDT,0219.png.ots__time-stamp.json,bundles/0219.png.ots__time-stamp.json,2026-05-14T04:10:19.645000+00:00,2026-05-13T07:42:55.719000+00:00,2026-05-14T07:42:55.719000+00:00,1000000,933719b26fa7b5fd265a2815ca83fe5be887177939aaa9d33edc85c462ec789f,yes,bundle.artifact.bind_sha256_hex,yes,yes,yes,yes,yes,yes
0220,0220.json,bundle_json,yes,bundles/0220.json,6638,2026-05-13 23:10:27 CDT,79e94f396e074c23682ee28a85eb4719cbae83dce0dec4c06ea17b29a8580aac,0220.json.ots,bundles/0220.json.ots,3496ccb9c891b2c357cb0d6e56cf476940a22136f99ca22e471fa229fdd6d529,0220.json.ots.upgraded,bundles/ots_upgraded_bundle/0220.json.ots.upgraded,70b9f5c62d95115e13191c18d6f7b1f85f7f1ea2ae146d5342d582726f574a9f,anchored,79e94f396e074c23682ee28a85eb4719cbae83dce0dec4c06ea17b29a8580aac,yes,949319,00000000000000000001167897b80c9add7c40f4481e0d4dbebf384a8bd28e82,2026-05-13 23:14:50 CDT,2026-05-14 00:06:03 CDT,2026-05-14 02:06:03 CDT,0220.json.ots__time-stamp.json,bundles/0220.json.ots__time-stamp.json,2026-05-14T04:10:29.670000+00:00,2026-05-13T06:34:59.170000+00:00,2026-05-14T06:34:59.170000+00:00,1000000,3496ccb9c891b2c357cb0d6e56cf476940a22136f99ca22e471fa229fdd6d529,yes,bundle.artifact.bind_sha256_hex,yes,yes,yes,yes,yes,yes
0220,0220.png,bundle_png,yes,bundles/0220.png,23517,2026-05-13 23:10:24 CDT,4a3731daf3882117dac202f5a461f12047d9dd12bcc34646d6810ef6cdce3fe7,0220.png.ots,bundles/0220.png.ots,e5ca422997908bffeddaa8c0f472be4e6abcd11e0c75bcf44cb78d6211f4fb3c,0220.png.ots.upgraded,bundles/ots_upgraded_bundle/0220.png.ots.upgraded,86721584569e279acf96699999c9d05220c0940c8629a7aa57b0dea368463368,anchored,4a3731daf3882117dac202f5a461f12047d9dd12bcc34646d6810ef6cdce3fe7,yes,949315,00000000000000000000d85ce083fd2ec3e33d9809b9ad6fe9165b2babd71911,2026-05-13 22:38:45 CDT,2026-05-13 23:18:37 CDT,2026-05-14 01:18:37 CDT,0220.png.ots__time-stamp.json,bundles/0220.png.ots__time-stamp.json,2026-05-14T04:10:27.090000+00:00,2026-05-13T07:20:03.388000+00:00,2026-05-14T07:20:03.388000+00:00,1000000,e5ca422997908bffeddaa8c0f472be4e6abcd11e0c75bcf44cb78d6211f4fb3c,yes,bundle.artifact.bind_sha256_hex,yes,yes,yes,yes,yes,yes
0221,0221.json,bundle_json,yes,bundles/0221.json,6639,2026-05-13 23:10:35 CDT,165b9d1348956d9fb8534b9cb955bdd49128b08bc2c28925b74c663e522888ab,0221.json.ots,bundles/0221.json.ots,c66ee4481dbbc4827f993beda27b0ec50d3fd83be64c9af89173fb325aee0ee2,0221.json.ots.upgraded,bundles/ots_upgraded_bundle/0221.json.ots.upgraded,721c45237a9d91a6393659ab91c5764fbffcd61abb7f460d23af55d1df62e451,anchored,165b9d1348956d9fb8534b9cb955bdd49128b08bc2c28925b74c663e522888ab,yes,949315,00000000000000000000d85ce083fd2ec3e33d9809b9ad6fe9165b2babd71911,2026-05-13 22:38:45 CDT,2026-05-13 23:18:37 CDT,2026-05-14 01:18:37 CDT,0221.json.ots__time-stamp.json,bundles/0221.json.ots__time-stamp.json,2026-05-14T04:10:37.245000+00:00,2026-05-13T10:58:02.074000+00:00,2026-05-14T10:58:02.074000+00:00,1000000,c66ee4481dbbc4827f993beda27b0ec50d3fd83be64c9af89173fb325aee0ee2,yes,bundle.artifact.bind_sha256_hex,yes,yes,yes,yes,yes,yes
0221,0221.png,bundle_png,yes,bundles/0221.png,18182,2026-05-13 23:10:31 CDT,6033c7a904948d751c0a17f87c62c81fed7f2ae189489a3d5cb41c290cde0c6d,0221.png.ots,bundles/0221.png.ots,57b88d639b0a023543838a0bd0fffe56177fe3f2976f8cd6c1f82e5f6f398aa8,0221.png.ots.upgraded,bundles/ots_upgraded_bundle/0221.png.ots.upgraded,1b9e597bfbb008634d099f41f9a0e0f35d28af5473576f25fe826a20581ea5ba,anchored,6033c7a904948d751c0a17f87c62c81fed7f2ae189489a3d5cb41c290cde0c6d,yes,949315,00000000000000000000d85ce083fd2ec3e33d9809b9ad6fe9165b2babd71911,2026-05-13 22:38:45 CDT,2026-05-13 23:18:37 CDT,2026-05-14 01:18:37 CDT,0221.png.ots__time-stamp.json,bundles/0221.png.ots__time-stamp.json,2026-05-14T04:10:34.705000+00:00,2026-05-13T10:58:02.074000+00:00,2026-05-14T10:58:02.074000+00:00,1000000,57b88d639b0a023543838a0bd0fffe56177fe3f2976f8cd6c1f82e5f6f398aa8,yes,bundle.artifact.bind_sha256_hex,yes,yes,yes,yes,yes,yes
0222,0222.json,bundle_json,yes,bundles/0222.json,6635,2026-05-13 23:10:42 CDT,49a224b9419bc32d1b185c3a9d1fd7c446a6e8c3b630016be129e29c7964dc74,0222.json.ots,bundles/0222.json.ots,d0e0deafa58564fa6a7d947c04a192426a5d5e21324bb0b43fcba83c76aaef3d,0222.json.ots.upgraded,bundles/ots_upgraded_bundle/0222.json.ots.upgraded,b97e14e1eb2837ce552a0181ed1533af4b5a967914264870d89571fc6e07f542,anchored,49a224b9419bc32d1b185c3a9d1fd7c446a6e8c3b630016be129e29c7964dc74,yes,949319,00000000000000000001167897b80c9add7c40f4481e0d4dbebf384a8bd28e82,2026-05-13 23:14:50 CDT,2026-05-14 00:06:03 CDT,2026-05-14 02:06:03 CDT,0222.json.ots__time-stamp.json,bundles/0222.json.ots__time-stamp.json,2026-05-14T04:10:44.804000+00:00,2026-05-13T09:43:31.882000+00:00,2026-05-14T09:43:31.882000+00:00,1000000,d0e0deafa58564fa6a7d947c04a192426a5d5e21324bb0b43fcba83c76aaef3d,yes,bundle.artifact.bind_sha256_hex,yes,yes,yes,yes,yes,yes
0222,0222.png,bundle_png,yes,bundles/0222.png,18540,2026-05-13 23:10:39 CDT,dd3a6b3ca8ee726c53c4a11953a535b94059221a213f37276fda035cf5a3360a,0222.png.ots,bundles/0222.png.ots,29ea827afe227fde845b155e95ae90a742532fc319aad07a89c6389de0099d04,0222.png.ots.upgraded,bundles/ots_upgraded_bundle/0222.png.ots.upgraded,4a928d2c067a23211c531e04a3f00ab2fc82232c689266235edd0734a07611d5,anchored,dd3a6b3ca8ee726c53c4a11953a535b94059221a213f37276fda035cf5a3360a,yes,949315,00000000000000000000d85ce083fd2ec3e33d9809b9ad6fe9165b2babd71911,2026-05-13 22:38:45 CDT,2026-05-13 23:18:37 CDT,2026-05-14 01:18:37 CDT,0222.png.ots__time-stamp.json,bundles/0222.png.ots__time-stamp.json,2026-05-14T04:10:42.404000+00:00,2026-05-13T09:43:31.882000+00:00,2026-05-14T09:43:31.882000+00:00,1000000,29ea827afe227fde845b155e95ae90a742532fc319aad07a89c6389de0099d04,yes,bundle.artifact.bind_sha256_hex,yes,yes,yes,yes,yes,yes
0223,0223.json,bundle_json,yes,bundles/0223.json,6642,2026-05-13 23:10:50 CDT,6d9568aeb11f67d8be7a3053a0a1f29026942dbab4a0ebc1c37d564e9629193b,0223.json.ots,bundles/0223.json.ots,d2658bd4137899c3f987d0526dbddacef0269c6cb153c2764002efc16681a5b9,0223.json.ots.upgraded,bundles/ots_upgraded_bundle/0223.json.ots.upgraded,08287bb49b60f51d4d3a0a39411eda4bc664781b903b7d32dfd030b60ede9eac,anchored,6d9568aeb11f67d8be7a3053a0a1f29026942dbab4a0ebc1c37d564e9629193b,yes,949315,00000000000000000000d85ce083fd2ec3e33d9809b9ad6fe9165b2babd71911,2026-05-13 22:38:45 CDT,2026-05-13 23:18:37 CDT,2026-05-14 01:18:37 CDT,0223.json.ots__time-stamp.json,bundles/0223.json.ots__time-stamp.json,2026-05-14T04:10:52.825000+00:00,2026-05-13T06:34:59.170000+00:00,2026-05-14T06:34:59.170000+00:00,1000000,d2658bd4137899c3f987d0526dbddacef0269c6cb153c2764002efc16681a5b9,yes,bundle.artifact.bind_sha256_hex,yes,yes,yes,yes,yes,yes
0223,0223.png,bundle_png,yes,bundles/0223.png,18915,2026-05-13 23:10:47 CDT,2d4200d53f239fc9b777be07e50b3a5de02121be05b188e2b0c8fae6e1b155d9,0223.png.ots,bundles/0223.png.ots,71a58f82f5ac9f8341630826a8a9f2c322001a0ab025f09948ed4228e2b95063,0223.png.ots.upgraded,bundles/ots_upgraded_bundle/0223.png.ots.upgraded,46d3e991434ef70c5c78d36d0874895b3f55bf12ae5d0a5728d81cc44de7c817,anchored,2d4200d53f239fc9b777be07e50b3a5de02121be05b188e2b0c8fae6e1b155d9,yes,949315,00000000000000000000d85ce083fd2ec3e33d9809b9ad6fe9165b2babd71911,2026-05-13 22:38:45 CDT,2026-05-13 23:18:37 CDT,2026-05-14 01:18:37 CDT,0223.png.ots__time-stamp.json,bundles/0223.png.ots__time-stamp.json,2026-05-14T04:10:50.165000+00:00,2026-05-13T11:56:28.764000+00:00,2026-05-14T11:56:28.764000+00:00,1000000,71a58f82f5ac9f8341630826a8a9f2c322001a0ab025f09948ed4228e2b95063,yes,bundle.artifact.bind_sha256_hex,yes,yes,yes,yes,yes,yes
0224,0224.json,bundle_json,yes,bundles/0224.json,6638,2026-05-13 23:10:58 CDT,0efc60dde079ebfa93204f002977305eb5135938be4b89dfe4dfb8f027afdc4c,0224.json.ots,bundles/0224.json.ots,e41ed69687e152c0a2803cce2295ca0ca8983d9c4ea913a9689e7e9844848eef,0224.json.ots.upgraded,bundles/ots_upgraded_bundle/0224.json.ots.upgraded,4ee7a66f4e45b6db1bef981f7e1cac17381a9f5dd8859bc805121202a3d7af4b,anchored,0efc60dde079ebfa93204f002977305eb5135938be4b89dfe4dfb8f027afdc4c,yes,949315,00000000000000000000d85ce083fd2ec3e33d9809b9ad6fe9165b2babd71911,2026-05-13 22:38:45 CDT,2026-05-13 23:18:37 CDT,2026-05-14 01:18:37 CDT,0224.json.ots__time-stamp.json,bundles/0224.json.ots__time-stamp.json,2026-05-14T04:11:00.205000+00:00,2026-05-13T07:20:03.388000+00:00,2026-05-14T07:20:03.388000+00:00,1000000,e41ed69687e152c0a2803cce2295ca0ca8983d9c4ea913a9689e7e9844848eef,yes,bundle.artifact.bind_sha256_hex,yes,yes,yes,yes,yes,yes
0224,0224.png,bundle_png,yes,bundles/0224.png,19843,2026-05-13 23:10:55 CDT,1ea139e4846c7b9f3e42d270d7e0007175507233bca635e5008cf1071b1bcb39,0224.png.ots,bundles/0224.png.ots,66bc351d153f6beb48250afc8204fb4833484b851e277515a3bb366242699d6f,0224.png.ots.upgraded,bundles/ots_upgraded_bundle/0224.png.ots.upgraded,50d3dabcf7081553c906aad2694acffbb1c1201bbbed685f41d6da02b026b179,anchored,1ea139e4846c7b9f3e42d270d7e0007175507233bca635e5008cf1071b1bcb39,yes,949315,00000000000000000000d85ce083fd2ec3e33d9809b9ad6fe9165b2babd71911,2026-05-13 22:38:45 CDT,2026-05-13 23:18:37 CDT,2026-05-14 01:18:37 CDT,0224.png.ots__time-stamp.json,bundles/0224.png.ots__time-stamp.json,2026-05-14T04:10:57.750000+00:00,2026-05-13T06:14:40.124000+00:00,2026-05-14T06:14:40.124000+00:00,1000000,66bc351d153f6beb48250afc8204fb4833484b851e277515a3bb366242699d6f,yes,bundle.artifact.bind_sha256_hex,yes,yes,yes,yes,yes,yes
0225,0225.json,bundle_json,yes,bundles/0225.json,6643,2026-05-13 23:11:05 CDT,292f079a8aedb09fd7ac9f5fb1185a684926f8bcba0f1e17023864a03818de6c,0225.json.ots,bundles/0225.json.ots,9811fda01fe25b731703422d9597993d938f97e596996dcbccfbeeb82c5f70c0,0225.json.ots.upgraded,bundles/ots_upgraded_bundle/0225.json.ots.upgraded,74f976ca47d092b221ae53eb27bce812db6bcd8fe63ee8a8745b6aa11e08919d,anchored,292f079a8aedb09fd7ac9f5fb1185a684926f8bcba0f1e17023864a03818de6c,yes,949315,00000000000000000000d85ce083fd2ec3e33d9809b9ad6fe9165b2babd71911,2026-05-13 22:38:45 CDT,2026-05-13 23:18:37 CDT,2026-05-14 01:18:37 CDT,0225.json.ots__time-stamp.json,bundles/0225.json.ots__time-stamp.json,2026-05-14T04:11:07.865000+00:00,2026-05-13T06:40:25.129000+00:00,2026-05-14T06:40:25.129000+00:00,1000000,9811fda01fe25b731703422d9597993d938f97e596996dcbccfbeeb82c5f70c0,yes,bundle.artifact.bind_sha256_hex,yes,yes,yes,yes,yes,yes
0225,0225.png,bundle_png,yes,bundles/0225.png,20242,2026-05-13 23:11:02 CDT,0d8f31ff104739efe412dbb547e95c4203e8f3d99951f9907d70b29353be2aa9,0225.png.ots,bundles/0225.png.ots,c662a01ca2a02268228f5e51949068f91f6d0ae77e2f7ab959659288dd1513e7,0225.png.ots.upgraded,bundles/ots_upgraded_bundle/0225.png.ots.upgraded,ebbcc4b11868766b5ecc0fe05459ef923193ee78d56824b753fb100b056b5e21,anchored,0d8f31ff104739efe412dbb547e95c4203e8f3d99951f9907d70b29353be2aa9,yes,949315,00000000000000000000d85ce083fd2ec3e33d9809b9ad6fe9165b2babd71911,2026-05-13 22:38:45 CDT,2026-05-13 23:18:37 CDT,2026-05-14 01:18:37 CDT,0225.png.ots__time-stamp.json,bundles/0225.png.ots__time-stamp.json,2026-05-14T04:11:05.225000+00:00,2026-05-13T23:25:23.999000+00:00,2026-05-14T23:25:23.999000+00:00,1000000,c662a01ca2a02268228f5e51949068f91f6d0ae77e2f7ab959659288dd1513e7,yes,bundle.artifact.bind_sha256_hex,yes,yes,yes,yes,yes,yes
0226,0226.json,bundle_json,yes,bundles/0226.json,6247,2026-05-13 23:11:13 CDT,bec697fb73a558735af782cec234e22d834d138344b5f6c17a046a00f6346ef6,0226.json.ots,bundles/0226.json.ots,96c261c1f66c4a1ec49ed291de4665b550b1915a99b8f1455a2e2f9a74e08efa,0226.json.ots.upgraded,bundles/ots_upgraded_bundle/0226.json.ots.upgraded,79379fddb211ac741a9e50373968c002e6c6e5a16922327c69c737f4c682a024,anchored,bec697fb73a558735af782cec234e22d834d138344b5f6c17a046a00f6346ef6,yes,949315,00000000000000000000d85ce083fd2ec3e33d9809b9ad6fe9165b2babd71911,2026-05-13 22:38:45 CDT,2026-05-13 23:18:37 CDT,2026-05-14 01:18:37 CDT,0226.json.ots__time-stamp.json,bundles/0226.json.ots__time-stamp.json,2026-05-14T04:11:15.305000+00:00,2026-05-13T07:35:20.866000+00:00,2026-05-14T07:35:20.866000+00:00,1000000,96c261c1f66c4a1ec49ed291de4665b550b1915a99b8f1455a2e2f9a74e08efa,yes,bundle.artifact.bind_sha256_hex,yes,yes,yes,yes,yes,yes
0226,0226.png,bundle_png,yes,bundles/0226.png,20256,2026-05-13 23:11:10 CDT,0365183296ab64046f7a5d7b4275513122bb491f4c496f145ec3b15847acc265,0226.png.ots,bundles/0226.png.ots,da5c530f3e9dce707f296c84a8d5139ef4d26b7c8102de3bdc720feee91969f0,0226.png.ots.upgraded,bundles/ots_upgraded_bundle/0226.png.ots.upgraded,6a392302e60f8b9fb817b807c753cd2860757754cdd0245dd74d1ad2928d734d,anchored,0365183296ab64046f7a5d7b4275513122bb491f4c496f145ec3b15847acc265,yes,949319,00000000000000000001167897b80c9add7c40f4481e0d4dbebf384a8bd28e82,2026-05-13 23:14:50 CDT,2026-05-14 00:06:03 CDT,2026-05-14 02:06:03 CDT,0226.png.ots__time-stamp.json,bundles/0226.png.ots__time-stamp.json,2026-05-14T04:11:12.905000+00:00,2026-05-13T07:42:55.719000+00:00,2026-05-14T07:42:55.719000+00:00,1000000,da5c530f3e9dce707f296c84a8d5139ef4d26b7c8102de3bdc720feee91969f0,yes,bundle.artifact.bind_sha256_hex,yes,yes,yes,yes,yes,yes
0227,0227.json,bundle_json,yes,bundles/0227.json,6249,2026-05-13 23:11:21 CDT,a0e52ff6494ba3ecbd098f9ac227f3217121f7b0d185d3799b9a049e31038d29,0227.json.ots,bundles/0227.json.ots,dd4db8e6c7d8ea3eb20c1def9715906d761c6b6123d0d7aaba29f86ab828ce11,0227.json.ots.upgraded,bundles/ots_upgraded_bundle/0227.json.ots.upgraded,6dcbd926627cccfffa4112fc1f01fdfe64cdeb7c52f446da582828e6082eb83a,anchored,a0e52ff6494ba3ecbd098f9ac227f3217121f7b0d185d3799b9a049e31038d29,yes,949315,00000000000000000000d85ce083fd2ec3e33d9809b9ad6fe9165b2babd71911,2026-05-13 22:38:45 CDT,2026-05-13 23:18:37 CDT,2026-05-14 01:18:37 CDT,0227.json.ots__time-stamp.json,bundles/0227.json.ots__time-stamp.json,2026-05-14T04:11:23.324000+00:00,2026-05-13T06:31:59.305000+00:00,2026-05-14T06:31:59.305000+00:00,1000000,dd4db8e6c7d8ea3eb20c1def9715906d761c6b6123d0d7aaba29f86ab828ce11,yes,bundle.artifact.bind_sha256_hex,yes,yes,yes,yes,yes,yes
0227,0227.png,bundle_png,yes,bundles/0227.png,19200,2026-05-13 23:11:18 CDT,a37852b940c5939d40ffa3949a5f575d8d05e8c1bb65612bd8c781102cc5ae39,0227.png.ots,bundles/0227.png.ots,2cfbcc3787768db1ed412a0eb1c0837f0334778a52acc3cef99f8ef986bb9ea3,0227.png.ots.upgraded,bundles/ots_upgraded_bundle/0227.png.ots.upgraded,c1dee198c0625f1c74670bc766d7d5b685aee565357d6762ac5fc9fb94652363,anchored,a37852b940c5939d40ffa3949a5f575d8d05e8c1bb65612bd8c781102cc5ae39,yes,949315,00000000000000000000d85ce083fd2ec3e33d9809b9ad6fe9165b2babd71911,2026-05-13 22:38:45 CDT,2026-05-13 23:18:37 CDT,2026-05-14 01:18:37 CDT,0227.png.ots__time-stamp.json,bundles/0227.png.ots__time-stamp.json,2026-05-14T04:11:20.844000+00:00,2026-05-13T11:56:28.764000+00:00,2026-05-14T11:56:28.764000+00:00,1000000,2cfbcc3787768db1ed412a0eb1c0837f0334778a52acc3cef99f8ef986bb9ea3,yes,bundle.artifact.bind_sha256_hex,yes,yes,yes,yes,yes,yes
0228,0228.json,bundle_json,yes,bundles/0228.json,6247,2026-05-13 23:11:28 CDT,6fe826dbfe959ced8f123aa0e25b16b59bc87009f79c2427c8f3c05c98ce1685,0228.json.ots,bundles/0228.json.ots,e77ccbf38dc4e20ec1acde86726a762ff37a738fddd236a4c923fa141579b53f,0228.json.ots.upgraded,bundles/ots_upgraded_bundle/0228.json.ots.upgraded,6d1d4f91810f508000b658ba43608c4dfb768eb3fd38a5106b62936c5708bd14,anchored,6fe826dbfe959ced8f123aa0e25b16b59bc87009f79c2427c8f3c05c98ce1685,yes,949319,00000000000000000001167897b80c9add7c40f4481e0d4dbebf384a8bd28e82,2026-05-13 23:14:50 CDT,2026-05-14 00:06:03 CDT,2026-05-14 02:06:03 CDT,0228.json.ots__time-stamp.json,bundles/0228.json.ots__time-stamp.json,2026-05-14T04:11:30.865000+00:00,2026-05-13T06:40:25.129000+00:00,2026-05-14T06:40:25.129000+00:00,1000000,e77ccbf38dc4e20ec1acde86726a762ff37a738fddd236a4c923fa141579b53f,yes,bundle.artifact.bind_sha256_hex,yes,yes,yes,yes,yes,yes
0228,0228.png,bundle_png,yes,bundles/0228.png,21436,2026-05-13 23:11:25 CDT,f7662e7d9e4ae2d417526717c4f0e0d5e058e738c1b0997012525b0066020b39,0228.png.ots,bundles/0228.png.ots,6a9e86caa6b8ad0f7a29eab892bc708fc5f40b9bc923d6a54159c0094695760c,0228.png.ots.upgraded,bundles/ots_upgraded_bundle/0228.png.ots.upgraded,2733935036571f44b1b6f63d628bbb808dc395013c0c58daa47a336806bbe742,anchored,f7662e7d9e4ae2d417526717c4f0e0d5e058e738c1b0997012525b0066020b39,yes,949319,00000000000000000001167897b80c9add7c40f4481e0d4dbebf384a8bd28e82,2026-05-13 23:14:50 CDT,2026-05-14 00:06:03 CDT,2026-05-14 02:06:03 CDT,0228.png.ots__time-stamp.json,bundles/0228.png.ots__time-stamp.json,2026-05-14T04:11:28.314000+00:00,2026-05-13T07:26:49.378000+00:00,2026-05-14T07:26:49.378000+00:00,1000000,6a9e86caa6b8ad0f7a29eab892bc708fc5f40b9bc923d6a54159c0094695760c,yes,bundle.artifact.bind_sha256_hex,yes,yes,yes,yes,yes,yes
0229,0229.json,bundle_json,yes,bundles/0229.json,6246,2026-05-13 23:11:36 CDT,7114a6c78eea47a1783d574f45f7e7176735c0bd47ca349e3af92b99c1e7779c,0229.json.ots,bundles/0229.json.ots,55de63f5d9c50b51a2b84323ed14b86ec61f17c84062fb511290df2666d2c147,0229.json.ots.upgraded,bundles/ots_upgraded_bundle/0229.json.ots.upgraded,9002a997ff0ec09d222c3a460cc2260e5db962a5e22623c0b8c85b89f7923f57,anchored,7114a6c78eea47a1783d574f45f7e7176735c0bd47ca349e3af92b99c1e7779c,yes,949315,00000000000000000000d85ce083fd2ec3e33d9809b9ad6fe9165b2babd71911,2026-05-13 22:38:45 CDT,2026-05-13 23:18:37 CDT,2026-05-14 01:18:37 CDT,0229.json.ots__time-stamp.json,bundles/0229.json.ots__time-stamp.json,2026-05-14T04:11:38.864000+00:00,2026-05-13T07:26:49.378000+00:00,2026-05-14T07:26:49.378000+00:00,1000000,55de63f5d9c50b51a2b84323ed14b86ec61f17c84062fb511290df2666d2c147,yes,bundle.artifact.bind_sha256_hex,yes,yes,yes,yes,yes,yes
0229,0229.png,bundle_png,yes,bundles/0229.png,19905,2026-05-13 23:11:33 CDT,1c08fe8c1f2403bbd78218f0955ee9383205950af0f11da07ba0fa34e98f6d0a,0229.png.ots,bundles/0229.png.ots,ec5158552a73bc7c7dce85974be0c6b052b77fae805dd849ce08b200e07c25fd,0229.png.ots.upgraded,bundles/ots_upgraded_bundle/0229.png.ots.upgraded,9a6ec6d6da3eb6664009bf3da6f4af3b5c5d68a14d3dddfcab35498e7949b0fa,anchored,1c08fe8c1f2403bbd78218f0955ee9383205950af0f11da07ba0fa34e98f6d0a,yes,949319,00000000000000000001167897b80c9add7c40f4481e0d4dbebf384a8bd28e82,2026-05-13 23:14:50 CDT,2026-05-14 00:06:03 CDT,2026-05-14 02:06:03 CDT,0229.png.ots__time-stamp.json,bundles/0229.png.ots__time-stamp.json,2026-05-14T04:11:35.980000+00:00,2026-05-13T07:26:49.378000+00:00,2026-05-14T07:26:49.378000+00:00,1000000,ec5158552a73bc7c7dce85974be0c6b052b77fae805dd849ce08b200e07c25fd,yes,bundle.artifact.bind_sha256_hex,yes,yes,yes,yes,yes,yes
0230,0230.json,bundle_json,yes,bundles/0230.json,6246,2026-05-13 23:11:44 CDT,37ec60793f05686842594d606be1adfe0d160c30654d072727a91106b218a848,0230.json.ots,bundles/0230.json.ots,b801ad7bdd9ec96c298a55941cb961014047302de85b81dc81cd530b110070b5,0230.json.ots.upgraded,bundles/ots_upgraded_bundle/0230.json.ots.upgraded,b7a074d6840f6684f3bc3688a05ae073144fceb856c430e600bf1ed699543b78,anchored,37ec60793f05686842594d606be1adfe0d160c30654d072727a91106b218a848,yes,949315,00000000000000000000d85ce083fd2ec3e33d9809b9ad6fe9165b2babd71911,2026-05-13 22:38:45 CDT,2026-05-13 23:18:37 CDT,2026-05-14 01:18:37 CDT,0230.json.ots__time-stamp.json,bundles/0230.json.ots__time-stamp.json,2026-05-14T04:11:46.325000+00:00,2026-05-13T09:16:05.223000+00:00,2026-05-14T09:16:05.223000+00:00,1000000,b801ad7bdd9ec96c298a55941cb961014047302de85b81dc81cd530b110070b5,yes,bundle.artifact.bind_sha256_hex,yes,yes,yes,yes,yes,yes
0230,0230.png,bundle_png,yes,bundles/0230.png,21742,2026-05-13 23:11:41 CDT,c20b89991281b82156372bd15930e62a81d44d465c08eb7f1d2239151cde20be,0230.png.ots,bundles/0230.png.ots,2d1e382505c859c3cff506a5d4f908ddd211e42066626b01c6a5c106da3ccd12,0230.png.ots.upgraded,bundles/ots_upgraded_bundle/0230.png.ots.upgraded,f6b0683d4604dbc2dc23c8f4a79727678e5f45c30bf27d9c86f7d864a20f76e8,anchored,c20b89991281b82156372bd15930e62a81d44d465c08eb7f1d2239151cde20be,yes,949319,00000000000000000001167897b80c9add7c40f4481e0d4dbebf384a8bd28e82,2026-05-13 23:14:50 CDT,2026-05-14 00:06:03 CDT,2026-05-14 02:06:03 CDT,0230.png.ots__time-stamp.json,bundles/0230.png.ots__time-stamp.json,2026-05-14T04:11:43.905000+00:00,2026-05-13T07:50:12.083000+00:00,2026-05-14T07:50:12.083000+00:00,1000000,2d1e382505c859c3cff506a5d4f908ddd211e42066626b01c6a5c106da3ccd12,yes,bundle.artifact.bind_sha256_hex,yes,yes,yes,yes,yes,yes
0231,0231.json,bundle_json,yes,bundles/0231.json,6246,2026-05-13 23:11:51 CDT,4c629f580b74375ba18ad19d8c064aa3ca213e20d8b793f79f1eaf84397d6a36,0231.json.ots,bundles/0231.json.ots,c6db92354f4f6bc4d957bb6807e197ca77b2b29ed532149976e5fd9480519545,0231.json.ots.upgraded,bundles/ots_upgraded_bundle/0231.json.ots.upgraded,862b0b2a02ca87d1ed1bccbfe620b0ad98b723533b28ea2eff556e424d7034fc,anchored,4c629f580b74375ba18ad19d8c064aa3ca213e20d8b793f79f1eaf84397d6a36,yes,949315,00000000000000000000d85ce083fd2ec3e33d9809b9ad6fe9165b2babd71911,2026-05-13 22:38:45 CDT,2026-05-13 23:18:37 CDT,2026-05-14 01:18:37 CDT,0231.json.ots__time-stamp.json,bundles/0231.json.ots__time-stamp.json,2026-05-14T04:11:53.945000+00:00,2026-05-13T23:25:23.999000+00:00,2026-05-14T23:25:23.999000+00:00,1000000,c6db92354f4f6bc4d957bb6807e197ca77b2b29ed532149976e5fd9480519545,yes,bundle.artifact.bind_sha256_hex,yes,yes,yes,yes,yes,yes
0231,0231.png,bundle_png,yes,bundles/0231.png,20680,2026-05-13 23:11:48 CDT,7710cb24fc3120437b05fd6001bace5464e3d106e4596cc5b1553ebfd7ab5820,0231.png.ots,bundles/0231.png.ots,856fcaf959d1e4a8e00106e737f2600300d675453e5d1216cb7fd1069c3c2e6d,0231.png.ots.upgraded,bundles/ots_upgraded_bundle/0231.png.ots.upgraded,ef90115c8436e7921ad9a42d5d934c9c33fd7c35f7a390f9973f4dd3990a42f7,anchored,7710cb24fc3120437b05fd6001bace5464e3d106e4596cc5b1553ebfd7ab5820,yes,949319,00000000000000000001167897b80c9add7c40f4481e0d4dbebf384a8bd28e82,2026-05-13 23:14:50 CDT,2026-05-14 00:06:03 CDT,2026-05-14 02:06:03 CDT,0231.png.ots__time-stamp.json,bundles/0231.png.ots__time-stamp.json,2026-05-14T04:11:51.365000+00:00,2026-05-13T08:10:30.590000+00:00,2026-05-14T08:10:30.590000+00:00,1000000,856fcaf959d1e4a8e00106e737f2600300d675453e5d1216cb7fd1069c3c2e6d,yes,bundle.artifact.bind_sha256_hex,yes,yes,yes,yes,yes,yes
0232,0232.json,bundle_json,yes,bundles/0232.json,6246,2026-05-13 23:11:59 CDT,96850819e3bd200715f42650c01335fad1f92179b281f987332d4f2824c782ae,0232.json.ots,bundles/0232.json.ots,84932ed0eb3406e8f4823e15e177f9a46d43d229fd6b3c92b98e0288ce61580e,0232.json.ots.upgraded,bundles/ots_upgraded_bundle/0232.json.ots.upgraded,13a599194dce2ca0bb164bcc0ed488979176295f649e6b7ed1affe35c0a9b91f,anchored,96850819e3bd200715f42650c01335fad1f92179b281f987332d4f2824c782ae,yes,949315,00000000000000000000d85ce083fd2ec3e33d9809b9ad6fe9165b2babd71911,2026-05-13 22:38:45 CDT,2026-05-13 23:18:37 CDT,2026-05-14 01:18:37 CDT,0232.json.ots__time-stamp.json,bundles/0232.json.ots__time-stamp.json,2026-05-14T04:12:01.385000+00:00,2026-05-13T09:16:05.223000+00:00,2026-05-14T09:16:05.223000+00:00,1000000,84932ed0eb3406e8f4823e15e177f9a46d43d229fd6b3c92b98e0288ce61580e,yes,bundle.artifact.bind_sha256_hex,yes,yes,yes,yes,yes,yes
0232,0232.png,bundle_png,yes,bundles/0232.png,12691,2026-05-13 23:11:56 CDT,d13a67692f8739ed871abf2a73f849cbe447fcd07929aad17eb2a2c2b047febf,0232.png.ots,bundles/0232.png.ots,6eb4f034d460fd78e45305f10d8078efe70d4e4f71756ceb215d6f9e7bf8f70b,0232.png.ots.upgraded,bundles/ots_upgraded_bundle/0232.png.ots.upgraded,a9b592231c8a1dd8ea47b4368cf3a89120dd1de3fa72321ed7be8ef9080dd2a6,anchored,d13a67692f8739ed871abf2a73f849cbe447fcd07929aad17eb2a2c2b047febf,yes,949315,00000000000000000000d85ce083fd2ec3e33d9809b9ad6fe9165b2babd71911,2026-05-13 22:38:45 CDT,2026-05-13 23:18:37 CDT,2026-05-14 01:18:37 CDT,0232.png.ots__time-stamp.json,bundles/0232.png.ots__time-stamp.json,2026-05-14T04:11:59.065000+00:00,2026-05-13T08:10:30.590000+00:00,2026-05-14T08:10:30.590000+00:00,1000000,6eb4f034d460fd78e45305f10d8078efe70d4e4f71756ceb215d6f9e7bf8f70b,yes,bundle.artifact.bind_sha256_hex,yes,yes,yes,yes,yes,yes
0233,0233.json,bundle_json,yes,bundles/0233.json,6245,2026-05-13 23:12:07 CDT,cd51bb014f046d1448f14e8b4199cfb5b2831190ee60706784f956cf3a90fe75,0233.json.ots,bundles/0233.json.ots,5e13e1d24146debcb46ead1c10602cf47e9853d09ee4d80e4ecc5f665f90c847,0233.json.ots.upgraded,bundles/ots_upgraded_bundle/0233.json.ots.upgraded,641d35dd1f7aa7e2fd5756578a69ed55b9f1749a4d2c886c719ca473e0a396b3,anchored,cd51bb014f046d1448f14e8b4199cfb5b2831190ee60706784f956cf3a90fe75,yes,949319,00000000000000000001167897b80c9add7c40f4481e0d4dbebf384a8bd28e82,2026-05-13 23:14:50 CDT,2026-05-14 00:06:03 CDT,2026-05-14 02:06:03 CDT,0233.json.ots__time-stamp.json,bundles/0233.json.ots__time-stamp.json,2026-05-14T04:12:10.025000+00:00,2026-05-13T07:26:49.378000+00:00,2026-05-14T07:26:49.378000+00:00,1000000,5e13e1d24146debcb46ead1c10602cf47e9853d09ee4d80e4ecc5f665f90c847,yes,bundle.artifact.bind_sha256_hex,yes,yes,yes,yes,yes,yes
0233,0233.png,bundle_png,yes,bundles/0233.png,19765,2026-05-13 23:12:04 CDT,bddb77171579e46b925987e8eb2040d54e8b8eff65afd0e679cd4f15fa7e8833,0233.png.ots,bundles/0233.png.ots,0b0040ef746ddd4ae6873d8180d24347afd25c225d0a004654b820348a7c54e8,0233.png.ots.upgraded,bundles/ots_upgraded_bundle/0233.png.ots.upgraded,dd3b7708e96e3963337c54d42716668ee8bf0be08dcf099c89a9738b6119e53d,anchored,bddb77171579e46b925987e8eb2040d54e8b8eff65afd0e679cd4f15fa7e8833,yes,949315,00000000000000000000d85ce083fd2ec3e33d9809b9ad6fe9165b2babd71911,2026-05-13 22:38:45 CDT,2026-05-13 23:18:37 CDT,2026-05-14 01:18:37 CDT,0233.png.ots__time-stamp.json,bundles/0233.png.ots__time-stamp.json,2026-05-14T04:12:06.965000+00:00,2026-05-13T07:32:13.637000+00:00,2026-05-14T07:32:13.637000+00:00,1000000,0b0040ef746ddd4ae6873d8180d24347afd25c225d0a004654b820348a7c54e8,yes,bundle.artifact.bind_sha256_hex,yes,yes,yes,yes,yes,yes
0234,0234.json,bundle_json,yes,bundles/0234.json,6250,2026-05-13 23:12:14 CDT,15aa19300e1f01ab94e4d1e194d7d22ee10276759bcba15d2151cb83c1966fd7,0234.json.ots,bundles/0234.json.ots,948e2b9335cebe8a37c6931570c9a74c763817ba57e4c05919882f2bf591e16e,0234.json.ots.upgraded,bundles/ots_upgraded_bundle/0234.json.ots.upgraded,6479fc067596278af5f27df39d623ae7141f22e59759708f2ee536aaa4cad8f1,anchored,15aa19300e1f01ab94e4d1e194d7d22ee10276759bcba15d2151cb83c1966fd7,yes,949319,00000000000000000001167897b80c9add7c40f4481e0d4dbebf384a8bd28e82,2026-05-13 23:14:50 CDT,2026-05-14 00:06:03 CDT,2026-05-14 02:06:03 CDT,0234.json.ots__time-stamp.json,bundles/0234.json.ots__time-stamp.json,2026-05-14T04:12:17.005000+00:00,2026-05-13T06:14:40.124000+00:00,2026-05-14T06:14:40.124000+00:00,1000000,948e2b9335cebe8a37c6931570c9a74c763817ba57e4c05919882f2bf591e16e,yes,bundle.artifact.bind_sha256_hex,yes,yes,yes,yes,yes,yes
0234,0234.png,bundle_png,yes,bundles/0234.png,17459,2026-05-13 23:12:11 CDT,ee7d0941d9d6b8fd5e33b2bce14f2a4cdee1250a7886cdc8d07bc23aa0106636,0234.png.ots,bundles/0234.png.ots,3b47a82932a776ed6899fd2d3f3dc8b7434f8bf89a1a05c0b8237b54b5c5855d,0234.png.ots.upgraded,bundles/ots_upgraded_bundle/0234.png.ots.upgraded,d30f162a291c194aa84df7e19c7c27ebf507f54244a860cbbf7329b7c44ad075,anchored,ee7d0941d9d6b8fd5e33b2bce14f2a4cdee1250a7886cdc8d07bc23aa0106636,yes,949319,00000000000000000001167897b80c9add7c40f4481e0d4dbebf384a8bd28e82,2026-05-13 23:14:50 CDT,2026-05-14 00:06:03 CDT,2026-05-14 02:06:03 CDT,0234.png.ots__time-stamp.json,bundles/0234.png.ots__time-stamp.json,2026-05-14T04:12:14.500000+00:00,2026-05-13T09:16:05.223000+00:00,2026-05-14T09:16:05.223000+00:00,1000000,3b47a82932a776ed6899fd2d3f3dc8b7434f8bf89a1a05c0b8237b54b5c5855d,yes,bundle.artifact.bind_sha256_hex,yes,yes,yes,yes,yes,yes
0235,0235.json,bundle_json,yes,bundles/0235.json,5929,2026-05-13 23:12:22 CDT,ddfe8892fdba3afa0ede0ebf7bc8ef0889c3329329b44d79f6a13fe4583687e1,0235.json.ots,bundles/0235.json.ots,c7ee245859f1ed70a8bc34538073be3237f72f041140298a6b08a001b563d05d,0235.json.ots.upgraded,bundles/ots_upgraded_bundle/0235.json.ots.upgraded,2fe9bec597ee9d7d4ece1feb474ee43460f317fa2cbb195f9d350875af7408a9,anchored,ddfe8892fdba3afa0ede0ebf7bc8ef0889c3329329b44d79f6a13fe4583687e1,yes,949319,00000000000000000001167897b80c9add7c40f4481e0d4dbebf384a8bd28e82,2026-05-13 23:14:50 CDT,2026-05-14 00:06:03 CDT,2026-05-14 02:06:03 CDT,0235.json.ots__time-stamp.json,bundles/0235.json.ots__time-stamp.json,2026-05-14T04:12:25.045000+00:00,2026-05-13T07:20:03.388000+00:00,2026-05-14T07:20:03.388000+00:00,1000000,c7ee245859f1ed70a8bc34538073be3237f72f041140298a6b08a001b563d05d,yes,bundle.artifact.bind_sha256_hex,yes,yes,yes,yes,yes,yes
0235,0235.png,bundle_png,yes,bundles/0235.png,17012,2026-05-13 23:12:19 CDT,98ba85c50bb2dcf352895f0c1f9a12f80061fbdc2b0a6f77a3f245499b6811fd,0235.png.ots,bundles/0235.png.ots,ac05addececabbfd946016d87ee1d1bba7f446532f0c9a1d54be2d4f479ccc08,0235.png.ots.upgraded,bundles/ots_upgraded_bundle/0235.png.ots.upgraded,bf7434a3f3caa7ac3da7a8eaf01e621b9dc4812e823277dbf78e26f2a700ecbf,anchored,98ba85c50bb2dcf352895f0c1f9a12f80061fbdc2b0a6f77a3f245499b6811fd,yes,949315,00000000000000000000d85ce083fd2ec3e33d9809b9ad6fe9165b2babd71911,2026-05-13 22:38:45 CDT,2026-05-13 23:18:37 CDT,2026-05-14 01:18:37 CDT,0235.png.ots__time-stamp.json,bundles/0235.png.ots__time-stamp.json,2026-05-14T04:12:22.206000+00:00,2026-05-13T06:34:59.170000+00:00,2026-05-14T06:34:59.170000+00:00,1000000,ac05addececabbfd946016d87ee1d1bba7f446532f0c9a1d54be2d4f479ccc08,yes,bundle.artifact.bind_sha256_hex,yes,yes,yes,yes,yes,yes
0236,0236.json,bundle_json,yes,bundles/0236.json,5928,2026-05-13 23:12:30 CDT,b524822abfb803faad84fc6a19b6328751ec82b1de211f7266fbd30e5647020d,0236.json.ots,bundles/0236.json.ots,d604238b4e7145c4e2a37f3886fe14162d7bd51c3d9b674601118b22f1ff687f,0236.json.ots.upgraded,bundles/ots_upgraded_bundle/0236.json.ots.upgraded,31507e3c48797da1de8ef538ff9a82305c67efcde07cacd0e36df1086d5aeeaf,anchored,b524822abfb803faad84fc6a19b6328751ec82b1de211f7266fbd30e5647020d,yes,949315,00000000000000000000d85ce083fd2ec3e33d9809b9ad6fe9165b2babd71911,2026-05-13 22:38:45 CDT,2026-05-13 23:18:37 CDT,2026-05-14 01:18:37 CDT,0236.json.ots__time-stamp.json,bundles/0236.json.ots__time-stamp.json,2026-05-14T04:12:32.485000+00:00,2026-05-13T08:23:50.532000+00:00,2026-05-14T08:23:50.532000+00:00,1000000,d604238b4e7145c4e2a37f3886fe14162d7bd51c3d9b674601118b22f1ff687f,yes,bundle.artifact.bind_sha256_hex,yes,yes,yes,yes,yes,yes
0236,0236.png,bundle_png,yes,bundles/0236.png,18477,2026-05-13 23:12:27 CDT,31c6293af9a86cc20bd303e9afda2a1ebd5e143738283974414903d87c48e4f0,0236.png.ots,bundles/0236.png.ots,d3dd0f22a655a4012171aba00d9e5faa998c4bb98bae3907228cf0ae7167e618,0236.png.ots.upgraded,bundles/ots_upgraded_bundle/0236.png.ots.upgraded,139bd895eeae9e5c90c7332f5940528b258ca04e9d314e7ae9f65e063154e054,anchored,31c6293af9a86cc20bd303e9afda2a1ebd5e143738283974414903d87c48e4f0,yes,949315,00000000000000000000d85ce083fd2ec3e33d9809b9ad6fe9165b2babd71911,2026-05-13 22:38:45 CDT,2026-05-13 23:18:37 CDT,2026-05-14 01:18:37 CDT,0236.png.ots__time-stamp.json,bundles/0236.png.ots__time-stamp.json,2026-05-14T04:12:30.065000+00:00,2026-05-13T23:25:23.999000+00:00,2026-05-14T23:25:23.999000+00:00,1000000,d3dd0f22a655a4012171aba00d9e5faa998c4bb98bae3907228cf0ae7167e618,yes,bundle.artifact.bind_sha256_hex,yes,yes,yes,yes,yes,yes
0237,0237.json,bundle_json,yes,bundles/0237.json,5930,2026-05-13 23:12:38 CDT,0ca89092cb348d27dd675e8fdbe8a753188f27874de0143ba96794f0089de1d9,0237.json.ots,bundles/0237.json.ots,471d012e462e56f54a78ae52869f2e84eb449cd70404e667efe8a6d848637602,0237.json.ots.upgraded,bundles/ots_upgraded_bundle/0237.json.ots.upgraded,c5d7b16bf794550b50120d98cb53f1eefd127b3532edc815c7742e878e9f9243,anchored,0ca89092cb348d27dd675e8fdbe8a753188f27874de0143ba96794f0089de1d9,yes,949319,00000000000000000001167897b80c9add7c40f4481e0d4dbebf384a8bd28e82,2026-05-13 23:14:50 CDT,2026-05-14 00:06:03 CDT,2026-05-14 02:06:03 CDT,0237.json.ots__time-stamp.json,bundles/0237.json.ots__time-stamp.json,2026-05-14T04:12:40.525000+00:00,2026-05-13T07:26:49.378000+00:00,2026-05-14T07:26:49.378000+00:00,1000000,471d012e462e56f54a78ae52869f2e84eb449cd70404e667efe8a6d848637602,yes,bundle.artifact.bind_sha256_hex,yes,yes,yes,yes,yes,yes
0237,0237.png,bundle_png,yes,bundles/0237.png,18234,2026-05-13 23:12:34 CDT,6940b62f93dd975bdaa8527913c23e7dd1c750e9d09482c632e5bdee8862732f,0237.png.ots,bundles/0237.png.ots,bc1cafc3edc070a2ffd98a4eaebf2de2e9e0bcee53c7f9c5003411d94f27b330,0237.png.ots.upgraded,bundles/ots_upgraded_bundle/0237.png.ots.upgraded,3993b2f77c577152971d03eeb61dddd6b49cdbe64fb2c41c373ae578175549a7,anchored,6940b62f93dd975bdaa8527913c23e7dd1c750e9d09482c632e5bdee8862732f,yes,949319,00000000000000000001167897b80c9add7c40f4481e0d4dbebf384a8bd28e82,2026-05-13 23:14:50 CDT,2026-05-14 00:06:03 CDT,2026-05-14 02:06:03 CDT,0237.png.ots__time-stamp.json,bundles/0237.png.ots__time-stamp.json,2026-05-14T04:12:37.505000+00:00,2026-05-13T11:56:28.764000+00:00,2026-05-14T11:56:28.764000+00:00,1000000,bc1cafc3edc070a2ffd98a4eaebf2de2e9e0bcee53c7f9c5003411d94f27b330,yes,bundle.artifact.bind_sha256_hex,yes,yes,yes,yes,yes,yes
0238,0238.json,bundle_json,yes,bundles/0238.json,5934,2026-05-13 23:12:46 CDT,e73506bfd7c52137fa264ef7ac8b131d1a6338f05d5d063f1b877c306bfc2c05,0238.json.ots,bundles/0238.json.ots,279ce3ebb613a39d3ba14c12aa83ed0f10c30ea24d961877a7915085dcd105b8,0238.json.ots.upgraded,bundles/ots_upgraded_bundle/0238.json.ots.upgraded,8183e74a3e6371f77bdc7fd24cf6cd7a5d6e8121f1f05f05d211f137bd19c7e6,anchored,e73506bfd7c52137fa264ef7ac8b131d1a6338f05d5d063f1b877c306bfc2c05,yes,949319,00000000000000000001167897b80c9add7c40f4481e0d4dbebf384a8bd28e82,2026-05-13 23:14:50 CDT,2026-05-14 00:06:03 CDT,2026-05-14 02:06:03 CDT,0238.json.ots__time-stamp.json,bundles/0238.json.ots__time-stamp.json,2026-05-14T04:12:48.305000+00:00,2026-05-13T23:25:23.999000+00:00,2026-05-14T23:25:23.999000+00:00,1000000,279ce3ebb613a39d3ba14c12aa83ed0f10c30ea24d961877a7915085dcd105b8,yes,bundle.artifact.bind_sha256_hex,yes,yes,yes,yes,yes,yes
0238,0238.png,bundle_png,yes,bundles/0238.png,18200,2026-05-13 23:12:42 CDT,1cf2dabfac2460c5df5b9e22c9a7c00b47e6a08d5ecaf61ef23ae6753224d02e,0238.png.ots,bundles/0238.png.ots,2330a1c390c156fb0a24f49b5ac9f0c0896f5eaa56e5c3abfe93f68f3ef48f7a,0238.png.ots.upgraded,bundles/ots_upgraded_bundle/0238.png.ots.upgraded,380d0940b19db251d0418070b43052d82b841af4d84f3bb88b72c40bdab880a9,anchored,1cf2dabfac2460c5df5b9e22c9a7c00b47e6a08d5ecaf61ef23ae6753224d02e,yes,949315,00000000000000000000d85ce083fd2ec3e33d9809b9ad6fe9165b2babd71911,2026-05-13 22:38:45 CDT,2026-05-13 23:18:37 CDT,2026-05-14 01:18:37 CDT,0238.png.ots__time-stamp.json,bundles/0238.png.ots__time-stamp.json,2026-05-14T04:12:45.530000+00:00,2026-05-13T06:34:59.170000+00:00,2026-05-14T06:34:59.170000+00:00,1000000,2330a1c390c156fb0a24f49b5ac9f0c0896f5eaa56e5c3abfe93f68f3ef48f7a,yes,bundle.artifact.bind_sha256_hex,yes,yes,yes,yes,yes,yes
0239,0239.json,bundle_json,yes,bundles/0239.json,5931,2026-05-13 23:12:53 CDT,775ce5f9f2df717dd1867bc34ee2538acfe3f304dbab4f0ef6d48d584f68d4c0,0239.json.ots,bundles/0239.json.ots,2683aff72df0fae652c6a1195f32682fccfdf069c87d20819eb0488352962f92,0239.json.ots.upgraded,bundles/ots_upgraded_bundle/0239.json.ots.upgraded,a3ecc446fc6fa97dfb73ffae0f6a0fc2d108c1bb0d0f163fcf38bb2977fcab78,anchored,775ce5f9f2df717dd1867bc34ee2538acfe3f304dbab4f0ef6d48d584f68d4c0,yes,949315,00000000000000000000d85ce083fd2ec3e33d9809b9ad6fe9165b2babd71911,2026-05-13 22:38:45 CDT,2026-05-13 23:18:37 CDT,2026-05-14 01:18:37 CDT,0239.json.ots__time-stamp.json,bundles/0239.json.ots__time-stamp.json,2026-05-14T04:12:56.192000+00:00,2026-05-13T07:50:12.083000+00:00,2026-05-14T07:50:12.083000+00:00,1000000,2683aff72df0fae652c6a1195f32682fccfdf069c87d20819eb0488352962f92,yes,bundle.artifact.bind_sha256_hex,yes,yes,yes,yes,yes,yes
0239,0239.png,bundle_png,yes,bundles/0239.png,18614,2026-05-13 23:12:50 CDT,e755ba382415f1583edd5c49e2fcfb9963ee88eb5d74c857316909813e5496e2,0239.png.ots,bundles/0239.png.ots,77d1ed3019e33f82d654ebc3dd859bec6f21c4a826d8d170b9e8819ffdb4d758,0239.png.ots.upgraded,bundles/ots_upgraded_bundle/0239.png.ots.upgraded,2b70658db2e798591469553411462c43824407e239a8fd9a7a76aabe1ac4f921,anchored,e755ba382415f1583edd5c49e2fcfb9963ee88eb5d74c857316909813e5496e2,yes,949315,00000000000000000000d85ce083fd2ec3e33d9809b9ad6fe9165b2babd71911,2026-05-13 22:38:45 CDT,2026-05-13 23:18:37 CDT,2026-05-14 01:18:37 CDT,0239.png.ots__time-stamp.json,bundles/0239.png.ots__time-stamp.json,2026-05-14T04:12:53.145000+00:00,2026-05-13T08:23:50.532000+00:00,2026-05-14T08:23:50.532000+00:00,1000000,77d1ed3019e33f82d654ebc3dd859bec6f21c4a826d8d170b9e8819ffdb4d758,yes,bundle.artifact.bind_sha256_hex,yes,yes,yes,yes,yes,yes
0240,0240.json,bundle_json,yes,bundles/0240.json,5936,2026-05-13 23:13:00 CDT,6386a608034570678795bba915cea315d6dc3db2e5dc65ae070632f84bc67b3e,0240.json.ots,bundles/0240.json.ots,62947ebec0eb019de8dc66fec3a19abf2076d29beb6a342de69035685b8cd04f,0240.json.ots.upgraded,bundles/ots_upgraded_bundle/0240.json.ots.upgraded,c3aad22ee341fef85d5f3811b7babbbeeb4ac13bf54f1bd028002abbb0a0320a,anchored,6386a608034570678795bba915cea315d6dc3db2e5dc65ae070632f84bc67b3e,yes,949315,00000000000000000000d85ce083fd2ec3e33d9809b9ad6fe9165b2babd71911,2026-05-13 22:38:45 CDT,2026-05-13 23:18:37 CDT,2026-05-14 01:18:37 CDT,0240.json.ots__time-stamp.json,bundles/0240.json.ots__time-stamp.json,2026-05-14T04:13:03.205000+00:00,2026-05-13T06:34:59.170000+00:00,2026-05-14T06:34:59.170000+00:00,1000000,62947ebec0eb019de8dc66fec3a19abf2076d29beb6a342de69035685b8cd04f,yes,bundle.artifact.bind_sha256_hex,yes,yes,yes,yes,yes,yes
0240,0240.png,bundle_png,yes,bundles/0240.png,18853,2026-05-13 23:12:58 CDT,b2fbd9ac10a42f71a4517f0989c5e6820ec5d024c7aae41ec24f27200bd9a0d1,0240.png.ots,bundles/0240.png.ots,00d8dc80e6c5a61a788613981f420da2fbe1f22b7ba27054e6c279884ddeaef7,0240.png.ots.upgraded,bundles/ots_upgraded_bundle/0240.png.ots.upgraded,65126b45b906692d8f01e37420f5c1174e4576db9d02103c36c575ceb72159a5,anchored,b2fbd9ac10a42f71a4517f0989c5e6820ec5d024c7aae41ec24f27200bd9a0d1,yes,949315,00000000000000000000d85ce083fd2ec3e33d9809b9ad6fe9165b2babd71911,2026-05-13 22:38:45 CDT,2026-05-13 23:18:37 CDT,2026-05-14 01:18:37 CDT,0240.png.ots__time-stamp.json,bundles/0240.png.ots__time-stamp.json,2026-05-14T04:13:00.585000+00:00,2026-05-13T07:35:20.866000+00:00,2026-05-14T07:35:20.866000+00:00,1000000,00d8dc80e6c5a61a788613981f420da2fbe1f22b7ba27054e6c279884ddeaef7,yes,bundle.artifact.bind_sha256_hex,yes,yes,yes,yes,yes,yes
0241,0241.json,bundle_json,yes,bundles/0241.json,5931,2026-05-13 23:13:08 CDT,61eecea1713588fa4a71e8460e991daf42a04af0e121f1b56d33ea50a9acba1a,0241.json.ots,bundles/0241.json.ots,277910dff94b902d5bdb89b6d14a9855404099f2172ffbd04cebc89de7c7d280,0241.json.ots.upgraded,bundles/ots_upgraded_bundle/0241.json.ots.upgraded,177668d983bb7c23dfda4f7d45f75cfb4ced82cb42a7da3deb509ca73faca25c,anchored,61eecea1713588fa4a71e8460e991daf42a04af0e121f1b56d33ea50a9acba1a,yes,949315,00000000000000000000d85ce083fd2ec3e33d9809b9ad6fe9165b2babd71911,2026-05-13 22:38:45 CDT,2026-05-13 23:18:37 CDT,2026-05-14 01:18:37 CDT,0241.json.ots__time-stamp.json,bundles/0241.json.ots__time-stamp.json,2026-05-14T04:13:10.650000+00:00,2026-05-13T06:40:25.129000+00:00,2026-05-14T06:40:25.129000+00:00,1000000,277910dff94b902d5bdb89b6d14a9855404099f2172ffbd04cebc89de7c7d280,yes,bundle.artifact.bind_sha256_hex,yes,yes,yes,yes,yes,yes
0241,0241.png,bundle_png,yes,bundles/0241.png,19437,2026-05-13 23:13:05 CDT,efeac57270b1f432da5fcaaae9335eba9343db8d16de9abba5c0d09f25967f2f,0241.png.ots,bundles/0241.png.ots,1faf4eb93e3a51af3f303d204cb79fb0ee1cd8a4feae0f8fa586929d17cc3d85,0241.png.ots.upgraded,bundles/ots_upgraded_bundle/0241.png.ots.upgraded,b448c519cd678886ec8f3dc8b8bb5124f73765ad3fc002ce28983d6ec5de9e9f,anchored,efeac57270b1f432da5fcaaae9335eba9343db8d16de9abba5c0d09f25967f2f,yes,949315,00000000000000000000d85ce083fd2ec3e33d9809b9ad6fe9165b2babd71911,2026-05-13 22:38:45 CDT,2026-05-13 23:18:37 CDT,2026-05-14 01:18:37 CDT,0241.png.ots__time-stamp.json,bundles/0241.png.ots__time-stamp.json,2026-05-14T04:13:08.184000+00:00,2026-05-13T07:35:20.866000+00:00,2026-05-14T07:35:20.866000+00:00,1000000,1faf4eb93e3a51af3f303d204cb79fb0ee1cd8a4feae0f8fa586929d17cc3d85,yes,bundle.artifact.bind_sha256_hex,yes,yes,yes,yes,yes,yes
0242,0242.json,bundle_json,yes,bundles/0242.json,5935,2026-05-13 23:13:16 CDT,aae0159424f8242390a034997ac013f9993cfcf204f9a565d4cc67a19ddad701,0242.json.ots,bundles/0242.json.ots,75505e91677945205455257fcfa46dd68ff09e7897e47562f5c2c116e0ebea09,0242.json.ots.upgraded,bundles/ots_upgraded_bundle/0242.json.ots.upgraded,f4ecf3340c400fbd92359f8c331a9aa3ff7424dba5217a2ad59c4a907d20c0ad,anchored,aae0159424f8242390a034997ac013f9993cfcf204f9a565d4cc67a19ddad701,yes,949315,00000000000000000000d85ce083fd2ec3e33d9809b9ad6fe9165b2babd71911,2026-05-13 22:38:45 CDT,2026-05-13 23:18:37 CDT,2026-05-14 01:18:37 CDT,0242.json.ots__time-stamp.json,bundles/0242.json.ots__time-stamp.json,2026-05-14T04:13:18.644000+00:00,2026-05-13T07:32:13.637000+00:00,2026-05-14T07:32:13.637000+00:00,1000000,75505e91677945205455257fcfa46dd68ff09e7897e47562f5c2c116e0ebea09,yes,bundle.artifact.bind_sha256_hex,yes,yes,yes,yes,yes,yes
0242,0242.png,bundle_png,yes,bundles/0242.png,16115,2026-05-13 23:13:13 CDT,6e37ea5bbb6f515b7480ee06ce611f00b860232efeff877d2420ccdc4998a43c,0242.png.ots,bundles/0242.png.ots,44cb105fd3310a04436acfbfdfae773367cf4b2ca7a24ec7c4d0ff92a36155bb,0242.png.ots.upgraded,bundles/ots_upgraded_bundle/0242.png.ots.upgraded,01dbe3d82b518da2f9282151c34a91918cc4d902f58849485cc39f8c1d5f84b8,anchored,6e37ea5bbb6f515b7480ee06ce611f00b860232efeff877d2420ccdc4998a43c,yes,949315,00000000000000000000d85ce083fd2ec3e33d9809b9ad6fe9165b2babd71911,2026-05-13 22:38:45 CDT,2026-05-13 23:18:37 CDT,2026-05-14 01:18:37 CDT,0242.png.ots__time-stamp.json,bundles/0242.png.ots__time-stamp.json,2026-05-14T04:13:16.225000+00:00,2026-05-13T06:34:59.170000+00:00,2026-05-14T06:34:59.170000+00:00,1000000,44cb105fd3310a04436acfbfdfae773367cf4b2ca7a24ec7c4d0ff92a36155bb,yes,bundle.artifact.bind_sha256_hex,yes,yes,yes,yes,yes,yes
0243,0243.json,bundle_json,yes,bundles/0243.json,5932,2026-05-13 23:13:24 CDT,4f41cc9cb8740b89008ef1c9fa7de3a26127850828fd09e5f9bc0469abe58224,0243.json.ots,bundles/0243.json.ots,3fca83ead651a967fece3f7203ff6ec57c2b2e5184e90b1a7c38e6ef716ac7c6,0243.json.ots.upgraded,bundles/ots_upgraded_bundle/0243.json.ots.upgraded,388f1043a2dd8199a96e7cda140692b5f5379147293952839970e05222aee6ac,anchored,4f41cc9cb8740b89008ef1c9fa7de3a26127850828fd09e5f9bc0469abe58224,yes,949315,00000000000000000000d85ce083fd2ec3e33d9809b9ad6fe9165b2babd71911,2026-05-13 22:38:45 CDT,2026-05-13 23:18:37 CDT,2026-05-14 01:18:37 CDT,0243.json.ots__time-stamp.json,bundles/0243.json.ots__time-stamp.json,2026-05-14T04:13:26.233000+00:00,2026-05-13T06:31:59.305000+00:00,2026-05-14T06:31:59.305000+00:00,1000000,3fca83ead651a967fece3f7203ff6ec57c2b2e5184e90b1a7c38e6ef716ac7c6,yes,bundle.artifact.bind_sha256_hex,yes,yes,yes,yes,yes,yes
0243,0243.png,bundle_png,yes,bundles/0243.png,15089,2026-05-13 23:13:21 CDT,86ead3876c5f219d5124b4fbb1b8f2f7164fcc68a29802ea28db8169acc2503f,0243.png.ots,bundles/0243.png.ots,52f3045db9a582776d30758de078b189accabeb912374842c7647add4b55efae,0243.png.ots.upgraded,bundles/ots_upgraded_bundle/0243.png.ots.upgraded,7227d7da2bb1e8bb250a8455fe486b8dec9317b63b38891fb3ad2709e9cdd3af,anchored,86ead3876c5f219d5124b4fbb1b8f2f7164fcc68a29802ea28db8169acc2503f,yes,949315,00000000000000000000d85ce083fd2ec3e33d9809b9ad6fe9165b2babd71911,2026-05-13 22:38:45 CDT,2026-05-13 23:18:37 CDT,2026-05-14 01:18:37 CDT,0243.png.ots__time-stamp.json,bundles/0243.png.ots__time-stamp.json,2026-05-14T04:13:23.665000+00:00,2026-05-13T06:14:40.124000+00:00,2026-05-14T06:14:40.124000+00:00,1000000,52f3045db9a582776d30758de078b189accabeb912374842c7647add4b55efae,yes,bundle.artifact.bind_sha256_hex,yes,yes,yes,yes,yes,yes
0244,0244.json,bundle_json,yes,bundles/0244.json,5940,2026-05-13 23:13:31 CDT,3192754f6a03955a6e051f3778074b4a8ffa3449bfc2c4ecdb10dca2e23649f1,0244.json.ots,bundles/0244.json.ots,fa3bb6e0ea66800d773cfc4684b9aeb651577001a90b3851c286dedd3007b18a,0244.json.ots.upgraded,bundles/ots_upgraded_bundle/0244.json.ots.upgraded,27958d80131390a592bf77cb80778880deac3290e0e2fd37a4ba803047b3b515,anchored,3192754f6a03955a6e051f3778074b4a8ffa3449bfc2c4ecdb10dca2e23649f1,yes,949319,00000000000000000001167897b80c9add7c40f4481e0d4dbebf384a8bd28e82,2026-05-13 23:14:50 CDT,2026-05-14 00:06:03 CDT,2026-05-14 02:06:03 CDT,0244.json.ots__time-stamp.json,bundles/0244.json.ots__time-stamp.json,2026-05-14T04:13:33.685000+00:00,2026-05-13T09:43:31.882000+00:00,2026-05-14T09:43:31.882000+00:00,1000000,fa3bb6e0ea66800d773cfc4684b9aeb651577001a90b3851c286dedd3007b18a,yes,bundle.artifact.bind_sha256_hex,yes,yes,yes,yes,yes,yes
0244,0244.png,bundle_png,yes,bundles/0244.png,22539,2026-05-13 23:13:28 CDT,0cc5645af9e3c0f280f9ff7b98418bf8fa4ef57d5375716c61ce26f8e558487f,0244.png.ots,bundles/0244.png.ots,9acbac7a32ad3353594c4b336e7862238721a524e725273975c12a607217dd92,0244.png.ots.upgraded,bundles/ots_upgraded_bundle/0244.png.ots.upgraded,3f02ea11ca513106236eacc4aa6b2862b2ed112e40a269c03f086deb3a068a81,anchored,0cc5645af9e3c0f280f9ff7b98418bf8fa4ef57d5375716c61ce26f8e558487f,yes,949319,00000000000000000001167897b80c9add7c40f4481e0d4dbebf384a8bd28e82,2026-05-13 23:14:50 CDT,2026-05-14 00:06:03 CDT,2026-05-14 02:06:03 CDT,0244.png.ots__time-stamp.json,bundles/0244.png.ots__time-stamp.json,2026-05-14T04:13:31.485000+00:00,2026-05-13T06:14:40.124000+00:00,2026-05-14T06:14:40.124000+00:00,1000000,9acbac7a32ad3353594c4b336e7862238721a524e725273975c12a607217dd92,yes,bundle.artifact.bind_sha256_hex,yes,yes,yes,yes,yes,yes
0245,0245.json,bundle_json,yes,bundles/0245.json,5936,2026-05-13 23:13:39 CDT,61e6339fb9521a398cee0d1604d0feca16a6ee5d1fbe04704551e34745598135,0245.json.ots,bundles/0245.json.ots,2d7b85d7a725141dd40fe6cfbb36687c19770dce5a1c898a70adf7c0c8281dcb,0245.json.ots.upgraded,bundles/ots_upgraded_bundle/0245.json.ots.upgraded,1d42b1438883ae0538180e66d0f30e90da19a24f245dff83f80520ee45cef1e6,anchored,61e6339fb9521a398cee0d1604d0feca16a6ee5d1fbe04704551e34745598135,yes,949315,00000000000000000000d85ce083fd2ec3e33d9809b9ad6fe9165b2babd71911,2026-05-13 22:38:45 CDT,2026-05-13 23:18:37 CDT,2026-05-14 01:18:37 CDT,0245.json.ots__time-stamp.json,bundles/0245.json.ots__time-stamp.json,2026-05-14T04:13:41.720000+00:00,2026-05-13T07:42:55.719000+00:00,2026-05-14T07:42:55.719000+00:00,1000000,2d7b85d7a725141dd40fe6cfbb36687c19770dce5a1c898a70adf7c0c8281dcb,yes,bundle.artifact.bind_sha256_hex,yes,yes,yes,yes,yes,yes
0245,0245.png,bundle_png,yes,bundles/0245.png,22630,2026-05-13 23:13:36 CDT,5ca234c87760c8d36f1120037e3ff0c4fe2c674f1fce5087304359bd04a9de0d,0245.png.ots,bundles/0245.png.ots,f61a6f40ce37ea0cf4c1e076c6eefbbaf55ed9908492fc86f08bced4af950e2d,0245.png.ots.upgraded,bundles/ots_upgraded_bundle/0245.png.ots.upgraded,85b021c3b905dae7b71172dd1dce67f1a89be18720a300d545907c27bef1a042,anchored,5ca234c87760c8d36f1120037e3ff0c4fe2c674f1fce5087304359bd04a9de0d,yes,949315,00000000000000000000d85ce083fd2ec3e33d9809b9ad6fe9165b2babd71911,2026-05-13 22:38:45 CDT,2026-05-13 23:18:37 CDT,2026-05-14 01:18:37 CDT,0245.png.ots__time-stamp.json,bundles/0245.png.ots__time-stamp.json,2026-05-14T04:13:39.285000+00:00,2026-05-13T07:42:55.719000+00:00,2026-05-14T07:42:55.719000+00:00,1000000,f61a6f40ce37ea0cf4c1e076c6eefbbaf55ed9908492fc86f08bced4af950e2d,yes,bundle.artifact.bind_sha256_hex,yes,yes,yes,yes,yes,yes
0246,0246.json,bundle_json,yes,bundles/0246.json,5931,2026-05-13 23:13:47 CDT,a4c7f7eb4e19703371b2dac022e81a1fd962e64270fbcca3a53d4ae10b613dc2,0246.json.ots,bundles/0246.json.ots,13d803bff9be975b152cd13a0914001445dbd96cf27c08303b9d100bc1f85390,0246.json.ots.upgraded,bundles/ots_upgraded_bundle/0246.json.ots.upgraded,0dad1e5767f339509284b7d708c116e3f819869d121c871da94a6fbe484f6415,anchored,a4c7f7eb4e19703371b2dac022e81a1fd962e64270fbcca3a53d4ae10b613dc2,yes,949315,00000000000000000000d85ce083fd2ec3e33d9809b9ad6fe9165b2babd71911,2026-05-13 22:38:45 CDT,2026-05-13 23:18:37 CDT,2026-05-14 01:18:37 CDT,0246.json.ots__time-stamp.json,bundles/0246.json.ots__time-stamp.json,2026-05-14T04:13:49.325000+00:00,2026-05-13T07:50:12.083000+00:00,2026-05-14T07:50:12.083000+00:00,1000000,13d803bff9be975b152cd13a0914001445dbd96cf27c08303b9d100bc1f85390,yes,bundle.artifact.bind_sha256_hex,yes,yes,yes,yes,yes,yes
0246,0246.png,bundle_png,yes,bundles/0246.png,22582,2026-05-13 23:13:44 CDT,77d6105e7370cf51b02e5ef5f11670e9ac57a32865c072a703795db0afdbeace,0246.png.ots,bundles/0246.png.ots,a65ccddbd7b113557f84bc5f20c324079c752a3dd99f9cc3a23030db7b957875,0246.png.ots.upgraded,bundles/ots_upgraded_bundle/0246.png.ots.upgraded,b8cfc034482d3d2f153ddfe4fc1ed80748820097efda4f3ae56a33eaa0e390a9,anchored,77d6105e7370cf51b02e5ef5f11670e9ac57a32865c072a703795db0afdbeace,yes,949315,00000000000000000000d85ce083fd2ec3e33d9809b9ad6fe9165b2babd71911,2026-05-13 22:38:45 CDT,2026-05-13 23:18:37 CDT,2026-05-14 01:18:37 CDT,0246.png.ots__time-stamp.json,bundles/0246.png.ots__time-stamp.json,2026-05-14T04:13:46.744000+00:00,2026-05-13T07:20:03.388000+00:00,2026-05-14T07:20:03.388000+00:00,1000000,a65ccddbd7b113557f84bc5f20c324079c752a3dd99f9cc3a23030db7b957875,yes,bundle.artifact.bind_sha256_hex,yes,yes,yes,yes,yes,yes
0247,0247.json,bundle_json,yes,bundles/0247.json,5930,2026-05-13 23:13:54 CDT,9a4c935217eaccc184d775e87b83c8f4b3454663d76539d3084a647164ced832,0247.json.ots,bundles/0247.json.ots,2c698a192b238b7fdd1ffdc3673b182ed884399ba267242d878f8b6e2cd9a172,0247.json.ots.upgraded,bundles/ots_upgraded_bundle/0247.json.ots.upgraded,28f42c0f79a7a95fae2d49b167ddcd3ef122711d20a568c7629988aa694e412f,anchored,9a4c935217eaccc184d775e87b83c8f4b3454663d76539d3084a647164ced832,yes,949315,00000000000000000000d85ce083fd2ec3e33d9809b9ad6fe9165b2babd71911,2026-05-13 22:38:45 CDT,2026-05-13 23:18:37 CDT,2026-05-14 01:18:37 CDT,0247.json.ots__time-stamp.json,bundles/0247.json.ots__time-stamp.json,2026-05-14T04:13:57.045000+00:00,2026-05-13T09:43:31.882000+00:00,2026-05-14T09:43:31.882000+00:00,1000000,2c698a192b238b7fdd1ffdc3673b182ed884399ba267242d878f8b6e2cd9a172,yes,bundle.artifact.bind_sha256_hex,yes,yes,yes,yes,yes,yes
0247,0247.png,bundle_png,yes,bundles/0247.png,23894,2026-05-13 23:13:51 CDT,03eeeacc927c1c470c6a1cee2636e51c12e56a7de16a6c3a9042228fc048083a,0247.png.ots,bundles/0247.png.ots,f5cd49cbd88d233b423467f811ed464e8448ea865e9cec61976a207b953c1288,0247.png.ots.upgraded,bundles/ots_upgraded_bundle/0247.png.ots.upgraded,2d2916e79032f38eb3d7af67b33316abc751876b87d2290d6fdc3f49ecae4f9b,anchored,03eeeacc927c1c470c6a1cee2636e51c12e56a7de16a6c3a9042228fc048083a,yes,949315,00000000000000000000d85ce083fd2ec3e33d9809b9ad6fe9165b2babd71911,2026-05-13 22:38:45 CDT,2026-05-13 23:18:37 CDT,2026-05-14 01:18:37 CDT,0247.png.ots__time-stamp.json,bundles/0247.png.ots__time-stamp.json,2026-05-14T04:13:54.325000+00:00,2026-05-13T07:50:12.083000+00:00,2026-05-14T07:50:12.083000+00:00,1000000,f5cd49cbd88d233b423467f811ed464e8448ea865e9cec61976a207b953c1288,yes,bundle.artifact.bind_sha256_hex,yes,yes,yes,yes,yes,yes
0248,0248.json,bundle_json,yes,bundles/0248.json,5931,2026-05-13 23:14:02 CDT,110c61d561a7d8fcb08319cdb217718fce688b5abfe4aaec247f4eb76eb385f8,0248.json.ots,bundles/0248.json.ots,92c44d3ea983a8e59f09d86cbd7011efe327aed39edbf009fd2f4489a22c4011,0248.json.ots.upgraded,bundles/ots_upgraded_bundle/0248.json.ots.upgraded,9cd248b4230a7b82c3c72f4b07c772cf31377c325ca5ed8283cd126d3439d943,anchored,110c61d561a7d8fcb08319cdb217718fce688b5abfe4aaec247f4eb76eb385f8,yes,949315,00000000000000000000d85ce083fd2ec3e33d9809b9ad6fe9165b2babd71911,2026-05-13 22:38:45 CDT,2026-05-13 23:18:37 CDT,2026-05-14 01:18:37 CDT,0248.json.ots__time-stamp.json,bundles/0248.json.ots__time-stamp.json,2026-05-14T04:14:04.805000+00:00,2026-05-13T07:32:13.637000+00:00,2026-05-14T07:32:13.637000+00:00,1000000,92c44d3ea983a8e59f09d86cbd7011efe327aed39edbf009fd2f4489a22c4011,yes,bundle.artifact.bind_sha256_hex,yes,yes,yes,yes,yes,yes
0248,0248.png,bundle_png,yes,bundles/0248.png,25292,2026-05-13 23:13:59 CDT,3a1034b774032e904117a7e69d4d8cec76d71057803254f516c5a4c263e3f995,0248.png.ots,bundles/0248.png.ots,ac8cc5f9314a8afee0e61c13f24684aba51a8815b944cf20c7d762383fe1a849,0248.png.ots.upgraded,bundles/ots_upgraded_bundle/0248.png.ots.upgraded,614aaa828d12b7c192af88d564821ef7a9270256566061ff266ac75f4144c18e,anchored,3a1034b774032e904117a7e69d4d8cec76d71057803254f516c5a4c263e3f995,yes,949315,00000000000000000000d85ce083fd2ec3e33d9809b9ad6fe9165b2babd71911,2026-05-13 22:38:45 CDT,2026-05-13 23:18:37 CDT,2026-05-14 01:18:37 CDT,0248.png.ots__time-stamp.json,bundles/0248.png.ots__time-stamp.json,2026-05-14T04:14:02.350000+00:00,2026-05-13T07:35:20.866000+00:00,2026-05-14T07:35:20.866000+00:00,1000000,ac8cc5f9314a8afee0e61c13f24684aba51a8815b944cf20c7d762383fe1a849,yes,bundle.artifact.bind_sha256_hex,yes,yes,yes,yes,yes,yes
0249,0249.json,bundle_json,yes,bundles/0249.json,5931,2026-05-13 23:14:10 CDT,fb844fc010c7fbaa75089759d56b4184e3517b91c681560bbad9e35f43ad8762,0249.json.ots,bundles/0249.json.ots,8afc11b63efb617945b1179f77439c3f4315d2a32bedfdff8c2a40da8b229eb3,0249.json.ots.upgraded,bundles/ots_upgraded_bundle/0249.json.ots.upgraded,a06df238df81c514d5b56a43907931b36995ba801f124a493a279fd3e59b3205,anchored,fb844fc010c7fbaa75089759d56b4184e3517b91c681560bbad9e35f43ad8762,yes,949315,00000000000000000000d85ce083fd2ec3e33d9809b9ad6fe9165b2babd71911,2026-05-13 22:38:45 CDT,2026-05-13 23:18:37 CDT,2026-05-14 01:18:37 CDT,0249.json.ots__time-stamp.json,bundles/0249.json.ots__time-stamp.json,2026-05-14T04:14:12.364000+00:00,2026-05-13T07:26:49.378000+00:00,2026-05-14T07:26:49.378000+00:00,1000000,8afc11b63efb617945b1179f77439c3f4315d2a32bedfdff8c2a40da8b229eb3,yes,bundle.artifact.bind_sha256_hex,yes,yes,yes,yes,yes,yes
0249,0249.png,bundle_png,yes,bundles/0249.png,24943,2026-05-13 23:14:07 CDT,99b7c4cd24707ddccb1e99ad7a43b2d0079139691d3e0ef22843739adafe92e0,0249.png.ots,bundles/0249.png.ots,72101d36f153c30c6b5304653c949698be436f676788d42f00a773ce5f1bbd48,0249.png.ots.upgraded,bundles/ots_upgraded_bundle/0249.png.ots.upgraded,23da02fbb8dd0daa5b72adae5b34bf52776c4578631a99c5de22198e30bd459d,anchored,99b7c4cd24707ddccb1e99ad7a43b2d0079139691d3e0ef22843739adafe92e0,yes,949315,00000000000000000000d85ce083fd2ec3e33d9809b9ad6fe9165b2babd71911,2026-05-13 22:38:45 CDT,2026-05-13 23:18:37 CDT,2026-05-14 01:18:37 CDT,0249.png.ots__time-stamp.json,bundles/0249.png.ots__time-stamp.json,2026-05-14T04:14:09.829000+00:00,2026-05-13T07:26:49.378000+00:00,2026-05-14T07:26:49.378000+00:00,1000000,72101d36f153c30c6b5304653c949698be436f676788d42f00a773ce5f1bbd48,yes,bundle.artifact.bind_sha256_hex,yes,yes,yes,yes,yes,yes
0250,0250.json,bundle_json,yes,bundles/0250.json,5936,2026-05-13 23:14:18 CDT,11178c8810e5629983b6d96bdc3bf7238e9275c6032eb84bf1b225b75bd485bd,0250.json.ots,bundles/0250.json.ots,6a99d93d0cb4406fb094f808c0f16588f41d4d9133ef782eaf32b9267c505db3,0250.json.ots.upgraded,bundles/ots_upgraded_bundle/0250.json.ots.upgraded,dae0b29548c5543fa860408ccfc9b7d9f3d9c0be92fc760b6f20137d5cdb34bc,anchored,11178c8810e5629983b6d96bdc3bf7238e9275c6032eb84bf1b225b75bd485bd,yes,949315,00000000000000000000d85ce083fd2ec3e33d9809b9ad6fe9165b2babd71911,2026-05-13 22:38:45 CDT,2026-05-13 23:18:37 CDT,2026-05-14 01:18:37 CDT,0250.json.ots__time-stamp.json,bundles/0250.json.ots__time-stamp.json,2026-05-14T04:14:20.405000+00:00,2026-05-13T07:50:12.083000+00:00,2026-05-14T07:50:12.083000+00:00,1000000,6a99d93d0cb4406fb094f808c0f16588f41d4d9133ef782eaf32b9267c505db3,yes,bundle.artifact.bind_sha256_hex,yes,yes,yes,yes,yes,yes
0250,0250.png,bundle_png,yes,bundles/0250.png,23350,2026-05-13 23:14:14 CDT,2ff8e6aea512d3faf8baae9ccd8020d5ed9e70a14e55e73a9e2940907956e8ee,0250.png.ots,bundles/0250.png.ots,a84786c063b0e20a5acb212c017e237e1fd2c75fb12d86b46d953f3e200d0a1f,0250.png.ots.upgraded,bundles/ots_upgraded_bundle/0250.png.ots.upgraded,da88245a5aed0608c484f3ef165dee7f0f5b363a08ba641f5d213d4dbdabcb13,anchored,2ff8e6aea512d3faf8baae9ccd8020d5ed9e70a14e55e73a9e2940907956e8ee,yes,949315,00000000000000000000d85ce083fd2ec3e33d9809b9ad6fe9165b2babd71911,2026-05-13 22:38:45 CDT,2026-05-13 23:18:37 CDT,2026-05-14 01:18:37 CDT,0250.png.ots__time-stamp.json,bundles/0250.png.ots__time-stamp.json,2026-05-14T04:14:17.645000+00:00,2026-05-13T08:23:50.532000+00:00,2026-05-14T08:23:50.532000+00:00,1000000,a84786c063b0e20a5acb212c017e237e1fd2c75fb12d86b46d953f3e200d0a1f,yes,bundle.artifact.bind_sha256_hex,yes,yes,yes,yes,yes,yes
0251,0251.json,bundle_json,yes,bundles/0251.json,5933,2026-05-13 23:14:25 CDT,2cb74069a04dac411d55d84a72987d2b4e57941630a9caf7498b372eb5c46d6d,0251.json.ots,bundles/0251.json.ots,d4b6ace67b0e92458d19a3e94eb9de3d1cf4b93ae29cb7b74a9edf1725b24048,0251.json.ots.upgraded,bundles/ots_upgraded_bundle/0251.json.ots.upgraded,b9c5af48ee249639aab40dcb654da995c2216a2e06f651ca319198fdf1e9de53,anchored,2cb74069a04dac411d55d84a72987d2b4e57941630a9caf7498b372eb5c46d6d,yes,949315,00000000000000000000d85ce083fd2ec3e33d9809b9ad6fe9165b2babd71911,2026-05-13 22:38:45 CDT,2026-05-13 23:18:37 CDT,2026-05-14 01:18:37 CDT,0251.json.ots__time-stamp.json,bundles/0251.json.ots__time-stamp.json,2026-05-14T04:14:27.905000+00:00,2026-05-13T06:31:59.305000+00:00,2026-05-14T06:31:59.305000+00:00,1000000,d4b6ace67b0e92458d19a3e94eb9de3d1cf4b93ae29cb7b74a9edf1725b24048,yes,bundle.artifact.bind_sha256_hex,yes,yes,yes,yes,yes,yes
0251,0251.png,bundle_png,yes,bundles/0251.png,23364,2026-05-13 23:14:22 CDT,0f6bb7c9c00da9d01f60855c23964b75dfcaa7adb46c2a71c03a15e85f289732,0251.png.ots,bundles/0251.png.ots,85a995ca73293df7e1afa5e9aa281df8464e00521345d152559ae7898dbe45c7,0251.png.ots.upgraded,bundles/ots_upgraded_bundle/0251.png.ots.upgraded,f4a9dfa527657da78bc9d202606a4606ce21b0f8936400df66cf9ca796a0d1c4,anchored,0f6bb7c9c00da9d01f60855c23964b75dfcaa7adb46c2a71c03a15e85f289732,yes,949319,00000000000000000001167897b80c9add7c40f4481e0d4dbebf384a8bd28e82,2026-05-13 23:14:50 CDT,2026-05-14 00:06:03 CDT,2026-05-14 02:06:03 CDT,0251.png.ots__time-stamp.json,bundles/0251.png.ots__time-stamp.json,2026-05-14T04:14:25.425000+00:00,2026-05-13T08:10:30.590000+00:00,2026-05-14T08:10:30.590000+00:00,1000000,85a995ca73293df7e1afa5e9aa281df8464e00521345d152559ae7898dbe45c7,yes,bundle.artifact.bind_sha256_hex,yes,yes,yes,yes,yes,yes
0252,0252.json,bundle_json,yes,bundles/0252.json,5932,2026-05-13 23:14:33 CDT,6de386915c40737c64bb0fb649aeb77edc4e3a56a445c9fb2a6559e8b113b683,0252.json.ots,bundles/0252.json.ots,6b54d73f5c244a7f5ae611d287e186106e3198965354fb1fbad512c62b07f37f,0252.json.ots.upgraded,bundles/ots_upgraded_bundle/0252.json.ots.upgraded,a8b317981e3913794637456260cebdd3a8261b68d5e16f2285a9d7f3600c24d1,anchored,6de386915c40737c64bb0fb649aeb77edc4e3a56a445c9fb2a6559e8b113b683,yes,949315,00000000000000000000d85ce083fd2ec3e33d9809b9ad6fe9165b2babd71911,2026-05-13 22:38:45 CDT,2026-05-13 23:18:37 CDT,2026-05-14 01:18:37 CDT,0252.json.ots__time-stamp.json,bundles/0252.json.ots__time-stamp.json,2026-05-14T04:14:35.506000+00:00,2026-05-13T11:56:28.764000+00:00,2026-05-14T11:56:28.764000+00:00,1000000,6b54d73f5c244a7f5ae611d287e186106e3198965354fb1fbad512c62b07f37f,yes,bundle.artifact.bind_sha256_hex,yes,yes,yes,yes,yes,yes
0252,0252.png,bundle_png,yes,bundles/0252.png,23489,2026-05-13 23:14:30 CDT,8aea2d7ea4e465ed2aa5c6e4357039e2e6bd33297efe835ab25574a0e384dcb1,0252.png.ots,bundles/0252.png.ots,1a955ffaf978aa3581cc2bc6e6e9340be62208d8a34164efdf00e4ceff26d909,0252.png.ots.upgraded,bundles/ots_upgraded_bundle/0252.png.ots.upgraded,7922c9b40d1611cbf5e2ab097cea1505256efbee043340b2ce6932976c702202,anchored,8aea2d7ea4e465ed2aa5c6e4357039e2e6bd33297efe835ab25574a0e384dcb1,yes,949315,00000000000000000000d85ce083fd2ec3e33d9809b9ad6fe9165b2babd71911,2026-05-13 22:38:45 CDT,2026-05-13 23:18:37 CDT,2026-05-14 01:18:37 CDT,0252.png.ots__time-stamp.json,bundles/0252.png.ots__time-stamp.json,2026-05-14T04:14:32.905000+00:00,2026-05-13T06:31:59.305000+00:00,2026-05-14T06:31:59.305000+00:00,1000000,1a955ffaf978aa3581cc2bc6e6e9340be62208d8a34164efdf00e4ceff26d909,yes,bundle.artifact.bind_sha256_hex,yes,yes,yes,yes,yes,yes
0253,0253.json,bundle_json,yes,bundles/0253.json,5931,2026-05-13 23:14:40 CDT,0d51f41322c20b238c8a16e53a37ddcdddf530f21d7fd49d7046718cf0de3256,0253.json.ots,bundles/0253.json.ots,8a7afc4f1f6b7e4045e4bf355d07b8d7f66687c751c303ccf72cb671e91c6052,0253.json.ots.upgraded,bundles/ots_upgraded_bundle/0253.json.ots.upgraded,825ba5e4c4aafb684e0bce418ef1ffafe01d05bef7f73a3dfafa9b38995d92b9,anchored,0d51f41322c20b238c8a16e53a37ddcdddf530f21d7fd49d7046718cf0de3256,yes,949319,00000000000000000001167897b80c9add7c40f4481e0d4dbebf384a8bd28e82,2026-05-13 23:14:50 CDT,2026-05-14 00:06:03 CDT,2026-05-14 02:06:03 CDT,0253.json.ots__time-stamp.json,bundles/0253.json.ots__time-stamp.json,2026-05-14T04:14:42.930000+00:00,2026-05-13T06:40:25.129000+00:00,2026-05-14T06:40:25.129000+00:00,1000000,8a7afc4f1f6b7e4045e4bf355d07b8d7f66687c751c303ccf72cb671e91c6052,yes,bundle.artifact.bind_sha256_hex,yes,yes,yes,yes,yes,yes
0253,0253.png,bundle_png,yes,bundles/0253.png,23300,2026-05-13 23:14:37 CDT,060461931f5db43bc858c5e6c999d63a71e2f5cdc771dca80fd9b2b2c8ba1792,0253.png.ots,bundles/0253.png.ots,db42bc7e72cb100c74f52565691cfa0e211831a2840ec52ca425c3d654d5d5fa,0253.png.ots.upgraded,bundles/ots_upgraded_bundle/0253.png.ots.upgraded,dc83b63846ca2db3bc65c521ff811389c95e1bf8dccc41953bd1939d4cf55f2b,anchored,060461931f5db43bc858c5e6c999d63a71e2f5cdc771dca80fd9b2b2c8ba1792,yes,949315,00000000000000000000d85ce083fd2ec3e33d9809b9ad6fe9165b2babd71911,2026-05-13 22:38:45 CDT,2026-05-13 23:18:37 CDT,2026-05-14 01:18:37 CDT,0253.png.ots__time-stamp.json,bundles/0253.png.ots__time-stamp.json,2026-05-14T04:14:40.530000+00:00,2026-05-13T10:49:29.465000+00:00,2026-05-14T10:49:29.465000+00:00,1000000,db42bc7e72cb100c74f52565691cfa0e211831a2840ec52ca425c3d654d5d5fa,yes,bundle.artifact.bind_sha256_hex,yes,yes,yes,yes,yes,yes
0254,0254.json,bundle_json,yes,bundles/0254.json,5932,2026-05-13 23:14:48 CDT,2371bcfef1be11116943cbd16be15590fcb2499a148774c26b5e3f61be28880f,0254.json.ots,bundles/0254.json.ots,6b2ed0f7f947d53c2313739d35a76bef5652dc34dde6f1f58a50b91d2b0d7855,0254.json.ots.upgraded,bundles/ots_upgraded_bundle/0254.json.ots.upgraded,2b7d7267153f57f93af0a2c376750b974e8d0bc01c372c703ab789bd19db2fd9,anchored,2371bcfef1be11116943cbd16be15590fcb2499a148774c26b5e3f61be28880f,yes,949315,00000000000000000000d85ce083fd2ec3e33d9809b9ad6fe9165b2babd71911,2026-05-13 22:38:45 CDT,2026-05-13 23:18:37 CDT,2026-05-14 01:18:37 CDT,0254.json.ots__time-stamp.json,bundles/0254.json.ots__time-stamp.json,2026-05-14T04:14:50.965000+00:00,2026-05-13T09:16:05.223000+00:00,2026-05-14T09:16:05.223000+00:00,1000000,6b2ed0f7f947d53c2313739d35a76bef5652dc34dde6f1f58a50b91d2b0d7855,yes,bundle.artifact.bind_sha256_hex,yes,yes,yes,yes,yes,yes
0254,0254.png,bundle_png,yes,bundles/0254.png,23366,2026-05-13 23:14:45 CDT,468b8c11dd36f93eba54355b471bad8bdc9060f8d961011950afdc9c354eafde,0254.png.ots,bundles/0254.png.ots,2658ff3f087a04cb8fd86227c77e9d84c6d74a7973cd4ac44201fbc7455d519a,0254.png.ots.upgraded,bundles/ots_upgraded_bundle/0254.png.ots.upgraded,055da378c8dbb24860ed612b5059213083641d0a9c30621a31a0420a97a2b52c,anchored,468b8c11dd36f93eba54355b471bad8bdc9060f8d961011950afdc9c354eafde,yes,949315,00000000000000000000d85ce083fd2ec3e33d9809b9ad6fe9165b2babd71911,2026-05-13 22:38:45 CDT,2026-05-13 23:18:37 CDT,2026-05-14 01:18:37 CDT,0254.png.ots__time-stamp.json,bundles/0254.png.ots__time-stamp.json,2026-05-14T04:14:48.526000+00:00,2026-05-13T09:16:05.223000+00:00,2026-05-14T09:16:05.223000+00:00,1000000,2658ff3f087a04cb8fd86227c77e9d84c6d74a7973cd4ac44201fbc7455d519a,yes,bundle.artifact.bind_sha256_hex,yes,yes,yes,yes,yes,yes
0255,0255.json,bundle_json,yes,bundles/0255.json,5931,2026-05-13 23:14:56 CDT,945082e1b5908aa24410ac884096b5aa507cc26c6c5390af52ff23aabc7d3e1b,0255.json.ots,bundles/0255.json.ots,fe7b2ab65037d4c2d268ea230839d395edcaba38daea18a3675f6e15a3ac8799,0255.json.ots.upgraded,bundles/ots_upgraded_bundle/0255.json.ots.upgraded,d05bf7ae4617b40eae9951523b6c37b0eaf5a1bbc82a4ee05c490ebda66cd5ca,anchored,945082e1b5908aa24410ac884096b5aa507cc26c6c5390af52ff23aabc7d3e1b,yes,949315,00000000000000000000d85ce083fd2ec3e33d9809b9ad6fe9165b2babd71911,2026-05-13 22:38:45 CDT,2026-05-13 23:18:37 CDT,2026-05-14 01:18:37 CDT,0255.json.ots__time-stamp.json,bundles/0255.json.ots__time-stamp.json,2026-05-14T04:14:58.585000+00:00,2026-05-13T06:14:40.124000+00:00,2026-05-14T06:14:40.124000+00:00,1000000,fe7b2ab65037d4c2d268ea230839d395edcaba38daea18a3675f6e15a3ac8799,yes,bundle.artifact.bind_sha256_hex,yes,yes,yes,yes,yes,yes
0255,0255.png,bundle_png,yes,bundles/0255.png,23417,2026-05-13 23:14:53 CDT,1814c75a72cbdee3fcc20cc7c1287b030b157a8eb527fb9f68fe0647a4b81088,0255.png.ots,bundles/0255.png.ots,0c3e439fb6a0e0f3163de726952a2e8b598e8878143f2f7a9aa3c0e65531300f,0255.png.ots.upgraded,bundles/ots_upgraded_bundle/0255.png.ots.upgraded,b8808f7844b78f5f2391bfb0345e16da023e9ac18f9024ad2ec2ec35b2ec1684,anchored,1814c75a72cbdee3fcc20cc7c1287b030b157a8eb527fb9f68fe0647a4b81088,yes,949315,00000000000000000000d85ce083fd2ec3e33d9809b9ad6fe9165b2babd71911,2026-05-13 22:38:45 CDT,2026-05-13 23:18:37 CDT,2026-05-14 01:18:37 CDT,0255.png.ots__time-stamp.json,bundles/0255.png.ots__time-stamp.json,2026-05-14T04:14:55.965000+00:00,2026-05-13T08:23:50.532000+00:00,2026-05-14T08:23:50.532000+00:00,1000000,0c3e439fb6a0e0f3163de726952a2e8b598e8878143f2f7a9aa3c0e65531300f,yes,bundle.artifact.bind_sha256_hex,yes,yes,yes,yes,yes,yes
0256,0256.json,bundle_json,yes,bundles/0256.json,5933,2026-05-13 23:15:04 CDT,87ed779889ae4965a58df3906e815e3b09725f99ce1327b955681b2851f1a390,0256.json.ots,bundles/0256.json.ots,bfa6e2e741dfd5cfaaef4fc70cce2762dc347dc9bd2b8c2ef0a16235bf38cc74,0256.json.ots.upgraded,bundles/ots_upgraded_bundle/0256.json.ots.upgraded,75a78c0fde79e6f35f737d18f3fb09b954c641625db74d265b3c29b75871ec3e,anchored,87ed779889ae4965a58df3906e815e3b09725f99ce1327b955681b2851f1a390,yes,949319,00000000000000000001167897b80c9add7c40f4481e0d4dbebf384a8bd28e82,2026-05-13 23:14:50 CDT,2026-05-14 00:06:03 CDT,2026-05-14 02:06:03 CDT,0256.json.ots__time-stamp.json,bundles/0256.json.ots__time-stamp.json,2026-05-14T04:15:05.990000+00:00,2026-05-13T06:40:25.129000+00:00,2026-05-14T06:40:25.129000+00:00,1000000,bfa6e2e741dfd5cfaaef4fc70cce2762dc347dc9bd2b8c2ef0a16235bf38cc74,yes,bundle.artifact.bind_sha256_hex,yes,yes,yes,yes,yes,yes
0256,0256.png,bundle_png,yes,bundles/0256.png,23274,2026-05-13 23:15:01 CDT,211f6e14205a6eb20cac734eccd45d6e51672338b1077a058305f7171b96e527,0256.png.ots,bundles/0256.png.ots,b521b830c21805a7774d2544dac9a2ef80f467fae6e30f57a9d30867817b0a94,0256.png.ots.upgraded,bundles/ots_upgraded_bundle/0256.png.ots.upgraded,4bd8043a910ef6c9f826737ec2a0ed4981d0a7f43f72c8f7a123fea6184bbf08,anchored,211f6e14205a6eb20cac734eccd45d6e51672338b1077a058305f7171b96e527,yes,949319,00000000000000000001167897b80c9add7c40f4481e0d4dbebf384a8bd28e82,2026-05-13 23:14:50 CDT,2026-05-14 00:06:03 CDT,2026-05-14 02:06:03 CDT,0256.png.ots__time-stamp.json,bundles/0256.png.ots__time-stamp.json,2026-05-14T04:15:03.625000+00:00,2026-05-13T23:25:23.999000+00:00,2026-05-14T23:25:23.999000+00:00,1000000,b521b830c21805a7774d2544dac9a2ef80f467fae6e30f57a9d30867817b0a94,yes,bundle.artifact.bind_sha256_hex,yes,yes,yes,yes,yes,yes
0257,0257.json,bundle_json,yes,bundles/0257.json,5929,2026-05-13 23:15:11 CDT,d06f45ef9832f37301a7d3c0f6c26f4a767776a11cb1e0a7988f002ed76e90e4,0257.json.ots,bundles/0257.json.ots,074f8744be2878e0c9ee1f9e757fc550ad5d38ad204848cd7a46ed38ecee79be,0257.json.ots.upgraded,bundles/ots_upgraded_bundle/0257.json.ots.upgraded,35613978fadd6e3f49d942a28204a064c99aa1e359864a139f09d89338547727,anchored,d06f45ef9832f37301a7d3c0f6c26f4a767776a11cb1e0a7988f002ed76e90e4,yes,949315,00000000000000000000d85ce083fd2ec3e33d9809b9ad6fe9165b2babd71911,2026-05-13 22:38:45 CDT,2026-05-13 23:18:37 CDT,2026-05-14 01:18:37 CDT,0257.json.ots__time-stamp.json,bundles/0257.json.ots__time-stamp.json,2026-05-14T04:15:13.690000+00:00,2026-05-13T07:35:20.866000+00:00,2026-05-14T07:35:20.866000+00:00,1000000,074f8744be2878e0c9ee1f9e757fc550ad5d38ad204848cd7a46ed38ecee79be,yes,bundle.artifact.bind_sha256_hex,yes,yes,yes,yes,yes,yes
0257,0257.png,bundle_png,yes,bundles/0257.png,23422,2026-05-13 23:15:08 CDT,7a6d29672afdc22d5c399dbc848e4f5dc96f71999136ab6c3851a828c326017b,0257.png.ots,bundles/0257.png.ots,bc7714d0500075bd1977698c7d21cf794bb534f1962337a362c46803b32025f0,0257.png.ots.upgraded,bundles/ots_upgraded_bundle/0257.png.ots.upgraded,3fd9602bff56d85b32010346293ea1dab2200c98c80516f1eedcc6c2d03e4784,anchored,7a6d29672afdc22d5c399dbc848e4f5dc96f71999136ab6c3851a828c326017b,yes,949319,00000000000000000001167897b80c9add7c40f4481e0d4dbebf384a8bd28e82,2026-05-13 23:14:50 CDT,2026-05-14 00:06:03 CDT,2026-05-14 02:06:03 CDT,0257.png.ots__time-stamp.json,bundles/0257.png.ots__time-stamp.json,2026-05-14T04:15:11.025000+00:00,2026-05-13T11:56:28.764000+00:00,2026-05-14T11:56:28.764000+00:00,1000000,bc7714d0500075bd1977698c7d21cf794bb534f1962337a362c46803b32025f0,yes,bundle.artifact.bind_sha256_hex,yes,yes,yes,yes,yes,yes
0258,0258.json,bundle_json,yes,bundles/0258.json,5935,2026-05-13 23:15:19 CDT,2bf6e6dfa43913b992f2de5ed7a6b7af0cafe8cbe1ca7ac1c33717b8dcc86cf9,0258.json.ots,bundles/0258.json.ots,f698e5ec94e5f879af6d840f9e33970c95d3f2d718c2e9eb812eef08c100f922,0258.json.ots.upgraded,bundles/ots_upgraded_bundle/0258.json.ots.upgraded,076151b82757a993024e483bba0a7bb2bc8c93d86af08a23a262e63dbd5d8269,anchored,2bf6e6dfa43913b992f2de5ed7a6b7af0cafe8cbe1ca7ac1c33717b8dcc86cf9,yes,949316,0000000000000000000124444c44684e46582ba252bb4dfa6045e1a3c7cf892b,2026-05-13 22:39:28 CDT,2026-05-13 23:26:38 CDT,2026-05-14 01:26:38 CDT,0258.json.ots__time-stamp.json,bundles/0258.json.ots__time-stamp.json,2026-05-14T04:15:21.880000+00:00,2026-05-13T06:31:59.305000+00:00,2026-05-14T06:31:59.305000+00:00,1000000,f698e5ec94e5f879af6d840f9e33970c95d3f2d718c2e9eb812eef08c100f922,yes,bundle.artifact.bind_sha256_hex,yes,yes,yes,yes,yes,yes
0258,0258.png,bundle_png,yes,bundles/0258.png,24896,2026-05-13 23:15:16 CDT,384b6322b07d1e39cce2a5e22ac11754b00a4d7a291708cd0ff2794928a951dc,0258.png.ots,bundles/0258.png.ots,4e8edaf77df793f10df660281c9447aaffe373abcb9d8fea1d5d789c5a9e8392,0258.png.ots.upgraded,bundles/ots_upgraded_bundle/0258.png.ots.upgraded,88c1568a68aec6aa1fcca3f6eb4a30fa5caef49980a8da8366c50ca0682f3fc5,anchored,384b6322b07d1e39cce2a5e22ac11754b00a4d7a291708cd0ff2794928a951dc,yes,949315,00000000000000000000d85ce083fd2ec3e33d9809b9ad6fe9165b2babd71911,2026-05-13 22:38:45 CDT,2026-05-13 23:18:37 CDT,2026-05-14 01:18:37 CDT,0258.png.ots__time-stamp.json,bundles/0258.png.ots__time-stamp.json,2026-05-14T04:15:19.025000+00:00,2026-05-13T10:49:29.465000+00:00,2026-05-14T10:49:29.465000+00:00,1000000,4e8edaf77df793f10df660281c9447aaffe373abcb9d8fea1d5d789c5a9e8392,yes,bundle.artifact.bind_sha256_hex,yes,yes,yes,yes,yes,yes
0259,0259.json,bundle_json,yes,bundles/0259.json,5932,2026-05-13 23:15:27 CDT,892d94826c8d896a3f3bfd46e1ff8e97f4281008ad4c5cf37f8582b62936c5f1,0259.json.ots,bundles/0259.json.ots,ea389dc759a35088e8c14c6664a89b8989b0373fb4f6fa43b91d9cf98b092c06,0259.json.ots.upgraded,bundles/ots_upgraded_bundle/0259.json.ots.upgraded,2661b14d1e8ffd963e08e03912e49311a523bbf4fd155e4511fa94c9418e0ca3,anchored,892d94826c8d896a3f3bfd46e1ff8e97f4281008ad4c5cf37f8582b62936c5f1,yes,949316,0000000000000000000124444c44684e46582ba252bb4dfa6045e1a3c7cf892b,2026-05-13 22:39:28 CDT,2026-05-13 23:26:38 CDT,2026-05-14 01:26:38 CDT,0259.json.ots__time-stamp.json,bundles/0259.json.ots__time-stamp.json,2026-05-14T04:15:29.065000+00:00,2026-05-13T07:35:20.866000+00:00,2026-05-14T07:35:20.866000+00:00,1000000,ea389dc759a35088e8c14c6664a89b8989b0373fb4f6fa43b91d9cf98b092c06,yes,bundle.artifact.bind_sha256_hex,yes,yes,yes,yes,yes,yes
0259,0259.png,bundle_png,yes,bundles/0259.png,23202,2026-05-13 23:15:24 CDT,1fe06206efea511a567b52d8e0ec2f55101073c9d62fa59b598d9d70d79bc634,0259.png.ots,bundles/0259.png.ots,231bd901ab30e2481171a8e7671632dcd917c33b6a054cf7cde5b81c0f418b97,0259.png.ots.upgraded,bundles/ots_upgraded_bundle/0259.png.ots.upgraded,7741defaae3c9488e07015d11fae5deb08ec66d3b9b7d7e7d573d7e684842fdf,anchored,1fe06206efea511a567b52d8e0ec2f55101073c9d62fa59b598d9d70d79bc634,yes,949316,0000000000000000000124444c44684e46582ba252bb4dfa6045e1a3c7cf892b,2026-05-13 22:39:28 CDT,2026-05-13 23:26:38 CDT,2026-05-14 01:26:38 CDT,0259.png.ots__time-stamp.json,bundles/0259.png.ots__time-stamp.json,2026-05-14T04:15:26.805000+00:00,2026-05-13T09:43:31.882000+00:00,2026-05-14T09:43:31.882000+00:00,1000000,231bd901ab30e2481171a8e7671632dcd917c33b6a054cf7cde5b81c0f418b97,yes,bundle.artifact.bind_sha256_hex,yes,yes,yes,yes,yes,yes
0260,0260.json,bundle_json,yes,bundles/0260.json,5931,2026-05-13 23:15:35 CDT,26a748c0d088c59bc07694aa4cf7ac6d071e5734fcef27fdfaeead7156293a47,0260.json.ots,bundles/0260.json.ots,571294b43af2709fb6e0ced7d064ffb31ef25c7d149c08980a9fb4acf61e9ad1,0260.json.ots.upgraded,bundles/ots_upgraded_bundle/0260.json.ots.upgraded,494740f05fe857a80e3747d2dd883bee3b6592f2b07d977b3cc8eb7b564d953a,anchored,26a748c0d088c59bc07694aa4cf7ac6d071e5734fcef27fdfaeead7156293a47,yes,949316,0000000000000000000124444c44684e46582ba252bb4dfa6045e1a3c7cf892b,2026-05-13 22:39:28 CDT,2026-05-13 23:26:38 CDT,2026-05-14 01:26:38 CDT,0260.json.ots__time-stamp.json,bundles/0260.json.ots__time-stamp.json,2026-05-14T04:15:37.125000+00:00,2026-05-13T09:16:05.223000+00:00,2026-05-14T09:16:05.223000+00:00,1000000,571294b43af2709fb6e0ced7d064ffb31ef25c7d149c08980a9fb4acf61e9ad1,yes,bundle.artifact.bind_sha256_hex,yes,yes,yes,yes,yes,yes
0260,0260.png,bundle_png,yes,bundles/0260.png,29377,2026-05-13 23:15:31 CDT,2e8ebf1344fef0d263bd06813e078b523dd7d6d5312c13c996f9f19e8bb9eece,0260.png.ots,bundles/0260.png.ots,2bf29f0497a57a600b1b5f8ee088f1512ce5b3e6f52630603b4dfe891eb0012b,0260.png.ots.upgraded,bundles/ots_upgraded_bundle/0260.png.ots.upgraded,6810df6f744c188a4fb497634f410f9b3c8f29b7600b8afd48569daa20e26de0,anchored,2e8ebf1344fef0d263bd06813e078b523dd7d6d5312c13c996f9f19e8bb9eece,yes,949316,0000000000000000000124444c44684e46582ba252bb4dfa6045e1a3c7cf892b,2026-05-13 22:39:28 CDT,2026-05-13 23:26:38 CDT,2026-05-14 01:26:38 CDT,0260.png.ots__time-stamp.json,bundles/0260.png.ots__time-stamp.json,2026-05-14T04:15:34.705000+00:00,2026-05-13T10:49:29.465000+00:00,2026-05-14T10:49:29.465000+00:00,1000000,2bf29f0497a57a600b1b5f8ee088f1512ce5b3e6f52630603b4dfe891eb0012b,yes,bundle.artifact.bind_sha256_hex,yes,yes,yes,yes,yes,yes
0261,0261.json,bundle_json,yes,bundles/0261.json,5938,2026-05-13 23:15:42 CDT,96d4c94e2c1b11470f25b9e2dbf81d6ee940e1236cc57427a40d7e07d1a8af60,0261.json.ots,bundles/0261.json.ots,b155a65d358c1db0c7a6a34e36671f78e10641bd6b011c42d8126f2b1537bd27,0261.json.ots.upgraded,bundles/ots_upgraded_bundle/0261.json.ots.upgraded,9ecfbe0d3158f6d14f7d1ba3a6115fd32fdd198ab8897d6fd1b6a73914400d6d,anchored,96d4c94e2c1b11470f25b9e2dbf81d6ee940e1236cc57427a40d7e07d1a8af60,yes,949319,00000000000000000001167897b80c9add7c40f4481e0d4dbebf384a8bd28e82,2026-05-13 23:14:50 CDT,2026-05-14 00:06:03 CDT,2026-05-14 02:06:03 CDT,0261.json.ots__time-stamp.json,bundles/0261.json.ots__time-stamp.json,2026-05-14T04:15:44.884000+00:00,2026-05-13T09:43:31.882000+00:00,2026-05-14T09:43:31.882000+00:00,1000000,b155a65d358c1db0c7a6a34e36671f78e10641bd6b011c42d8126f2b1537bd27,yes,bundle.artifact.bind_sha256_hex,yes,yes,yes,yes,yes,yes
0261,0261.png,bundle_png,yes,bundles/0261.png,21657,2026-05-13 23:15:39 CDT,50972c76d5cb9f016f668acbd80766c06659fffa784ad8d31f8ca2f58d9db7ed,0261.png.ots,bundles/0261.png.ots,e69d0566d1ef3099e3f154427c6b8d0d86740221368c768afa9dc7565a949e6e,0261.png.ots.upgraded,bundles/ots_upgraded_bundle/0261.png.ots.upgraded,aa602982d91e415f0310548bf24cc7c41831a6ba9472bc833a82e036bf91bf58,anchored,50972c76d5cb9f016f668acbd80766c06659fffa784ad8d31f8ca2f58d9db7ed,yes,949316,0000000000000000000124444c44684e46582ba252bb4dfa6045e1a3c7cf892b,2026-05-13 22:39:28 CDT,2026-05-13 23:26:38 CDT,2026-05-14 01:26:38 CDT,0261.png.ots__time-stamp.json,bundles/0261.png.ots__time-stamp.json,2026-05-14T04:15:42.130000+00:00,2026-05-13T07:42:55.719000+00:00,2026-05-14T07:42:55.719000+00:00,1000000,e69d0566d1ef3099e3f154427c6b8d0d86740221368c768afa9dc7565a949e6e,yes,bundle.artifact.bind_sha256_hex,yes,yes,yes,yes,yes,yes
0262,0262.json,bundle_json,yes,bundles/0262.json,5935,2026-05-13 23:15:49 CDT,979128d013e03ed737b8b1caa212d0ff90f61c1b093d9e1b2a75683c82c9db98,0262.json.ots,bundles/0262.json.ots,3e988e6d749a30b0e446fbb44646fe9f351cc8498a8828bf0f7e21025dc8bbb7,0262.json.ots.upgraded,bundles/ots_upgraded_bundle/0262.json.ots.upgraded,0be16b4c65345dff9431fb3360451ddbf1b6798531543b9cdcca5b870f549fa1,anchored,979128d013e03ed737b8b1caa212d0ff90f61c1b093d9e1b2a75683c82c9db98,yes,949316,0000000000000000000124444c44684e46582ba252bb4dfa6045e1a3c7cf892b,2026-05-13 22:39:28 CDT,2026-05-13 23:26:38 CDT,2026-05-14 01:26:38 CDT,0262.json.ots__time-stamp.json,bundles/0262.json.ots__time-stamp.json,2026-05-14T04:15:51.925000+00:00,2026-05-13T08:23:50.532000+00:00,2026-05-14T08:23:50.532000+00:00,1000000,3e988e6d749a30b0e446fbb44646fe9f351cc8498a8828bf0f7e21025dc8bbb7,yes,bundle.artifact.bind_sha256_hex,yes,yes,yes,yes,yes,yes
0262,0262.png,bundle_png,yes,bundles/0262.png,16923,2026-05-13 23:15:46 CDT,8ccbc1e47f63888c63ddb3814ef6293f927bbe7c6f032c13a8444f4afb4b294f,0262.png.ots,bundles/0262.png.ots,8034e30692422601edbf755eafc274023d767115391a0eae685488925616fbd9,0262.png.ots.upgraded,bundles/ots_upgraded_bundle/0262.png.ots.upgraded,37725d53d442fd82c8da6aeb02d27f67940e73ca27fd38cc7189735422d8fad4,anchored,8ccbc1e47f63888c63ddb3814ef6293f927bbe7c6f032c13a8444f4afb4b294f,yes,949319,00000000000000000001167897b80c9add7c40f4481e0d4dbebf384a8bd28e82,2026-05-13 23:14:50 CDT,2026-05-14 00:06:03 CDT,2026-05-14 02:06:03 CDT,0262.png.ots__time-stamp.json,bundles/0262.png.ots__time-stamp.json,2026-05-14T04:15:49.485000+00:00,2026-05-13T09:43:31.882000+00:00,2026-05-14T09:43:31.882000+00:00,1000000,8034e30692422601edbf755eafc274023d767115391a0eae685488925616fbd9,yes,bundle.artifact.bind_sha256_hex,yes,yes,yes,yes,yes,yes
0263,0263.json,bundle_json,yes,bundles/0263.json,5936,2026-05-13 23:15:57 CDT,ef4f4c5a8d057f50e7ed257589a6116c157d4206b44d8d56436c76f3b4ed8e82,0263.json.ots,bundles/0263.json.ots,770ffc32a0b5537087b1ec56f65e4b9ac0eb2f76307b1ed11c16b34b8a67c80d,0263.json.ots.upgraded,bundles/ots_upgraded_bundle/0263.json.ots.upgraded,3d4dc0fdfa83c5b0aed507b654f4262ad4d76d7f01e5bb3aed594518ebda50ec,anchored,ef4f4c5a8d057f50e7ed257589a6116c157d4206b44d8d56436c76f3b4ed8e82,yes,949316,0000000000000000000124444c44684e46582ba252bb4dfa6045e1a3c7cf892b,2026-05-13 22:39:28 CDT,2026-05-13 23:26:38 CDT,2026-05-14 01:26:38 CDT,0263.json.ots__time-stamp.json,bundles/0263.json.ots__time-stamp.json,2026-05-14T04:15:59.445000+00:00,2026-05-13T07:42:55.719000+00:00,2026-05-14T07:42:55.719000+00:00,1000000,770ffc32a0b5537087b1ec56f65e4b9ac0eb2f76307b1ed11c16b34b8a67c80d,yes,bundle.artifact.bind_sha256_hex,yes,yes,yes,yes,yes,yes
0263,0263.png,bundle_png,yes,bundles/0263.png,17016,2026-05-13 23:15:54 CDT,a8f52086cf373baa6543ffc7a4164c22d1e15ea66a675652a703f64e3b642850,0263.png.ots,bundles/0263.png.ots,f7b63d3e74ae61c1df6f9de75b9487feb2050bc43d2a6a61604c96c8d667e618,0263.png.ots.upgraded,bundles/ots_upgraded_bundle/0263.png.ots.upgraded,6bbdeac677708134bd1ff3c55cf26d64dddfd0d328da88b59d616d1b726d4314,anchored,a8f52086cf373baa6543ffc7a4164c22d1e15ea66a675652a703f64e3b642850,yes,949319,00000000000000000001167897b80c9add7c40f4481e0d4dbebf384a8bd28e82,2026-05-13 23:14:50 CDT,2026-05-14 00:06:03 CDT,2026-05-14 02:06:03 CDT,0263.png.ots__time-stamp.json,bundles/0263.png.ots__time-stamp.json,2026-05-14T04:15:57.152000+00:00,2026-05-13T08:23:50.532000+00:00,2026-05-14T08:23:50.532000+00:00,1000000,f7b63d3e74ae61c1df6f9de75b9487feb2050bc43d2a6a61604c96c8d667e618,yes,bundle.artifact.bind_sha256_hex,yes,yes,yes,yes,yes,yes
0264,0264.json,bundle_json,yes,bundles/0264.json,5936,2026-05-13 23:16:05 CDT,87d8c9bb01279b6308810199a83eed9f676deea2d872e34a970acf2240889d63,0264.json.ots,bundles/0264.json.ots,63b73a9e0bb38052b0bbb69ad371d7cca8f7432ce8c73796791c9e264b88ed7c,0264.json.ots.upgraded,bundles/ots_upgraded_bundle/0264.json.ots.upgraded,5c79ef0dab2f310c1df2152346873929f7c4807507044b4780b8d0904abc75b9,anchored,87d8c9bb01279b6308810199a83eed9f676deea2d872e34a970acf2240889d63,yes,949316,0000000000000000000124444c44684e46582ba252bb4dfa6045e1a3c7cf892b,2026-05-13 22:39:28 CDT,2026-05-13 23:26:38 CDT,2026-05-14 01:26:38 CDT,0264.json.ots__time-stamp.json,bundles/0264.json.ots__time-stamp.json,2026-05-14T04:16:07.185000+00:00,2026-05-13T10:58:02.074000+00:00,2026-05-14T10:58:02.074000+00:00,1000000,63b73a9e0bb38052b0bbb69ad371d7cca8f7432ce8c73796791c9e264b88ed7c,yes,bundle.artifact.bind_sha256_hex,yes,yes,yes,yes,yes,yes
0264,0264.png,bundle_png,yes,bundles/0264.png,24154,2026-05-13 23:16:02 CDT,aecd181c4b1c24001e8b2740d6a0dd7c85591cce5e0d205a46b405d1f42c35fc,0264.png.ots,bundles/0264.png.ots,30c1f369b30e0a2cd5253d91f15f4582af494bd37f60a849d12421302e085946,0264.png.ots.upgraded,bundles/ots_upgraded_bundle/0264.png.ots.upgraded,a2bc92835aa736eae6e57c4dccfa2217cb1e1bc27479d5ebe7319f2266fa0bde,anchored,aecd181c4b1c24001e8b2740d6a0dd7c85591cce5e0d205a46b405d1f42c35fc,yes,949319,00000000000000000001167897b80c9add7c40f4481e0d4dbebf384a8bd28e82,2026-05-13 23:14:50 CDT,2026-05-14 00:06:03 CDT,2026-05-14 02:06:03 CDT,0264.png.ots__time-stamp.json,bundles/0264.png.ots__time-stamp.json,2026-05-14T04:16:04.930000+00:00,2026-05-13T10:58:02.074000+00:00,2026-05-14T10:58:02.074000+00:00,1000000,30c1f369b30e0a2cd5253d91f15f4582af494bd37f60a849d12421302e085946,yes,bundle.artifact.bind_sha256_hex,yes,yes,yes,yes,yes,yes
0265,0265.json,bundle_json,yes,bundles/0265.json,7945,2026-05-13 23:16:14 CDT,64a9b4534b6d7e404484af58ba326d59656c2258d8ec33544e79de413293a20a,0265.json.ots,bundles/0265.json.ots,dc3437e8e0315a902e4b7aa83c2b29944eefb8abbbb54e3b0775e028d2abb2ad,0265.json.ots.upgraded,bundles/ots_upgraded_bundle/0265.json.ots.upgraded,7d741c5cf6901dd976b323fc65dbeee64f777cc974afa5d9ab54eb3353665163,anchored,64a9b4534b6d7e404484af58ba326d59656c2258d8ec33544e79de413293a20a,yes,949316,0000000000000000000124444c44684e46582ba252bb4dfa6045e1a3c7cf892b,2026-05-13 22:39:28 CDT,2026-05-13 23:26:38 CDT,2026-05-14 01:26:38 CDT,0265.json.ots__time-stamp.json,bundles/0265.json.ots__time-stamp.json,2026-05-14T04:16:20.050000+00:00,2026-05-13T23:25:23.999000+00:00,2026-05-14T23:25:23.999000+00:00,1000000,dc3437e8e0315a902e4b7aa83c2b29944eefb8abbbb54e3b0775e028d2abb2ad,yes,bundle.artifact.bind_sha256_hex,yes,yes,yes,yes,yes,yes
0265,0265.png,bundle_png,yes,bundles/0265.png,29593,2026-05-13 23:16:10 CDT,5d4e1c13428c6333d90c7d3e5f12efabccca78325c11f59053dba722b9fb10c3,0265.png.ots,bundles/0265.png.ots,1c1abb80a5cdb8a30f78e09f0c75cbadd81d3a3d686eca00705f3a3ac0b6b41d,0265.png.ots.upgraded,bundles/ots_upgraded_bundle/0265.png.ots.upgraded,81a5aea99f03a6bf1de9071bb818e6b9c25fafc222443e8301e2a5ef01a42661,anchored,5d4e1c13428c6333d90c7d3e5f12efabccca78325c11f59053dba722b9fb10c3,yes,949316,0000000000000000000124444c44684e46582ba252bb4dfa6045e1a3c7cf892b,2026-05-13 22:39:28 CDT,2026-05-13 23:26:38 CDT,2026-05-14 01:26:38 CDT,0265.png.ots__time-stamp.json,bundles/0265.png.ots__time-stamp.json,2026-05-14T04:16:13.685000+00:00,2026-05-13T06:14:40.124000+00:00,2026-05-14T06:14:40.124000+00:00,1000000,1c1abb80a5cdb8a30f78e09f0c75cbadd81d3a3d686eca00705f3a3ac0b6b41d,yes,bundle.artifact.bind_sha256_hex,yes,yes,yes,yes,yes,yes
0266,0266.json,bundle_json,yes,bundles/0266.json,8065,2026-05-13 23:16:22 CDT,1e4572070139caef53fd6e733be4d8ee75f54caa3a33e1db8b09bd1ec9482b3e,0266.json.ots,bundles/0266.json.ots,7a1dec1fb7db0e0b61b2738781e976f8ab07479d5431e5e04dbf237cb37a8c46,0266.json.ots.upgraded,bundles/ots_upgraded_bundle/0266.json.ots.upgraded,6b0bd63283384cd887f399582080eda93d765cd7bc83a327b7590d15b5fa7a1b,anchored,1e4572070139caef53fd6e733be4d8ee75f54caa3a33e1db8b09bd1ec9482b3e,yes,949319,00000000000000000001167897b80c9add7c40f4481e0d4dbebf384a8bd28e82,2026-05-13 23:14:50 CDT,2026-05-14 00:06:03 CDT,2026-05-14 02:06:03 CDT,0266.json.ots__time-stamp.json,bundles/0266.json.ots__time-stamp.json,2026-05-14T04:16:25.005000+00:00,2026-05-13T07:20:03.388000+00:00,2026-05-14T07:20:03.388000+00:00,1000000,7a1dec1fb7db0e0b61b2738781e976f8ab07479d5431e5e04dbf237cb37a8c46,yes,bundle.artifact.bind_sha256_hex,yes,yes,yes,yes,yes,yes
0266,0266.png,bundle_png,yes,bundles/0266.png,37546,2026-05-13 23:16:18 CDT,fc216e220d6515d7034891fc992aaf38086ea4582b3831d232d47cc3fcb6d42c,0266.png.ots,bundles/0266.png.ots,dbe13b92dd66a3cd8acd96d9893e7207e23115d48229e7e6ae333ab541cededd,0266.png.ots.upgraded,bundles/ots_upgraded_bundle/0266.png.ots.upgraded,d52c992f02f4723e48a9fc6c9c7718145101c557285a2b8af3d6f9aa4ff2916f,anchored,fc216e220d6515d7034891fc992aaf38086ea4582b3831d232d47cc3fcb6d42c,yes,949316,0000000000000000000124444c44684e46582ba252bb4dfa6045e1a3c7cf892b,2026-05-13 22:39:28 CDT,2026-05-13 23:26:38 CDT,2026-05-14 01:26:38 CDT,0266.png.ots__time-stamp.json,bundles/0266.png.ots__time-stamp.json,2026-05-14T04:16:22.175000+00:00,2026-05-13T06:40:25.129000+00:00,2026-05-14T06:40:25.129000+00:00,1000000,dbe13b92dd66a3cd8acd96d9893e7207e23115d48229e7e6ae333ab541cededd,yes,bundle.artifact.bind_sha256_hex,yes,yes,yes,yes,yes,yes
0267,0267.json,bundle_json,yes,bundles/0267.json,8063,2026-05-13 23:16:28 CDT,4bbf0ed55134866a78153169adec78f195f3be690e214d3dc741071e44ab3bbd,0267.json.ots,bundles/0267.json.ots,0a848a7da7bf2d0c7fbf1dfe93203f7242210b346650e963a3b964803fc39deb,0267.json.ots.upgraded,bundles/ots_upgraded_bundle/0267.json.ots.upgraded,731aa4b629626f8f3871ce270258abae75ee08169880a5fa5d737be0b1565866,anchored,4bbf0ed55134866a78153169adec78f195f3be690e214d3dc741071e44ab3bbd,yes,949316,0000000000000000000124444c44684e46582ba252bb4dfa6045e1a3c7cf892b,2026-05-13 22:39:28 CDT,2026-05-13 23:26:38 CDT,2026-05-14 01:26:38 CDT,0267.json.ots__time-stamp.json,bundles/0267.json.ots__time-stamp.json,2026-05-14T04:16:31.025000+00:00,2026-05-13T07:50:12.083000+00:00,2026-05-14T07:50:12.083000+00:00,1000000,0a848a7da7bf2d0c7fbf1dfe93203f7242210b346650e963a3b964803fc39deb,yes,bundle.artifact.bind_sha256_hex,yes,yes,yes,yes,yes,yes
0267,0267.png,bundle_png,yes,bundles/0267.png,34520,2026-05-13 23:16:25 CDT,d1f84227242cc80d448c152088326c6fd4a5108218a2253d4b26ed14ae9ca993,0267.png.ots,bundles/0267.png.ots,765c792fc2f382ea698c064648f1b49981cbcf77fcab70a588fbbefc948ea71b,0267.png.ots.upgraded,bundles/ots_upgraded_bundle/0267.png.ots.upgraded,a058b18864b1e29e5ee2e3345a9320cef107c84671f537d052b00831f54c9b19,anchored,d1f84227242cc80d448c152088326c6fd4a5108218a2253d4b26ed14ae9ca993,yes,949316,0000000000000000000124444c44684e46582ba252bb4dfa6045e1a3c7cf892b,2026-05-13 22:39:28 CDT,2026-05-13 23:26:38 CDT,2026-05-14 01:26:38 CDT,0267.png.ots__time-stamp.json,bundles/0267.png.ots__time-stamp.json,2026-05-14T04:16:28.290000+00:00,2026-05-13T07:32:13.637000+00:00,2026-05-14T07:32:13.637000+00:00,1000000,765c792fc2f382ea698c064648f1b49981cbcf77fcab70a588fbbefc948ea71b,yes,bundle.artifact.bind_sha256_hex,yes,yes,yes,yes,yes,yes
0268,0268.json,bundle_json,yes,bundles/0268.json,7010,2026-05-13 23:16:37 CDT,0dca726467d760a04cfd586644f351febf409a1db0bead781cb7901aa13df512,0268.json.ots,bundles/0268.json.ots,ec0a3f21f685040b095aec5d6a28dd0eb1cb0e514cc7e617541321663f167b90,0268.json.ots.upgraded,bundles/ots_upgraded_bundle/0268.json.ots.upgraded,71c89e31ec7ef5ad74d1224fa6d686a4a512df2bdaad048624e10915695c92f4,anchored,0dca726467d760a04cfd586644f351febf409a1db0bead781cb7901aa13df512,yes,949316,0000000000000000000124444c44684e46582ba252bb4dfa6045e1a3c7cf892b,2026-05-13 22:39:28 CDT,2026-05-13 23:26:38 CDT,2026-05-14 01:26:38 CDT,0268.json.ots__time-stamp.json,bundles/0268.json.ots__time-stamp.json,2026-05-14T04:16:40.065000+00:00,2026-05-13T06:34:59.170000+00:00,2026-05-14T06:34:59.170000+00:00,1000000,ec0a3f21f685040b095aec5d6a28dd0eb1cb0e514cc7e617541321663f167b90,yes,bundle.artifact.bind_sha256_hex,yes,yes,yes,yes,yes,yes
0268,0268.png,bundle_png,yes,bundles/0268.png,33855,2026-05-13 23:16:33 CDT,e3b3e62743ef4c7ec66bb5767665864e1ffcc5695de5c590a51cc5dade94640a,0268.png.ots,bundles/0268.png.ots,c8095575a5c47c66791e88ce3c711b1aea73756ff6918ec5d02b29c52a4e5ba8,0268.png.ots.upgraded,bundles/ots_upgraded_bundle/0268.png.ots.upgraded,913901c141534985b2db74438c34d7c3a28c0962a3bf59d25821d4c9c1afd0a0,anchored,e3b3e62743ef4c7ec66bb5767665864e1ffcc5695de5c590a51cc5dade94640a,yes,949319,00000000000000000001167897b80c9add7c40f4481e0d4dbebf384a8bd28e82,2026-05-13 23:14:50 CDT,2026-05-14 00:06:03 CDT,2026-05-14 02:06:03 CDT,0268.png.ots__time-stamp.json,bundles/0268.png.ots__time-stamp.json,2026-05-14T04:16:36.290000+00:00,2026-05-13T07:35:20.866000+00:00,2026-05-14T07:35:20.866000+00:00,1000000,c8095575a5c47c66791e88ce3c711b1aea73756ff6918ec5d02b29c52a4e5ba8,yes,bundle.artifact.bind_sha256_hex,yes,yes,yes,yes,yes,yes
0269,0269.json,bundle_json,yes,bundles/0269.json,6517,2026-05-13 23:16:45 CDT,caeeaf2502a45c6a4301a57f35a6b45b5e1d1aff83170f11ecab934f999e678e,0269.json.ots,bundles/0269.json.ots,2374dd6d7365d364d020310ad9d838e0217c5ec35dde7b340b5012ed65565144,0269.json.ots.upgraded,bundles/ots_upgraded_bundle/0269.json.ots.upgraded,f905019dea4e14f83960a1e22b5838c51cae4c2d17b9abd148030d8bf01070b6,anchored,caeeaf2502a45c6a4301a57f35a6b45b5e1d1aff83170f11ecab934f999e678e,yes,949319,00000000000000000001167897b80c9add7c40f4481e0d4dbebf384a8bd28e82,2026-05-13 23:14:50 CDT,2026-05-14 00:06:03 CDT,2026-05-14 02:06:03 CDT,0269.json.ots__time-stamp.json,bundles/0269.json.ots__time-stamp.json,2026-05-14T04:16:47.325000+00:00,2026-05-13T09:16:05.223000+00:00,2026-05-14T09:16:05.223000+00:00,1000000,2374dd6d7365d364d020310ad9d838e0217c5ec35dde7b340b5012ed65565144,yes,bundle.artifact.bind_sha256_hex,yes,yes,yes,yes,yes,yes
0269,0269.png,bundle_png,yes,bundles/0269.png,29110,2026-05-13 23:16:41 CDT,0d7bfa17a47ef6cf430b9cee530b6f18aa30418dcc96cc718396fe4d9ac80ae8,0269.png.ots,bundles/0269.png.ots,f527fa092f484504fc1208bb91c1f2ca4b404e9cc3fde77327f461c2781c7399,0269.png.ots.upgraded,bundles/ots_upgraded_bundle/0269.png.ots.upgraded,c3d8533c6108d6e8fc018ef2407c00ee724c464b5971614c371dc2e6e91fa1b6,anchored,0d7bfa17a47ef6cf430b9cee530b6f18aa30418dcc96cc718396fe4d9ac80ae8,yes,949316,0000000000000000000124444c44684e46582ba252bb4dfa6045e1a3c7cf892b,2026-05-13 22:39:28 CDT,2026-05-13 23:26:38 CDT,2026-05-14 01:26:38 CDT,0269.png.ots__time-stamp.json,bundles/0269.png.ots__time-stamp.json,2026-05-14T04:16:44.325000+00:00,2026-05-13T08:23:50.532000+00:00,2026-05-14T08:23:50.532000+00:00,1000000,f527fa092f484504fc1208bb91c1f2ca4b404e9cc3fde77327f461c2781c7399,yes,bundle.artifact.bind_sha256_hex,yes,yes,yes,yes,yes,yes
0270,0270.json,bundle_json,yes,bundles/0270.json,7706,2026-05-13 23:16:52 CDT,b9913d20dff8763dffba176175cd7a03a87a24bef1518ace49266cd6432601d1,0270.json.ots,bundles/0270.json.ots,18c3df2975137ad00733057899cdb2e931ae7a6b3e729efd164be98d0932b778,0270.json.ots.upgraded,bundles/ots_upgraded_bundle/0270.json.ots.upgraded,38420e3adc6c1cd467b31a625a6a01f0c77beb6353016a15d040f05344553a73,anchored,b9913d20dff8763dffba176175cd7a03a87a24bef1518ace49266cd6432601d1,yes,949316,0000000000000000000124444c44684e46582ba252bb4dfa6045e1a3c7cf892b,2026-05-13 22:39:28 CDT,2026-05-13 23:26:38 CDT,2026-05-14 01:26:38 CDT,0270.json.ots__time-stamp.json,bundles/0270.json.ots__time-stamp.json,2026-05-14T04:16:54.305000+00:00,2026-05-13T08:10:30.590000+00:00,2026-05-14T08:10:30.590000+00:00,1000000,18c3df2975137ad00733057899cdb2e931ae7a6b3e729efd164be98d0932b778,yes,bundle.artifact.bind_sha256_hex,yes,yes,yes,yes,yes,yes
0270,0270.png,bundle_png,yes,bundles/0270.png,19232,2026-05-13 23:16:49 CDT,9915836e3f7c048c58f79209268d818ffdb3b1889ee0862de3c78307ce96353b,0270.png.ots,bundles/0270.png.ots,fa47ded9f602b3f1d0ba4c98e7b984fdc355ad97c7407addfedbc7c43a8f9c97,0270.png.ots.upgraded,bundles/ots_upgraded_bundle/0270.png.ots.upgraded,2d2d85eea69fa1582d6906512e959a3c5fefbea67504feccb7e12112863306b9,anchored,9915836e3f7c048c58f79209268d818ffdb3b1889ee0862de3c78307ce96353b,yes,949316,0000000000000000000124444c44684e46582ba252bb4dfa6045e1a3c7cf892b,2026-05-13 22:39:28 CDT,2026-05-13 23:26:38 CDT,2026-05-14 01:26:38 CDT,0270.png.ots__time-stamp.json,bundles/0270.png.ots__time-stamp.json,2026-05-14T04:16:52.115000+00:00,2026-05-13T09:43:31.882000+00:00,2026-05-14T09:43:31.882000+00:00,1000000,fa47ded9f602b3f1d0ba4c98e7b984fdc355ad97c7407addfedbc7c43a8f9c97,yes,bundle.artifact.bind_sha256_hex,yes,yes,yes,yes,yes,yes
0271,0271.json,bundle_json,yes,bundles/0271.json,7704,2026-05-13 23:17:00 CDT,ecbeef7f942c24d48cc701175d9ab24bacd60f3285886a5ba9ad62e1945cdbfc,0271.json.ots,bundles/0271.json.ots,b106fbcb4f89a4f66ac93e43c5645117f9a2cd01101997bd6915ae01d1582ac3,0271.json.ots.upgraded,bundles/ots_upgraded_bundle/0271.json.ots.upgraded,353c085569668b59f49700b46fe645ac85b70d64eab2667460243ffdc7720ae3,anchored,ecbeef7f942c24d48cc701175d9ab24bacd60f3285886a5ba9ad62e1945cdbfc,yes,949319,00000000000000000001167897b80c9add7c40f4481e0d4dbebf384a8bd28e82,2026-05-13 23:14:50 CDT,2026-05-14 00:06:03 CDT,2026-05-14 02:06:03 CDT,0271.json.ots__time-stamp.json,bundles/0271.json.ots__time-stamp.json,2026-05-14T04:17:02.665000+00:00,2026-05-13T09:43:31.882000+00:00,2026-05-14T09:43:31.882000+00:00,1000000,b106fbcb4f89a4f66ac93e43c5645117f9a2cd01101997bd6915ae01d1582ac3,yes,bundle.artifact.bind_sha256_hex,yes,yes,yes,yes,yes,yes
0271,0271.png,bundle_png,yes,bundles/0271.png,18850,2026-05-13 23:16:57 CDT,9b8199c5df89788d47e8fc52bbbe79f683368cdc4a93f2ea5be121d5c7c05a3b,0271.png.ots,bundles/0271.png.ots,b4ed01c8d23427ca484eb58c002f304ec7772d9f045dfebf9f7f28f80a79eafd,0271.png.ots.upgraded,bundles/ots_upgraded_bundle/0271.png.ots.upgraded,c0af690c2a7bd4ed1e4c9fdff91656cedf6c544b48c8b2b5674fbd45db4434b0,anchored,9b8199c5df89788d47e8fc52bbbe79f683368cdc4a93f2ea5be121d5c7c05a3b,yes,949316,0000000000000000000124444c44684e46582ba252bb4dfa6045e1a3c7cf892b,2026-05-13 22:39:28 CDT,2026-05-13 23:26:38 CDT,2026-05-14 01:26:38 CDT,0271.png.ots__time-stamp.json,bundles/0271.png.ots__time-stamp.json,2026-05-14T04:17:00.135000+00:00,2026-05-13T08:23:50.532000+00:00,2026-05-14T08:23:50.532000+00:00,1000000,b4ed01c8d23427ca484eb58c002f304ec7772d9f045dfebf9f7f28f80a79eafd,yes,bundle.artifact.bind_sha256_hex,yes,yes,yes,yes,yes,yes
0272,0272.json,bundle_json,yes,bundles/0272.json,11161,2026-05-13 23:17:08 CDT,6fc4342f144624c03ee92acf0039e5201729111a800a6669127eb1c43ec15178,0272.json.ots,bundles/0272.json.ots,e8b14767e4a4f4110485eda47031d7f0a1a21a8d206b58a4262a4fc595089b7e,0272.json.ots.upgraded,bundles/ots_upgraded_bundle/0272.json.ots.upgraded,c739a565e31430763ce22fde5b6a369bdc8c714ace60d69794c812ef493f8157,anchored,6fc4342f144624c03ee92acf0039e5201729111a800a6669127eb1c43ec15178,yes,949319,00000000000000000001167897b80c9add7c40f4481e0d4dbebf384a8bd28e82,2026-05-13 23:14:50 CDT,2026-05-14 00:06:03 CDT,2026-05-14 02:06:03 CDT,0272.json.ots__time-stamp.json,bundles/0272.json.ots__time-stamp.json,2026-05-14T04:17:10.385000+00:00,2026-05-13T07:32:13.637000+00:00,2026-05-14T07:32:13.637000+00:00,1000000,e8b14767e4a4f4110485eda47031d7f0a1a21a8d206b58a4262a4fc595089b7e,yes,bundle.artifact.bind_sha256_hex,yes,yes,yes,yes,yes,yes
0272,0272.png,bundle_png,yes,bundles/0272.png,30151,2026-05-13 23:17:04 CDT,8c99b12ca1a027314b6cacf81147a55813716896c3c8d7d935df93cc685e8d17,0272.png.ots,bundles/0272.png.ots,29413d0dcc5df94952440b320089f6156b07bd5c850e2ad1fa0bbd7f5719753b,0272.png.ots.upgraded,bundles/ots_upgraded_bundle/0272.png.ots.upgraded,b3d4ed21a37749cf5a3ac419abe20428553dbc58e8847e0c253febe1e262c4df,anchored,8c99b12ca1a027314b6cacf81147a55813716896c3c8d7d935df93cc685e8d17,yes,949319,00000000000000000001167897b80c9add7c40f4481e0d4dbebf384a8bd28e82,2026-05-13 23:14:50 CDT,2026-05-14 00:06:03 CDT,2026-05-14 02:06:03 CDT,0272.png.ots__time-stamp.json,bundles/0272.png.ots__time-stamp.json,2026-05-14T04:17:07.665000+00:00,2026-05-13T08:23:50.532000+00:00,2026-05-14T08:23:50.532000+00:00,1000000,29413d0dcc5df94952440b320089f6156b07bd5c850e2ad1fa0bbd7f5719753b,yes,bundle.artifact.bind_sha256_hex,yes,yes,yes,yes,yes,yes
0273,0273.json,bundle_json,yes,bundles/0273.json,10762,2026-05-13 23:17:16 CDT,d6d7944efd69f605143b15c8778adc40745406ee529f882400a79a6a0ff3031e,0273.json.ots,bundles/0273.json.ots,6c67921a53fa616940bbf50e16795156c00d20536803dccbdc06f8bfc449da96,0273.json.ots.upgraded,bundles/ots_upgraded_bundle/0273.json.ots.upgraded,22aae6a2d9542de06575a7128fee313cbe3aba3458d87d1f74fcc3d520028e78,anchored,d6d7944efd69f605143b15c8778adc40745406ee529f882400a79a6a0ff3031e,yes,949319,00000000000000000001167897b80c9add7c40f4481e0d4dbebf384a8bd28e82,2026-05-13 23:14:50 CDT,2026-05-14 00:06:03 CDT,2026-05-14 02:06:03 CDT,0273.json.ots__time-stamp.json,bundles/0273.json.ots__time-stamp.json,2026-05-14T04:17:18.405000+00:00,2026-05-13T06:14:40.124000+00:00,2026-05-14T06:14:40.124000+00:00,1000000,6c67921a53fa616940bbf50e16795156c00d20536803dccbdc06f8bfc449da96,yes,bundle.artifact.bind_sha256_hex,yes,yes,yes,yes,yes,yes
0273,0273.png,bundle_png,yes,bundles/0273.png,30947,2026-05-13 23:17:12 CDT,f4eaa500b39def2b3d3bb934295ec1c0a5911cdaa701b7254b4dd88d43ea1b0f,0273.png.ots,bundles/0273.png.ots,86fc9a4c8a66a2bbd17b2e9b515d1e0c1c7d1be7f54545cc2fb2f76192f89ecd,0273.png.ots.upgraded,bundles/ots_upgraded_bundle/0273.png.ots.upgraded,0626fd6cbc8c3fc909ce16c8603ede1ceac1c897ecac6827fa29fa2109a48cf0,anchored,f4eaa500b39def2b3d3bb934295ec1c0a5911cdaa701b7254b4dd88d43ea1b0f,yes,949316,0000000000000000000124444c44684e46582ba252bb4dfa6045e1a3c7cf892b,2026-05-13 22:39:28 CDT,2026-05-13 23:26:38 CDT,2026-05-14 01:26:38 CDT,0273.png.ots__time-stamp.json,bundles/0273.png.ots__time-stamp.json,2026-05-14T04:17:15.440000+00:00,2026-05-13T07:42:55.719000+00:00,2026-05-14T07:42:55.719000+00:00,1000000,86fc9a4c8a66a2bbd17b2e9b515d1e0c1c7d1be7f54545cc2fb2f76192f89ecd,yes,bundle.artifact.bind_sha256_hex,yes,yes,yes,yes,yes,yes
0274,0274.json,bundle_json,yes,bundles/0274.json,10764,2026-05-13 23:17:23 CDT,1449598c584296365216657488ad4022c72397108ed11c6922e7a3af168c9463,0274.json.ots,bundles/0274.json.ots,4693d3deee6a8225fa3bb4577c3941ef06d3f01500a09ee3c00828043c1b28f6,0274.json.ots.upgraded,bundles/ots_upgraded_bundle/0274.json.ots.upgraded,584f84a1639c83c64215b1bafe847e68bf6f58eb677efde9c43511861cec7eb1,anchored,1449598c584296365216657488ad4022c72397108ed11c6922e7a3af168c9463,yes,949319,00000000000000000001167897b80c9add7c40f4481e0d4dbebf384a8bd28e82,2026-05-13 23:14:50 CDT,2026-05-14 00:06:03 CDT,2026-05-14 02:06:03 CDT,0274.json.ots__time-stamp.json,bundles/0274.json.ots__time-stamp.json,2026-05-14T04:17:26.345000+00:00,2026-05-13T23:25:23.999000+00:00,2026-05-14T23:25:23.999000+00:00,1000000,4693d3deee6a8225fa3bb4577c3941ef06d3f01500a09ee3c00828043c1b28f6,yes,bundle.artifact.bind_sha256_hex,yes,yes,yes,yes,yes,yes
0274,0274.png,bundle_png,yes,bundles/0274.png,30778,2026-05-13 23:17:20 CDT,a0c417ae316d049cd992ad222f3c8d11d7cdd4209275887bce4a8f620badb0a5,0274.png.ots,bundles/0274.png.ots,bd3ba7cc09edddd097f22aae087090acce411f33e4833530a7d0ab5498ae526d,0274.png.ots.upgraded,bundles/ots_upgraded_bundle/0274.png.ots.upgraded,55c1229da3694c3d5c7472dc06dfa564feee29d52908295f6fb3151e2755ce11,anchored,a0c417ae316d049cd992ad222f3c8d11d7cdd4209275887bce4a8f620badb0a5,yes,949316,0000000000000000000124444c44684e46582ba252bb4dfa6045e1a3c7cf892b,2026-05-13 22:39:28 CDT,2026-05-13 23:26:38 CDT,2026-05-14 01:26:38 CDT,0274.png.ots__time-stamp.json,bundles/0274.png.ots__time-stamp.json,2026-05-14T04:17:23.245000+00:00,2026-05-13T07:26:49.378000+00:00,2026-05-14T07:26:49.378000+00:00,1000000,bd3ba7cc09edddd097f22aae087090acce411f33e4833530a7d0ab5498ae526d,yes,bundle.artifact.bind_sha256_hex,yes,yes,yes,yes,yes,yes
0275,0275.json,bundle_json,yes,bundles/0275.json,10755,2026-05-13 23:17:31 CDT,e336a81f022daae5994ce70c9d4ab3f5b18ae9e5bc18391bc7b543699eeee27f,0275.json.ots,bundles/0275.json.ots,47c7a71545ed13ed298e4127d76473247edc85540d2361ec2b30ffcbe7d9fb5c,0275.json.ots.upgraded,bundles/ots_upgraded_bundle/0275.json.ots.upgraded,eef259017ca6f9c7749b6ff05e406c30f692ca63eef13a2f8a1005962e49b18d,anchored,e336a81f022daae5994ce70c9d4ab3f5b18ae9e5bc18391bc7b543699eeee27f,yes,949316,0000000000000000000124444c44684e46582ba252bb4dfa6045e1a3c7cf892b,2026-05-13 22:39:28 CDT,2026-05-13 23:26:38 CDT,2026-05-14 01:26:38 CDT,0275.json.ots__time-stamp.json,bundles/0275.json.ots__time-stamp.json,2026-05-14T04:17:33.425000+00:00,2026-05-13T10:58:02.074000+00:00,2026-05-14T10:58:02.074000+00:00,1000000,47c7a71545ed13ed298e4127d76473247edc85540d2361ec2b30ffcbe7d9fb5c,yes,bundle.artifact.bind_sha256_hex,yes,yes,yes,yes,yes,yes
0275,0275.png,bundle_png,yes,bundles/0275.png,30900,2026-05-13 23:17:28 CDT,7bbd74f7a18efd7deb9638c7d5317ffb819d2ce27bdeec41144497698c8fb2ab,0275.png.ots,bundles/0275.png.ots,734d53f950b1ccda3f320c45f65d5bb28915a92f82ef17990fd201e90136a6bd,0275.png.ots.upgraded,bundles/ots_upgraded_bundle/0275.png.ots.upgraded,c3b0d37a58609bcc3d9bbbcdc8a0148366c01a2cfcec162a65baf8e55ebaad84,anchored,7bbd74f7a18efd7deb9638c7d5317ffb819d2ce27bdeec41144497698c8fb2ab,yes,949316,0000000000000000000124444c44684e46582ba252bb4dfa6045e1a3c7cf892b,2026-05-13 22:39:28 CDT,2026-05-13 23:26:38 CDT,2026-05-14 01:26:38 CDT,0275.png.ots__time-stamp.json,bundles/0275.png.ots__time-stamp.json,2026-05-14T04:17:30.451000+00:00,2026-05-13T07:50:12.083000+00:00,2026-05-14T07:50:12.083000+00:00,1000000,734d53f950b1ccda3f320c45f65d5bb28915a92f82ef17990fd201e90136a6bd,yes,bundle.artifact.bind_sha256_hex,yes,yes,yes,yes,yes,yes
0276,0276.json,bundle_json,yes,bundles/0276.json,10755,2026-05-13 23:17:39 CDT,a71ff645e5ffec868659cad382a1fe5dacab75f32d5bb22440dd72b48739a22a,0276.json.ots,bundles/0276.json.ots,12e5e4b718371fa3e519b95c15e50431b0fcfe7b521a6e1c8b509a367da2a628,0276.json.ots.upgraded,bundles/ots_upgraded_bundle/0276.json.ots.upgraded,2f06f50392b9336cc0cccdba375692603059374aac067e7c130b8721480ae1c3,anchored,a71ff645e5ffec868659cad382a1fe5dacab75f32d5bb22440dd72b48739a22a,yes,949316,0000000000000000000124444c44684e46582ba252bb4dfa6045e1a3c7cf892b,2026-05-13 22:39:28 CDT,2026-05-13 23:26:38 CDT,2026-05-14 01:26:38 CDT,0276.json.ots__time-stamp.json,bundles/0276.json.ots__time-stamp.json,2026-05-14T04:17:41.304000+00:00,2026-05-13T07:26:49.378000+00:00,2026-05-14T07:26:49.378000+00:00,1000000,12e5e4b718371fa3e519b95c15e50431b0fcfe7b521a6e1c8b509a367da2a628,yes,bundle.artifact.bind_sha256_hex,yes,yes,yes,yes,yes,yes
0276,0276.png,bundle_png,yes,bundles/0276.png,31005,2026-05-13 23:17:35 CDT,be4bb1e14a5a872f451b64d3e4d97aab7a5b04ad508a58c4d5100ca83d521eee,0276.png.ots,bundles/0276.png.ots,ff720c6e4d82ae006ad055a38485a50fce028f7e359ee32e5bd87793a13a92d4,0276.png.ots.upgraded,bundles/ots_upgraded_bundle/0276.png.ots.upgraded,c53924587c131e400439d7b62ca7ab094ea14e493a87223de31727ff420b035d,anchored,be4bb1e14a5a872f451b64d3e4d97aab7a5b04ad508a58c4d5100ca83d521eee,yes,949316,0000000000000000000124444c44684e46582ba252bb4dfa6045e1a3c7cf892b,2026-05-13 22:39:28 CDT,2026-05-13 23:26:38 CDT,2026-05-14 01:26:38 CDT,0276.png.ots__time-stamp.json,bundles/0276.png.ots__time-stamp.json,2026-05-14T04:17:38.505000+00:00,2026-05-13T09:16:05.223000+00:00,2026-05-14T09:16:05.223000+00:00,1000000,ff720c6e4d82ae006ad055a38485a50fce028f7e359ee32e5bd87793a13a92d4,yes,bundle.artifact.bind_sha256_hex,yes,yes,yes,yes,yes,yes
0277,0277.json,bundle_json,yes,bundles/0277.json,10761,2026-05-13 23:17:47 CDT,4ff3e94ec999a5d4ff758c646b48faa5dde5fe305c534837852c588f9643b72b,0277.json.ots,bundles/0277.json.ots,ce1b273f276170b535f3314ed9809d3149eb42687588dd3a05a92fad55328dc0,0277.json.ots.upgraded,bundles/ots_upgraded_bundle/0277.json.ots.upgraded,cb15229ac19ea59fe53a74fb4870e397e9f33457a81a1180b3404a61ed6c1f72,anchored,4ff3e94ec999a5d4ff758c646b48faa5dde5fe305c534837852c588f9643b72b,yes,949316,0000000000000000000124444c44684e46582ba252bb4dfa6045e1a3c7cf892b,2026-05-13 22:39:28 CDT,2026-05-13 23:26:38 CDT,2026-05-14 01:26:38 CDT,0277.json.ots__time-stamp.json,bundles/0277.json.ots__time-stamp.json,2026-05-14T04:17:49.365000+00:00,2026-05-13T08:10:30.590000+00:00,2026-05-14T08:10:30.590000+00:00,1000000,ce1b273f276170b535f3314ed9809d3149eb42687588dd3a05a92fad55328dc0,yes,bundle.artifact.bind_sha256_hex,yes,yes,yes,yes,yes,yes
0277,0277.png,bundle_png,yes,bundles/0277.png,30402,2026-05-13 23:17:43 CDT,03ac7b158e0e2378c3cbd53fb79fbbaf32827cba97234971c1f8d7aad5b5ace1,0277.png.ots,bundles/0277.png.ots,fc04499b16e5d072d0a73cedfadcabea06b7fee7ccf05e19474e2598fa714746,0277.png.ots.upgraded,bundles/ots_upgraded_bundle/0277.png.ots.upgraded,9f5a50606f712708fbf1db0ec957bbfaf79b489baa95f56e6f619e635246e765,anchored,03ac7b158e0e2378c3cbd53fb79fbbaf32827cba97234971c1f8d7aad5b5ace1,yes,949316,0000000000000000000124444c44684e46582ba252bb4dfa6045e1a3c7cf892b,2026-05-13 22:39:28 CDT,2026-05-13 23:26:38 CDT,2026-05-14 01:26:38 CDT,0277.png.ots__time-stamp.json,bundles/0277.png.ots__time-stamp.json,2026-05-14T04:17:46.505000+00:00,2026-05-13T06:40:25.129000+00:00,2026-05-14T06:40:25.129000+00:00,1000000,fc04499b16e5d072d0a73cedfadcabea06b7fee7ccf05e19474e2598fa714746,yes,bundle.artifact.bind_sha256_hex,yes,yes,yes,yes,yes,yes
0278,0278.json,bundle_json,yes,bundles/0278.json,10757,2026-05-13 23:17:54 CDT,0c931a65dfb0cf7446162be6653e9e7499a19d4eb5621ce9053fae1fc7e66d60,0278.json.ots,bundles/0278.json.ots,d8a6b50581316b76973a43264852a8b2818fe8c1cfa40ab7b47b78377ee5422e,0278.json.ots.upgraded,bundles/ots_upgraded_bundle/0278.json.ots.upgraded,2c83a5c2be9b2b7d7d9fb687efd6dfadd524a4928fc7cce6b1e183afc65916a5,anchored,0c931a65dfb0cf7446162be6653e9e7499a19d4eb5621ce9053fae1fc7e66d60,yes,949316,0000000000000000000124444c44684e46582ba252bb4dfa6045e1a3c7cf892b,2026-05-13 22:39:28 CDT,2026-05-13 23:26:38 CDT,2026-05-14 01:26:38 CDT,0278.json.ots__time-stamp.json,bundles/0278.json.ots__time-stamp.json,2026-05-14T04:17:56.749000+00:00,2026-05-13T09:43:31.882000+00:00,2026-05-14T09:43:31.882000+00:00,1000000,d8a6b50581316b76973a43264852a8b2818fe8c1cfa40ab7b47b78377ee5422e,yes,bundle.artifact.bind_sha256_hex,yes,yes,yes,yes,yes,yes
0278,0278.png,bundle_png,yes,bundles/0278.png,30967,2026-05-13 23:17:51 CDT,27fa538063d7bad3abb6a1cf56b3c790d1fd35bade5333494cf4610ad5fe070c,0278.png.ots,bundles/0278.png.ots,c505fdf7d10090cf84ca1052d7eda7c9cf4eff916ff03612c764e2939b766c39,0278.png.ots.upgraded,bundles/ots_upgraded_bundle/0278.png.ots.upgraded,bd36a3b2e35f5c3fcb5a7c168604c2f478a36595ca9f72dffa72d29f8603f43c,anchored,27fa538063d7bad3abb6a1cf56b3c790d1fd35bade5333494cf4610ad5fe070c,yes,949316,0000000000000000000124444c44684e46582ba252bb4dfa6045e1a3c7cf892b,2026-05-13 22:39:28 CDT,2026-05-13 23:26:38 CDT,2026-05-14 01:26:38 CDT,0278.png.ots__time-stamp.json,bundles/0278.png.ots__time-stamp.json,2026-05-14T04:17:54.384000+00:00,2026-05-13T07:20:03.388000+00:00,2026-05-14T07:20:03.388000+00:00,1000000,c505fdf7d10090cf84ca1052d7eda7c9cf4eff916ff03612c764e2939b766c39,yes,bundle.artifact.bind_sha256_hex,yes,yes,yes,yes,yes,yes
,start_time.json,start_time,yes,bundles/start_time.json,3602,2026-05-13 22:41:56 CDT,29ddd4b8f33efedf1cf09dd23f5b67fb3b005ae5109bdf8a73abaf3ee9ac9fd2,start_time.json.ots,bundles/start_time.json.ots,6ec57d3e460a7cacbcf5e54e9e15c3d605779df0f12c37016267a905b5105ff1,start_time.json.ots.upgraded,bundles/ots_upgraded_bundle/start_time.json.ots.upgraded,b08440176b0d11da50dc5583662e91cbd411c1ea0e9a58276ec4e0bc8d971501,anchored,29ddd4b8f33efedf1cf09dd23f5b67fb3b005ae5109bdf8a73abaf3ee9ac9fd2,yes,949313,00000000000000000000b652749d31ea5c941a345b14754a02176d7a03f4a108,2026-05-13 22:25:03 CDT,2026-05-13 23:02:10 CDT,2026-05-14 01:02:10 CDT,start_time.json.ots__time-stamp.json,bundles/start_time.json.ots__time-stamp.json,2026-05-14T03:41:58.536000+00:00,2026-05-13T11:50:24.007000+00:00,2026-05-14T11:50:24.007000+00:00,1000000,6ec57d3e460a7cacbcf5e54e9e15c3d605779df0f12c37016267a905b5105ff1,yes,bundle.artifact.bind_sha256_hex,yes,yes,yes,yes,yes,yes
