filename,file_sha256,display_sha256,ocr_sha256,is_match_flag
start_time.json,29ddd4b8f33efedf1cf09dd23f5b67fb3b005ae5109bdf8a73abaf3ee9ac9fd2,,,False
start_time.json.ots,6ec57d3e460a7cacbcf5e54e9e15c3d605779df0f12c37016267a905b5105ff1,,,False
0000.json,9562b3ef0319212e6d36297a54ebfcd8fe039fe9c0ddcda5a4d1682468250855,,,False
0000.json.ots,0f12047182699bb76678966d0ff6c44197b3068a3a083f85b95c3bfa221e904b,,,False
0001.png,562b39e238cedb04d51a545a447b4f81f7d635abc17da2e3518593eee3d8724a,9562b3ef0319212e6d36297a54ebfcd8fe039fe9c0ddcda5a4d1682468250855,9562b3ef0319212e6d36297a54ebfcd8fed39fe9cddcda5a4d1682468250855,True
0001.png.ots,c7eea25f5fbdd6a2b1af19edf8e0633d7688161a0145dec7419b9ee2e9a596d0,,,False
0001.json,dbbbee6525a48e395363db32983ca9c2159369d6da52da064ffaec2da3ce80de,,,False
0001.json.ots,4581371288def4a57e6112213c26a958deb0dee15131136e35c215a90a967b77,,,False
0002.png,fdbc29eebbe5cc6e85b302e95effcc6a292176fa364ce824d06aa40fd4a743b0,dbbbee6525a48e395363db32983ca9c2159369d6da52da064ffaec2da3ce80de,dbbbee6525a48e395363db32983ca9c2159369d6da52da064ffaec2da3ce80de,True
0002.png.ots,4569c8042dc1be345db77b98a0c80abb0b5fe1607d7512e718057ff292dfebc2,,,False
0002.json,88df66622d313ceb7bfc83f0dfa315a82afb452725d9dd41abb9658ad3815395,,,False
0002.json.ots,9009e9f52affeaefa28a3e317ac4b689d47932e813bd3c91c3a6879a86f17447,,,False
0003.png,099c723ed60a5a003b909abe94d2f1ace2b2f93386a7248aa13211fb3aabde62,88df66622d313ceb7bfc83f0dfa315a82afb452725d9dd41abb9658ad3815395,88df66622d313ceb7bfc83fdfa315a82afb452725d9dd41abb9658ad3815395,True
0003.png.ots,2ed46e0ae4de3b85aaa3b7a93651c9d8c184857405c317a1f8d6ed096645a245,,,False
0003.json,0643cebafd23f3b1fd37b1a7d46568820cfd9c39f32f67c11677c77306abf9c8,,,False
0003.json.ots,17cd8ac6fb9830117ca14bc49b7f9efa24647b72e1a5ea8e416c4fac94988c09,,,False
0004.png,5111c1a25434e3188febf9063f61127c6db9df7ae0d83f4d646698fc00470273,0643cebafd23f3b1fd37b1a7d46568820cfd9c39f32f67c11677c77306abf9c8,0643cebafd23f3b1fd37b1a7d46568820cfd9c39f32f67c11677c77306abf9c8,True
0004.png.ots,d4d7fc13edb38218ab59781c1a0c1929b7b98c4af909146ea2c9bdb78b367092,,,False
0004.json,49fddaecbb577b95a130c178f1e5176e27332d331817535913007f68ff03bd72,,,False
0004.json.ots,ca1e21e4ade77ef91a31a7a6a63f6c7bebdcb6ee766f7020233c8b08656ad640,,,False
0005.png,95e942097fea1c234ffe17e458fa0c07192c1fb772d054b21b9b389383f8ee01,49fddaecbb577b95a130c178f1e5176e27332d331817535913007f68ff03bd72,a9fddaecbb577b95a130c178f1e5176e27332d331817535913007f68ffe3abd72,True
0005.png.ots,2d132ea3e8e669ac6ead0008b2f30fd629bfb0bb4203395546ea2d07be39994d,,,False
0005.json,515b860a59cea0f6f3462cba05c437061e29babd97f9232ef0d00c710cc2eaf7,,,False
0005.json.ots,f55e41f365f090b1194426f4918d1d508f98ba76f410ce4714f58a736546d9c7,,,False
0006.png,a00c61dcd4a82a47581f6808b637755045af6452ab982846efac836a906dcb35,515b860a59cea0f6f3462cba05c437061e29babd97f9232ef0d00c710cc2eaf7,515b860a59cea0f6f3462cba05c437061e29babd97f9232efd0c710cc2eaf7,True
0006.png.ots,65464fdc2858b8c874482da9bf99b25acc68f7e711fcb6568a2396fd2f0b685a,,,False
0006.json,5de03f1403b538242a4cfd505496c2f79ad5ae63696c6966e9c1d876f7f5e61e,,,False
0006.json.ots,413f13c1f9f666a256a01d6ac74c6449da03a6d009a1d50798256068f723fae3,,,False
0007.png,dd9d0448a116eea5e80369aa084a00e5e8f1d45383cb01215856ad1775cabe0b,5de03f1403b538242a4cfd505496c2f79ad5ae63696c6966e9c1d876f7f5e61e,5de03f1403b538242a4cfd505496c2f79ad5ace63696c6966e9c1d876f7f5e61e,True
0007.png.ots,f9deb7bd03950160d0464e29f8e9003cf2595cf4c8fc532cb01d5fd4dc2f3893,,,False
0007.json,0b732cfe29334f470326edd209a75814087e14b23ff4a29964d7ae007815f42e,,,False
0007.json.ots,e51af87a1047d14702ca084f5b09bd90738ac1722d40793093723ab0ee99e476,,,False
0008.png,8a37c1a0b571d6c6e4bbb72b878cda9778423ae94c2bc40ddde8a330d321f02a,0b732cfe29334f470326edd209a75814087e14b23ff4a29964d7ae007815f42e,0b732cfe29334f470326edd209a75814087e14b23ff4a29964d7ae007815f42e,True
0008.png.ots,b02dddde501bc8ebb864cadca6b4ca232f371317d225b232645c1d8a2839b4cc,,,False
0008.json,a765e383a4f999d9847d2c500b3191f83a7eafe857ab5352c0a875fdbf64b82c,,,False
0008.json.ots,78c484ba1161759cd7aa5c25fef3e0ef47de5bf11dfbd1c5d4b11a32c682a9b3,,,False
0009.png,fc34375ccf71a1bdb32e0e2fb5bad46b59505f98ff6d0f5a119b9aef12e3bc04,a765e383a4f999d9847d2c500b3191f83a7eafe857ab5352c0a875fdbf64b82c,a765e383a4f999d9847d2c5060b3191f83a7eafe857ab5352c0a875fdbf64ba2c,True
0009.png.ots,1a65f2c8ad6e68156be6f92e1f966cbd7127d44ec051d26000b2cea979af4d2e,,,False
0009.json,43f840664730436657a92bc0a2f6b16bd8d2989aecaf4a70cb9502ba25faab89,,,False
0009.json.ots,ad042356b2ed2deb824c9e0490007b38b4e9bc234e54d1a78baaf36eb9be34db,,,False
0010.png,9b8072d8f64a88c6147d7962391c91777a3e2c9a777ddda0a08be335f0a73002,43f840664730436657a92bc0a2f6b16bd8d2989aecaf4a70cb9502ba25faab89,43f840664730436657a92bc0a2f6b16bdad2989aecaf4a70cb9502ba25faab8a,True
0010.png.ots,72e4573b493496bfdaab4257fb63bd755cd02469f5e244302105709d49996ed9,,,False
0010.json,9c8ce31d1d0d3c170f3c24860ae80f5925696210becdfc4b343a4066d3ac189b,,,False
0010.json.ots,6a357af062e699e457b0f1d25ae44f78b4929d528733e6337521e1f538008f94,,,False
0011.png,5afc5d54f532d8d410fd3d7db3ce59d9206fc159a4b6eec40e534f26c7f7a616,9c8ce31d1d0d3c170f3c24860ae80f5925696210becdfc4b343a4066d3ac189b,9c8ce31d1ded3c170f3c24860ae8015925696210becdfc4b343a4066d3ac18eb,True
0011.png.ots,5dfa093b96ae9ae2e8172b22a19e1f5dcbc3482ee6de8ae71f8b0b1c406f1f9b,,,False
0011.json,0f44dd06f84824776caaa107661254ded9b74029877e6324a3ddc6c40ffc2c59,,,False
0011.json.ots,b24c5de688bd6a9e70711674ffe9480ce21fc61a5625245456a9474c2e753914,,,False
0012.png,cf2430079de25cd819fad7359838d4fda322996a1c727cd810b5d82c007ddc67,0f44dd06f84824776caaa107661254ded9b74029877e6324a3ddc6c40ffc2c59,0f44dd06f84824776caaa107661254ded9b74029877e6324a3ddc6c40ffc2c59,True
0012.png.ots,22bc402caf0a4dc44493ab240a897b8e0dd220eb2c11ea1b019ba0ae446fe33b,,,False
0012.json,c3951a473441521ec13c3bcb7d3c7c5f33d1763767b32ce567e881b3cb5686b3,,,False
0012.json.ots,0c77b1e720719250a950e51bc373af3655d9d80b629af7f265e758e44591dd71,,,False
0013.png,1a2f040243f35d8a34bfd19a46880802d635733655c969f8bcd6da8ff2448125,c3951a473441521ec13c3bcb7d3c7c5f33d1763767b32ce567e881b3cb5686b3,3951a473441521ec13c3bcb7d3c7c5f33d1763767b32ce567e88b3cb5686b3,True
0013.png.ots,28bcf79a8b91f47fe867c720656e5b221b03f26dee152333217dc8c0275e46c1,,,False
0013.json,74fde95852934de375f4b03ddd44e55d5c5f08b7c80963d6f8beee801b7b487d,,,False
0013.json.ots,6f36ed5700e6782f5a0100893073c6fa6cbf6a82f06e177158be2e5f2d5eb202,,,False
0014.png,6140f50fd04f77f434c79801d4a7ff401f3d3212b1370448853c17588cbb911e,74fde95852934de375f4b03ddd44e55d5c5f08b7c80963d6f8beee801b7b487d,74fde95852934de375f4b03ddd44e55d5c5feab7c80963d6fbbeee801b7b4ee7d,True
0014.png.ots,1b9cce4ea5ef8b789219c928de080d0b2b8abecda4bf245f8e35674728088d9f,,,False
0014.json,b43f397fd06e8b1652337323e001bd954fce98f583aee9ad8fb23d10e1c1fa8c,,,False
0014.json.ots,9bad12b51a0b266fe53e9f8c3fd3dbd36e623a964205db718c1155f3278510c5,,,False
0015.png,d9cceef03fc4b75ac04138827fc08ac6f931cf31914ab6afbb4f49d4828888e2,b43f397fd06e8b1652337323e001bd954fce98f583aee9ad8fb23d10e1c1fa8c,b43f397fd06e8b1652337323e001bd954fce98f583aee9ad8fb23d10e1c1fa8e,True
0015.png.ots,1cfed8af6210c212c6acbacfb6a172f4ee0900a0a75f895fc97c38e9d5f7d936,,,False
0015.json,0b6b254fe38cfff21732cfbf2bac2ddbe0629ab6f9003a578cbce50b676deb9b,,,False
0015.json.ots,e826cf0235ac999a93d62e4c2318745a8c3b0f462b056d8bdae3641b5f6a8bbb,,,False
0016.png,3a5edcd0f1879e2ca45a2b160c3d4a6f3d31d1f5c5a1642216797fcf87767bf4,0b6b254fe38cfff21732cfbf2bac2ddbe0629ab6f9003a578cbce50b676deb9b,0b6b254fe38cfff21732cfbf2bac2ddbed629ab6f9003a578cbce5eb676deb9b,True
0016.png.ots,e2f95c2859c8c614bc85a14ab77a2146785f1197c30a1143aa1b334789974f89,,,False
0016.json,34877c2d424834f95adc1299f1c3d747a578f2349c4fed1f72c176411ee04842,,,False
0016.json.ots,a9b3b4b81819580e47fea3202b854e27e83030e53efdc31e6ad573a7597577b2,,,False
0017.png,1dd0860be16545edfc23c2284d63cc5f681147ebd1e83d24431d928fe5573b6c,34877c2d424834f95adc1299f1c3d747a578f2349c4fed1f72c176411ee04842,34877c2d424834f95adc1299f1c3d747a578f2349c4fed1f72c176411e6804842,True
0017.png.ots,d84e18a6b12869e2d77e092f74e1a2685d33b3fc4ae1104d1fa2c3bf39df0915,,,False
0017.json,033122f9e5275078c536453063fb942c5c293aa51e4d0923199d37a18afe5a59,,,False
0017.json.ots,db160f4ffc0246057e8645fbf8e1f9d2f07aa9910cd9922c15f1a37a425f2843,,,False
0018.png,92fbb5c22d24e22e3296f829724417731a1825a2d8112042a0b627d5a04b0d24,033122f9e5275078c536453063fb942c5c293aa51e4d0923199d37a18afe5a59,033122f9e5275078c536453063fb942c5c293aa51e4d0923199d37a18afe5a59,True
0018.png.ots,9ba9d3a561b1b86e4a847c7eaaba73fc8bba7258ce0ea021dc846d91d97dd961,,,False
0018.json,95789fb9d0bc5c1c15c4764a776f861732a0f1f4591c1f5b1c7b9c545fb1fda4,,,False
0018.json.ots,e457c52d44e6865d82004f8abee786f26c920eb6ffaf03b1b79acd76387c214f,,,False
0019.png,c19ba4441656166516ba86cb612f22e187c0f3aa7af83aabe16d32ef9c59250d,95789fb9d0bc5c1c15c4764a776f861732a0f1f4591c1f5b1c7b9c545fb1fda4,95789fb9d0bc5c1c15c4764a776f861732a0f1f4591c1f5b1c7b9c545fbafdad,True
0019.png.ots,b651f83ef318246b67a04fb95f67a8b5083bcc594bb9a6b7e3db2dd9526cd172,,,False
0019.json,8c37c3a8d56834212a2057ca3622818b79e9a322c8a37879e620321900e9c918,,,False
0019.json.ots,a02fb40bede16912eeb88bc0f735dcb072588c84c6624bc5a787e1ae23eec5d9,,,False
0020.png,1eb8a920649324a099e396b91eeff1b2c5cdbbec973659d007e179af92ab87f4,8c37c3a8d56834212a2057ca3622818b79e9a322c8a37879e620321900e9c918,8037c3a8d56834212a2057ca3622818b79e9a322c8a37879e620321900e9c918,True
0020.png.ots,a9a7f3ca210af5f3178b1ffb1a3c8564e26e88c4e914e43b7fa4232cd1322b25,,,False
0020.json,96a7039ced12c4d783cef68a45378ef92937552f1a958e5813a9c1e975bc9ab9,,,False
0020.json.ots,a14e68674f2ddb304471622ea66a1327c275c1449f1bb46a557baeeb74105628,,,False
0021.png,2e09366bbd3401d95b42cd107608d9c0effec63cf966cdfbe8c6e90ca22ec975,96a7039ced12c4d783cef68a45378ef92937552f1a958e5813a9c1e975bc9ab9,96a7039ced12c4d783cef68a45378ef92937552f1a958e5813a9c1e975bc9ab9,True
0021.png.ots,6d602ee9b8d04b238b369db2204de6dccd30d385f0a2a0a0d44b8b4cb0a25bd3,,,False
0021.json,bfe222dcf692a6f72f8bdbece391281dd637b51bd79edb724480bea7128c954a,,,False
0021.json.ots,8a871ecc705acc4a42074535c7a4e7d5747cc2e6b1b3954d9161d28475ebd4c1,,,False
0022.png,047a876e39d0d7d7b5f6608745ad041eb75c2ec4e1a00c7c6e263a24e2085c67,bfe222dcf692a6f72f8bdbece391281dd637b51bd79edb724480bea7128c954a,bfe222dcf692a6f72f8bdbece391281dd637b51bd79edb724480bea7128c954a,True
0022.png.ots,2bb619a8fab5d3ce3de4ca04be3577940faededcd180749252af55f57dc0a5a8,,,False
0022.json,87ab6d66cd88cb93c01182607b6388c689911718002b3ee1a647320e2491b408,,,False
0022.json.ots,39b42f9bd2290aa4a24b6630271b4ddf16077107f5f4e50cb4bf410061266ef1,,,False
0023.png,56dc76cda08df9f5d6ce78153ea74af09971f7f456799e4e2f5523fad2777cc9,87ab6d66cd88cb93c01182607b6388c689911718002b3ee1a647320e2491b408,87ab6d66cd88cb93c01182607b6388c689911718002b3ee1a647320e2491b408,True
0023.png.ots,d9cb8ee213f33a47943f2e7f558354ea70f6f056b4c5eb7203fca9266830ce41,,,False
0023.json,4a37a8bf1f741c090c115e545dc735980bade51e4f1f30a112340d61a5f18fa5,,,False
0023.json.ots,fcecfb386241c383e155fb75255ebc2ffd2f1ec9ad29ccab80de634e86a58de2,,,False
0024.png,acf6a3f3aadc32bb9f0fd3df9382baeae021a20cdbf5312bab6916f412f3f45a,4a37a8bf1f741c090c115e545dc735980bade51e4f1f30a112340d61a5f18fa5,4a37a8bf1f741c090c115e545de735980bade5e4f1f30a12340d61abfafa,True
0024.png.ots,ba8774da0eefb8441f1b6bd103e4f6bb9c8343ebb0bbd8a99b1cf31d22ceb7a0,,,False
0024.json,7724afec6026604f8cc427f0051bc4ca12732bc0f284f12746788b32d9fc1f35,,,False
0024.json.ots,f3a98679714d26ce87e44bb7c54569bcfcac1018f1951c768f295170ad8e2cae,,,False
0025.png,dbb9a4598744d1a3181a51622e01795b9bd9113124e2e78f1a99684aa1779d23,7724afec6026604f8cc427f0051bc4ca12732bc0f284f12746788b32d9fc1f35,7724afec6026604f8cc427fed5be4ca2732bc0f284f1274678ab32d9fcaf3,True
0025.png.ots,cd1a6fa47a557bbc69fbd8db5a14dced14f3eacd3fc4538c65d7874ae79ff4c9,,,False
0025.json,16de7f6dbb4609862e83d70bb2fb45887baa5bdb5364cf8398044a5a7101ea3d,,,False
0025.json.ots,01710c1c6ec303084d7b1a2c47e1e1277e502140fe6dbbf3cc570c1d75797590,,,False
0026.png,6bf032a1397d594f2d09e6b6244fd313b5c08718be6eed75ee0f013a28ea8298,16de7f6dbb4609862e83d70bb2fb45887baa5bdb5364cf8398044a5a7101ea3d,16de7f6dbb4609862e83d70bb2fb45887baa5bdb5364cf8398044a5a7101ea3d,True
0026.png.ots,bf6b5b2a0dd2d158741cdf6a03a74158b428085d3bd7f6655428b75004257a9a,,,False
0026.json,e8aa735dca86a0e512be0e6c3b54e44244ee81d3fe62e4c4c31551467ded83eb,,,False
0026.json.ots,f978ba0d1e660ce1e768c4fccd0d5e9e26480d50e41f78cb9a2b88967a339eec,,,False
0027.png,03739146ce380a7c1dc8638c1b5cd240dc7d8386aa241acd8c4441966819e07c,e8aa735dca86a0e512be0e6c3b54e44244ee81d3fe62e4c4c31551467ded83eb,e8aa735dca86a0e512bede6c3b54e44244ee81d3fe62e4c4031551467ded83eb,True
0027.png.ots,737636d98bfd2e75827210bcb8210542b96dfe6ffb36f5ac237f5c511f08185c,,,False
0027.json,aa467122fffe5bfda57cb43de90319fb312faa50791abfed38aac31312d00321,,,False
0027.json.ots,d40b67f54f44b8af9eace56f6ec197e6ccbc6fa3f4c168eba58d23cbf67e35fc,,,False
0028.png,01f69eea5a851c6ee529c330fdcf20307b1c4882cc07b8d967d39ce606d08147,aa467122fffe5bfda57cb43de90319fb312faa50791abfed38aac31312d00321,aa467122fffe5bfda57cb43de90319fb312faa50791abfed38aac31312d00321,True
0028.png.ots,fa8c08e56e2f032ea90d7bd0c63675e21fffb437b698b8a82b7b76e6e4cf7b2a,,,False
0028.json,c766ee24e184690ce0be60e9e42d2e3d6ec9c3fe458e871a6b927f21d86ae849,,,False
0028.json.ots,2ca23c6e90be6f7363f9d568abc6c68d266b03f1bc005d2171ade01307364bc4,,,False
0029.png,1f646770e01bf269c9ed6051ab16e2b50310513618fb4af0f2f2f1da6d222ffb,c766ee24e184690ce0be60e9e42d2e3d6ec9c3fe458e871a6b927f21d86ae849,7660ee24e184690cebbe60e9e42d2e3d6ec9c3fe458e871a6b927f21d86ae849,True
0029.png.ots,e5bb17abf74e697684143774e0851c66f68c411f0bf48dafe4571c620c7a1312,,,False
0029.json,852433000f5d084c7f51e4b075b018cafc3acb9a49a88b515422ee8fc93d7c93,,,False
0029.json.ots,a6d867bf0f4132d9633bfb8b10fb235cdc3af08673fe0f493e942abad746880e,,,False
0030.png,1c0772072fce84a929e8f51bc905af2bb99004dad77a6d6dbd4cb6e4a69a440f,852433000f5d084c7f51e4b075b018cafc3acb9a49a88b515422ee8fc93d7c93,852433000f5d084c7f51e4b075b018cafc3acb9a49a88b515422ee8fc93d7c93,True
0030.png.ots,5f7920c5580b31818bfafbbcf1eb861a7a6ca413e3db95b20784e1aac2cef56b,,,False
0030.json,1fc387ea55ca9df2f6e8143b44075b99ceb4fd84d659bb4cfa54f4016d7a4507,,,False
0030.json.ots,616c50ff459be132a4569c9f7af2982422f69849bf1e99674b12fe3326c280c0,,,False
0031.png,e17d5309af164b858aeb7d0a96e673bd6d5cd446d2e298e59c7f58971aceb1ef,1fc387ea55ca9df2f6e8143b44075b99ceb4fd84d659bb4cfa54f4016d7a4507,1fc387ea55ca9df2f6e8143b44075b99ceb4fd84d659bb4cfa54f4016d7a4507,True
0031.png.ots,c02aac5bee243f019bac01394482f18eeab7fe8e9fcbcfaa55a876f23c22354b,,,False
0031.json,57fbf26a710aa378eb0d5c2199b869ccaa796decdef3653fb577494e8db2303a,,,False
0031.json.ots,a6d539d14260f7b4d58b6e5a5129c5c793350316180c2af60d00a6fd2da35f35,,,False
0032.png,69e26ea39b65535867b247f33f22fff2253b84c601a9552c55601c2fe1254a61,57fbf26a710aa378eb0d5c2199b869ccaa796decdef3653fb577494e8db2303a,57fbf26a710aa378eb0d5c2199b869ccaa796decdef3653b577494e8db2303a,True
0032.png.ots,c50e39efbddde818e9c5991b0ddaec420aed051c623d605f5598b26bfef547da,,,False
0032.json,2c60b3678a56ffddffe90ba12ffc08e01e26195f0d026ed5189c0dc8b70011c0,,,False
0032.json.ots,95b31b3ff35f5962b033764d6b8d083977bc46422b07c77538fb3221cf344418,,,False
0033.png,bd8e11fe6e32123789c65ddc2e12e6e9c27d7afc40baea7d9712f49fb6d32cbe,2c60b3678a56ffddffe90ba12ffc08e01e26195f0d026ed5189c0dc8b70011c0,2c60b3678a56ffddffe9eba2ffce8ed1e26195f0d026ed5189c0dc8b70011c0,True
0033.png.ots,626227c6f25bf422bf35bfc3249c534460f3974c45f410e81694c9ba1f02b197,,,False
0033.json,c7956d5e105fd5177a749ebeb749168e62384befa3bcd8776531c537d8a8c580,,,False
0033.json.ots,77fb1867aed0c5c91395838661de387888bc408ec6c89f20ab8893b29459aa39,,,False
0034.png,257b6d01a832b946696d7897cbceda87cb1925e505a9036e417d37221c79e6e2,c7956d5e105fd5177a749ebeb749168e62384befa3bcd8776531c537d8a8c580,7956d5e105fd5177a749ebeb749168e62384befa3bcd8776531c537d8a8c580,True
0034.png.ots,4ca416b5d5945170621e2840ec193991a5611576927046d6880a34859fe05465,,,False
0034.json,7fdf32d5f0eec0bad41b52dc238a53e0bc807de8de34a6301c6f54743a9341a7,,,False
0034.json.ots,0cf285ba943e3e71faa24b1c43bc69ac92270a01374870f16c66e52b455a221d,,,False
0035.png,aceb9bee326a944670072725ba398032b27852dea2666e7d3d16d2b7f76415b7,7fdf32d5f0eec0bad41b52dc238a53e0bc807de8de34a6301c6f54743a9341a7,7fdf32d5f0eec0bad41b52dc238a53e0bc807de8de34a6301c6f54743a9341a7,True
0035.png.ots,73bb52bd0a00710029fc436b6d95fc5ef98762a654fda846cd8137f3179f4ed1,,,False
0035.json,0e1284da2805af7bc21281bc862aa4294c44d8f6671a3c1f648460183e696934,,,False
0035.json.ots,9cde2d1eb116ed0b7c6028e8108a059a23101d4b13b7eb3af88f9ba2323204e8,,,False
0036.png,cf739a3f04a31117967a017f3c6c7ca33c666ff951fa0fb0ec5a561097d8f7ab,0e1284da2805af7bc21281bc862aa4294c44d8f6671a3c1f648460183e696934,0e1284da2805af7bc21281bc862aa4294c44d8f6671a3c1f648460183e696934,True
0036.png.ots,852465edda3a3435a98f2b28ab7b48c27041e362fca5accc28daa8580938d4a2,,,False
0036.json,edf59dc1ef753c7d3e21b3feebfa2a559fce1011a0c02a0707c94655ab47a4a5,,,False
0036.json.ots,7bd6633435ac79119f349cd484504e4318cb4be3be4147c71215715374d7f015,,,False
0037.png,da5180c4211bd89fd879054b4b9f6863015915295cded640d725384746bc86d1,edf59dc1ef753c7d3e21b3feebfa2a559fce1011a0c02a0707c94655ab47a4a5,edf59dcef753c7d3e21b3feebfa2a559fce1011a0c02a0707c94655ab47a4a5,True
0037.png.ots,65c3d34f35b8f6738254f5c5f859bb246c45d872b99cf63afc2a12da96e56ea3,,,False
0037.json,40545eb29aadc81f8f134a8a7b7d77500c69cd1f5539c37fc9887a6d0b704ccb,,,False
0037.json.ots,374ec0afcf594e075d665fa28e5cbcb2a68d4842b47420e67f3f1503ab4c7d62,,,False
0038.png,4754233ffbd093fff1f93cc6106af865352f5d7342e10a50a4e122055aea89ac,40545eb29aadc81f8f134a8a7b7d77500c69cd1f5539c37fc9887a6d0b704ccb,40545eb29aadc81f8f134a8a7b7d77500c69cd1f5539c37fc9887a6deb704ccb,True
0038.png.ots,39272732bfec0a215d7e06b2ea0c492aa5e5d59dbd4fcabdc558168ac8064260,,,False
0038.json,f0316c0546def19ae3eb12a772f3e968f308f47fb44d3d8bfff6a474ffb1d41b,,,False
0038.json.ots,0705263e78ca3ee341355adb4d3e42da86da3e2433457f1309f09c919b39b4dc,,,False
0039.png,2eddc3ab08e84ac8625a0ee733de864c040ebcea1f27aca5e1f8b989b6b6860d,f0316c0546def19ae3eb12a772f3e968f308f47fb44d3d8bfff6a474ffb1d41b,f0316c0546def19ae3eb12a772f3e968f308f47fb44d3dabfff6a474ffb1d4b,True
0039.png.ots,dff2ebeeac12b56229b0b05b30e2c36dcc7c8fa2d17d6ed553e5c0cf23eeee24,,,False
0039.json,2969fa513ba4b31572e6d14c393206d2a15d304b2b0a0c022a21e74d250df609,,,False
0039.json.ots,0f3376001cf8360142c8a57e9e9cbc4e8e3c58c4bf55a28774debe5a781d6cb9,,,False
0040.png,73986be7563cdda75a5636da4cd31865b44917477ec725c3c738f2b44eb87926,2969fa513ba4b31572e6d14c393206d2a15d304b2b0a0c022a21e74d250df609,2969fa513ba4b31572e6d14c393206d2a15d304b2b0a0c022a21e74d250df609,True
0040.png.ots,03944786ba1b610765f38d9a4f81e05df8a77f02bf444904acd4e5f438ac9d9e,,,False
0040.json,62eae5734a7ae72c884a67b86bd8e09f165cb7b2a4f838820bf585fe488be7b3,,,False
0040.json.ots,de013e775ad768b643b17c5ccbf7ca17cd34d348fb3915b12a5336563b890c9d,,,False
0041.png,38245fb87c47198b625933df35fe2ff0b81b1fc4703c559f46063c758a4fc2a3,62eae5734a7ae72c884a67b86bd8e09f165cb7b2a4f838820bf585fe488be7b3,62eae5734a7ae72c884a67bb6bd8e09165cb7b2a4ff838820bf585feaabe7b3,True
0041.png.ots,8ec1655e1a372ed0650e4f8b22f657a6dca8ed53fa98d5a6e804aba998ad7f5a,,,False
0041.json,3d890d31d504c57ecb1f691d4d5cdb8e0865472dd7e9631b45bfe353a59eef03,,,False
0041.json.ots,06e8e2a15e37b6477af6eb6750cbfe751d26ad028742dad1fdbecfa8e4dd9847,,,False
0042.png,b43529aa85a8fdeb9873d721f545e0b811c664db99cea85e52dfc376aae7b315,3d890d31d504c57ecb1f691d4d5cdb8e0865472dd7e9631b45bfe353a59eef03,3d890d31d504c57ecb1f691d4d5cdb8e0865472dd7e9631b45bfe353a59eef03,True
0042.png.ots,8b3085352b4b3621c26bdb5edbbe672a7bba8ba9f560dcd667a9ca6d44f14328,,,False
0042.json,8fa08ea049c1810389b9278646ccc2b63f34e369f8106fe8f23fdbf2fab3f07d,,,False
0042.json.ots,4ef14c561f5798beb35272c0d4d7a39d792dd889423040a910fdfea667174a02,,,False
0043.png,eb968e48c0fb2f9e846b1f20d5d5fe5a3ccebcdbacbf828e8daa21ac9802097e,8fa08ea049c1810389b9278646ccc2b63f34e369f8106fe8f23fdbf2fab3f07d,8fa08ea049c1810389b9278646ccc2b63f34e369f8106fe8f23fdbf2fab3fe7d,True
0043.png.ots,c1a65279c870c6d6a80b02c0260e459b209d3555285572fe8e0e7acf88da9b9f,,,False
0043.json,36ea80c588c20956fe10f2f24eb8ee0274cba1e66df443356ac07838192405f9,,,False
0043.json.ots,ed21992080cd6da464eb950e9b3622b9b8be56fc549abcf71f952b464b58da1b,,,False
0044.png,001ed3d80ff469db18fcc291728f2a4c7a1c5a7b691083ed0f29df71f399b764,36ea80c588c20956fe10f2f24eb8ee0274cba1e66df443356ac07838192405f9,36ea80c588c20956fe10f2f24eb8ee0274cba1e66df443356ac07838192405f9,True
0044.png.ots,1661cccffa04fc617d4648d8eb6b90a6c15cd74ea1ce4eea641a8615f9cbf92b,,,False
0044.json,8da9935e113cd9e828a16c52ac599e2e814b3f33211f25e5d5869d00d0b49c0d,,,False
0044.json.ots,0fb9a459447a514df9a24a80e6536c5bfb965c91d6e86d79133bafcc25fe2e6c,,,False
0045.png,3cadda123b055be87f92d501e799e5e8cd5a64b59d097a0af0b98db8a401a795,8da9935e113cd9e828a16c52ac599e2e814b3f33211f25e5d5869d00d0b49c0d,8da9935e113cd9e828a16c52ac599e2e814b3f33211f25e5d5869deedeb49ced,True
0045.png.ots,ec7a5cd6b706b13f0d22911f93b15cf7b17ae123e7d267943ac3da1b2ee17cdc,,,False
0045.json,b1abbe6f0e73f22fc205a846f0144d4c2fadd0aa0a63d0c687a8b306ec29ac32,,,False
0045.json.ots,9ab066739d1d9f3bb5058f2012578bbf52a36045f24c83e0a6b8dbee176b467f,,,False
0046.png,f103081760c021f83ba71d53b8fb8d03003637ac96ccf027754901d22616dc6d,b1abbe6f0e73f22fc205a846f0144d4c2fadd0aa0a63d0c687a8b306ec29ac32,babbe6f0e73f22fc205a846f0144d4c2fadd0aada63d0c687a8b306ec29ac32,True
0046.png.ots,deabd076129de7f28c7439e7e99d785b1124baa97885ac1c86c31e2b2915dd1e,,,False
0046.json,77ddbb00c1d57b2ccea6bacc11282cf5f6ff8c9ea6af2d585e80f7fb6a5b9902,,,False
0046.json.ots,f792775caae1efdddadeb1e90feb4060d2c61f83ff777c4b715ee62180194b70,,,False
0047.png,c12033c09feef27559707fa73e70a69108a0fc2d9fa9c2f10918cea48ecf8319,77ddbb00c1d57b2ccea6bacc11282cf5f6ff8c9ea6af2d585e80f7fb6a5b9902,77ddbb00c1d57b2cceabbacc11282cf5f6ff8c9eabaf2d585e80f7fba5b9902,True
0047.png.ots,5f43f9df36971446c0abd1b6ec2600a2b8d23d207e24916a7312f74c509948cb,,,False
0047.json,ea45950e78a2541b3d1309de919887715db03e31e232dd0b3b5026937e93f309,,,False
0047.json.ots,bf6bbd2ca59f044c2d7311e66fc83b05f057022e7731d6694febf671698b8fdd,,,False
0048.png,7a7fffe06a18513808bdea1422b766545aab8314945c5c9200ce82ed571ac911,ea45950e78a2541b3d1309de919887715db03e31e232dd0b3b5026937e93f309,a45950e78a2541b3d1309de919887715db03e31e232dd0b3b5026937e93f309,True
0048.png.ots,f5022d76cd4013522f0b171a0ccff2f458d464fab9c0019db383e4cfa2c284de,,,False
0048.json,01887661d80024c1b58e29c3c226629e31f7f47cf59536f9f008c486bd151669,,,False
0048.json.ots,36e6b238998230c5da38e7a9dbfe777764e65d72e52b2c2a5d529e222c03fee8,,,False
0049.png,49ed3bb111c1f4d863fbeb0e4366561ffa56b1dec30f4265c51783591c787a28,01887661d80024c1b58e29c3c226629e31f7f47cf59536f9f008c486bd151669,91887661d80024c1b58e29c3c226629e31f7f47cf59536f9f008c486bd151669,True
0049.png.ots,99de09be2c3ded90f0c421052120fda961de265052bacf57f07e9a15d2342fd5,,,False
0049.json,c8c6cdc8c72ea49dc3d3f1d161d788ed5dd92f3836f253ddcc60346805ca33b1,,,False
0049.json.ots,db4ec0293c3c79105e27742b111b16131057f8ec27c43d8cadd4f31d18e7cf85,,,False
0050.png,c47724f678cefae40cd58a4a219b496e8621c7106290f3252383d70028497f42,c8c6cdc8c72ea49dc3d3f1d161d788ed5dd92f3836f253ddcc60346805ca33b1,c8c6cdc8c72ea49dc3d3f1d161d788ed5dd92f3836f253ddcc60346805ca33b1,True
0050.png.ots,4a2b6c74490e18a9c692d1ae536ae31cfd14a5482f2174c9c2e20fb614c83be0,,,False
0050.json,700d7e2221a13c9f81988ae4dedeeff4fb9205a3d4e3b73726e17c3cbce9568f,,,False
0050.json.ots,61a96aa43272abd39b49824ed7ab45c8db52b8df6115e83c225063efb301a381,,,False
0051.png,798f5b43b224e678d51f9256acf97ea0adaab64b88e01347363878605842cb6c,700d7e2221a13c9f81988ae4dedeeff4fb9205a3d4e3b73726e17c3cbce9568f,700d7e2221a13c9f81988ae4dedeeff4fb9205a3d4e3b73726e17c3cbce9568f,True
0051.png.ots,ac9e5b190fb0f1ebb4efbb5e430158062ad38972671155c89c0b38074a7c9667,,,False
0051.json,31ab973ce951f8d974979ac4d113d78bc089a9a7793265e7ace30507b15d9220,,,False
0051.json.ots,8fcf6de68e118cdf0e0b95d908edf9b576ec28f7a3ccfa24587144684537c8df,,,False
0052.png,afdfab6062245c7e74e889bb32cf653b293018e568d3ed16bd17036a0864c03a,31ab973ce951f8d974979ac4d113d78bc089a9a7793265e7ace30507b15d9220,31ab973ce951f8d974979ac4d113d78bc089a9a7793265e7ace30507b15d9220,True
0052.png.ots,ee15b2ada56334549912684beb8ce7dc213fe508d01cf37f3f5ffe9140fb46e5,,,False
0052.json,c94277695e0beef63cfe1956f7de751ac9bd32babbf2d09876bc9fe61c5d23e2,,,False
0052.json.ots,6cb3036437b8dbd26007e4b8cb96e5ee4dad103e96b441800b6648b3bcef66d7,,,False
0053.png,954305d350688ae586820b7aa261094112be523a219dde88f4b9fffbcc586fa0,c94277695e0beef63cfe1956f7de751ac9bd32babbf2d09876bc9fe61c5d23e2,94277695e0beef63cfe1956f7de751ac9bd32babbf2d09876bc9fe61c5d23e2,True
0053.png.ots,7a3c1371858c5d2911485eaa8ecbe858a05aef8a618e0455105c91cd975fdadc,,,False
0053.json,fbecc3de120dd6e729afd44e65be8c3d97222a70e209da95dae6853b19dee8ff,,,False
0053.json.ots,a8039c5f55abc236771abaa6e7be8f6bfc115d257a5114f89eb2aad9511e9013,,,False
0054.png,8fdb25db8887645656120e3d7da3ada8f29a7a8d6f568d6e5479e85781b9c451,fbecc3de120dd6e729afd44e65be8c3d97222a70e209da95dae6853b19dee8ff,fbecc3de120dd6e729afd44e65be8c3d97222a70e209dae5dae6853b1deebf,True
0054.png.ots,ee43ebf467d0e3197165393f2de3762e646b73212b4a2b35d9a77016739499e2,,,False
0054.json,b00a6a2b1ca32ec9f6d42c26f78732a96309664acaec651cc1afce3193e54281,,,False
0054.json.ots,f80f4ed52a02a0a5733bccc053aab9513cc2f60212006409452802bc75adc987,,,False
0055.png,19cefba80d4739970790b340e808310c9628695cf878b514bdd420c70cce98ab,b00a6a2b1ca32ec9f6d42c26f78732a96309664acaec651cc1afce3193e54281,b00a6a2b1ca32ec9f6d42c26f78732a96309664acaec651ccafce3193e54281,True
0055.png.ots,5d5929a3904dc502f456708c2adabbfd68e85ad539fa71100dce05f8022ae443,,,False
0055.json,59ef8cf139af060273ce35978cc87a950f6ea7ab336cab9e887191d31adc4932,,,False
0055.json.ots,f8053a362ffac4d55f21776fe5c7667c4543f0be4cba8d25c446b01743198e72,,,False
0056.png,c2f64678d59e5ccef00dbc6e3eb453db462cc83b3387412fb33b20317c1a4df2,59ef8cf139af060273ce35978cc87a950f6ea7ab336cab9e887191d31adc4932,59ef8cf139af060273ce35978cc87a950f6ea7ab336cab9e887191d31adc4932,True
0056.png.ots,54c1392db0df1b428ad65499de0b931cf2c1d4ba18daec6f5095f36763df5426,,,False
0056.json,1d402e95c2811a58a8a3383a1d67dc9ad4babed7faf20f1fa7664da3cf80398d,,,False
0056.json.ots,62c03ea33c1beac95ee16b1a994664738f658929738e1ca2bb79812864e99f2e,,,False
0057.png,116b84ce4d0e776508230e0f88a1589bc27fd3580afd650a0356e1ddebcdf42b,1d402e95c2811a58a8a3383a1d67dc9ad4babed7faf20f1fa7664da3cf80398d,1d402e95c2811a58a8a3383a1d67dc9ad4babed7faf20f1fa7664da3cf80398d,True
0057.png.ots,182a05cea28e28f2065fe302f72a7d25ec141214d9ba4405d594efe6f579973b,,,False
0057.json,61383ccf7f007e17b059674e9523c1740819c018b256fcc62847828b3f9ef3ba,,,False
0057.json.ots,25d545312c8dffd3bb1a022b4c6ca679d4cdc0a311cb822365494bfb817fabd5,,,False
0058.png,54e1acc19eecaa86a2f82f8175df948e299a9bb40154fcec4e0acdbcecb5a9b8,61383ccf7f007e17b059674e9523c1740819c018b256fcc62847828b3f9ef3ba,61383ccf7f007e17b059674e9523c1740819c018b256fcc62847828b3f9ef3ba,True
0058.png.ots,93a10a038728e3df83acc7502bdbdca3ff0ae8f581d4d244b426cb79aa84216f,,,False
0058.json,1ea920a34afff7b47d8491527c45f1c9e9a127fbd2e255c1ac56014e9edc6765,,,False
0058.json.ots,3a5de74ab0ec5c021bf79de73558bef2b28d39cbfc114e0d267b10abe9989395,,,False
0059.png,27120227d0eebfa5e9c1212fbdc82359676a4fafb8d35e7252f2114800e1e014,1ea920a34afff7b47d8491527c45f1c9e9a127fbd2e255c1ac56014e9edc6765,1ea920a34afff7b47d8491527c45f1c9e9a127fbd2e255c1ac56014e9edc6765,True
0059.png.ots,cb4e145347567a06b168b0599958f32c5715e8dd2c4b83f25ee5e6a4ae6998f4,,,False
0059.json,f15c543a6cdd4086d1e6b3e9bca60b0dddcf752afb5475911f6fd68565c3112a,,,False
0059.json.ots,9d24f4ab4ea474ef7c5afc2f0007929e69f43861052dfabdda0c3c071e611d35,,,False
0060.png,c45bc3438c5f6ab46c459d45fdeed96aa424eec63ce4954d3512e2715e5f9752,f15c543a6cdd4086d1e6b3e9bca60b0dddcf752afb5475911f6fd68565c3112a,f15c543a6cdd4086d1e6b3e9bca6bdddcf752afb5475911ff6fd68565e3112a,True
0060.png.ots,6bb179ac0747062149491c81956825cbec7c3a97030ee4df5b9e1a16d2a436c2,,,False
0060.json,072342cec824e69100e9a067cfb6c6ef88ccab3fd3add423b62644930279e574,,,False
0060.json.ots,dbb5b5c4bd6cba3152533b49559fd12a6fc0b578e5143118722a42879a67c25a,,,False
0061.png,8e9053f0a794950a33eafbc075b10fe8f79e2d2c2c12fe8c14e8f3a2c2eaab44,072342cec824e69100e9a067cfb6c6ef88ccab3fd3add423b62644930279e574,072342cec824e69100e9a067cfb6c6ef88ccab3fd3add423b62644930279e574,True
0061.png.ots,e80bc23dbe949cd208a761989b862e9d604b8992a13556b7e5b00a86828f4e2b,,,False
0061.json,48e3322f399fb55f49beab4edd6e27739d15c8dc33ad70f50f599def9ecdc1eb,,,False
0061.json.ots,671c19b288fcef10fb020e61c94f75cba81af716396628738f59ea59625a40ed,,,False
0062.png,c6f681533c74685d78118cd1810ba8c34c7ba2e39c3f8e8c512f89a27c98590b,48e3322f399fb55f49beab4edd6e27739d15c8dc33ad70f50f599def9ecdc1eb,48e3322f399fb55f49beab4edd6e27739d15c8dc33ad70f50f599def9ecdc1eb,True
0062.png.ots,6a23aaae717b34a68b21b7327209a7cc92fc42220080cabce0ea7d27fe6e84d7,,,False
0062.json,5573439bbe5586cb6c2a0972b5407a895b97a78627634232cec81ac71355764c,,,False
0062.json.ots,3ef1cffddd9bb792ffbbdda2cb2ecbddbdbb7a92ff06ba94378807bcc038094c,,,False
0063.png,23f71887c55db945f48cda1d125d47192e515b410e92aad3a36143255d2916bb,5573439bbe5586cb6c2a0972b5407a895b97a78627634232cec81ac71355764c,5573439bbe5586cb6c2a0972b5407a895b97a78627634232cec81ac71355764c,True
0063.png.ots,0ff8ff3e618ece16c264a835e0e816049ca461775c18825b43547f2ed16314dc,,,False
0063.json,3bcac876b80d200f3ea7f059f3b92ccf61d8a54ce530435b727a74a07923f0bd,,,False
0063.json.ots,bfadf91e5b4a267dfe5b004c9dd15775f86976b63d250ec2a25520d0119f0b4b,,,False
0064.png,e20bb368831f1a924a88435068511a2b18404a6a7803971efd0df1ddc883aeb8,3bcac876b80d200f3ea7f059f3b92ccf61d8a54ce530435b727a74a07923f0bd,3bcac876b80d200f3ea7f059f3b92ccf61d8a54ce530435b727a74a07923fbd,True
0064.png.ots,cc6f20712b637679e25417ba76cd29a3010a73f2f8dafe242d0e3a170fcdbabd,,,False
0064.json,f243c6546662dd725809234c9453d2f9548d5ee37e3987c72c382bde444ca681,,,False
0064.json.ots,b3b6ed9f66a80f2e31e74a97c522c04230b05409683b174a9622df41f2c4c7bd,,,False
0065.png,c1b336eec5af967412454579ec9b3fb14260f56291056adcaa916615ca03e0b3,f243c6546662dd725809234c9453d2f9548d5ee37e3987c72c382bde444ca681,243c6546662dd725809234c9453d2f9548d5ee37e3987c72c382bde444ca681,True
0065.png.ots,82a335684070f0ba78db4aec925416ccce10a4ac090b0248c1114f3d663fd0df,,,False
0065.json,6db681996492bf1221fe6deaa412e97de6bc9d6d6b190e37c3e42264253bc667,,,False
0065.json.ots,f6fc1d44f1cdc735646acf9f36aaa5359c5ffdacc2c4ab168b852a08179d795c,,,False
0066.png,9e5c4ff4f2e38afa167f768cfa84dd2ac43ae14a8522d6ad714cd8c9aca484c4,6db681996492bf1221fe6deaa412e97de6bc9d6d6b190e37c3e42264253bc667,6db681996492bf1221fe6deaa412e97de6bc9d6d6b190e37c3e42264253bc667,True
0066.png.ots,cda767f94aaa72611afcb6aeca548fc63ee6197e7d249ae17870d993f6d5dd65,,,False
0066.json,cf31cd3fb76637b2357f84a26a4ef62d1560743f025f336ac5f915c2ebb39996,,,False
0066.json.ots,06eb97e72877c63d066cacea2b42bad325f78c1ffbcf094d4e230617fa09ea45,,,False
0067.png,95969c4f42229afa7915a8a2b9d0059b9472b5a0ccda77a7ac15ab5797fe4b62,cf31cd3fb76637b2357f84a26a4ef62d1560743f025f336ac5f915c2ebb39996,cf31cd3fb76637b2357f84a26a4ef62d1560743f025f336ac5f915c2ebb39996,True
0067.png.ots,3a5d18914af3f4111b523ee4aa2cd1ef1fd67491bb0e62ff8db979948badb484,,,False
0067.json,311bc222bed2f3f94422a006700ec1a2970923d99d46a508f6b560c2b001b33a,,,False
0067.json.ots,627c89fec19cc0c08a26e493b05148286a5c359d62a1477f02c16a31e00f5a9c,,,False
0068.png,e23ef0129bacfa3d223ecd31289831cc9d1b6d3e5ca319de510114f4f0110b42,311bc222bed2f3f94422a006700ec1a2970923d99d46a508f6b560c2b001b33a,311be222bed2f3f94422a006700ec1a2970923d99d46a508f6b560c2b001b33a,True
0068.png.ots,deb1762651e07e5b2a0a7a7c300cb6a8f362852fb6abd01b7d1f8848d4ae2921,,,False
0068.json,074c740d7647df1ea8abd56a61f472485782ebf8deecb9cd0488cc44cf639db2,,,False
0068.json.ots,7ab55e63791c1703e3e68a4450525881cfa8672ee713626c6af698e10650c1eb,,,False
0069.png,6bbc12d693b376b59016064e4a2cc12b320e3c4469c11e7c16ba73174f1bb283,074c740d7647df1ea8abd56a61f472485782ebf8deecb9cd0488cc44cf639db2,074c740d7647dfea8abd56a61f472485782ebf8deecb9cd0488cc44cf639db2,True
0069.png.ots,1380b6354e4feaced7c8877a0104b24070a143e8b1b7bc61a49106a7236ea5b7,,,False
0069.json,9ba362adaa814dc70ba2d36d66cbf2fb4d09bb020952f5f03bf669757fd2c3fa,,,False
0069.json.ots,22f42f914ac33499ea87e8431f42c5c3598f01d9a1c4b2935f5a083443789e6f,,,False
0070.png,32c0b00e3ae82a1b98e6489d904d0eaf430e6f6c5d49ed79866f07a5cce19516,9ba362adaa814dc70ba2d36d66cbf2fb4d09bb020952f5f03bf669757fd2c3fa,9ba362adaa814de70ba2d36d66cbf2fb4d09bb020952f5f03bf669757fd2c3fa,True
0070.png.ots,e6e59783948a0790623ef81f7e283554dc7990e1dc2ed87a4c23c12b67b26a45,,,False
0070.json,9942ddd3dd1aa648f53057fb7fb9b9510fd6f318038cce8ea41619eae645da26,,,False
0070.json.ots,53903dcfa6e7ca544fc615413db15606eac160c7beeb31b52e493226b3dff33b,,,False
0071.png,e1fc43aa7b1f1ef4457052fd09c0cfaf07189bf4b2691a8f8b5d1ed2b876df72,9942ddd3dd1aa648f53057fb7fb9b9510fd6f318038cce8ea41619eae645da26,9942ddd3dd1aa648f53057fb7fb9b9510fd6f318038cce8ead1619eae645da26,True
0071.png.ots,3fcc5360f10569b0161747df5a57a30a89533a6ded10da4eaf89700b8cd41339,,,False
0071.json,a3fea221e1affe3c8b4e9e94eb9f1f6223893b919d6f0c85cdf01f46174aeeca,,,False
0071.json.ots,674f88d08e6724ea2d0d9dd7587b659836211be56423dcf7bbb634273eccba06,,,False
0072.png,b5794ec82c6368ecd29f9c5954f97db48ca863c23ade0b775f21c259cc4b0fd1,a3fea221e1affe3c8b4e9e94eb9f1f6223893b919d6f0c85cdf01f46174aeeca,a3fea221e1affe3c8b4eded4eb9f1f6223893b919d6fc85cdf01f46174aeeca,True
0072.png.ots,1410a9c146a3bf131ab8ed900af574ac20c1cd10c009c25a01f00b8f6baeac99,,,False
0072.json,0560b02af652875a23afac5de111a8e38b9db25ff386c3b4da196af5fcb8d6f1,,,False
0072.json.ots,f1eff00d7254cbd6b8130724451c407b77649f302d95b6ac7db94d761badfc9e,,,False
0073.png,ac947378f638a8aa018bb84fbec9a896dedd0a30313369d3bb1cd2dcbfc815dc,0560b02af652875a23afac5de111a8e38b9db25ff386c3b4da196af5fcb8d6f1,0560b02af652875a23afacdde111a8e38b9db25ff386c3b4da96af5fcbed6f1,True
0073.png.ots,176e466715bc46323b838f983dbb673c0c743f07f5ef5b89256e3b5875c5c3be,,,False
0073.json,cbb7817bc8fb402726c10a7d97ebf6e03be0d39b3632c49c7e6734af0c5aa8c5,,,False
0073.json.ots,0fc7194e86625a3a7455e7e1dfeb607ebf45a0af3cc18268e7b6cfaacffa92f7,,,False
0074.png,79471d39552eafa71eaa327910668e9bc702c51e1c98d0e20282a6339addd81d,cbb7817bc8fb402726c10a7d97ebf6e03be0d39b3632c49c7e6734af0c5aa8c5,cbb7817bc8fb402726c10a7d97ebf6e3be0d39b3632c49c7e6734afc5aabe,True
0074.png.ots,e074f2ca4d5921e60e1c1f4fe9ce84f5c3800385d74529bafd19644a61e3ee97,,,False
0074.json,639f70329ae36246f0770e014db0c3bbbb4c3d9aef987425e434cb488e3b65bd,,,False
0074.json.ots,433800032f73642a43caa4a7d79c39d9713e45126385bb85ea6f0b1d96a1499e,,,False
0075.png,7eff426c6a1be616d4c2cf098deb67a046f08306957a3dc4032f54eae1a35e47,639f70329ae36246f0770e014db0c3bbbb4c3d9aef987425e434cb488e3b65bd,639f70329ae36246f0770e014db0c3bbbb4c3d9aef987425e434cb488e3b65bd,True
0075.png.ots,b3e2aebd46e47a7913f435652b8060950a4b3ec1a42b4ef663ca4f768c937e6b,,,False
0075.json,87a3ef4a546ac085f869a1b31dbbcafcd82b3fef1fa16dd3d73d9f2d24ccd733,,,False
0075.json.ots,dfe51e09ea156e8aae2b71619806e8a57f41a95113b0fa5b05715bd7b1c7ec04,,,False
0076.png,29d09adcfbf93e997bee12b7b9b8db8e13a4f75d87ad54cce075177440f3779d,87a3ef4a546ac085f869a1b31dbbcafcd82b3fef1fa16dd3d73d9f2d24ccd733,87a3ef4a546ac085f869ab31dbbcafcd82b3fef1fadd3d73d9f2d24ccd733,True
0076.png.ots,8acf2a02dc0dea447e24badb0de2be89d57ce9d636c378d17916c2b2be8a1aeb,,,False
0076.json,8b18c9137a65688cbe82d834d830b79627359514262d6f2551786e765b3d7deb,,,False
0076.json.ots,ce5b62154dc18da9e0facdbd111ac6f636d390d0491c43c0488833ec33fe335c,,,False
0077.png,62b3ec602835086fe0709206eb6516cf676b9a66dfaa09b23c2caed5b8a28d6a,8b18c9137a65688cbe82d834d830b79627359514262d6f2551786e765b3d7deb,8b18c9137a65688cbe82d834d830b79627359514262d6f2551786e765b3d7deb,True
0077.png.ots,549536269cdee7b60fe7ba2bea435664c3263d1a02bc2c997d61af75c553baee,,,False
0077.json,55704a3834c848fbf8235e0e4e8ac37fc89482d33d64de0eab4ba15f7f00032c,,,False
0077.json.ots,cb9c5dbc14313ae744443d7f4dd16cdb2753d0bffde0ac6b05938fdb5f8e21ba,,,False
0078.png,80792d054406da151822d6d9887077e2f0e44358aee26bcf8dc89752f3002cce,55704a3834c848fbf8235e0e4e8ac37fc89482d33d64de0eab4ba15f7f00032c,55704a3834c848fbf8235e0e4e8ac37fc89482d33d64dedeab4ba5f7f00a32c,True
0078.png.ots,4eecd2157ea03c80147466829f8c1a73f1c8b83a51e42f964717de89978b966c,,,False
0078.json,7ebcc657f03280e7d0a5a715fac37bb4f5a09e16c74a890486935665a9e44031,,,False
0078.json.ots,592f364513556fe41fc061fb18d09249177bccb1c25769ea2fb67a86616a04c6,,,False
0079.png,2cfce4144f40f0d7b969ade8bbde73722967d73fcfd1500990987541a99e06b0,7ebcc657f03280e7d0a5a715fac37bb4f5a09e16c74a890486935665a9e44031,7ebce657f03280e7d0a5a715fac37bb4f5a09e16c74a890486935665a9e44031,True
0079.png.ots,54d072c609fa347685eaf799a36203bda3305fe99185c37267ea39bd7891da2c,,,False
0079.json,7683bf3f5afe44dc5e3b13c813e369eca28f0d70febe1e3cb055279ee322500a,,,False
0079.json.ots,4161c534613d28c3e9a8e10e11f9957161cdb233c754183b08e962a810679bd4,,,False
0080.png,be6409b77798350d264a330b3aea7c75054210045dcf8564efb3e6fee2f2b729,7683bf3f5afe44dc5e3b13c813e369eca28f0d70febe1e3cb055279ee322500a,7683bf3f5afe44dc5e3b13c813e369eca28fd70febe1e3cb055279ee322500a,True
0080.png.ots,86b9e8672e1bf9b961fc6c769c8f15ad195c39145a5b07b2a2da5e9bbe7dd5f3,,,False
0080.json,26eeb08de1ca03c26c6ca1024ec7f3a34c2d137013d327007709ca2cc44c5d48,,,False
0080.json.ots,213ccdeaf002fb73dfdb9b3b05ae7c8606699d0b6cbd5bf6774aca754ddf992b,,,False
0081.png,ef0ca805c24ec06357e67969854a850e7869099081de77c4a0fd2800422596d1,26eeb08de1ca03c26c6ca1024ec7f3a34c2d137013d327007709ca2cc44c5d48,26eeb08de1ca03c26c6ca1024ec7f3a34c2d137013d327007709ca2cc44c5d48,True
0081.png.ots,012c16feba71d58ab90518164586f0db10c8c89f4fb2edc8fddb4d3a7e9e7d90,,,False
0081.json,12241a34b52e9ae395814c2a360c6ef14410516f6214161c1d8f07ba968e7324,,,False
0081.json.ots,f7cf4ea062c13486e2cf0a4f463541bdb51d044c612e517b8321b79eb92eda6e,,,False
0082.png,39cd03b0487a6f405bc0f96965c12845c7ba445ff23466123990541d3dfe0c67,12241a34b52e9ae395814c2a360c6ef14410516f6214161c1d8f07ba968e7324,12241a34b52e9ae395814c2a360c6ef14410516f6214161c1d8f07ba968e7324,True
0082.png.ots,caaf2a859ecb0d5fff38db6cc9f15ccd1ab1d733e04c1dc5e558b678b74c0944,,,False
0082.json,737eeec2e476e7c365ea5e61a87ff8291b94e9a6bae632af08ac2039db7ecfba,,,False
0082.json.ots,92db88dbfce5313a0076cf15deb65711fd87dc33e7da9863c9095c70291594aa,,,False
0083.png,40771f668326b3935aeb85156a427db63ab440cc9303365ae0f1076522813e91,737eeec2e476e7c365ea5e61a87ff8291b94e9a6bae632af08ac2039db7ecfba,737eeec2e476e7c365ea5e61a87ff8291b94e9a6baeb32af08ac2039db7ecfba,True
0083.png.ots,13e30432509cdc95c98e76531531de93dbd82927fa809f66ce7ab96504eaaddd,,,False
0083.json,4d5bd1c82155a7559b605486b547f9698ab85f38d15ff39e4549b7edb777b603,,,False
0083.json.ots,e389bf6f1fc0223a38167f3b30a0175c1fd0962e6a83a89b0be38a14fe1d65ad,,,False
0084.png,df1ace8e9a0d10e37decc386ad05da0ee0e59f99ef306eeb8f36b34d7397737f,4d5bd1c82155a7559b605486b547f9698ab85f38d15ff39e4549b7edb777b603,ad5bd1c82155a7559b605486b547f9698ab85f38d15ff39e4549b7edb777b603,True
0084.png.ots,8514db4918b7d89b41c4df662cc2ad121a22b459db0a059e0212950b8e6fc651,,,False
0084.json,4fc6a0f601fbf9844d155b6ac488f3eadf2278103c57202c90fadc1139d80cd8,,,False
0084.json.ots,4229d354aef4ff161797c204198cca56580f9106b18abeb9aaafa931065118ee,,,False
0085.png,970c291a739221baa3d1163eb356b633c46340f81bd201d101fa99e29d4c09c4,4fc6a0f601fbf9844d155b6ac488f3eadf2278103c57202c90fadc1139d80cd8,afc6a0f601fbf9844d155b6ac438f3eadf2278103c57202c90fadc1139deecd,True
0085.png.ots,49c835525890b67bc958787624b960818b6da2b5d22ec5ba4c0f35276c7032ee,,,False
0085.json,b9a6e23164303b8c98b9c9dad7ce0a1ae693e4e47f18252dfa3ccf76c4402feb,,,False
0085.json.ots,8cf9cfa90767b6854054a45a13c4b7c8264a5a1eea5730b0c051e1b4c78023a2,,,False
0086.png,8665beae08d3063fe94af42632505cb1bad59a2c61abd7c5f8e503ccbf141d68,b9a6e23164303b8c98b9c9dad7ce0a1ae693e4e47f18252dfa3ccf76c4402feb,b9a6e23164303b8c98b9c9dad7cedaae693e4e47f18252dfa3ccf76c4402feb,True
0086.png.ots,8b80614885a9148c826a9f31a9792e6d1d8c6a75754936e3f35cb82590a41c51,,,False
0086.json,f1f6219132c7dc278888c156e64c92dd248fc908409485f113142aed35a7198f,,,False
0086.json.ots,314fc29104790226bf9df20f5de49dae44bf17081efb1edb0d5a1387c9bb02b0,,,False
0087.png,c3cdad7ab20cd8dde41855ad1640b3521a55036f18b0adedf67b6321ef49d8a2,f1f6219132c7dc278888c156e64c92dd248fc908409485f113142aed35a7198f,f1f6219132c7dc278888c156e64c92dd248fc908409485f113142aed35a7198f,True
0087.png.ots,c345642939ba04a088ba415d5f2cec1e5422f2fa81caced7107a71f54ae53b90,,,False
0087.json,1b592190960204d4ed7eeb9780865a9e72515c73114a853c978567e3b9c40fcf,,,False
0087.json.ots,ad89b04189af32b033f69f8e353b7bdf1470a476111272f03372a61db3eb4c14,,,False
0088.png,c971937e1d5e3973012b7492185abd8937a29dc6a9ef7d55ea449588e8396d29,1b592190960204d4ed7eeb9780865a9e72515c73114a853c978567e3b9c40fcf,1b592190960204d4ed7eeb9780865a9e72515c73114a853c978567eab9c4efcf,True
0088.png.ots,956ac564b0c4e086750ba4ed7ea4663e11b204f8d2a205aa194845774026a141,,,False
0088.json,6f842b2819f12ce9e675ba3d4c97a0099b3d25c3ed45336609547c5ae0f75998,,,False
0088.json.ots,b48026cdbf424b535b20c6c07b4b2d5b12c8c943065eabff458316101c2e7518,,,False
0089.png,da6889e7311d3ae6c5abc41617d4f9ca14c27ba781166b3282c8dabb2c49b6cf,6f842b2819f12ce9e675ba3d4c97a0099b3d25c3ed45336609547c5ae0f75998,6f842b2819f12ce9e675ba3d4c97a0099b3d25c3ed45336609547c5ac075998,True
0089.png.ots,75cf82500d27bb3c3c2c6fe2f4052ebfd1997bab66f6f12e8ce0facb90bf7922,,,False
0089.json,56fc3acd95de672ffd07fd64ccab8dbe8710836062c28324e4c13ba0bbaab5b5,,,False
0089.json.ots,26b96ee7bd967cde873041f443a708c90d3c4c9f8703e3d6b2c23d2ce9e39d40,,,False
0090.png,15f4aad3822f414ec6341c573bbb8d82285b13ea78f48415bcbcc108cbb9505a,56fc3acd95de672ffd07fd64ccab8dbe8710836062c28324e4c13ba0bbaab5b5,56fc3acd95de672ffd07fd64ccab8dbe8710836062c28324e4c13badbbaab5b5,True
0090.png.ots,55670f836892b3a0c7abc4ad488e632a500520754fbd8e5a9f9733611109cef9,,,False
0090.json,3102a003fb1dcebfff856f7d00a1c83204c4be11e60ba580e56d3f356e83807e,,,False
0090.json.ots,5e5ececdf940cb3af141f127d09972e6b3ec77b12a2c27b1f3eed1fade2cd062,,,False
0091.png,4553876e7b2036a16b4d25a5e8138104d8c83ab4f130d575cf20341ea6dc8cbc,3102a003fb1dcebfff856f7d00a1c83204c4be11e60ba580e56d3f356e83807e,3102a003fbdcebfff856f7d00a1c83204c4be11e60bad5380e56d3f356e83807e,True
0091.png.ots,046258c42a62985dade01070f80bc274f2a248477a90b16183b3deb1b610df32,,,False
0091.json,151aa30b1c559b9aeb52a5d5f272ceeb322d36b424d107b0c5e9a1e2cb5c8c52,,,False
0091.json.ots,2e3249acdff4fdbcdce70edc295faf84d50687d9ac66c868f00750891ca16253,,,False
0092.png,10b4dd73464a22da9e695c6cc7d5b172fe3fad999dcff61d0909ebcda35c7635,151aa30b1c559b9aeb52a5d5f272ceeb322d36b424d107b0c5e9a1e2cb5c8c52,151aa30b1c559b9aeb52a5d5f272ceeb322d36b424d107b0c5e9ae2cb5c8c52,True
0092.png.ots,cc8d7e2bc16bb8109edc126fd90a94e18678f3ee59b7d1530decef8176cda73e,,,False
0092.json,36373215a6741f8bbf6020849ea9aa4a97ece6cad3b9db61756373a323664cdb,,,False
0092.json.ots,fb4ea21839819c9086597aa02cbdd8baa4c3157984f5d47bcfc5c36d1211d767,,,False
0093.png,43e8589c32b6ea25ff0b24d12ed74626f13ce2da844a10b6cf6ca35de6f431b4,36373215a6741f8bbf6020849ea9aa4a97ece6cad3b9db61756373a323664cdb,36373215a6741f8bbf6020849ea9aada97ece6cad3b9db61756373a323664cdb,True
0093.png.ots,22bb3a4e83c8c685a58ce49782f501126f8401e2550a3c907cc26b94e12ba9dd,,,False
0093.json,b08a4f9e534db79bb27d0100a169abaa0b7e46caf5bb92ee2d8cc4373e1735c7,,,False
0093.json.ots,2c3545f16fcb7734d0205fc31dacaf4b6e290be425226008aaadc14e81aa4c9e,,,False
0094.png,61d6a4a4517846ca1d33bdce204dda417ed55ba5318b9d0ca3e05a510bf14fe2,b08a4f9e534db79bb27d0100a169abaa0b7e46caf5bb92ee2d8cc4373e1735c7,b08a4f9e534db79bb27d0100a169abaabb7e46caf5bb92ee2d8cc4373e1735c7,True
0094.png.ots,2ddfe4ea0a4cbb2295b6865efe324334f6dd93e4a3e72f3c6c206ff5718acea3,,,False
0094.json,68c98a30fffe0b1e44b6318f4ba9b33fe26d53438c7109c801978254b3e42a4e,,,False
0094.json.ots,df39581f22007fad7035cb622cfb4e380095b300c787aee9bc869084a93a8c51,,,False
0095.png,8ca24f366435dd896c9eb3ce619d28a65675541d89e2ea41fcbc8c96868ad123,68c98a30fffe0b1e44b6318f4ba9b33fe26d53438c7109c801978254b3e42a4e,68c98a30fffedb1e44b6318f4bab33fe26d53438c7109c801978254b3e42a4e,True
0095.png.ots,fa41e5974858ad8af35cc66c27720a776dc187339cd619525ee246458ff4ab29,,,False
0095.json,3d632e3caf95195e484dcaa11f817da5eeef93c28c9288b17ddf8fbd3f15bdbc,,,False
0095.json.ots,315745fc432b7dd89a48aa47e7f9c020ab2000528dd2501877c31bea88ca9e57,,,False
0096.png,69ec8508a1d1d38c00c670c78a8636e4e1e2cc600c1f6dae2b827d996b6f33a4,3d632e3caf95195e484dcaa11f817da5eeef93c28c9288b17ddf8fbd3f15bdbc,3d632e3caf95195e484dcaa1f817da5eeef93c28c9288b17ddf8fbd3fabdbc,True
0096.png.ots,40166646c0914cc7af421ca3f5949814cd1f66b3a3380b158279feaea4022634,,,False
0096.json,a1f058eecbf9d2076f6f32a69e40bd62eb01cd8841c055f014d2fbfdc3b55d5c,,,False
0096.json.ots,f3a4645791cc65d322990002188fef7e1911df750ae287ed19edf07c95f815f2,,,False
0097.png,b2e85e9bc9212b4d3dcb4024e2e701c03124aec9d9cfbf861f8d260bde659588,a1f058eecbf9d2076f6f32a69e40bd62eb01cd8841c055f014d2fbfdc3b55d5c,afe58eecbf9d2076f6f32a69e40bd62eb01cd8841c0557014d2fbfdc3b55d5c,True
0097.png.ots,98efd8d1e29f437a487f070b4413889d2b32e274c791a1e6c3a32baa459e65d3,,,False
0097.json,33353d98b708b09ca592e5bcac325dc9a256cce4dc766d657e844bd9fbbb9bc6,,,False
0097.json.ots,b6c6ee83be56fb152951826a18bdc04c51ae98d05d5f1dd1bdd9272e92570408,,,False
0098.png,9d7186e728a60c00f53b881393412de3ca6d28c7f2b1add71de172418a1ca168,33353d98b708b09ca592e5bcac325dc9a256cce4dc766d657e844bd9fbbb9bc6,33353d98b708b09ca592e5bcac325dc9a256cce4dc766d657e844bd9fbbbbc,True
0098.png.ots,c7ae8242f26366f5cd50505e0e240183771beebbf68f423186369aa82af34114,,,False
0098.json,cda683c67bb399dbc1ce411f520cf35b4de6574c36bc5a8273f1f3d5d1329741,,,False
0098.json.ots,fb300a11163e225bf77c28e09690eb563365fe1ce2813ad7cb151abe2476e001,,,False
0099.png,52c34e9fb34c9929cb2b238c35fc4e8ba311ca08e35c8a52af21b72f6c0c36c7,cda683c67bb399dbc1ce411f520cf35b4de6574c36bc5a8273f1f3d5d1329741,cda683c67bb399dbce1ce411f520cf35b4de6574c36bc5a8273f1f3d5d1329744,True
0099.png.ots,15da71a774cc58abf4db1c8bad569739f5c8cd76f8e9f085f765329d3284f82a,,,False
0099.json,9c6f268117872dada6088639cb5df50a1081bbeabf5d4e2411085facf3af57c0,,,False
0099.json.ots,7d3795f0a831b515c1b93a04f2dec1b11dd439414e2f5a2bb85fa2e80431078c,,,False
0100.png,164b116cfd746fdd237e6f10aeec7a2ebed17059928c1dd81377a4d14dcbea13,9c6f268117872dada6088639cb5df50a1081bbeabf5d4e2411085facf3af57c0,9c6f268117872dada6088639cb5df50a1081bbeabf5d4e2411085facf3af57c0,True
0100.png.ots,2f3f0e67d9bac632f14891e598a699f6e3ae879b93ae28ca6e1f3d13f4b63942,,,False
0100.json,f3f0e4814e363a7337946f05453274acb26965326f11f413314b58071181117c,,,False
0100.json.ots,7f2975f9cc07a67fe1323d2fa0cb2cad39917e6dea973119e4439c16bd8bb187,,,False
0101.png,6e77663957d9e0c30100d9c0f8b3a03eb09c1e2b4b834daa36666f90af82d048,f3f0e4814e363a7337946f05453274acb26965326f11f413314b58071181117c,f3f004814e363a7237946f05453274acb26965326f11f413314b58071181117c,True
0101.png.ots,ea83010da0902746664dd88abcd9e771320c609740b6919133bd7b6885cfe3b1,,,False
0101.json,f4fdc2daee99da4daf8a1b2e16f98ef1a0327a0093a5725f24f56357ba4b4573,,,False
0101.json.ots,422c66b22d29298892e6d2c6c56a8cad97f2bf3418405dde478950247a6e70e1,,,False
0102.png,eede4e513d1555f1a8d6ed1af645f980ec3680ceb2883fcaa864a8f1564076d0,f4fdc2daee99da4daf8a1b2e16f98ef1a0327a0093a5725f24f56357ba4b4573,fafdc2dace9dad4daf8ab2e16f98ef1a03274a0093a5725f24756357ba4b4573,True
0102.png.ots,50a1ef4b62e9c9a58022399595b21b39acfdd7fd4b95ff392e183c76786894f3,,,False
0102.json,3c886bb8862bfb68b1ba759251088fd1defbed4e912b05b9671252dd9a754190,,,False
0102.json.ots,7bd2045a3262890c711d08eec76138eececab704a382882f26b78103d8ff2ed1,,,False
0103.png,1697ec2e80ede2637c351786a42a4210b2ada253b3e6f0ef68e658d2f503e4ed,3c886bb8862bfb68b1ba759251088fd1defbed4e912b05b9671252dd9a754190,3c886bb8862bfb68b1ba759251088fd1defbed4e912b05b9671252dd9a754190,True
0103.png.ots,c40c88f86e4fe0320081f326b8c3279f37ec67c72cb42db4adb65e126d21a62f,,,False
0103.json,85dbd1c469bd84bd7e7ea10573965250353f18aa1c9d6b9e26acbb5dab6637bd,,,False
0103.json.ots,7573debb851406377df6a132518521cc6e71b4453efe414900b2799b5e64522a,,,False
0104.png,23c3251793fec3d67e6852be9bd808448a4f1692909033ff78cf7563cc0384e5,85dbd1c469bd84bd7e7ea10573965250353f18aa1c9d6b9e26acbb5dab6637bd,85dbd1c469bd84bd7e7ea10573965250353f18aac9d6b9e26acbb5dab6637bd,True
0104.png.ots,6283610fa512a5506609d94e278a4b93ba1408e562d7c6a318e8b6613ab58c32,,,False
0104.json,c9e30a07bb76b128d81e2d3c1ed9eb9cd6aa962f3867b09e78f3cb7154948562,,,False
0104.json.ots,f7dddb3c83c62bbdfc71faff1f2ecf1167fb694521f505d5589e87739f48a27a,,,False
0105.png,baaa9ff1ccd5a17aa8fc69a348fa0092af490bf2a30bf3eed05cff8d14c6bc99,c9e30a07bb76b128d81e2d3c1ed9eb9cd6aa962f3867b09e78f3cb7154948562,c9e30a07bb76b128d81e2d3c1ed9eb9cd6aa962f3867b09e78f3cb7154948562,True
0105.png.ots,03252000d013228a846b73800794d755c365785c94830d401a097709fad23c3d,,,False
0105.json,abcf8b14405c9d27b2e1e4defb2020f854eca7f2bbabaf85da51dbcc1d6f80c6,,,False
0105.json.ots,7b2290e03d1f11740e1b10c4a171ab5a5b9869beaf5bfb2e36d5e511e9681972,,,False
0106.png,2d5ad39ad710b7f4d393273db4cd3e418b143887bd907daacf97dd0e3885d79e,abcf8b14405c9d27b2e1e4defb2020f854eca7f2bbabaf85da51dbcc1d6f80c6,abcf8b14405c9d27b2e1e4defb2020f854eca7f2bbabaf85da51dbcc1d6f80c,True
0106.png.ots,bb60706f57d30a206a3ff12b119ff40dbe725f8d9e1920dddfc0df5883bf646f,,,False
0106.json,46264befd3c0827eb956b9e364debf05848d4b633158405a56d996014a77e31a,,,False
0106.json.ots,3c5b5faa5a3f4f0def989ee9c9dc57b7dd55c7d6c8189e3831a2e6e2d0dd3286,,,False
0107.png,1443ea836757eec866d046de69c4be17184faf3e75fabdbef05e4c2fef3dc427,46264befd3c0827eb956b9e364debf05848d4b633158405a56d996014a77e31a,46264befd3c0827eb956b9e364debf05848d4b633158405a56d996014a77e31a,True
0107.png.ots,8c0dc7052fa5b9bfe960c237086a54ecc4109a71e154da2fc19ac635b39e2638,,,False
0107.json,9d638e85e52d84e3be578f4b3517a99357d34c1c63c71671a21b2a67709786d7,,,False
0107.json.ots,d6e326520fe18ec1be1c78b8bb3bc72d17f5a8fe044e0486e66911241c3556ad,,,False
0108.png,1155eb56b6d6e973b39a36830c8188df96495168d433244a0d0a33f35e3aa991,9d638e85e52d84e3be578f4b3517a99357d34c1c63c71671a21b2a67709786d7,9d638e85e52d84e3be578f4b3517a99357d34c1c63e71671a21b2a87709786d7,True
0108.png.ots,869f4f37acae57240bdf15e63989fde81c25840ba96b8f2a8fd268c947457c04,,,False
0108.json,669979362c250abf8c8eda34861fafc7c247c65ea7156ad8d50763a1c33b684b,,,False
0108.json.ots,6495ff4d48fd5ecf9835095c595bdd1533495f09fc198deae4c79d6d3d4a8023,,,False
0109.png,c1f3b80b68ad63711a19ab2fd24651ded1bdacf3bca783b1750b326d9a30fd98,669979362c250abf8c8eda34861fafc7c247c65ea7156ad8d50763a1c33b684b,669979362c250abf8c8eda34861fafc7c247c65ea7156ad8d50763a1c33b684b,True
0109.png.ots,87559e6cd5840a67aab6e9d1bed5fe9b280c735b1908cc2de01f75d1d4a7d57c,,,False
0109.json,45484e5159c0050e6fef921010dbb3c1a310a38c9c754b67abfcf4ffa329c1a1,,,False
0109.json.ots,2883efafa2bad3ff2be32b91891cc96e54bb9d0404c46f67edc6d5e27f6dd6ab,,,False
0110.png,2b996bc23894f8f731aed3ed80d15ab15aa796e1138310948f49587e986f4a81,45484e5159c0050e6fef921010dbb3c1a310a38c9c754b67abfcf4ffa329c1a1,45484e5159c0050e6fef921010dbb3c1a310a38c9c754b67abfcf4ffa329c1a1,True
0110.png.ots,0c852ce9168b6aba536e4fd9ab4e8d066020827055cbe7a76885791a76901886,,,False
0110.json,6b3d76a77adc5bc3cd8706c3442a77c56be187700990fef4d37332fa16e8b208,,,False
0110.json.ots,b72b3754c593b95905e16f9610280d84131a54a4c7150fab5a72a859f27d82ef,,,False
0111.png,935858e7ab09b9bbc4af8c95d66ce7a9456f6e116a2c79d66876cfc3731c302e,6b3d76a77adc5bc3cd8706c3442a77c56be187700990fef4d37332fa16e8b208,6b3d76a77adc5be3cd8706c3442a77c56be187700990fef4d37332fa6eab208,True
0111.png.ots,8faf24813eae02f94564e3e45a2f2e8cb70600c70c94cba8f9ee7c147a1a8eb1,,,False
0111.json,1e4faaf5afb2836b352ab7b0d6e8e16c677a76de82e0a608da72b0c2d74f315b,,,False
0111.json.ots,303677236f6baacf4a29d66625a8b9b09f598e22d5cf38c576342ff1cb1d9424,,,False
0112.png,2a8dbe6a67b874f54593e364ab3a758e10a1813ceb19bf01bca2cd6929053d7e,1e4faaf5afb2836b352ab7b0d6e8e16c677a76de82e0a608da72b0c2d74f315b,1e4faaf5afb2836b352ab7b0d6e8e16c677a76de82e0a608da72b0c2d74f315b,True
0112.png.ots,fc2bffd238f89a4ba71b06964b0943855b8ac86a8c58951e62c5765a586356ff,,,False
0112.json,1d610f1a5c564f9fdb3790ef0b44f1f9334b055cef881ed9e0e19a6c7654ea12,,,False
0112.json.ots,beabcd4bcac0aa499265a89039c6b5b6d9a6f85a1ec1615bec407dbf24e0dacc,,,False
0113.png,d6b2cfe2535e59b0cf54ac764294fa84d8abc241e21e524fb69e505a4020a446,1d610f1a5c564f9fdb3790ef0b44f1f9334b055cef881ed9e0e19a6c7654ea12,1d610f1a5c564f9fdb3790efeb44f1f9334be55cef8a1ed9e0e19a6c7654ea12,True
0113.png.ots,14e98eca26aec349cf9efde08f883192f9234084ccbdcda2619ac50120b25f32,,,False
0113.json,f4972286092d14d89b0158d59541fe9bb21ffef5321b8120f019cf5453425098,,,False
0113.json.ots,ad220bba51002cabc4dce2999f491a8444df6e91e1505630da2979e2ec305723,,,False
0114.png,80718dc1d2dee8d9fa82d601111d23849416e4cdb4f30a55051c759b1e7e5039,f4972286092d14d89b0158d59541fe9bb21ffef5321b8120f019cf5453425098,f4972286092d14d89b0158d59541fedbb21ffef5321b8120f019cf5453425098,True
0114.png.ots,6803e5eda36ef529c553f00d7e738c2fbca3dda95cb7aa040ebebb532cd323e0,,,False
0114.json,741820e754544784ca833a870d2ca49f68de2af8d21650381a1fbd28baa09b4e,,,False
0114.json.ots,d55851220357bb2704bf583f46148ec5406dfa637fe0ae5e9012af5cecfed4b6,,,False
0115.png,f872143fd30074b47e61f183710662fcef766397193c30131a0b904cc9285327,741820e754544784ca833a870d2ca49f68de2af8d21650381a1fbd28baa09b4e,7418206754544784ca833a870d2ca49f68de2afed21650381a1fbd28baadb4e,True
0115.png.ots,15475c0d683ab6a32da1a81dda4368c0f66924d5defb750c9d0493b6b5b95041,,,False
0115.json,9c4e3c3f098d7bd140a85e4e23e6a31bfd537c30955d73d5b7a8ca1bb8f83d05,,,False
0115.json.ots,3f912dbbba9691651f3d080ce14ba2d5764420558820370f5443a818ab0da4a4,,,False
0116.png,7989ec294ac52c5b843a8afefcb3d0e28f4fc2390d52f6f42d8fbdcec9bcba60,9c4e3c3f098d7bd140a85e4e23e6a31bfd537c30955d73d5b7a8ca1bb8f83d05,9c4e3c3f098d7bd140a85e4e23e6a31bfd537c30955d73d5b7a8cabbefe3de,True
0116.png.ots,908d2fd427f5c80e92a085b5a41c97193cecda046a177175e362153f9b9de83f,,,False
0116.json,189fabb6839baeb5463b33bcfb431b96431af5256ace00ed97a8717f4998c622,,,False
0116.json.ots,591e5e9d17d7caf565699d184928f805588b4638bf0df0815261c647431bc501,,,False
0117.png,a6aba224d785bfb273ebc049a99b34de6b18e0c40ffe852b79a05ed241412805,189fabb6839baeb5463b33bcfb431b96431af5256ace00ed97a8717f4998c622,189fabb6839baeb5463b33bcfb431b96431af5256ace00ed97a8717f4998c622,True
0117.png.ots,d8e2c2d049d50dacfff7c90b7dcbbbb3f82e40dccfbb466dc95bf370cd64cc7a,,,False
0117.json,99cf55c24d0b21a041818d313ae1b39b9aaa1894e46ea53f3d0bd02703cf32f7,,,False
0117.json.ots,03a7cf06f753c755a62fbc8b7665bb14ca3f473f739fab71732287acd7698c94,,,False
0118.png,670ac30f9648a9902f7b5b8a7294a4afb9d9c28c52a207009c2deb23e2713a91,99cf55c24d0b21a041818d313ae1b39b9aaa1894e46ea53f3d0bd02703cf32f7,99cf55c24d0b21a041818d313ae1b39b9aaa1894e46ea53f3debd02703cf327,True
0118.png.ots,442f2a9092ca97199a546ee18c27b39f884d6398f7a2899f2c954f432ee54d73,,,False
0118.json,151e20b8a7567f0beedeebc97f41dc33274736e99115ea0e7b1263143b838bfc,,,False
0118.json.ots,463e756f995b999904fab98c374063c7b2fc133b69efe4f82b5e9d9ef0ae258b,,,False
0119.png,468314d5f12cbdbe893052dad0d1da8375ef1c5524b31e19c70272f47a926cce,151e20b8a7567f0beedeebc97f41dc33274736e99115ea0e7b1263143b838bfc,151e20b8a7567fbeedeebc97f41dc33274736e99115ea0e7b1263143b838bfc,True
0119.png.ots,40a7aeb9a90cefc47e52d5ba542f068a6ee0067fa22cb129aa987f1dbbf3cdab,,,False
0119.json,5fee7eff31aa53c97151c8875d127d28fd382b64ac7e167f0b203590f4f33228,,,False
0119.json.ots,344514a2f215eeef614e331f47d9edd1f18d09642aa2fb80cc258a54365cb452,,,False
0120.png,350f666f91fce5a71316cbef2472512cffdc5f612b94210a622b6a9a4023857c,5fee7eff31aa53c97151c8875d127d28fd382b64ac7e167f0b203590f4f33228,5fee7eff31aa53c97151c8875d127d28fd382b64ac7e167feb203590f4f33228,True
0120.png.ots,70acb590d6213dc495d68941b425bf0e96f22b12b9af4d3cd14a98f35a18efad,,,False
0120.json,59ebe15064fc34811462646102340f4b7ce4998235a98b4a38a67bef0c123ace,,,False
0120.json.ots,e583c469fbbf0dfed5eee8868b74d7b96d3027c0495e15a4329370d4f0731165,,,False
0121.png,2c3a2ab692df15ee1ab48b9f54a3ec1d900d0f49089ac049278f26ab4fbf75ac,59ebe15064fc34811462646102340f4b7ce4998235a98b4a38a67bef0c123ace,59ebe15064fc34811462646162340f4b7ce4998235a98b4a38a67befec123ace,True
0121.png.ots,d72d3fda6094176dcae6560d1eaa1002744288f8dd6623db85bcc6de6d812572,,,False
0121.json,d705d17e756ddf7f70aaf41ef226bf45d6439c8ba7fd65961e1283828a200663,,,False
0121.json.ots,2948a8625206a24f09823cd378046e9b645edb504c4e0d119ccda6335d567aaf,,,False
0122.png,e5b496eb0189b126961597300f61726a6675214d2442114a778ed2528b514bea,d705d17e756ddf7f70aaf41ef226bf45d6439c8ba7fd65961e1283828a200663,d705d17e756ddf7f70aaf4ef226bf45d6439c8ba7fd65961e1283828a200663,True
0122.png.ots,e55fc4a4c27359460fbaaea12df2a0289c89197a25e2494df40151285de03d51,,,False
0122.json,fe0c7cc15e925034759fa8391da5016158b71a49d7ae3fa69887d95bc69204cc,,,False
0122.json.ots,a315aedebc7a182d645dc21f6a7d3e6ee816877a4e70c3971da4cc68bc37d018,,,False
0123.png,f3066de4d1cf501da8f41045198e0dcf3d4a284e6a8784baa9cf142c0520c29d,fe0c7cc15e925034759fa8391da5016158b71a49d7ae3fa69887d95bc69204cc,fe0c7cc15e925034759fa8391da5016158b71a49d7ae3fa60887d95bc69204cc,True
0123.png.ots,d151a2177efa13d667ae1cff7596abb9fdfe58f8bc9877c5037363e1fc825e55,,,False
0123.json,737e349a868b1c803298a8113207f40b591bf6cb23ec2387e0a237bd3f85e531,,,False
0123.json.ots,088c8a9cdedac98b73d72a15ee47826af53bbd9245921430c1a7ae8bb257c882,,,False
0124.png,95ecd14cde80974f6e21ce5f9a3060a583ea255be1298df20e866bb3a84c83a7,737e349a868b1c803298a8113207f40b591bf6cb23ec2387e0a237bd3f85e531,737e349a868b1c803298a8113207f40b591bf6cb23ec2387e0a237bd3f85e531,True
0124.png.ots,3590e03e0f7b16212e12ec0c8b7b3f1e9f086a57a6227344a947332baa3c57df,,,False
0124.json,9d36d10d98037d530c0bbaeee34aa687fa7a96bed9d365ebe8477843fd89abd6,,,False
0124.json.ots,8292c816b36403f4dfb5af7f89d7bff1f80846a7d8cc94e2bc39d9c88c19d222,,,False
0125.png,50059ae9b427ea3b8de06cba88866bf7c193bea70ae957274fa60d9755a8c640,9d36d10d98037d530c0bbaeee34aa687fa7a96bed9d365ebe8477843fd89abd6,9d36d10d98037d530c0bbaeee34aa687fa7a96bed9d365ebe8477843fda9abd6,True
0125.png.ots,34accfb284532084f8319c2849c1aa5d3bbcc5f178388809cac1471d142cb10f,,,False
0125.json,98ffff6db233b39f708817b9236fcfbf2e5eab2bf95dc47e6a1767c366ae3d68,,,False
0125.json.ots,1c83af280c2e33641f86cd9f6ba539ed2c44b70615da4b85d941388235fdedd2,,,False
0126.png,533bd2bb1946305c3dcdf9517d34eddb4e35227d67018b682ec2e7fb1ee30cc5,98ffff6db233b39f708817b9236fcfbf2e5eab2bf95dc47e6a1767c366ae3d68,98ffff6db233b39f708817b9236fcfbf2e5eab2bf95dce47e6a1767c366ae3d68,True
0126.png.ots,801be8a109f1ae69e3069e81bf4f7e2fff3b209a88114d37866f4d1c6a6b21dc,,,False
0126.json,9dff8e076e0c5223ba52a87548d67b74ef3c6d82e878315893b820fd1b056d80,,,False
0126.json.ots,2a3dc084b556d5bca2b16c5f20190824a288e204da832c73fcd2f81c1f2461f6,,,False
0127.png,985e7a6672046d0da27c6c9fd500e61e4d604adeffb478600b34b20ca4acd802,9dff8e076e0c5223ba52a87548d67b74ef3c6d82e878315893b820fd1b056d80,9dff8e076e0c5223ba52a87548d67b74ef3c6d82e878315893b820fd1beed3e,True
0127.png.ots,cf71b3ada7a01f3614e13176bc778cc1fba192531e832f72ce4be4c75c6ae5e1,,,False
0127.json,cec9a213bed7fa74432a282a118d00032d438b9b3bac0d87e7128a776096992b,,,False
0127.json.ots,2b347870bef3502f2553f62ee21213911335937eb41f7f6610d5075593d65613,,,False
0128.png,0dceec932fcaa59c1656c6bc5cfbf80e9a88a6e7d7b8fbbf2c22a703e0410288,cec9a213bed7fa74432a282a118d00032d438b9b3bac0d87e7128a776096992b,cec9a213bed7fa74432a282a118d00032d438b9b3bac0d37e7128a776096992b,True
0128.png.ots,e5b76adc56e7f618eb30658db9f780e8b9062fea46878d95e0e6ba60812d1bc1,,,False
0128.json,89423fe44ed4180a71e518c72962209fe34c5158aab5349fe0e2701466f8d2c5,,,False
0128.json.ots,da7ce154002660cb0ba6a5118805e83c1c3640f203b1c6be53924938d5f92fd0,,,False
0129.png,50ca5e729d753101efe80872d3949ea9f6d46e3dc92c0458d52c916f6eac0aa3,89423fe44ed4180a71e518c72962209fe34c5158aab5349fe0e2701466f8d2c5,89423fe44ed4180a71e518c72962209fe34c5158aab5349febe2701466f8d2c5,True
0129.png.ots,9380eea6a2bf0693649a167757e9db9741ac1461a5b9f372ad15d321cba09aaa,,,False
0129.json,09c3923b73f4f3be6cb5cc45a08452a1d0de871317d52892b9675817b211bac9,,,False
0129.json.ots,245dcb681c649dde3e9b318ea4d4622f219ce33d5486e9708564e4b94fb459e4,,,False
0130.png,9d8f3a8c68395c777f0d764fa565c6a983a4fe5525120013c44ee3ba8e894ac2,09c3923b73f4f3be6cb5cc45a08452a1d0de871317d52892b9675817b211bac9,0903923b73f4f3be6cb5cc45a08452a1d0de871317d52892b9675817b211bac9,True
0130.png.ots,cf2cf99add964d09cd566ddf65a484f924b0993ae50b2938a9e2c07e838f7980,,,False
0130.json,44a64ffb5ac7a3451fc64541f6bb6e2b300a3d1b319fd960b16208f3a8350ba3,,,False
0130.json.ots,84345ca563a0467f5518a215b23664d0f0cc39abf6dce2e66b9a0ed4069d4762,,,False
0131.png,da70d6b4ffb2db08de7c85138cebf633b6d67400fabf98e11f6afa67f8b554c7,44a64ffb5ac7a3451fc64541f6bb6e2b300a3d1b319fd960b16208f3a8350ba3,a44a64ffb5ac7a3451fc64541f6bb6e2b300a3d1b319fd960b16208f3a8350ba3,True
0131.png.ots,6897abc0702203eb9210c14278ecb19f99fa19a116d0398d26f2f2bf57866dab,,,False
0131.json,99d55002630d72c04b020697abe7eb3455c2049ef37d2489104f95ff61784e58,,,False
0131.json.ots,8bd1937a11f24cce9813185daaeadffd6ab6ba87254075e3b1b76864b477b72f,,,False
0132.png,cacc860175d49b2b5edfb5a9958632a1a81f3b1d89afe9e142a8e5831f4e5d43,99d55002630d72c04b020697abe7eb3455c2049ef37d2489104f95ff61784e58,99d55002630d72c04b020697abe7eb3455c2049ef37d2489104f95ff61784e58,True
0132.png.ots,4822ca666d4258f2b0c3bc0b1736c0c6550339864a3c1ed74fc4d6d50591f64c,,,False
0132.json,b8966ff17359a63a3320b99e8ea962e3803842727cbafbcb4847105de526c244,,,False
0132.json.ots,05b2ce253c765045120d06d13b44a32ac9049382e3615abdb8c8c83a687c2c15,,,False
0133.png,8f60b1cb04d3cfebb1ab6d857f87fc2bc5ef85ffbe22672450cf66778e1fc748,b8966ff17359a63a3320b99e8ea962e3803842727cbafbcb4847105de526c244,b8966ff17359a63a3320b99e8ea962e3803842727cbafbcb4847105de526c244,True
0133.png.ots,617ec2c8b70772087e40aa024fa099fb449d449573d9ec6b7e89548150c73598,,,False
0133.json,38f9439df459576cc65e46a5dcbcdcc710266b3f0d754d615cee917cd293be10,,,False
0133.json.ots,7e3c287a1aaacadaeb6c4c44ab0178ca6b522f45e63fc6aa955d711ac5d25bcd,,,False
0134.png,9d32bcaed19af8def2193491a6543658aed478b00443bc2cac8aec26c8884e8e,38f9439df459576cc65e46a5dcbcdcc710266b3f0d754d615cee917cd293be10,38f9439df459576cc65e46a5dcbcdce710266b3f0d754d615cee917cd293be10,True
0134.png.ots,980477ad7a1f7bff55da0529c841eaad0231a4421296b61f86088658a55f8f0e,,,False
0134.json,bedd50137c27e51c6cbcf085ced3c67b30b1447c32cdb304f89c7556f054d34f,,,False
0134.json.ots,106e82fa98c5480532caee60db9576919b18dc0f71af6cc86c34d732427338cc,,,False
0135.png,c3c6242b3e165271853029f7b2050d038835ecec29bbc8c5e59b18858f34314f,bedd50137c27e51c6cbcf085ced3c67b30b1447c32cdb304f89c7556f054d34f,bedd50137c27e51c6cbcf085ced3c67b30b1447c32cdb304f89c7556f054d34f,True
0135.png.ots,5a029997307069e8de0338dea48a84a7a9675267053215e75533a2c047725b28,,,False
0135.json,8a5d33143744bb4f5ef79e1813e8ec8b491bd54740d6f47045f12e95fde2afda,,,False
0135.json.ots,ab1e4b7f4b80cfc7bd2d9c11f926686767dfb74bd590f46642b80984ed15fe9a,,,False
0136.png,6375909870146a12710319f900f7ce60a7306a8c3b37c387a8c0dc4a8002a370,8a5d33143744bb4f5ef79e1813e8ec8b491bd54740d6f47045f12e95fde2afda,8a5d33143744bb4f5ef79e1813e8ec8b491bd54740d6f47045f12e95fde2afda,True
0136.png.ots,6c41f2ad1584a4924cdec17856a13acf7a5d9a8733df3a2f6755c5f27b8a54aa,,,False
0136.json,ecbc98eec7f5e5530c98fd49c311c28fa35f8e7542b7951b16ffe669588cced7,,,False
0136.json.ots,ca34aaa25579251acc6a7e02eab120101283bda1446926b7145d271b8f88f11b,,,False
0137.png,fb0276ad2d7b56430085e10cf480bf4fd28617f275cc9af0ff3ecfe44a6b2ab4,ecbc98eec7f5e5530c98fd49c311c28fa35f8e7542b7951b16ffe669588cced7,ecbc98eec7f5e5530c98fd49c311c28fa35f8e7542b7951b16ffe6695eacced7,True
0137.png.ots,995ff1b1ac08414287275f5ab203d4468e21025904d2beb6a8bc738704633db3,,,False
0137.json,dcd15594cba58112d894c218e04676448da97370cf2c673d0d8dbdebb0658da4,,,False
0137.json.ots,d2217c84271da54ef884698677c20fc445ae06b7531bd8c94ce749f9bc10db00,,,False
0138.png,6992a402ab80398dd145bf012d6850a07e23ed2e83fb224cc2d405a6ad19f12d,dcd15594cba58112d894c218e04676448da97370cf2c673d0d8dbdebb0658da4,dcd15594cba58112d894c218e04676448da97370cf2c673d0d8dbdebbeadad,True
0138.png.ots,767b31e008435c419f6f79ad4a670050c340ff3c191b31c19019668ab3b6ec06,,,False
0138.json,3bd80df31e51d8244ef2aa62a9609c3e1e22b51bb91d6a2b22125ff615bd3a40,,,False
0138.json.ots,846725563f320c1685a86ac07fbc6ff5bb9280186c98ff71e5ab99ccfc07de5f,,,False
0139.png,a2786f86f998cf49b7f85a9908e0ee0f0411a67fd1b0008b4a41b124ecc93985,3bd80df31e51d8244ef2aa62a9609c3e1e22b51bb91d6a2b22125ff615bd3a40,bbd80df31e51d8244ef2aa62a9609c3e1e22b51bb91d6a2b22125ff615bd3a40,True
0139.png.ots,ce06a286635b695e2190e73dcf6c6935f47c927f0134af1956d4325bd0c0d1ce,,,False
0139.json,ce2e6675d4ceeff430f96002a962a7ab8d0a87276ea87b86be348bd9a9d4f40d,,,False
0139.json.ots,7aec819470ee2cda8598081ed3bc44d709af5854279fe9f596316ed68f36edf7,,,False
0140.png,5cf23768118f63c0969b062686f7293510a3b16d747eaf1965979f8500901817,ce2e6675d4ceeff430f96002a962a7ab8d0a87276ea87b86be348bd9a9d4f40d,ce2e6675d4ceeff430f96002a962a7ab8d0a87276ea87b86be348bd9a9d4f40d,True
0140.png.ots,d9aea51d279a79b3bb310fd75f3b793869463bbb79e8d969fb04180ad1f2c329,,,False
0140.json,b2f58348359c73e8449bf81da81351786ac8eb62f840449ff54782eab1569ce6,,,False
0140.json.ots,07d6a3b05ff1e9a1f8c3bc1509539be9d313c0ad3a6a090e7a10c6b01132f9d2,,,False
0141.png,5731f8352a9508140446ce5497c1aff9cf80d5a19836b743ac017e00ee004a27,b2f58348359c73e8449bf81da81351786ac8eb62f840449ff54782eab1569ce6,b2f58348359c73e8449bf81da81351786acbeb62f840449ff54782eab1569ce6,True
0141.png.ots,8235780112e8d864c5e8e3c322157206e2d64182c27da4376b2338689666ef8f,,,False
0141.json,57c445b6656ce916fcf44fd743d23a6db19fdaa9f3d03877e0d56a94accf14f8,,,False
0141.json.ots,289f52068402fb0ca753d99973e3182ecfbb1bf41ebdacbf08e7691cf6136b38,,,False
0142.png,0e909424c0a589d89a0efce0b6587a3362cf04d77efee81f4edc8a1e5272baf0,57c445b6656ce916fcf44fd743d23a6db19fdaa9f3d03877e0d56a94accf14f8,57c445b6656ce916fcf44fd743d23a6db19fdaa9f3d03877ebd56a94accf14fe,True
0142.png.ots,5df0a31745cb7f12e886c836108a10cb770c8133f514d0fcf40d7b583937238d,,,False
0142.json,ed488e6bd1f028a669b3fef595b8f88c2049f1a71b430263bc4dd847298c86e1,,,False
0142.json.ots,1ef05625f9d0a5959bf00d0024dfbe3f196849e6792d74366d348c6986b48845,,,False
0143.png,3f9eeb3fb9aa2313c5028f291866da29ba6cdc7dcb223bc24349be643b0ed32c,ed488e6bd1f028a669b3fef595b8f88c2049f1a71b430263bc4dd847298c86e1,ed488e6bd1f028a669b3fef5e5b8f88c2049f1a71b430263bc4dd847298c86e1,True
0143.png.ots,0beaa3cc2d7766872b04b7371183449b9a11c3dd50d687a4c2f9e2289b411ec1,,,False
0143.json,a7dc50fdae8c8f0327ec1fe65505516a1afdf0de7d5bdbfff4d1ac1373efa8e9,,,False
0143.json.ots,1b515cb1f461f50884f7c84e0039bbc0ccc03688e7794b957e4fa73bfe0009a3,,,False
0144.png,9dfa8ed22a975d9e924bbf8ef370c96c58f1cb6afdf375de7fb5dab9b7a82ed2,a7dc50fdae8c8f0327ec1fe65505516a1afdf0de7d5bdbfff4d1ac1373efa8e9,a7dc50fdae8c8f0327ec1fe65505516a1afdfde7d5bdbfff4d1ac1373efa8e9,True
0144.png.ots,4af8576e9fae49dab3bb38af5af8703c8bab89cd407e6545636157cfc968befc,,,False
0144.json,435421c8004d09d923d6c54c86933eb62fbc4d1490e233d9b3343c270ec5439f,,,False
0144.json.ots,753d2898b3afdf4900ba70ccafb3385877d615e1b093dd4148f8331140b3b601,,,False
0145.png,0b55fc0fab84bdefde1ca0ce0bb07cbd422facd92b6a9dbc06f012ae3b46794d,435421c8004d09d923d6c54c86933eb62fbc4d1490e233d9b3343c270ec5439f,435421c8004d09d923d6c54c86933eb62fbc4d1490e233d9b3343c270ec5439f,True
0145.png.ots,d33638655fcbd333ed7ea54917f90840b9a205bd2d830ed31afde64e2e64b481,,,False
0145.json,70c47b640a0bab7af63c4cfb96a799822695609e8acc44392e0c13793cf27c74,,,False
0145.json.ots,f9932bf3d47b8ded36dfeedd9f204de7796b1c8fd04fe39f8e2920fcedc5a550,,,False
0146.png,4f1178d1a5697673ae258c7ed3a24a8247eb2d2d275cc89f3cd3dbb713a1b93b,70c47b640a0bab7af63c4cfb96a799822695609e8acc44392e0c13793cf27c74,70c47b640a0bab7af63c4cfb96a799822695609e8acc44392e0c13793cf27c74,True
0146.png.ots,20f17c51375416d9b057e5572cad45843079241e430bf4ac5795bfff5b36c4e9,,,False
0146.json,e68f91a1833148816125c45efbb368514e2c20e05d92470ff560e18528cdbf60,,,False
0146.json.ots,0f641c803f67da5f1005e655199191d2b5c0d8a14e335420b994f247c4266cde,,,False
0147.png,97a606480bbda1f1579734d78e6a0a641fed4ce863d57d1197b480ad561a445c,e68f91a1833148816125c45efbb368514e2c20e05d92470ff560e18528cdbf60,e68f91a1833148816125c45efbb368514e2c20e05d92470ff560e18528cdbf60,True
0147.png.ots,a99a0b19b1f5af03168f6158d77e9e63df3f7ee72bc1cc1184188f915326e7cb,,,False
0147.json,ed9cf9a764738bb2454c84cf917fe10e5f61d08e7a4e04e87ca5a5838b15b1aa,,,False
0147.json.ots,ac40b973164eb51e8b800c6ece6338b41a8cd8313ffe7caff071b6aad14b51a8,,,False
0148.png,4e627fdfd30e02f52f04ebc5c8eeae497b424ddc7e214e8b980f2b51da3ac18e,ed9cf9a764738bb2454c84cf917fe10e5f61d08e7a4e04e87ca5a5838b15b1aa,ed9cf9a764738bb2454c84cf917fe1de5f61d08e7a4e04e87ca5a5838b15baa,True
0148.png.ots,72072287c5b489e16d24c4d411b6f629ff9c1b0ed9a88b9fa1b70872ec83cd16,,,False
0148.json,0965e7de3e11ab00cda286661a3e3692f10601e5ea08dd9081a342eed2ca2b62,,,False
0148.json.ots,0d90e2d824e2eef2ce4f2ad1787a4abb9b2c7ab66adb120f0dd25dbc558cbab6,,,False
0149.png,0cf616ca3a4b54ecd79c7fefaaaa2e739bc5feefde4aaee9e4fbcb7e19927125,0965e7de3e11ab00cda286661a3e3692f10601e5ea08dd9081a342eed2ca2b62,0965e7de3e11ab00cda286661a3e3692f10601e5ea08dd9081a342eed2ca2b62,True
0149.png.ots,7a3dc4d22efdb53743aa4b8634e27187416f0718a3ad57a49bc5d0ab5b7104fc,,,False
0149.json,2259e81bb9ae00769eca0ae06468984a4981bb1cab30475ebbf3a8097f577a7c,,,False
0149.json.ots,3bfc9bd137730896e078db03406b40213f3325a6eeb1634757d4c058d7dd863c,,,False
0150.png,790a09084fdd89d443e35df5d5179421dd61e437d9a39ea5299c8c43cd3d4525,2259e81bb9ae00769eca0ae06468984a4981bb1cab30475ebbf3a8097f577a7c,2259e81bb9ae00769ecadac06468984a4981bb1cab30475ebbf3a8097f577a7c,True
0150.png.ots,4377457c3f4e1bcc641c7a90b045cf44a87555d440d1d72179e988067e3ccace,,,False
0150.json,e297d60de7781c3450fb4aedd09ca86cc47a204c4914151c22729a2aab8ad51f,,,False
0150.json.ots,7bfd7da4f7f5af5451fd53297ab7d89726b044cb5d044a11b7e30976c44e6124,,,False
0151.png,df8a6fe478269f715f32043efee8d54eb9a09e45726b6a17b17ea7124417c901,e297d60de7781c3450fb4aedd09ca86cc47a204c4914151c22729a2aab8ad51f,e297d60de7781c3450fb4aedd09ca86cc47a204c4914151c22729a2aab8ad51f,True
0151.png.ots,aa29117f1a0c5b065a126ff189aaac5ab1270e9f482b06a8fb97e0cb023a8813,,,False
0151.json,34cb5a8ddcc2c12cfdb66e57934a915c153f5a6d32b92c52c7617570e54b4fd2,,,False
0151.json.ots,67606cc75562ee020a972cf2e331b824bbf56e1979161956698aba53371ec919,,,False
0152.png,fcb9478c5f380fb207eaaf344a89300fdbdbc8b489436a4670ffd90d5c5ca9d4,34cb5a8ddcc2c12cfdb66e57934a915c153f5a6d32b92c52c7617570e54b4fd2,34cb5a8ddec2c12cfdb66e57934a915c153f5a6d32b92c52c7617570e54b4fd2,True
0152.png.ots,9e905429004c4eb875f86cc2b025106f32e88a6295ec952560c4886abceaf8ab,,,False
0152.json,79430c6bb535ba36e580662875ffaa79d48045f47223c96436c65f7a31a94ccb,,,False
0152.json.ots,7cf3b72574cdd4164edbd4e387e4f7899aec7391cb674df1ebbe44dd7b40e26a,,,False
0153.png,6143dc03d335b46b877b4abc38aa7970ca293b6f7be2c7b416c719e346964dc7,79430c6bb535ba36e580662875ffaa79d48045f47223c96436c65f7a31a94ccb,79430c6bb535ba36e580662875ffaa79d48045f47223c96436c65f7a31a94ccb,True
0153.png.ots,22350181d40eef9475a5638093bd3646a3d85b7147cfa393bd196eb369adf4bb,,,False
0153.json,b0bf4a67cfd7b8a910d02b3c1177ee9a0f2c147b7624a5253acadf245ea7157b,,,False
0153.json.ots,be92a0e23c43fc4aa5b6a97000abc7de683191836daa8dcfbfa2387efb218804,,,False
0154.png,a174289f4455814bcdaf445c0ccc720dd1c074f1d702699f6fca68010f73a21e,b0bf4a67cfd7b8a910d02b3c1177ee9a0f2c147b7624a5253acadf245ea7157b,b0bf4a67cfd7b8a910d02b3c1177ee9a0f2c147b7624a5253acadf245ea7157b,True
0154.png.ots,2105f7d4794059f1db011c85b66dfb6a2dc2de9dd03b34e709d2cc7011084cb9,,,False
0154.json,eaa05e5249bad7a6849ab9d2173c5025e3ceba0d68a5370be4d137a4631f4857,,,False
0154.json.ots,a36d377a99683f52719cfd049a52d7c7c69d1550c79b38e7d292fbbe70da5efd,,,False
0155.png,3902383b4649a2c142edca52e565a63f7c637912ab6d73b6a9fd078d3188c2d9,eaa05e5249bad7a6849ab9d2173c5025e3ceba0d68a5370be4d137a4631f4857,eaa05e5249bad7a6849ab9d2173c5025e3ceba0d68a5370be4d137a4631f4857,True
0155.png.ots,b410faf75e7b1b867f3e1343f126c08605867c0d6330a200068f6e39a40c50e3,,,False
0155.json,b78ed849db4e9ea198a98a562df2734be0e740c88f574ed50fe2fa3da3b288af,,,False
0155.json.ots,b2f78ea3be3e00d71d8c81544edba5a48687df1573e41d7b1b3174bca1a9c79d,,,False
0156.png,5ac66b1cdc539d5baae4c893d422e9c7c5f8e8317b078a51ea8b6888b1b4085e,b78ed849db4e9ea198a98a562df2734be0e740c88f574ed50fe2fa3da3b288af,b78ed849db4e9ea198a98a562df2734bebe740c88f574ed50fe2fa3daab2a8af,True
0156.png.ots,232e7528df6288803b10e848977669f522e1d0c5e29c5cb02b88a654c3d79331,,,False
0156.json,7a48084a356032c5678765b6fb8541366ceebf3febf8f56f4e600082869a603a,,,False
0156.json.ots,18768a524a975ffa743a9367230260097d100b4f93db6c6bff2bd25d5f714e49,,,False
0157.png,d9bfd0ecb84a1a86d9ea6faa496d1d33655edc0f5e9e81758107ca097691defb,7a48084a356032c5678765b6fb8541366ceebf3febf8f56f4e600082869a603a,7a48084a356032c5678765b67b8541366ceebf3febfaf56f4e600082869a603a,True
0157.png.ots,974d746bfac73063310eb82595ffd9c8a75e7d3a44436adecab4f1192a14ad08,,,False
0157.json,403d77c344c163ae8d84228144ca34e2fc328d5047e22390db873cab8bca12b8,,,False
0157.json.ots,b4c2e3b3ab1d012baeeb78758794b8d52733ab9d4b8aad9f2a197e82f6dc8262,,,False
0158.png,d3e44f0de2182f1c6596a5e2281805a95a851839ae57a4d75333735458b96f59,403d77c344c163ae8d84228144ca34e2fc328d5047e22390db873cab8bca12b8,403d77c344c163ae8d84228144ca34e2fc328d5047e22390db873cab8bca2be,True
0158.png.ots,6636becacd810c4beca5f7a8f571db7f8f75be4b3a5c2450000d9239c82ffcf8,,,False
0158.json,7d33fe48c1252cc98b85b07580b56c56a48cfdb885d072efc71aed8d2443fde9,,,False
0158.json.ots,7005e832602caef8f046ff56db34b0a5f4cbf4ee8cb94066a2fda7a07ee2ac75,,,False
0159.png,9755c9a3f50a82e00c11aafd9e56a246c22733de93d9d302e5446c36e7cf4fb4,7d33fe48c1252cc98b85b07580b56c56a48cfdb885d072efc71aed8d2443fde9,7d33fe48c1252cc98b85b07580b56c56a48cfdbe5d072efc71aed8d2443fde,True
0159.png.ots,028185d36aa61dfde6874f91ec5466b6bc221a54e49ea6a57f0cfa75f499a1df,,,False
0159.json,95d36ab94c6c345d559aaeaddba147317cb605b8cd0e91fc363f58792a91fc9f,,,False
0159.json.ots,64ea234be4b7e82274363d9f4c6540556eb7a269c26844f3e5da239567fd1664,,,False
0160.png,2bde4bace0303b124402b82bb54a2617e08ff00c038841abfd6484dc13f400f5,95d36ab94c6c345d559aaeaddba147317cb605b8cd0e91fc363f58792a91fc9f,95d36ab94c6c345d559aaeaddba147317cb6eb8cdbe91fc363f58792a91fcf,True
0160.png.ots,61ca98ba83ea7ca890053345573b7745c7f37767fdc43fd69de153ca4002b283,,,False
0160.json,879c7a91cbea36e78f0e0253e4d7fe56f56f166c1770646bc83f76c0c6e555af,,,False
0160.json.ots,5374575689a81f51576956ec3f2c97a39730dd2754154b5b6f343a85e03e2f63,,,False
0161.png,239dbf98f24d13b5f1f664d875fd3dcffe62eeda7f7e14aec1d84834a53386ca,879c7a91cbea36e78f0e0253e4d7fe56f56f166c1770646bc83f76c0c6e555af,879c7a91cbea36e78f0e0253e4d7fe56f56f166c1770646bc83f76ccbe555af,True
0161.png.ots,a653885374f614b06026716cbe2af23ca359973135852c45bbdec57d39b3c310,,,False
0161.json,9e8cb00e5c1d597203da6ae76f2c6c5a400d723a0f72f95eb8a1b937b883fba6,,,False
0161.json.ots,acda684e3362df7b4d43f2173a03c3ad9494920a51d172d14f1f8b761f2e95ed,,,False
0162.png,a186870afc11023a247c5e0441f995f1d6989c27e6708d86752e233f95ffbdfe,9e8cb00e5c1d597203da6ae76f2c6c5a400d723a0f72f95eb8a1b937b883fba6,9e8cb00e5c1d597203da6ae76f2c6c5a400d723a0f72f95eb8a1b937b8a3fbab,True
0162.png.ots,c8c7afab85c4a074c6e71dec26398e9d3acec862c7a8cde57b4e9db4306b7933,,,False
0162.json,ae89c90d86d5463b2e2940f43c12e13c0c0fe4c47c3160f8cbe10e44f12c88f2,,,False
0162.json.ots,b169a9442492058353426639e4a93a1ef818e77d17b1b5b654bb5564c5439d7e,,,False
0163.png,bd73ac126bc0d1498c33860693ca87480993e93005fb62395aa98c051959f935,ae89c90d86d5463b2e2940f43c12e13c0c0fe4c47c3160f8cbe10e44f12c88f2,ae89c90d86d5463b2e2940f43c12e13ccfe4c47c3160f8cbe10e44f12c8ef2,True
0163.png.ots,883816228b0ba240992c737e8590369f44f93990fd61c7c3af507ea5fe614a51,,,False
0163.json,9bdb7f969944faf8ed718994d44379e9391841bcae33993bde778424fd3e2c16,,,False
0163.json.ots,4d8c0865bdc67fc7f03842cf9298d7144292e2e488efc2ee4ee6121c22a005fc,,,False
0164.png,4e07024d9a8bc510b247c1cecb8d5443fa7dab5d3e32753ccbcbfc32d69b8505,9bdb7f969944faf8ed718994d44379e9391841bcae33993bde778424fd3e2c16,9bdb7f969944faf8ed718994d44379e9391841bcae33993bde778424fd3e2c16,True
0164.png.ots,6a3792a18d9abeff1fef94f7e8352037471a2c7fcac0aabbcc0571d384dbc1e1,,,False
0164.json,b7999add44a67ddf5c53b4248cae5684e9ab4f7ef14577f35be4554a9e2a1fc3,,,False
0164.json.ots,9c045b03776ffd2fb0446ec467b922f19fd6d609681a483126a9b02e420208b5,,,False
0165.png,0d4a92bc7fbfb17fc3a9d096ae0499d6f684fc37338132fac29f5f9ce6e73858,b7999add44a67ddf5c53b4248cae5684e9ab4f7ef14577f35be4554a9e2a1fc3,b7999add44a67ddf5c53b4248cae5684e9ab4f7ef14577f35be4554a9e2a1fc3,True
0165.png.ots,d3772dfecc76568ff25bbb72b464250f5ac6a750f7cc060f617212f87739094d,,,False
0165.json,d16f7a5141301b2b030569fc8880d36b60eead4479e063e6fe2aefca710c1196,,,False
0165.json.ots,2ed0a39981c553602bfe39e20f053fad5db51582de6b236a112bdda68b9fd6e9,,,False
0166.png,0fb00682c576ae2c2e006bc9e246a2e8c37694bd0f99242ce843a57f3fd72836,d16f7a5141301b2b030569fc8880d36b60eead4479e063e6fe2aefca710c1196,d16f7a5141301b2b030569fc8880d36b60ceead4479e063e6fe2aefca710c1196,True
0166.png.ots,bc13adbaaa75bc303a232db8e6caec4d7abbfe8b0bafead4cde2f415b62adc1a,,,False
0166.json,21220286674fbfff7225138092d0e1184a9171ca1f851a05880bd251bc98a790,,,False
0166.json.ots,d160d257c495b4d664167e4f0ff22a35938b5e9ca486c1fb5dbc73199f8532b2,,,False
0167.png,26dc8e92888ad967527804318f5b07d132d806c534443117f7b213d380ce8123,21220286674fbfff7225138092d0e1184a9171ca1f851a05880bd251bc98a790,21220286674fbfff7225138092d0e1184a9171ca1f851ae588ebd251bc9ba790,True
0167.png.ots,999efb707ce002f9e4eff3932bcfbae583d419f4af105f7796b4bff498dc89eb,,,False
0167.json,fbb77cf175f0615af464d1c7c594f983c0e4afbb93cbfe4951345396172a4bee,,,False
0167.json.ots,3cd57403353a4605c5a1cc1ca9787871d25904ef9e00089cd3c5236dcb407f4e,,,False
0168.png,2663391398a6587457c5720d81ff8ec93aa234e27c9188471ba156bf70cf2d32,fbb77cf175f0615af464d1c7c594f983c0e4afbb93cbfe4951345396172a4bee,fbb77cf175f0615af464d1c7c594f983c0e4afbb93cbfe4951345396172a4bee,True
0168.png.ots,bc1463caa07692e193879939b196287e5f6d10037a5949adedefeaec544a6e1b,,,False
0168.json,2d76c151ae100a5c327e79001c3c29f376afec84d2c4b381de14f3a1bd2c3a46,,,False
0168.json.ots,0b3c11597ebbdd5e9817af7765d0cad3e46aab1d7e330df8adbe300be7ba0fd9,,,False
0169.png,0cba694f9b6f22c0323f19275c3c7997455fba62fa65cb734defb911cbb9ba1c,2d76c151ae100a5c327e79001c3c29f376afec84d2c4b381de14f3a1bd2c3a46,2d76c151ae100a5c327e79001c3c29f376afec84d2c4b381de14f3abd2c3a46,True
0169.png.ots,38321eb214024ac3ea97ee2d9bb75279cae36a5cd85ec0c1b41097af46307f5a,,,False
0169.json,1181a5fc8f41bc5186198a8e857b68f051990300d94bb49b22815201264a3d42,,,False
0169.json.ots,747eae129e3201a99aed3ca9bf93dea7bd25784495676dc5d1a86368eab9ae81,,,False
0170.png,fb591104d35451473a2b3f79bfb4589363dd75ed05fa67e663faaea90139b4b3,1181a5fc8f41bc5186198a8e857b68f051990300d94bb49b22815201264a3d42,1181a5fc8f41bc5186198a8e857b68f051990300d94bb49b22815201264a3d42,True
0170.png.ots,ce39e69627ddeae678da5d89c1fbb9c64f5c4fab5b6e382577b3005a92824c1d,,,False
0170.json,f9af7f01da2c56d7286a59097414041a9922f7f4cc1a2519483720c5a04ebc46,,,False
0170.json.ots,144c56ea7df6d21e0c9248313d325f25257e4be953b4a3eb5eb4c61bf0e7765b,,,False
0171.png,cbc777418183301ce71b85eb87d314edaf2cf9b7f4345e86b62f285b1dd8dc1d,f9af7f01da2c56d7286a59097414041a9922f7f4cc1a2519483720c5a04ebc46,f9af7f1da2c56d7286a59097414041a9922f7f4cec14a2519483720c5a04ebc46,True
0171.png.ots,19fea2660901d37769019ddb6dfc34c68e6359320e8b0db3ca747f9c085268d6,,,False
0171.json,4a60896c866ab6adde82059aabab649b06e9e623155dfead987580690e5a9133,,,False
0171.json.ots,64c6e1b9cc99f51b4b1f320c994d9bf2ef7080ded59e969f9c9b8610af5a4f2f,,,False
0172.png,188e979e2e2d2522ca4920d422b63d8dcd924912f3e8fd4a75af8fa5c3760536,4a60896c866ab6adde82059aabab649b06e9e623155dfead987580690e5a9133,4a60896c866abbadde82059aabab649b06e9e623155dfead987580690e5a9133,True
0172.png.ots,9711d822982f56918262e25d207678015e3dbe248ebbefbb4961af823b5ba2f5,,,False
0172.json,4c6a86e4b8ae7dde35f171ff7ad01e497294408d053a8c75f4d6bef30c3be0be,,,False
0172.json.ots,f5480c8aee9a1b48d8535223bc474250a2079e4aa329e2c7cac7f13151a2c565,,,False
0173.png,4db0a6cedc401f24297a5b53d4cf827646900fd2f3bc97ae9d3bb7d6fcee1791,4c6a86e4b8ae7dde35f171ff7ad01e497294408d053a8c75f4d6bef30c3be0be,4c6a86e4b8ae7dde35f171ff7ad01e497294408d053a8c75f4d6bef30c3bedbe,True
0173.png.ots,e61d601d75382db2e1de82aa5f6eb15101196d4e86a6f223f3ea6c3bb465d290,,,False
0173.json,a47ce83d5d8ea0653d721639315a93e5d37931770efcf984588736696a38a094,,,False
0173.json.ots,073c6c3b264d9e58253b7ac3d18f19cacaceb6e22479ef06507f3b4b7ed04115,,,False
0174.png,43139e94f81db0e3c24cd4db475e9542226374b90822ea3811410614bd86e7da,a47ce83d5d8ea0653d721639315a93e5d37931770efcf984588736696a38a094,a47ce83d5d8ea0653d721639315a93e5d3793177efcf984588736696a38a094,True
0174.png.ots,58abb87b1ef4208065e94cf00423a69ae35f06047fbf8ce3ab1a6c14afd48acf,,,False
0174.json,7ba7b36f6286f851374f41ce51727012ab00dfec639d32ca8263d4b49c926db4,,,False
0174.json.ots,d2e4cb4a68e58fd7013faea3731c07c3b915d0ab47461e6da7b52d3531226b0a,,,False
0175.png,ee9c7d7753dfe4fdf4f5aa1cbe0e240da654f567d616db7d5db3f9b0e52ef53e,7ba7b36f6286f851374f41ce51727012ab00dfec639d32ca8263d4b49c926db4,7ba7b36f6286f851374f41ce51727012abd0dfec639d32ca8263d4b49c926db4,True
0175.png.ots,bd297b93f259af281d32d96d6a8f2161e4ace9547c5e012f52a49aeda47aac70,,,False
0175.json,03c03dde7c26631dc0e432e9508979a3bd3d2c59a181d1810c5dd1cd000a1f63,,,False
0175.json.ots,29bb0ffc286f8af3fa4431539d807375f51f62804123ed1a2eca2cefb9a92884,,,False
0176.png,c19c95e84b9a4b066bcf1cb6c33d6eee9cf15b2f3e890fc124fb305b84aa9c6f,03c03dde7c26631dc0e432e9508979a3bd3d2c59a181d1810c5dd1cd000a1f63,03c03dde7c26631dc0e432e9508979a3bd3d2c59a181d1810c5dd1cd00ea1f63,True
0176.png.ots,c3a40bab1fa87d543974f5e0cb57aa7f1939f9239c4ddc40bbfc48b2045077ee,,,False
0176.json,e0e1ecc4a85c30b533974befb3229327f367a7134d51581735a612b0de8400dc,,,False
0176.json.ots,dfaebb0339a402e453bd65fd533a6270e2063754de56dea245b94773420ff5bf,,,False
0177.png,e65ee44b90f664f1ab4a9cddea38ee723a2bb3e8917fe364ff1857b4ea2df419,e0e1ecc4a85c30b533974befb3229327f367a7134d51581735a612b0de8400dc,e0e1ecc4a85c30b533974befb3229327f367a7134d51581735a612b0de8400dc,True
0177.png.ots,a0c0660e19ff8379fe47d71e9573e99a3f0cfcde1d5071967c0da01877590370,,,False
0177.json,c221fcfc08ec323e7d3dcf7b122100daf781385588dcd663aad56d3d4d38aaf2,,,False
0177.json.ots,55a16c24d32c756d7f3c80bfad89cd87734bba4a150aea3fa27da4c6348c887c,,,False
0178.png,b26d101eae4a2b93e9ea0a484af419caed3d06ba424b17a801ffe6fad99b025b,c221fcfc08ec323e7d3dcf7b122100daf781385588dcd663aad56d3d4d38aaf2,c221fcfc08ec323e7d3dcf7b122100daf781385588dcd663aad56d3d4d38aaf2,True
0178.png.ots,820d94075f572fe9d1da2059958c4aae035f655d144ae4e24956dc83a3f0adcf,,,False
0178.json,cbeaa03736bf82bcc300bfedd2350ebbca6c6c72a1693af3c959a0f70a959f95,,,False
0178.json.ots,a33b35ff577c954ea559717d69ee8ca885b6d35a6fc8f9861c64efbec6bb7178,,,False
0179.png,0509400ffd66d27f9fdfafba2b4662cb44fa2a9ec3dc53c648b946bdcbd2fcd8,cbeaa03736bf82bcc300bfedd2350ebbca6c6c72a1693af3c959a0f70a959f95,cbeaa03736bf82bcc300bfedd2350ebbca6c6c72a1693af3c959a0f70a959f95,True
0179.png.ots,31472b594da8d008169ac02eee1ef5900fbddce4156bbac3706e156ec7d44b05,,,False
0179.json,b8dfad6e9f618856f157f6c6bcd74153dfc53e65e4e85edfc2e344ce83811e89,,,False
0179.json.ots,14f2dc4700398e65c92a83271a662c4b0bf88f61c5e81192cb3e7c9cf359042e,,,False
0180.png,d2138f82add8d3828c312f50b0ec15a26f985f1990f2b36d17d8c3e7ea158063,b8dfad6e9f618856f157f6c6bcd74153dfc53e65e4e85edfc2e344ce83811e89,b8dfad6e9f618856f157f6c6bcd74153dfc53e65e4e85edfc2e344ce83811e89,True
0180.png.ots,91fd1edf18faa6a0530d059e982f6dca8636604a3aef18a6e9ebf91a5b9eef8c,,,False
0180.json,9bb6693b55988ef52bcac215b81b5d69646c27793a604ce08585dee8accd2242,,,False
0180.json.ots,ca304288bd9b29d1386fbe67058de9d61369c107d9da55a84cc28eae3e789787,,,False
0181.png,12d0acd9508300f11e756931480e51be121d10976dcb3b9e6526a8e55f2c4326,9bb6693b55988ef52bcac215b81b5d69646c27793a604ce08585dee8accd2242,9bb6693b55988ef52bcac215b81b5d69646c27793a604ce08585deebaccd2242,True
0181.png.ots,5003487b30e44cbffc725d227b74a5131bc24aa020b74c79acb9e1bf60e80410,,,False
0181.json,bdf7a1cf925ea82338e59cfd7d0d5c07b24a7b7453e0447e1e8ebc1ec26621a6,,,False
0181.json.ots,27c8ba3a60b76f12be4c387b1accd8dd5afeb7fbc94872d4f284170255def1f0,,,False
0182.png,6197649930fc53fe5d0936d60d187f1557fcaa361ec4ac78364ea27805010e98,bdf7a1cf925ea82338e59cfd7d0d5c07b24a7b7453e0447e1e8ebc1ec26621a6,bdf7a1cf925ea82338e59cfd7d0d5c07b24a7b7453e0447e1e8ebc1ec26621a6,True
0182.png.ots,7fd09b3fc24b6c3da88b5ca6cfe458d2dcabd2710e014b170b9cc2ff7ea136ff,,,False
0182.json,d11c748cf3b3a04b2315a85f21b13332e4e0a85df5e5f5b856b950f69405a06c,,,False
0182.json.ots,574c56a039e66fe417b9af8c347fc3e7ee9190eb28e14739173f012a34c57622,,,False
0183.png,25dd64761d15c5f054cab02da7f1d682da93ad587ca1a418c724338cbf7483ce,d11c748cf3b3a04b2315a85f21b13332e4e0a85df5e5f5b856b950f69405a06c,d11c748cf3b3a04b2315a85f21b13332e4e0a85df5e5f5ba56ba50fee4e5a06c,True
0183.png.ots,59511c30e051fecba3d82330c590ac39f4f99434b0d901105fda59021e766d37,,,False
0183.json,6cde51e27e2a6dc8cf2bb83a19afc57ee44aa21962a7b982f0dee8d61dc5d962,,,False
0183.json.ots,181c5892bd1f9c2bf659ca2a5cbcc3d1059b336e746d2e54bbce3e67f66aa8d2,,,False
0184.png,61145b4b5412239be418a82da38185dc3db0a4ed9900b6182356b916661830fa,6cde51e27e2a6dc8cf2bb83a19afc57ee44aa21962a7b982f0dee8d61dc5d962,6cde51e27e2a6dc8cf2bb83a19afc57ee44aa21962a7b982fdeed61de5d962,True
0184.png.ots,eb5d1d8dc72150c8462b510180d4bff4a6a597ecfccd2e5bc7dbdf67ce28d94e,,,False
0184.json,6abf2701960b5688112fd3f3d83af07da6284b70b523b67a0b54430a947d6e5b,,,False
0184.json.ots,1c15d8cfa7b3b3c572658973dd581d08b5d31e4af566f46230ea602d201f0661,,,False
0185.png,8191bf35e4b8a5e89656480274ed5a56be4e84d1bf33a6ff9bb9982b466f1bf8,6abf2701960b5688112fd3f3d83af07da6284b70b523b67a0b54430a947d6e5b,6abf2701960b5688112fd3f3d83af7da6284b70b523b67a0b54430a947d6e5b,True
0185.png.ots,42a25572877d02e25833a4f1aea94bd76bdd5cb545a873df17597716640da275,,,False
0185.json,eb05b57d3ed8ca3acada38ff72a6b069e0a89c38e219592645b3192785c4fb4f,,,False
0185.json.ots,67e4c106f912a0c1982934816bece97474b7797ed92b64996956503513d54d34,,,False
0186.png,376b43ab8b613ae7c7fde5f9c6258d9c1077ef83ca513d13e282cced375a4600,eb05b57d3ed8ca3acada38ff72a6b069e0a89c38e219592645b3192785c4fb4f,eb05b57d3ed8ca3acada3eff72a6b069e0a89c38e219592645b3192785c4fbaf,True
0186.png.ots,aca5318d57727101a0bad3ba1b5446dc9e6dcaf21c04474c5024dd71fe87eaca,,,False
0186.json,8391c0b13ed607e19d803a8b86996b4d2e57ba34a436f9501049465105bbf189,,,False
0186.json.ots,c6d9c46d4a31c53f4764c64f1b435f97e012fe24afd15f9a58c819ba795389c5,,,False
0187.png,29c942954be367011f2672448b66343156e800376c2407ae18b175edfdd6dd0d,8391c0b13ed607e19d803a8b86996b4d2e57ba34a436f9501049465105bbf189,8391c0b13ed607e19d803a8b86996b4d2e57ba34a436f9501049465105bbf189,True
0187.png.ots,1fcec70ac1e46b44f27cc1352b1485b7576763afbb9da09eb97e04617dd2bfe4,,,False
0187.json,fb70f1f5201bf96e513710509f0a73d924e59bc93d545ea734ce6c473cc8f8ec,,,False
0187.json.ots,312f8a2a3c71bb8a98008a7b484436b23e3c15f29c64d897ed459deaeee63757,,,False
0188.png,9d09150365663ce640a4acdc3809a8ead608f649af507d1e12cf975dbccfa952,fb70f1f5201bf96e513710509f0a73d924e59bc93d545ea734ce6c473cc8f8ec,fb70f1f5201bf96e513710509fda73d924e59bc93d545ea734ce6ca73ccbf8ec,True
0188.png.ots,5dc05699fddd64ce3e215ef5f131fe772edc92cd9f1e1fb2717e96a12d223559,,,False
0188.json,a7e39c8148f360dfb531cfead4770dea339b15d63375a777b41cb6226ecb10be,,,False
0188.json.ots,86cd757c2620d35498ecfa701774a47da1d55a37a14e5b3bcc1f5c7af0ed8467,,,False
0189.png,49a2e3f0c512e12ac7d34159377e19a11479bbcac5ae2ea966f35abce5b26928,a7e39c8148f360dfb531cfead4770dea339b15d63375a777b41cb6226ecb10be,a7e39c8148f360dfb531cfead4770dea339b15d63375a777b41cb6226ecb10be,True
0189.png.ots,46bc6e5a925e915e6c8c93b07791e49efc8ee001a689ab4bd5a809be02fcedeb,,,False
0189.json,e8c1770add4db276e42ac4c61d0bc87e40dedc2612f5a9880c88a78306eca060,,,False
0189.json.ots,a2dd2cb5d53635dec22d77dd32caed081a5d2310928dfe358dc82a4f90adadaa,,,False
0190.png,9958e8914fe0cb966d4623acfb159458ca67637f8ba3aaf2ecbf85b24e987c0f,e8c1770add4db276e42ac4c61d0bc87e40dedc2612f5a9880c88a78306eca060,e8c1770add4db276e42ac4c61d0bc87e40dedc2612f5a9880c88a78306eca06,True
0190.png.ots,33051ac7b8bf2ef34950244ec6420ce2ce4495cfa43fcb2043e117c70ebf6e66,,,False
0190.json,de1cab3c1e6231a8b8d778947f5e5886736f8bcfaee68ffbdc25b1647372ff93,,,False
0190.json.ots,c0fc473d28f040f3a1fcc55b3792a21bf7171b660d23e08cf431d57051ef58a9,,,False
0191.png,ce5c83f7fb4668abf1776665100b88b26fc82ba23de23f1678b450f571bb1a13,de1cab3c1e6231a8b8d778947f5e5886736f8bcfaee68ffbdc25b1647372ff93,de1cab3c1e6231a8b8d778947f5e5886736f8bcfaee68ffbdc25b1647372ff93,True
0191.png.ots,1772245618caab19955d1c5ce6534686b06dd016706fcd42d70672eb22a62892,,,False
0191.json,02a9e034f00a62eed72ac0aefda7e74e89a7053977a349a2ca96c37f1e9bb595,,,False
0191.json.ots,68380a57d7e8d8aef408641d954333ad43d27f04d026e61d82d0c89725ac8b31,,,False
0192.png,a888fba284dbdaf8e42a0b8961978426945a9ea56802f4bd2f35d3a8bd122574,02a9e034f00a62eed72ac0aefda7e74e89a7053977a349a2ca96c37f1e9bb595,92a9e034f00a62eed72ac0aefda7e74e89a7053977a349a2ca96c37febb595,True
0192.png.ots,3ef9c2779087df150e158a43bb196b6d993f6b06a961d18640ba293070ac698e,,,False
0192.json,0bef9528a41a24d9510d4531bf399c99dc92d029c8f53be2685b0af49ba4373b,,,False
0192.json.ots,28ebb17066e228daa46cce2e1008cf63b5fbc1663f8e9cdecfafe0003aff34cc,,,False
0193.png,1f7448925d08c2f57d170cc62d49052c4ede3dbbdc3f779b785737a3b7ca2dd2,0bef9528a41a24d9510d4531bf399c99dc92d029c8f53be2685b0af49ba4373b,bef9528a41a24d9510d4531bf399c99dc92d29c8f53be2685b0af49ba4373b,True
0193.png.ots,f930789e28e5547a63cdccd095681bf9a0db6062400af9db8fa9e09228fd5e45,,,False
0193.json,6151b53309ecf22e51e32b1979f62af8385f7d2b0e16562a9d44d9514adc9235,,,False
0193.json.ots,8cd32e6ff60ccbef623aed2702e51f0796103979d14aab868ccd7c25906bf931,,,False
0194.png,8ef4833741c1037b96d09b28c60833594634a9a91f5b5701a2333093a78ee551,6151b53309ecf22e51e32b1979f62af8385f7d2b0e16562a9d44d9514adc9235,6151b53309ecf22e51e32b1979f62af83e5f7d2b0e16562a9d44d9514adc9235,True
0194.png.ots,dd6bf6e9208f3acffec157c8f5f2e6e4cc948badd3b2ab53d34bebc23f459cd6,,,False
0194.json,6ded1bfcb7babb3b823b93eb2f8cd3424cefa749bba1364bcc523c04e4253a46,,,False
0194.json.ots,21267a400962174cf149ce461ef3834ad1fcc67ca0b690cabca2c09cfd71185b,,,False
0195.png,fbafe88ecdd7bd4b0376b3709f8b7a9dfea8919c761c80c059e1decc5ffa06f2,6ded1bfcb7babb3b823b93eb2f8cd3424cefa749bba1364bcc523c04e4253a46,6ded1bfcb7babb3b823b93eb2f8cd3424cefa749bba364bec523c04e4253a46,True
0195.png.ots,7c756d65e8d37bd7fc6189b55b7618e41006bc4e62aa67820037c56f2447f382,,,False
0195.json,d644b2eef0952d39647b0742eeab217251786046bbca063f9a31c5fa5a2a1373,,,False
0195.json.ots,085805eb4754da39cf2683d1654c80bba4dbc8f614ddf694b73eab4484e8e601,,,False
0196.png,147f7a91a3395e35d4da12b7086fcb33d84892e375e528e6cafbe9ca1f30cb72,d644b2eef0952d39647b0742eeab217251786046bbca063f9a31c5fa5a2a1373,d644b2eef09520d39647b0742eeab217251786046bbca063f9a31c5fa5a2a1373,True
0196.png.ots,615f49ad99e6e1028b1b71669294ff6fcc3b3a806def051d86cb6ae0b7222ef7,,,False
0196.json,cc72d6dd8497d846b6f16b6a4b20ba87cf415390ecf03b40f44df54d830e5a80,,,False
0196.json.ots,b1636dbce3e46e0b872321d45ac1cdcce66c72928eec1b524568bc5d5e24270d,,,False
0197.png,eafe6ab2ab9b32a07ba7b0238a16afdd7501d2cc4699841e788d1154f3108a2f,cc72d6dd8497d846b6f16b6a4b20ba87cf415390ecf03b40f44df54d830e5a80,cc72d6dd8497d846b6f16b6a4b20ba87cf415390ecf3b40f44df54d830e5a80,True
0197.png.ots,c2843ed1caaa7ef7ffa9a779cd6d8f591b13f45fcdf4fcb0792029852855f803,,,False
0197.json,fba301a165d2fa6002c87f23c7d9b8f19ccdd8f4c6283604b968ebf729f086d1,,,False
0197.json.ots,77e6900333790f8369f54805d869d676afe014ad7c188151da838e39679ea7ab,,,False
0198.png,6e84de704e6717ae32dd2382aabd21865ab1db6943dbebc882d7c7820d9518dd,fba301a165d2fa6002c87f23c7d9b8f19ccdd8f4c6283604b968ebf729f086d1,fba301a165d2fa6002c87f23c7d9bf19ccdd8f4c6283604b968ebf729f086ed1,True
0198.png.ots,ff4f2a188e2d66f16364f306571536b0bff5884f7b970d60723e4f52fb42e7cd,,,False
0198.json,872a24108dfd1f4347c8d33280c9c68911402d6ac70a14f74c6c1500d45b2539,,,False
0198.json.ots,5ce22e6942dfd36f1892072b9ff41ad1f34fe10e0cd477a38ce6662836a4cd30,,,False
0199.png,1c7fd1a53257c2ced1898ddea0f3faa5bcc86e1efd896f85716810fa8c61111c,872a24108dfd1f4347c8d33280c9c68911402d6ac70a14f74c6c1500d45b2539,872a24108dfd1f4347c8d33280c9c68911402d6ac70a14f74c6c1500d45b2539,True
0199.png.ots,245856f06458180ae03bbc660c89dd1a7321c93ec22378c30605bb02b6fa0f86,,,False
0199.json,243941f15da950f36e687404989966b247b011f548226f65c4be5efd6881178a,,,False
0199.json.ots,af7816cc495824785c9ecb259c1844dc401353f1b9e46390761a637d7762626e,,,False
0200.png,0ba098bd64e6cd5a2d4f1f7cc39af2eddea2759e3deb26ecc7177d906fc6e047,243941f15da950f36e687404989966b247b011f548226f65c4be5efd6881178a,243941f15da950f36e687404989966b247b011f548226f65c4bed5efde831178a,True
0200.png.ots,94341d60983b46aab5811f772ee8fca1c639ac76a13bcb1e6adca3683cef6908,,,False
0200.json,0a1edfbc33384c12ec4407daca6845e501dcad739de2543cbbb2698467535ce9,,,False
0200.json.ots,03eb2e86506016b16a8819f316af9da0e92640b4cb95b6ed0c22117e91c41d8f,,,False
0201.png,ed8a52a301f43d5a21f437b12d3aebee1f536e31bc85bf8434562b9f577f6eb0,0a1edfbc33384c12ec4407daca6845e501dcad739de2543cbbb2698467535ce9,aedfbc33384c12ec4407daca6845e501dcad739de2543cbbb2698467535ce9,True
0201.png.ots,22c20c36b5a5d0672b622b36cbe540825bf4e2c80c971a8ff9980eef551c63a5,,,False
0201.json,d6db1125b077d26df9fa4fc0157f875be16d500cd4ea90724b403033b936e20e,,,False
0201.json.ots,6dc93a9bc42965c9da938bf81b5b8e2e2b3f8852e0e07008eae1956057dd9178,,,False
0202.png,51f54b154214302da9f9cd617ac3cc713c003fce2c841306ae95e97562d9a480,d6db1125b077d26df9fa4fc0157f875be16d500cd4ea90724b403033b936e20e,d6db1125b077d26df9fa4fc0157f875be16d500cd4ea90724b403033b936e20e,True
0202.png.ots,478f9216d45a35ca52e2fa9b447b7479e2698820cb6f6c8007085f34b8ff70f1,,,False
0202.json,044053152f556cbfcddf811a1440efe5d21f847730e4cd190952f6be45a74957,,,False
0202.json.ots,8481a492eb94fe7a71affd3ea9e54e5fa7fc0dff27a2b01696a43d13ee453a30,,,False
0203.png,6e084d0567b802382ee81135bd2d060fead636ef79a954cb839736bf3b0e5129,044053152f556cbfcddf811a1440efe5d21f847730e4cd190952f6be45a74957,044053152f556cbfcddf811a1440efe5d21f847730e4cd190952f6be45a74957,True
0203.png.ots,a6d84b64b99cafdf323044316bbda90c8dc619d33b485be9e5991eb8e3dd2c55,,,False
0203.json,45fbd77fa9cbd7ea4b48671cb0d603a39c1c84cf3b704bce620863b39aa8cce6,,,False
0203.json.ots,c95abe4043942d5d9e2672f62d3f006ef6389a580b6630c9c02935433d593fac,,,False
0204.png,670d7a5febada4d76cd0d5cef8207ad56fbf81b0d92be71ff313b4b0fed08b90,45fbd77fa9cbd7ea4b48671cb0d603a39c1c84cf3b704bce620863b39aa8cce6,a5fbd77fa9cbd7ea4b48671cbd603a39c1c84cf3b704bce20863b39aa8cce6,True
0204.png.ots,d54969c55f4db5fae3e3d1421621fdd8d39265d25851a9e979a7f53faf9ee358,,,False
0204.json,bdc1a499864f118446dcb119ca7c949e648b3355486ccf22197ebee515015fb7,,,False
0204.json.ots,ceb7497d9d9a7f9e6de6a450b09be322fd145314b7fed2b52d210aeeb41f6a81,,,False
0205.png,99db8b1e012f203a34ffa46e2e3856458394301651a2672e4bfc76aa11f2d477,bdc1a499864f118446dcb119ca7c949e648b3355486ccf22197ebee515015fb7,bdc1a499864f118446dcb119ca7c949e648b3355486ccf22197ebee515015fb7,True
0205.png.ots,0930e201fa30d1a152e861b85231cbe2bcfad9363cdbb277fdb992e1aa41dcfd,,,False
0205.json,fda8952a279360da9970f559c786af16d35a980d3e656f68a442205d322225a2,,,False
0205.json.ots,8ae3196f072e80213706d26bfaa95e915c5b59d451654e6ae60bad49c5b590bd,,,False
0206.png,59d1c18d8da0a3ffd411403c75a1660b810a8bf6d9d5c831c8fc7d264a2e449e,fda8952a279360da9970f559c786af16d35a980d3e656f68a442205d322225a2,fda8952a279360da9970f559c786af16d35a980d3e65668a442205d322225a2,True
0206.png.ots,9bec905553d8bbfce2c6f69a9d1e9fcd4cbd5da064a841285ab93cdbddc7c268,,,False
0206.json,15a575cf39def36c890454efa6bc11ac7ab3f6fd2a851b3e7cfe5ef8562aea4c,,,False
0206.json.ots,207be92892299735733b49a30fec34f601c05ef13229af0a09ae904170cba6c3,,,False
0207.png,0bdbf2e1b478f6acedec6a6d61548ddb1c436c3ddfa09b2b8e7efa173260824a,15a575cf39def36c890454efa6bc11ac7ab3f6fd2a851b3e7cfe5ef8562aea4c,15a575cf39def36c890454efa6bc1ac7ab3f6fd2a851b3e7cfe5efe562acadc,True
0207.png.ots,c02a1027af78e3516cd0a5e999b3e0c0478a9b5f00d02cba3ff32738e8d43ee6,,,False
0207.json,f678e6b7a01ddd7c85f6dc35f77f70fd40d1f4c45963064aa3b18f3539059d48,,,False
0207.json.ots,bce18a28d07702c7d868dc65000b68d6e8c201c2a943cc48f101809ea2a05e2f,,,False
0208.png,861ff4fca2ed9e18cc47a1f901411f4938daec7afa1b84cadef27d01d82a4a8e,f678e6b7a01ddd7c85f6dc35f77f70fd40d1f4c45963064aa3b18f3539059d48,f678e6b7a01ddd7c85f6dc35f77f76fd40d1f4c45963064aa3b18f3539059048,True
0208.png.ots,edd8d4f399b8c8652ac16f23b19207943c48faa01940ccd665c315275ccb3e0e,,,False
0208.json,77aba4261e8147098f8d14db622aa9db424a6398ecfa1bf2dbd68cb99806da85,,,False
0208.json.ots,5bed6c2eb2b2159d20b5ed406eacfdb698f4728641226311241252818855cbce,,,False
0209.png,ec5dc0d8a35797438eaac2e8e5cedc56dbf2ec90fe7267eeb0dfb8f225eadcff,77aba4261e8147098f8d14db622aa9db424a6398ecfa1bf2dbd68cb99806da85,77aba4261e8147098f8d14db622aa9db424a6398ecfabf2dbd68cb998e6da85,True
0209.png.ots,c2e0ad3a7e2cb0947d92ccac5a2d6671037165faee4fc7e5e04d12a5bc8e56e8,,,False
0209.json,d0e6f47c385413664b44ca796cefdbab85d732c80509cb3a874c7c5f8010d838,,,False
0209.json.ots,e2ecb051d4862aa05009aa2a9b0d9ccdf69710eb4ea55c1376936c1a3ce07713,,,False
0210.png,295f98943377069bcdebfb9d589939133a8a795c3eb3a125b99f026fdb6f52d2,d0e6f47c385413664b44ca796cefdbab85d732c80509cb3a874c7c5f8010d838,d0e6f47c385413664b44ca796cefdbab85d732c80509cb3a874c7c5f8010d838,True
0210.png.ots,56e31cf0674bdb2f1aa3ff2ddc2fe47c631eb3d4507afdf92012a4e444dd5318,,,False
0210.json,1625b6fc11890dbe6541f11c0aa870afc96ea63e12e1093462802ed40333c4c8,,,False
0210.json.ots,ac575b3694033cc0242312b45560d5f46111e860ffa3423e2188b546e96c4417,,,False
0211.png,5c8b7bf1cb5b67d5dbb995d381ea54c0500061175dca3329a75c68adef26ce53,1625b6fc11890dbe6541f11c0aa870afc96ea63e12e1093462802ed40333c4c8,1625b6fc11890dbe6541f11c6aa870afc96ea63e1261093462802ed40333c4c8,True
0211.png.ots,ab07c0ca6823def9e7f7dd8aad7c4e8eb741b986be4424510994a63ba71e1ef6,,,False
0211.json,b87ced9161bc5ab89e188a34c1da8b3f7e1b03b4f8ad592517571e476b940306,,,False
0211.json.ots,f24cfca6f14788a3b68146317d922944a446c673445e943bcbad40d3eef6f7be,,,False
0212.png,41a7b7cbcb4937b5d178a015fa680a831d5cffab0dfd5667a4fbcea135836103,b87ced9161bc5ab89e188a34c1da8b3f7e1b03b4f8ad592517571e476b940306,b87ced9161bc5ab89e188a34c1da8b3f7e1b03b4f8ad592517571e476b940306,True
0212.png.ots,1bbf9f1515977ccc741711c56e500534f1d14a55171a099159f2c6ec9484828a,,,False
0212.json,51b1da99b0e07d3700880aebe9674641425558d9ff517408f2b5f1ba563834e7,,,False
0212.json.ots,8374f375349f76d0c97bb2da05e9e10b1918a64a7f414433b9f20bc65fad8582,,,False
0213.png,49a1edd7430fe2e8ed56d310037b1507552c8ac4c6323e96f490d0f3eff1b8f0,51b1da99b0e07d3700880aebe9674641425558d9ff517408f2b5f1ba563834e7,51b1da99b0e07d3700886aebe9674641425558d9ff517408f2b5f1ba563834e7,True
0213.png.ots,3f6478c75e75e5fe25926742c79150915044ea4526247eafeb5448d1e3932da4,,,False
0213.json,b22b3c87a0bd375ca061d358709694b1701e7887666e98797373217d0e10fa90,,,False
0213.json.ots,db7bf9fa25f8ff3255785471fca2a18f2b33495307617909617e869adb928879,,,False
0214.png,b51df3f2ec5ab05e326c52fc56f4df4b35b5f44fe520b83ec7a922eba64a6337,b22b3c87a0bd375ca061d358709694b1701e7887666e98797373217d0e10fa90,b22b3c87a0bd375ca061d358709694b1701e7887666e98797373217d0e10fa90,True
0214.png.ots,4bd9cc0c285ce6e51c4d9a7fa76862352f5a4ab2cf1ac227128c94845bb3386c,,,False
0214.json,a80245f5331291c69ed8ed365cd8b9045481b2f1694d4ad7cbce8ef123bfd5a1,,,False
0214.json.ots,f0da4d666254279e88bc75d44b13af7ae798da892a5815584c9f11373cbe562c,,,False
0215.png,a5ed1de6e9c5e9617924c20e1e46e162845cc686bdc67c3794640bab660486e7,a80245f5331291c69ed8ed365cd8b9045481b2f1694d4ad7cbce8ef123bfd5a1,a80245f5331291c69ed8ed365cd8b9045481b2f16940d4ad7cbcebef123bfd5a1,True
0215.png.ots,6b92d722d8fdc10d55c709cf91fa407e3f90385307f0969f087c35549eb6b885,,,False
0215.json,38f2c5e29cf61ebee78cbd5cad5a1456a6e9012658f072a138888b778f10b31b,,,False
0215.json.ots,eb1e285f356eb8cb8bab1ee93ecf58b7d8477841e61705e9a9e6aebc8b3fd67f,,,False
0216.png,b24c9f04f7d1e1df1c88b97b84b79b3811e83e3d0bc8cf1e1d58d4e58d63d9af,38f2c5e29cf61ebee78cbd5cad5a1456a6e9012658f072a138888b778f10b31b,38f2c5e29cf61ebee78cbd5cad5a1456a6e9012658f072a138888b778f10b31b,True
0216.png.ots,8f580108763a9c563876b521bd63b2d901e1ae8d1723ffea89261e1ab7d7f565,,,False
0216.json,0c022e3c7699ca68f64eb3e6462d89a1c42cd5b14a70be8896da8bc2b7132d5a,,,False
0216.json.ots,10d7980ac63742b22347b958f6c8df387f727304a5c05d31c2a88868877c2fe9,,,False
0217.png,53bcd437fc10e078926ea5ced4c4681c9bff364acd2132f6e216c4001f815a84,0c022e3c7699ca68f64eb3e6462d89a1c42cd5b14a70be8896da8bc2b7132d5a,c022e3c7699ca68f64eb3e6462d89a1c42cd5b14a70be896da8be2b7132d5a,True
0217.png.ots,8da0264327f3a4695e3fea8b14e8945ff7568af5014266f5fb7329b7a5cf318f,,,False
0217.json,776ee4b3fe2d605b875131f921a6c0ac6b46079e0351ac322a8829e84c75f96f,,,False
0217.json.ots,59b90eff6a8162f512b90d8da9478657bcfefa47c55676eba8add0d91c960fc6,,,False
0218.png,50ca837306a682223cb92a0e90a2e348bcd9bb8be0373249bcf75dfd1e1a4ba7,776ee4b3fe2d605b875131f921a6c0ac6b46079e0351ac322a8829e84c75f96f,776ee4b3fe2d605b875131f921a6c0ac6b46079e0351ac322a8829e84c75f96f,True
0218.png.ots,b4e5042724dc45ee73b701deb5678b5ac84451f48dde2c0d9c6e39c893e8f764,,,False
0218.json,e781494b9807dc062bfeab053daabc844a76d1b90fae864e9e6ea73badb950ec,,,False
0218.json.ots,84a2d9d3af927e7a2cb8c7863c06ca5713b0c8247ece30369a8c220fc6723387,,,False
0219.png,ea3fdef856b22bebc1a40469d00cfc7fbb8c1d94f772cbd4678699e8f02a7c7d,e781494b9807dc062bfeab053daabc844a76d1b90fae864e9e6ea73badb950ec,781494b9807dc062bfeab053daabc844a76d1b90fae864e9e6ea73badb950ec,True
0219.png.ots,933719b26fa7b5fd265a2815ca83fe5be887177939aaa9d33edc85c462ec789f,,,False
0219.json,c52828af4463ee8a2a503d3208d242cc1c329c8257bbd4249e57b216474b68f9,,,False
0219.json.ots,a4bf6ab854b33791ab3e87226fff4651219073664e4b0c96ec9f0a1c9d7c3726,,,False
0220.png,4a3731daf3882117dac202f5a461f12047d9dd12bcc34646d6810ef6cdce3fe7,c52828af4463ee8a2a503d3208d242cc1c329c8257bbd4249e57b216474b68f9,c52828af4463ee8a2a503d3208d242cc1c329c8257bbd4249e57b216474b68f9,True
0220.png.ots,e5ca422997908bffeddaa8c0f472be4e6abcd11e0c75bcf44cb78d6211f4fb3c,,,False
0220.json,79e94f396e074c23682ee28a85eb4719cbae83dce0dec4c06ea17b29a8580aac,,,False
0220.json.ots,3496ccb9c891b2c357cb0d6e56cf476940a22136f99ca22e471fa229fdd6d529,,,False
0221.png,6033c7a904948d751c0a17f87c62c81fed7f2ae189489a3d5cb41c290cde0c6d,79e94f396e074c23682ee28a85eb4719cbae83dce0dec4c06ea17b29a8580aac,79e94f396e074c23682ee28a85eb4719cbae83dcebdecd4c06ea17b29a8580aac,True
0221.png.ots,57b88d639b0a023543838a0bd0fffe56177fe3f2976f8cd6c1f82e5f6f398aa8,,,False
0221.json,165b9d1348956d9fb8534b9cb955bdd49128b08bc2c28925b74c663e522888ab,,,False
0221.json.ots,c66ee4481dbbc4827f993beda27b0ec50d3fd83be64c9af89173fb325aee0ee2,,,False
0222.png,dd3a6b3ca8ee726c53c4a11953a535b94059221a213f37276fda035cf5a3360a,165b9d1348956d9fb8534b9cb955bdd49128b08bc2c28925b74c663e522888ab,165b9d1348956d9fb8534b9cb955bdd49128b08be2c28925b74c663e522888ab,True
0222.png.ots,29ea827afe227fde845b155e95ae90a742532fc319aad07a89c6389de0099d04,,,False
0222.json,49a224b9419bc32d1b185c3a9d1fd7c446a6e8c3b630016be129e29c7964dc74,,,False
0222.json.ots,d0e0deafa58564fa6a7d947c04a192426a5d5e21324bb0b43fcba83c76aaef3d,,,False
0223.png,2d4200d53f239fc9b777be07e50b3a5de02121be05b188e2b0c8fae6e1b155d9,49a224b9419bc32d1b185c3a9d1fd7c446a6e8c3b630016be129e29c7964dc74,49a224b9419be32d1b185c3a9d1fd7c446a6e8c3b630016be129e29c7964dc74,True
0223.png.ots,71a58f82f5ac9f8341630826a8a9f2c322001a0ab025f09948ed4228e2b95063,,,False
0223.json,6d9568aeb11f67d8be7a3053a0a1f29026942dbab4a0ebc1c37d564e9629193b,,,False
0223.json.ots,d2658bd4137899c3f987d0526dbddacef0269c6cb153c2764002efc16681a5b9,,,False
0224.png,1ea139e4846c7b9f3e42d270d7e0007175507233bca635e5008cf1071b1bcb39,6d9568aeb11f67d8be7a3053a0a1f29026942dbab4a0ebc1c37d564e9629193b,6d9568aeb11f67d8be7a3053a0a1f29026942dbab4a0ebc1c37d564e9629193b,True
0224.png.ots,66bc351d153f6beb48250afc8204fb4833484b851e277515a3bb366242699d6f,,,False
0224.json,0efc60dde079ebfa93204f002977305eb5135938be4b89dfe4dfb8f027afdc4c,,,False
0224.json.ots,e41ed69687e152c0a2803cce2295ca0ca8983d9c4ea913a9689e7e9844848eef,,,False
0225.png,0d8f31ff104739efe412dbb547e95c4203e8f3d99951f9907d70b29353be2aa9,0efc60dde079ebfa93204f002977305eb5135938be4b89dfe4dfb8f027afdc4c,efc60dde079ebfa93204f002977305eb5135938be4baedfe4dfbefe27afdc4c,True
0225.png.ots,c662a01ca2a02268228f5e51949068f91f6d0ae77e2f7ab959659288dd1513e7,,,False
0225.json,292f079a8aedb09fd7ac9f5fb1185a684926f8bcba0f1e17023864a03818de6c,,,False
0225.json.ots,9811fda01fe25b731703422d9597993d938f97e596996dcbccfbeeb82c5f70c0,,,False
0226.png,0365183296ab64046f7a5d7b4275513122bb491f4c496f145ec3b15847acc265,292f079a8aedb09fd7ac9f5fb1185a684926f8bcba0f1e17023864a03818de6c,292f079a8aedb09fd7ac9f5fb1185a684926f8bcbadf1e17623864a03818de6c,True
0226.png.ots,da5c530f3e9dce707f296c84a8d5139ef4d26b7c8102de3bdc720feee91969f0,,,False
0226.json,bec697fb73a558735af782cec234e22d834d138344b5f6c17a046a00f6346ef6,,,False
0226.json.ots,96c261c1f66c4a1ec49ed291de4665b550b1915a99b8f1455a2e2f9a74e08efa,,,False
0227.png,a37852b940c5939d40ffa3949a5f575d8d05e8c1bb65612bd8c781102cc5ae39,bec697fb73a558735af782cec234e22d834d138344b5f6c17a046a00f6346ef6,bec697fb73a558735af782cec234e22d834d138344b5f6c17a046a00f6346ef6,True
0227.png.ots,2cfbcc3787768db1ed412a0eb1c0837f0334778a52acc3cef99f8ef986bb9ea3,,,False
0227.json,a0e52ff6494ba3ecbd098f9ac227f3217121f7b0d185d3799b9a049e31038d29,,,False
0227.json.ots,dd4db8e6c7d8ea3eb20c1def9715906d761c6b6123d0d7aaba29f86ab828ce11,,,False
0228.png,f7662e7d9e4ae2d417526717c4f0e0d5e058e738c1b0997012525b0066020b39,a0e52ff6494ba3ecbd098f9ac227f3217121f7b0d185d3799b9a049e31038d29,ade52ff6494ba3ecbd098f9ac227f3217121f7b0d185d3799b9a049e31038d29,True
0228.png.ots,6a9e86caa6b8ad0f7a29eab892bc708fc5f40b9bc923d6a54159c0094695760c,,,False
0228.json,6fe826dbfe959ced8f123aa0e25b16b59bc87009f79c2427c8f3c05c98ce1685,,,False
0228.json.ots,e77ccbf38dc4e20ec1acde86726a762ff37a738fddd236a4c923fa141579b53f,,,False
0229.png,1c08fe8c1f2403bbd78218f0955ee9383205950af0f11da07ba0fa34e98f6d0a,6fe826dbfe959ced8f123aa0e25b16b59bc87009f79c2427c8f3c05c98ce1685,6fe826dbfe959ced8f123aabe25b16b59bc87009f79c2427cbf3c5c98ce1685,True
0229.png.ots,ec5158552a73bc7c7dce85974be0c6b052b77fae805dd849ce08b200e07c25fd,,,False
0229.json,7114a6c78eea47a1783d574f45f7e7176735c0bd47ca349e3af92b99c1e7779c,,,False
0229.json.ots,55de63f5d9c50b51a2b84323ed14b86ec61f17c84062fb511290df2666d2c147,,,False
0230.png,c20b89991281b82156372bd15930e62a81d44d465c08eb7f1d2239151cde20be,7114a6c78eea47a1783d574f45f7e7176735c0bd47ca349e3af92b99c1e7779c,7114a6c78e0ea47a1783d574f45f7e7176735c0bd47ca349e3af92b99c1e7779c,True
0230.png.ots,2d1e382505c859c3cff506a5d4f908ddd211e42066626b01c6a5c106da3ccd12,,,False
0230.json,37ec60793f05686842594d606be1adfe0d160c30654d072727a91106b218a848,,,False
0230.json.ots,b801ad7bdd9ec96c298a55941cb961014047302de85b81dc81cd530b110070b5,,,False
0231.png,7710cb24fc3120437b05fd6001bace5464e3d106e4596cc5b1553ebfd7ab5820,37ec60793f05686842594d606be1adfe0d160c30654d072727a91106b218a848,37ec60793f05686842594d606be1adfe0d160c30654d072727a91106b218a848,True
0231.png.ots,856fcaf959d1e4a8e00106e737f2600300d675453e5d1216cb7fd1069c3c2e6d,,,False
0231.json,4c629f580b74375ba18ad19d8c064aa3ca213e20d8b793f79f1eaf84397d6a36,,,False
0231.json.ots,c6db92354f4f6bc4d957bb6807e197ca77b2b29ed532149976e5fd9480519545,,,False
0232.png,d13a67692f8739ed871abf2a73f849cbe447fcd07929aad17eb2a2c2b047febf,4c629f580b74375ba18ad19d8c064aa3ca213e20d8b793f79f1eaf84397d6a36,4c629f580b74375ba18ad19d8c064aa3ca213e20d8b793f79f1eaf84397d6a36,True
0232.png.ots,6eb4f034d460fd78e45305f10d8078efe70d4e4f71756ceb215d6f9e7bf8f70b,,,False
0232.json,96850819e3bd200715f42650c01335fad1f92179b281f987332d4f2824c782ae,,,False
0232.json.ots,84932ed0eb3406e8f4823e15e177f9a46d43d229fd6b3c92b98e0288ce61580e,,,False
0233.png,bddb77171579e46b925987e8eb2040d54e8b8eff65afd0e679cd4f15fa7e8833,96850819e3bd200715f42650c01335fad1f92179b281f987332d4f2824c782ae,96856819e3bd200715f42650c01335fad1f92179b281f987332d4f2824c782ae,True
0233.png.ots,0b0040ef746ddd4ae6873d8180d24347afd25c225d0a004654b820348a7c54e8,,,False
0233.json,cd51bb014f046d1448f14e8b4199cfb5b2831190ee60706784f956cf3a90fe75,,,False
0233.json.ots,5e13e1d24146debcb46ead1c10602cf47e9853d09ee4d80e4ecc5f665f90c847,,,False
0234.png,ee7d0941d9d6b8fd5e33b2bce14f2a4cdee1250a7886cdc8d07bc23aa0106636,cd51bb014f046d1448f14e8b4199cfb5b2831190ee60706784f956cf3a90fe75,cd51bb014f046d1448f14e8b4199cfb5b2831190ee60706784f956cf3a90fe75,True
0234.png.ots,3b47a82932a776ed6899fd2d3f3dc8b7434f8bf89a1a05c0b8237b54b5c5855d,,,False
0234.json,15aa19300e1f01ab94e4d1e194d7d22ee10276759bcba15d2151cb83c1966fd7,,,False
0234.json.ots,948e2b9335cebe8a37c6931570c9a74c763817ba57e4c05919882f2bf591e16e,,,False
0235.png,98ba85c50bb2dcf352895f0c1f9a12f80061fbdc2b0a6f77a3f245499b6811fd,15aa19300e1f01ab94e4d1e194d7d22ee10276759bcba15d2151cb83c1966fd7,15aa19300e1f01ab94e4d1e194d7d22ee10276759bcba15d2151cb83c1966fd7,True
0235.png.ots,ac05addececabbfd946016d87ee1d1bba7f446532f0c9a1d54be2d4f479ccc08,,,False
0235.json,ddfe8892fdba3afa0ede0ebf7bc8ef0889c3329329b44d79f6a13fe4583687e1,,,False
0235.json.ots,c7ee245859f1ed70a8bc34538073be3237f72f041140298a6b08a001b563d05d,,,False
0236.png,31c6293af9a86cc20bd303e9afda2a1ebd5e143738283974414903d87c48e4f0,ddfe8892fdba3afa0ede0ebf7bc8ef0889c3329329b44d79f6a13fe4583687e1,ddfe8892fdba3afadededebf7bc8ef889c3329329b44d79f6a13fe4583687e1,True
0236.png.ots,d3dd0f22a655a4012171aba00d9e5faa998c4bb98bae3907228cf0ae7167e618,,,False
0236.json,b524822abfb803faad84fc6a19b6328751ec82b1de211f7266fbd30e5647020d,,,False
0236.json.ots,d604238b4e7145c4e2a37f3886fe14162d7bd51c3d9b674601118b22f1ff687f,,,False
0237.png,6940b62f93dd975bdaa8527913c23e7dd1c750e9d09482c632e5bdee8862732f,b524822abfb803faad84fc6a19b6328751ec82b1de211f7266fbd30e5647020d,b524822abfb803faad84fc6a19b6328751ec82b1de211f7266fbd30e5647020d,True
0237.png.ots,bc1cafc3edc070a2ffd98a4eaebf2de2e9e0bcee53c7f9c5003411d94f27b330,,,False
0237.json,0ca89092cb348d27dd675e8fdbe8a753188f27874de0143ba96794f0089de1d9,,,False
0237.json.ots,471d012e462e56f54a78ae52869f2e84eb449cd70404e667efe8a6d848637602,,,False
0238.png,1cf2dabfac2460c5df5b9e22c9a7c00b47e6a08d5ecaf61ef23ae6753224d02e,0ca89092cb348d27dd675e8fdbe8a753188f27874de0143ba96794f0089de1d9,0ca89092cb348d27dd675e8fdbe8a753188f27874de0143ba96794f0089de1d9,True
0238.png.ots,2330a1c390c156fb0a24f49b5ac9f0c0896f5eaa56e5c3abfe93f68f3ef48f7a,,,False
0238.json,e73506bfd7c52137fa264ef7ac8b131d1a6338f05d5d063f1b877c306bfc2c05,,,False
0238.json.ots,279ce3ebb613a39d3ba14c12aa83ed0f10c30ea24d961877a7915085dcd105b8,,,False
0239.png,e755ba382415f1583edd5c49e2fcfb9963ee88eb5d74c857316909813e5496e2,e73506bfd7c52137fa264ef7ac8b131d1a6338f05d5d063f1b877c306bfc2c05,e73506bfd7c52137fa264ef7ac8b131d1a6338f05d5d063f1b877c306bfc2ce5,True
0239.png.ots,77d1ed3019e33f82d654ebc3dd859bec6f21c4a826d8d170b9e8819ffdb4d758,,,False
0239.json,775ce5f9f2df717dd1867bc34ee2538acfe3f304dbab4f0ef6d48d584f68d4c0,,,False
0239.json.ots,2683aff72df0fae652c6a1195f32682fccfdf069c87d20819eb0488352962f92,,,False
0240.png,b2fbd9ac10a42f71a4517f0989c5e6820ec5d024c7aae41ec24f27200bd9a0d1,775ce5f9f2df717dd1867bc34ee2538acfe3f304dbab4f0ef6d48d584f68d4c0,775ce5f9f2df717dd1867bc34ee2538acfe3f304dbab4feef6d4ed5e4fead4ce,True
0240.png.ots,00d8dc80e6c5a61a788613981f420da2fbe1f22b7ba27054e6c279884ddeaef7,,,False
0240.json,6386a608034570678795bba915cea315d6dc3db2e5dc65ae070632f84bc67b3e,,,False
0240.json.ots,62947ebec0eb019de8dc66fec3a19abf2076d29beb6a342de69035685b8cd04f,,,False
0241.png,efeac57270b1f432da5fcaaae9335eba9343db8d16de9abba5c0d09f25967f2f,6386a608034570678795bba915cea315d6dc3db2e5dc65ae070632f84bc67b3e,6386a608034570678795bba915cea315d6dc3db2e5dc65ae070632f84bc67b3e,True
0241.png.ots,1faf4eb93e3a51af3f303d204cb79fb0ee1cd8a4feae0f8fa586929d17cc3d85,,,False
0241.json,61eecea1713588fa4a71e8460e991daf42a04af0e121f1b56d33ea50a9acba1a,,,False
0241.json.ots,277910dff94b902d5bdb89b6d14a9855404099f2172ffbd04cebc89de7c7d280,,,False
0242.png,6e37ea5bbb6f515b7480ee06ce611f00b860232efeff877d2420ccdc4998a43c,61eecea1713588fa4a71e8460e991daf42a04af0e121f1b56d33ea50a9acba1a,61eecea1713588fada71e8460e991daf42a04af0e121f1b56d33ea50a9acbaa,True
0242.png.ots,44cb105fd3310a04436acfbfdfae773367cf4b2ca7a24ec7c4d0ff92a36155bb,,,False
0242.json,aae0159424f8242390a034997ac013f9993cfcf204f9a565d4cc67a19ddad701,,,False
0242.json.ots,75505e91677945205455257fcfa46dd68ff09e7897e47562f5c2c116e0ebea09,,,False
0243.png,86ead3876c5f219d5124b4fbb1b8f2f7164fcc68a29802ea28db8169acc2503f,aae0159424f8242390a034997ac013f9993cfcf204f9a565d4cc67a19ddad701,aae0159424f8242390a034997ac013f9993cfcf204f9a565d4cc67a19ddad701,True
0243.png.ots,52f3045db9a582776d30758de078b189accabeb912374842c7647add4b55efae,,,False
0243.json,4f41cc9cb8740b89008ef1c9fa7de3a26127850828fd09e5f9bc0469abe58224,,,False
0243.json.ots,3fca83ead651a967fece3f7203ff6ec57c2b2e5184e90b1a7c38e6ef716ac7c6,,,False
0244.png,0cc5645af9e3c0f280f9ff7b98418bf8fa4ef57d5375716c61ce26f8e558487f,4f41cc9cb8740b89008ef1c9fa7de3a26127850828fd09e5f9bc0469abe58224,af41cc9cb8740b89008ef1c9fa7de3a26127850828fde9edf9bca469abe58224,True
0244.png.ots,9acbac7a32ad3353594c4b336e7862238721a524e725273975c12a607217dd92,,,False
0244.json,3192754f6a03955a6e051f3778074b4a8ffa3449bfc2c4ecdb10dca2e23649f1,,,False
0244.json.ots,fa3bb6e0ea66800d773cfc4684b9aeb651577001a90b3851c286dedd3007b18a,,,False
0245.png,5ca234c87760c8d36f1120037e3ff0c4fe2c674f1fce5087304359bd04a9de0d,3192754f6a03955a6e051f3778074b4a8ffa3449bfc2c4ecdb10dca2e23649f1,3192754f6a03955a6e051f3778074b4a8ffa3449bfc2cdecdb1ddca2e23649f1,True
0245.png.ots,f61a6f40ce37ea0cf4c1e076c6eefbbaf55ed9908492fc86f08bced4af950e2d,,,False
0245.json,61e6339fb9521a398cee0d1604d0feca16a6ee5d1fbe04704551e34745598135,,,False
0245.json.ots,2d7b85d7a725141dd40fe6cfbb36687c19770dce5a1c898a70adf7c0c8281dcb,,,False
0246.png,77d6105e7370cf51b02e5ef5f11670e9ac57a32865c072a703795db0afdbeace,61e6339fb9521a398cee0d1604d0feca16a6ee5d1fbe04704551e34745598135,61e6339fb9521a398ceedd1604d0feca6ab6ee5d1fbed4704551e34745598135,True
0246.png.ots,a65ccddbd7b113557f84bc5f20c324079c752a3dd99f9cc3a23030db7b957875,,,False
0246.json,a4c7f7eb4e19703371b2dac022e81a1fd962e64270fbcca3a53d4ae10b613dc2,,,False
0246.json.ots,13d803bff9be975b152cd13a0914001445dbd96cf27c08303b9d100bc1f85390,,,False
0247.png,03eeeacc927c1c470c6a1cee2636e51c12e56a7de16a6c3a9042228fc048083a,a4c7f7eb4e19703371b2dac022e81a1fd962e64270fbcca3a53d4ae10b613dc2,adc7f7eb4e19703371b2dac022e81a1fd962e64270fbccaa53d4ae1eb613de2,True
0247.png.ots,f5cd49cbd88d233b423467f811ed464e8448ea865e9cec61976a207b953c1288,,,False
0247.json,9a4c935217eaccc184d775e87b83c8f4b3454663d76539d3084a647164ced832,,,False
0247.json.ots,2c698a192b238b7fdd1ffdc3673b182ed884399ba267242d878f8b6e2cd9a172,,,False
0248.png,3a1034b774032e904117a7e69d4d8cec76d71057803254f516c5a4c263e3f995,9a4c935217eaccc184d775e87b83c8f4b3454663d76539d3084a647164ced832,9a4c935217eaccc184d775e87b83c8f4b3454663d76539d3084a647164ced832,True
0248.png.ots,ac8cc5f9314a8afee0e61c13f24684aba51a8815b944cf20c7d762383fe1a849,,,False
0248.json,110c61d561a7d8fcb08319cdb217718fce688b5abfe4aaec247f4eb76eb385f8,,,False
0248.json.ots,92c44d3ea983a8e59f09d86cbd7011efe327aed39edbf009fd2f4489a22c4011,,,False
0249.png,99b7c4cd24707ddccb1e99ad7a43b2d0079139691d3e0ef22843739adafe92e0,110c61d561a7d8fcb08319cdb217718fce688b5abfe4aaec247f4eb76eb385f8,110c61d561a7d8fcb08319cdb217718fce68b5abfedaaec247f4eb76eb335f,True
0249.png.ots,72101d36f153c30c6b5304653c949698be436f676788d42f00a773ce5f1bbd48,,,False
0249.json,fb844fc010c7fbaa75089759d56b4184e3517b91c681560bbad9e35f43ad8762,,,False
0249.json.ots,8afc11b63efb617945b1179f77439c3f4315d2a32bedfdff8c2a40da8b229eb3,,,False
0250.png,2ff8e6aea512d3faf8baae9ccd8020d5ed9e70a14e55e73a9e2940907956e8ee,fb844fc010c7fbaa75089759d56b4184e3517b91c681560bbad9e35f43ad8762,fb844fc010c7fbaa75089759d56b4184e3517b91c681560bbad9e35f43ad8762,True
0250.png.ots,a84786c063b0e20a5acb212c017e237e1fd2c75fb12d86b46d953f3e200d0a1f,,,False
0250.json,11178c8810e5629983b6d96bdc3bf7238e9275c6032eb84bf1b225b75bd485bd,,,False
0250.json.ots,6a99d93d0cb4406fb094f808c0f16588f41d4d9133ef782eaf32b9267c505db3,,,False
0251.png,0f6bb7c9c00da9d01f60855c23964b75dfcaa7adb46c2a71c03a15e85f289732,11178c8810e5629983b6d96bdc3bf7238e9275c6032eb84bf1b225b75bd485bd,11178c8810e5629983b6d96bdc3bf7238e9275c6032eb84bf1b225b75bd485bd,True
0251.png.ots,85a995ca73293df7e1afa5e9aa281df8464e00521345d152559ae7898dbe45c7,,,False
0251.json,2cb74069a04dac411d55d84a72987d2b4e57941630a9caf7498b372eb5c46d6d,,,False
0251.json.ots,d4b6ace67b0e92458d19a3e94eb9de3d1cf4b93ae29cb7b74a9edf1725b24048,,,False
0252.png,8aea2d7ea4e465ed2aa5c6e4357039e2e6bd33297efe835ab25574a0e384dcb1,2cb74069a04dac411d55d84a72987d2b4e57941630a9caf7498b372eb5c46d6d,2cb74069a04dac411d55d84a72987d2b4e57941630a9caf7498b372eb5c46d6d,True
0252.png.ots,1a955ffaf978aa3581cc2bc6e6e9340be62208d8a34164efdf00e4ceff26d909,,,False
0252.json,6de386915c40737c64bb0fb649aeb77edc4e3a56a445c9fb2a6559e8b113b683,,,False
0252.json.ots,6b54d73f5c244a7f5ae611d287e186106e3198965354fb1fbad512c62b07f37f,,,False
0253.png,060461931f5db43bc858c5e6c999d63a71e2f5cdc771dca80fd9b2b2c8ba1792,6de386915c40737c64bb0fb649aeb77edc4e3a56a445c9fb2a6559e8b113b683,6de386915c40737c64bbefb649aeb77edc4e3a56a445c9fb2a6559e8b113b683,True
0253.png.ots,db42bc7e72cb100c74f52565691cfa0e211831a2840ec52ca425c3d654d5d5fa,,,False
0253.json,0d51f41322c20b238c8a16e53a37ddcdddf530f21d7fd49d7046718cf0de3256,,,False
0253.json.ots,8a7afc4f1f6b7e4045e4bf355d07b8d7f66687c751c303ccf72cb671e91c6052,,,False
0254.png,468b8c11dd36f93eba54355b471bad8bdc9060f8d961011950afdc9c354eafde,0d51f41322c20b238c8a16e53a37ddcdddf530f21d7fd49d7046718cf0de3256,0d51f41322c20b238c8a16e53a37ddcdddf530f21d7fd49d7046718cfde3256,True
0254.png.ots,2658ff3f087a04cb8fd86227c77e9d84c6d74a7973cd4ac44201fbc7455d519a,,,False
0254.json,2371bcfef1be11116943cbd16be15590fcb2499a148774c26b5e3f61be28880f,,,False
0254.json.ots,6b2ed0f7f947d53c2313739d35a76bef5652dc34dde6f1f58a50b91d2b0d7855,,,False
0255.png,1814c75a72cbdee3fcc20cc7c1287b030b157a8eb527fb9f68fe0647a4b81088,2371bcfef1be11116943cbd16be15590fcb2499a148774c26b5e3f61be28880f,2371bcfef1be11116943cbd16be15590fcb2499a148774c26b5e3f61be2888ef,True
0255.png.ots,0c3e439fb6a0e0f3163de726952a2e8b598e8878143f2f7a9aa3c0e65531300f,,,False
0255.json,945082e1b5908aa24410ac884096b5aa507cc26c6c5390af52ff23aabc7d3e1b,,,False
0255.json.ots,fe7b2ab65037d4c2d268ea230839d395edcaba38daea18a3675f6e15a3ac8799,,,False
0256.png,211f6e14205a6eb20cac734eccd45d6e51672338b1077a058305f7171b96e527,945082e1b5908aa24410ac884096b5aa507cc26c6c5390af52ff23aabc7d3e1b,945082e1b5908aa24410ac884096b5aa507cc26c6c5390af52ff23aabc7d3e1b,True
0256.png.ots,b521b830c21805a7774d2544dac9a2ef80f467fae6e30f57a9d30867817b0a94,,,False
0256.json,87ed779889ae4965a58df3906e815e3b09725f99ce1327b955681b2851f1a390,,,False
0256.json.ots,bfa6e2e741dfd5cfaaef4fc70cce2762dc347dc9bd2b8c2ef0a16235bf38cc74,,,False
0257.png,7a6d29672afdc22d5c399dbc848e4f5dc96f71999136ab6c3851a828c326017b,87ed779889ae4965a58df3906e815e3b09725f99ce1327b955681b2851f1a390,87ed779889ae4965a58df3906e815e3b09725f99ce1327b955681b2851f1a390,True
0257.png.ots,bc7714d0500075bd1977698c7d21cf794bb534f1962337a362c46803b32025f0,,,False
0257.json,d06f45ef9832f37301a7d3c0f6c26f4a767776a11cb1e0a7988f002ed76e90e4,,,False
0257.json.ots,074f8744be2878e0c9ee1f9e757fc550ad5d38ad204848cd7a46ed38ecee79be,,,False
0258.png,384b6322b07d1e39cce2a5e22ac11754b00a4d7a291708cd0ff2794928a951dc,d06f45ef9832f37301a7d3c0f6c26f4a767776a11cb1e0a7988f002ed76e90e4,d06f45ef9832f37301a7d3c0f6c26f4a767776a1cbeba798a8fae2ed76e90e4,True
0258.png.ots,4e8edaf77df793f10df660281c9447aaffe373abcb9d8fea1d5d789c5a9e8392,,,False
0258.json,2bf6e6dfa43913b992f2de5ed7a6b7af0cafe8cbe1ca7ac1c33717b8dcc86cf9,,,False
0258.json.ots,f698e5ec94e5f879af6d840f9e33970c95d3f2d718c2e9eb812eef08c100f922,,,False
0259.png,1fe06206efea511a567b52d8e0ec2f55101073c9d62fa59b598d9d70d79bc634,2bf6e6dfa43913b992f2de5ed7a6b7af0cafe8cbe1ca7ac1c33717b8dcc86cf9,2bf6e6dfa43913b992f2de5ed7a6b7af0cafe8cbeca7acc33717b8dcc86cf9,True
0259.png.ots,231bd901ab30e2481171a8e7671632dcd917c33b6a054cf7cde5b81c0f418b97,,,False
0259.json,892d94826c8d896a3f3bfd46e1ff8e97f4281008ad4c5cf37f8582b62936c5f1,,,False
0259.json.ots,ea389dc759a35088e8c14c6664a89b8989b0373fb4f6fa43b91d9cf98b092c06,,,False
0260.png,2e8ebf1344fef0d263bd06813e078b523dd7d6d5312c13c996f9f19e8bb9eece,892d94826c8d896a3f3bfd46e1ff8e97f4281008ad4c5cf37f8582b62936c5f1,892d94826c8d896a3f3bfd46e1ff8e97f4281008ad4c5cf37f8582b62936c5f1,True
0260.png.ots,2bf29f0497a57a600b1b5f8ee088f1512ce5b3e6f52630603b4dfe891eb0012b,,,False
0260.json,26a748c0d088c59bc07694aa4cf7ac6d071e5734fcef27fdfaeead7156293a47,,,False
0260.json.ots,571294b43af2709fb6e0ced7d064ffb31ef25c7d149c08980a9fb4acf61e9ad1,,,False
0261.png,50972c76d5cb9f016f668acbd80766c06659fffa784ad8d31f8ca2f58d9db7ed,26a748c0d088c59bc07694aa4cf7ac6d071e5734fcef27fdfaeead7156293a47,26a748c0d088c59bc07694aa4cf7ac6d071e5734fcef27fdfacead7156293a47,True
0261.png.ots,e69d0566d1ef3099e3f154427c6b8d0d86740221368c768afa9dc7565a949e6e,,,False
0261.json,96d4c94e2c1b11470f25b9e2dbf81d6ee940e1236cc57427a40d7e07d1a8af60,,,False
0261.json.ots,b155a65d358c1db0c7a6a34e36671f78e10641bd6b011c42d8126f2b1537bd27,,,False
0262.png,8ccbc1e47f63888c63ddb3814ef6293f927bbe7c6f032c13a8444f4afb4b294f,96d4c94e2c1b11470f25b9e2dbf81d6ee940e1236cc57427a40d7e07d1a8af60,96d4c94e2c1b11470f25b9e2dbf81d6ee940e1236cc57427a40d7e07d1a8af60,True
0262.png.ots,8034e30692422601edbf755eafc274023d767115391a0eae685488925616fbd9,,,False
0262.json,979128d013e03ed737b8b1caa212d0ff90f61c1b093d9e1b2a75683c82c9db98,,,False
0262.json.ots,3e988e6d749a30b0e446fbb44646fe9f351cc8498a8828bf0f7e21025dc8bbb7,,,False
0263.png,a8f52086cf373baa6543ffc7a4164c22d1e15ea66a675652a703f64e3b642850,979128d013e03ed737b8b1caa212d0ff90f61c1b093d9e1b2a75683c82c9db98,979128d013e03ed737b8b1caa212d0ff90f61c1b93d9e1b2a75683c82c9dbe,True
0263.png.ots,f7b63d3e74ae61c1df6f9de75b9487feb2050bc43d2a6a61604c96c8d667e618,,,False
0263.json,ef4f4c5a8d057f50e7ed257589a6116c157d4206b44d8d56436c76f3b4ed8e82,,,False
0263.json.ots,770ffc32a0b5537087b1ec56f65e4b9ac0eb2f76307b1ed11c16b34b8a67c80d,,,False
0264.png,aecd181c4b1c24001e8b2740d6a0dd7c85591cce5e0d205a46b405d1f42c35fc,ef4f4c5a8d057f50e7ed257589a6116c157d4206b44d8d56436c76f3b4ed8e82,ef4f4c5a8d057f50e7ed257589a6116c157d4206b44d8d56436c76f3b4ed8e82,True
0264.png.ots,30c1f369b30e0a2cd5253d91f15f4582af494bd37f60a849d12421302e085946,,,False
0264.json,87d8c9bb01279b6308810199a83eed9f676deea2d872e34a970acf2240889d63,,,False
0264.json.ots,63b73a9e0bb38052b0bbb69ad371d7cca8f7432ce8c73796791c9e264b88ed7c,,,False
0265.png,5d4e1c13428c6333d90c7d3e5f12efabccca78325c11f59053dba722b9fb10c3,87d8c9bb01279b6308810199a83eed9f676deea2d872e34a970acf2240889d63,87d8c9bb01279b6308810199a83eed9f676deea2d872e34a970acf2240889d63,True
0265.png.ots,1c1abb80a5cdb8a30f78e09f0c75cbadd81d3a3d686eca00705f3a3ac0b6b41d,,,False
0265.json,64a9b4534b6d7e404484af58ba326d59656c2258d8ec33544e79de413293a20a,,,False
0265.json.ots,dc3437e8e0315a902e4b7aa83c2b29944eefb8abbbb54e3b0775e028d2abb2ad,,,False
0266.png,fc216e220d6515d7034891fc992aaf38086ea4582b3831d232d47cc3fcb6d42c,64a9b4534b6d7e404484af58ba326d59656c2258d8ec33544e79de413293a20a,64a9b4534b6d7e404484af58ba326d59656c2258d8ec33544e79de413293a20a,True
0266.png.ots,dbe13b92dd66a3cd8acd96d9893e7207e23115d48229e7e6ae333ab541cededd,,,False
0266.json,1e4572070139caef53fd6e733be4d8ee75f54caa3a33e1db8b09bd1ec9482b3e,,,False
0266.json.ots,7a1dec1fb7db0e0b61b2738781e976f8ab07479d5431e5e04dbf237cb37a8c46,,,False
0267.png,d1f84227242cc80d448c152088326c6fd4a5108218a2253d4b26ed14ae9ca993,1e4572070139caef53fd6e733be4d8ee75f54caa3a33e1db8b09bd1ec9482b3e,124572070139caef53fd6e733bed4d8ee75f54caaa33e1db8bebd1ec482b3e,True
0267.png.ots,765c792fc2f382ea698c064648f1b49981cbcf77fcab70a588fbbefc948ea71b,,,False
0267.json,4bbf0ed55134866a78153169adec78f195f3be690e214d3dc741071e44ab3bbd,,,False
0267.json.ots,0a848a7da7bf2d0c7fbf1dfe93203f7242210b346650e963a3b964803fc39deb,,,False
0268.png,e3b3e62743ef4c7ec66bb5767665864e1ffcc5695de5c590a51cc5dade94640a,4bbf0ed55134866a78153169adec78f195f3be690e214d3dc741071e44ab3bbd,abbf6ed55134866a78153169adec78f195f3be690e2140d3dc741071e44ab3bbd,True
0268.png.ots,c8095575a5c47c66791e88ce3c711b1aea73756ff6918ec5d02b29c52a4e5ba8,,,False
0268.json,0dca726467d760a04cfd586644f351febf409a1db0bead781cb7901aa13df512,,,False
0268.json.ots,ec0a3f21f685040b095aec5d6a28dd0eb1cb0e514cc7e617541321663f167b90,,,False
0269.png,0d7bfa17a47ef6cf430b9cee530b6f18aa30418dcc96cc718396fe4d9ac80ae8,0dca726467d760a04cfd586644f351febf409a1db0bead781cb7901aa13df512,0dca726467d760a04cfd586644f351febf409a1db0bead781cb7901aa13df512,True
0269.png.ots,f527fa092f484504fc1208bb91c1f2ca4b404e9cc3fde77327f461c2781c7399,,,False
0269.json,caeeaf2502a45c6a4301a57f35a6b45b5e1d1aff83170f11ecab934f999e678e,,,False
0269.json.ots,2374dd6d7365d364d020310ad9d838e0217c5ec35dde7b340b5012ed65565144,,,False
0270.png,9915836e3f7c048c58f79209268d818ffdb3b1889ee0862de3c78307ce96353b,caeeaf2502a45c6a4301a57f35a6b45b5e1d1aff83170f11ecab934f999e678e,caeeaf2502a45c6a4301a57f35a6b45b5e1daff983170f1ecab934f999e678e,True
0270.png.ots,fa47ded9f602b3f1d0ba4c98e7b984fdc355ad97c7407addfedbc7c43a8f9c97,,,False
0270.json,b9913d20dff8763dffba176175cd7a03a87a24bef1518ace49266cd6432601d1,,,False
0270.json.ots,18c3df2975137ad00733057899cdb2e931ae7a6b3e729efd164be98d0932b778,,,False
0271.png,9b8199c5df89788d47e8fc52bbbe79f683368cdc4a93f2ea5be121d5c7c05a3b,b9913d20dff8763dffba176175cd7a03a87a24bef1518ace49266cd6432601d1,b9913d20dff8763dffba176175cd7a03a87a24bef1518ace49266cd6432601d1,True
0271.png.ots,b4ed01c8d23427ca484eb58c002f304ec7772d9f045dfebf9f7f28f80a79eafd,,,False
0271.json,ecbeef7f942c24d48cc701175d9ab24bacd60f3285886a5ba9ad62e1945cdbfc,,,False
0271.json.ots,b106fbcb4f89a4f66ac93e43c5645117f9a2cd01101997bd6915ae01d1582ac3,,,False
0272.png,8c99b12ca1a027314b6cacf81147a55813716896c3c8d7d935df93cc685e8d17,ecbeef7f942c24d48cc701175d9ab24bacd60f3285886a5ba9ad62e1945cdbfc,ecbeef7f942c24d48cc701175d9ab24bacd60f3285886a5ba9ad62e1945cdbfc,True
0272.png.ots,29413d0dcc5df94952440b320089f6156b07bd5c850e2ad1fa0bbd7f5719753b,,,False
0272.json,6fc4342f144624c03ee92acf0039e5201729111a800a6669127eb1c43ec15178,,,False
0272.json.ots,e8b14767e4a4f4110485eda47031d7f0a1a21a8d206b58a4262a4fc595089b7e,,,False
0273.png,f4eaa500b39def2b3d3bb934295ec1c0a5911cdaa701b7254b4dd88d43ea1b0f,6fc4342f144624c03ee92acf0039e5201729111a800a6669127eb1c43ec15178,6fc4342f144624c03ee92acf0039e5201729111a800a6669127eb1c43ec15178,True
0273.png.ots,86fc9a4c8a66a2bbd17b2e9b515d1e0c1c7d1be7f54545cc2fb2f76192f89ecd,,,False
0273.json,d6d7944efd69f605143b15c8778adc40745406ee529f882400a79a6a0ff3031e,,,False
0273.json.ots,6c67921a53fa616940bbf50e16795156c00d20536803dccbdc06f8bfc449da96,,,False
0274.png,a0c417ae316d049cd992ad222f3c8d11d7cdd4209275887bce4a8f620badb0a5,d6d7944efd69f605143b15c8778adc40745406ee529f882400a79a6a0ff3031e,d6d7944efd69f605143b15c8778adc40745406ee529f882400a79a6a0ff3031e,True
0274.png.ots,bd3ba7cc09edddd097f22aae087090acce411f33e4833530a7d0ab5498ae526d,,,False
0274.json,1449598c584296365216657488ad4022c72397108ed11c6922e7a3af168c9463,,,False
0274.json.ots,4693d3deee6a8225fa3bb4577c3941ef06d3f01500a09ee3c00828043c1b28f6,,,False
0275.png,7bbd74f7a18efd7deb9638c7d5317ffb819d2ce27bdeec41144497698c8fb2ab,1449598c584296365216657488ad4022c72397108ed11c6922e7a3af168c9463,1449598c584296365216657488ad4022c72397108ed11c6922e7a3af168c9463,True
0275.png.ots,734d53f950b1ccda3f320c45f65d5bb28915a92f82ef17990fd201e90136a6bd,,,False
0275.json,e336a81f022daae5994ce70c9d4ab3f5b18ae9e5bc18391bc7b543699eeee27f,,,False
0275.json.ots,47c7a71545ed13ed298e4127d76473247edc85540d2361ec2b30ffcbe7d9fb5c,,,False
0276.png,be4bb1e14a5a872f451b64d3e4d97aab7a5b04ad508a58c4d5100ca83d521eee,e336a81f022daae5994ce70c9d4ab3f5b18ae9e5bc18391bc7b543699eeee27f,e336a81f022daae5994ce70c9d4ab3f5b18ae9e5bc18391bc7b543699eeee27f,True
0276.png.ots,ff720c6e4d82ae006ad055a38485a50fce028f7e359ee32e5bd87793a13a92d4,,,False
0276.json,a71ff645e5ffec868659cad382a1fe5dacab75f32d5bb22440dd72b48739a22a,,,False
0276.json.ots,12e5e4b718371fa3e519b95c15e50431b0fcfe7b521a6e1c8b509a367da2a628,,,False
0277.png,03ac7b158e0e2378c3cbd53fb79fbbaf32827cba97234971c1f8d7aad5b5ace1,a71ff645e5ffec868659cad382a1fe5dacab75f32d5bb22440dd72b48739a22a,a71ff645e5ffec868659cad382a1fe5dacab75f32d5bb22440dd72b48739a22a,True
0277.png.ots,fc04499b16e5d072d0a73cedfadcabea06b7fee7ccf05e19474e2598fa714746,,,False
0277.json,4ff3e94ec999a5d4ff758c646b48faa5dde5fe305c534837852c588f9643b72b,,,False
0277.json.ots,ce1b273f276170b535f3314ed9809d3149eb42687588dd3a05a92fad55328dc0,,,False
0278.png,27fa538063d7bad3abb6a1cf56b3c790d1fd35bade5333494cf4610ad5fe070c,4ff3e94ec999a5d4ff758c646b48faa5dde5fe305c534837852c588f9643b72b,4ff3e94ec999a5d4ff758c646b48faabdddedfe305c534837852c5889643b72b,True
0278.png.ots,c505fdf7d10090cf84ca1052d7eda7c9cf4eff916ff03612c764e2939b766c39,,,False
0278.json,0c931a65dfb0cf7446162be6653e9e7499a19d4eb5621ce9053fae1fc7e66d60,,,False
0278.json.ots,d8a6b50581316b76973a43264852a8b2818fe8c1cfa40ab7b47b78377ee5422e,,,False
0279.png,39675eb01461dd73c793689352117b08c63afc8933f46b3fae23fece19f2e080,0c931a65dfb0cf7446162be6653e9e7499a19d4eb5621ce9053fae1fc7e66d60,0c931a65dfbcf7446162be6653e9e7499a19d4eb5621ce9053faefc7e66d60,True
