bundle_id,index_raw,json_present,png_present,json_file_sha256,prev_last_hash_json,prev_last_hash_prev_id,prev_last_hash_matches_json_prev,prev_last_hash_equals_display_sha256,image_file_sha256,image_sha256_json,image_hash_match,display_sha256_csv,ocr_match_flag,sys_time_in,sys_time_out,sys_duration_seconds,timecode_in,timecode_out,timecode_duration,downloads_count,downloads_names
0000,0,True,False,9562b3ef0319212e6d36297a54ebfcd8fe039fe9c0ddcda5a4d1682468250855,,,,,,,,,,2026-05-13 22:41:58.791349502 CDT,2026-05-13 22:41:59.238740986 CDT,0.447391,00:00:03:12,00:00:03:25,00:00:00:13,0,
0001,2,True,True,dbbbee6525a48e395363db32983ca9c2159369d6da52da064ffaec2da3ce80de,9562b3ef0319212e6d36297a54ebfcd8fe039fe9c0ddcda5a4d1682468250855,0000,True,True,562b39e238cedb04d51a545a447b4f81f7d635abc17da2e3518593eee3d8724a,562b39e238cedb04d51a545a447b4f81f7d635abc17da2e3518593eee3d8724a,True,9562b3ef0319212e6d36297a54ebfcd8fe039fe9c0ddcda5a4d1682468250855,True,2026-05-13 22:42:11.786029861 CDT,2026-05-13 22:42:14.722865180 CDT,2.936836,00:00:16:12,00:00:19:10,00:00:02:28,0,
0002,3,True,True,88df66622d313ceb7bfc83f0dfa315a82afb452725d9dd41abb9658ad3815395,dbbbee6525a48e395363db32983ca9c2159369d6da52da064ffaec2da3ce80de,0001,True,True,fdbc29eebbe5cc6e85b302e95effcc6a292176fa364ce824d06aa40fd4a743b0,fdbc29eebbe5cc6e85b302e95effcc6a292176fa364ce824d06aa40fd4a743b0,True,dbbbee6525a48e395363db32983ca9c2159369d6da52da064ffaec2da3ce80de,True,2026-05-13 22:42:19.479643206 CDT,2026-05-13 22:42:22.066014477 CDT,2.586371,00:00:24:03,00:00:26:20,00:00:02:18,0,
0003,4,True,True,0643cebafd23f3b1fd37b1a7d46568820cfd9c39f32f67c11677c77306abf9c8,88df66622d313ceb7bfc83f0dfa315a82afb452725d9dd41abb9658ad3815395,0002,True,True,099c723ed60a5a003b909abe94d2f1ace2b2f93386a7248aa13211fb3aabde62,099c723ed60a5a003b909abe94d2f1ace2b2f93386a7248aa13211fb3aabde62,True,88df66622d313ceb7bfc83f0dfa315a82afb452725d9dd41abb9658ad3815395,True,2026-05-13 22:42:27.264546833 CDT,2026-05-13 22:42:29.578547377 CDT,2.314001,00:00:31:26,00:00:34:06,00:00:02:09,0,
0004,5,True,True,49fddaecbb577b95a130c178f1e5176e27332d331817535913007f68ff03bd72,0643cebafd23f3b1fd37b1a7d46568820cfd9c39f32f67c11677c77306abf9c8,0003,True,True,5111c1a25434e3188febf9063f61127c6db9df7ae0d83f4d646698fc00470273,5111c1a25434e3188febf9063f61127c6db9df7ae0d83f4d646698fc00470273,True,0643cebafd23f3b1fd37b1a7d46568820cfd9c39f32f67c11677c77306abf9c8,True,2026-05-13 22:42:35.037454809 CDT,2026-05-13 22:42:37.841565338 CDT,2.804111,00:00:39:19,00:00:42:13,00:00:02:24,0,
0005,6,True,True,515b860a59cea0f6f3462cba05c437061e29babd97f9232ef0d00c710cc2eaf7,49fddaecbb577b95a130c178f1e5176e27332d331817535913007f68ff03bd72,0004,True,True,95e942097fea1c234ffe17e458fa0c07192c1fb772d054b21b9b389383f8ee01,95e942097fea1c234ffe17e458fa0c07192c1fb772d054b21b9b389383f8ee01,True,49fddaecbb577b95a130c178f1e5176e27332d331817535913007f68ff03bd72,True,2026-05-13 22:42:42.776832293 CDT,2026-05-13 22:42:45.731434964 CDT,2.954602,00:00:47:12,00:00:50:10,00:00:02:29,0,
0006,7,True,True,5de03f1403b538242a4cfd505496c2f79ad5ae63696c6966e9c1d876f7f5e61e,515b860a59cea0f6f3462cba05c437061e29babd97f9232ef0d00c710cc2eaf7,0005,True,True,a00c61dcd4a82a47581f6808b637755045af6452ab982846efac836a906dcb35,a00c61dcd4a82a47581f6808b637755045af6452ab982846efac836a906dcb35,True,515b860a59cea0f6f3462cba05c437061e29babd97f9232ef0d00c710cc2eaf7,True,2026-05-13 22:42:50.848524377 CDT,2026-05-13 22:42:53.704140129 CDT,2.855616,00:00:55:14,00:00:58:09,00:00:02:26,0,
0007,8,True,True,0b732cfe29334f470326edd209a75814087e14b23ff4a29964d7ae007815f42e,5de03f1403b538242a4cfd505496c2f79ad5ae63696c6966e9c1d876f7f5e61e,0006,True,True,dd9d0448a116eea5e80369aa084a00e5e8f1d45383cb01215856ad1775cabe0b,dd9d0448a116eea5e80369aa084a00e5e8f1d45383cb01215856ad1775cabe0b,True,5de03f1403b538242a4cfd505496c2f79ad5ae63696c6966e9c1d876f7f5e61e,True,2026-05-13 22:42:58.891859809 CDT,2026-05-13 22:43:01.810925102 CDT,2.919066,00:01:03:15,00:01:06:13,00:00:02:28,0,
0008,9,True,True,a765e383a4f999d9847d2c500b3191f83a7eafe857ab5352c0a875fdbf64b82c,0b732cfe29334f470326edd209a75814087e14b23ff4a29964d7ae007815f42e,0007,True,True,8a37c1a0b571d6c6e4bbb72b878cda9778423ae94c2bc40ddde8a330d321f02a,8a37c1a0b571d6c6e4bbb72b878cda9778423ae94c2bc40ddde8a330d321f02a,True,0b732cfe29334f470326edd209a75814087e14b23ff4a29964d7ae007815f42e,True,2026-05-13 22:43:07.091596957 CDT,2026-05-13 22:43:09.741341173 CDT,2.649745,00:01:11:21,00:01:14:10,00:00:02:19,0,
0009,10,True,True,43f840664730436657a92bc0a2f6b16bd8d2989aecaf4a70cb9502ba25faab89,a765e383a4f999d9847d2c500b3191f83a7eafe857ab5352c0a875fdbf64b82c,0008,True,True,fc34375ccf71a1bdb32e0e2fb5bad46b59505f98ff6d0f5a119b9aef12e3bc04,fc34375ccf71a1bdb32e0e2fb5bad46b59505f98ff6d0f5a119b9aef12e3bc04,True,a765e383a4f999d9847d2c500b3191f83a7eafe857ab5352c0a875fdbf64b82c,True,2026-05-13 22:43:15.257268277 CDT,2026-05-13 22:43:18.124391949 CDT,2.867123,00:01:19:26,00:01:22:22,00:00:02:26,0,
0010,11,True,True,9c8ce31d1d0d3c170f3c24860ae80f5925696210becdfc4b343a4066d3ac189b,43f840664730436657a92bc0a2f6b16bd8d2989aecaf4a70cb9502ba25faab89,0009,True,True,9b8072d8f64a88c6147d7962391c91777a3e2c9a777ddda0a08be335f0a73002,9b8072d8f64a88c6147d7962391c91777a3e2c9a777ddda0a08be335f0a73002,True,43f840664730436657a92bc0a2f6b16bd8d2989aecaf4a70cb9502ba25faab89,True,2026-05-13 22:43:23.330534650 CDT,2026-05-13 22:43:25.882333523 CDT,2.551799,00:01:27:28,00:01:30:15,00:00:02:17,0,
0011,12,True,True,0f44dd06f84824776caaa107661254ded9b74029877e6324a3ddc6c40ffc2c59,9c8ce31d1d0d3c170f3c24860ae80f5925696210becdfc4b343a4066d3ac189b,0010,True,True,5afc5d54f532d8d410fd3d7db3ce59d9206fc159a4b6eec40e534f26c7f7a616,5afc5d54f532d8d410fd3d7db3ce59d9206fc159a4b6eec40e534f26c7f7a616,True,9c8ce31d1d0d3c170f3c24860ae80f5925696210becdfc4b343a4066d3ac189b,True,2026-05-13 22:43:31.242692332 CDT,2026-05-13 22:43:33.826485532 CDT,2.583793,00:01:35:25,00:01:38:13,00:00:02:18,0,
0012,13,True,True,c3951a473441521ec13c3bcb7d3c7c5f33d1763767b32ce567e881b3cb5686b3,0f44dd06f84824776caaa107661254ded9b74029877e6324a3ddc6c40ffc2c59,0011,True,True,cf2430079de25cd819fad7359838d4fda322996a1c727cd810b5d82c007ddc67,cf2430079de25cd819fad7359838d4fda322996a1c727cd810b5d82c007ddc67,True,0f44dd06f84824776caaa107661254ded9b74029877e6324a3ddc6c40ffc2c59,True,2026-05-13 22:43:39.040842295 CDT,2026-05-13 22:43:41.794897738 CDT,2.754055,00:01:43:19,00:01:46:12,00:00:02:23,0,
0013,14,True,True,74fde95852934de375f4b03ddd44e55d5c5f08b7c80963d6f8beee801b7b487d,c3951a473441521ec13c3bcb7d3c7c5f33d1763767b32ce567e881b3cb5686b3,0012,True,True,1a2f040243f35d8a34bfd19a46880802d635733655c969f8bcd6da8ff2448125,1a2f040243f35d8a34bfd19a46880802d635733655c969f8bcd6da8ff2448125,True,c3951a473441521ec13c3bcb7d3c7c5f33d1763767b32ce567e881b3cb5686b3,True,2026-05-13 22:43:46.686659877 CDT,2026-05-13 22:43:49.052693277 CDT,2.366034,00:01:51:09,00:01:53:20,00:00:02:11,0,
0014,15,True,True,b43f397fd06e8b1652337323e001bd954fce98f583aee9ad8fb23d10e1c1fa8c,74fde95852934de375f4b03ddd44e55d5c5f08b7c80963d6f8beee801b7b487d,0013,True,True,6140f50fd04f77f434c79801d4a7ff401f3d3212b1370448853c17588cbb911e,6140f50fd04f77f434c79801d4a7ff401f3d3212b1370448853c17588cbb911e,True,74fde95852934de375f4b03ddd44e55d5c5f08b7c80963d6f8beee801b7b487d,True,2026-05-13 22:43:54.276652730 CDT,2026-05-13 22:43:57.036089835 CDT,2.759437,00:01:58:27,00:02:01:19,00:00:02:23,0,
0015,16,True,True,0b6b254fe38cfff21732cfbf2bac2ddbe0629ab6f9003a578cbce50b676deb9b,b43f397fd06e8b1652337323e001bd954fce98f583aee9ad8fb23d10e1c1fa8c,0014,True,True,d9cceef03fc4b75ac04138827fc08ac6f931cf31914ab6afbb4f49d4828888e2,d9cceef03fc4b75ac04138827fc08ac6f931cf31914ab6afbb4f49d4828888e2,True,b43f397fd06e8b1652337323e001bd954fce98f583aee9ad8fb23d10e1c1fa8c,True,2026-05-13 22:44:02.320630145 CDT,2026-05-13 22:44:05.069634608 CDT,2.749004,00:02:06:28,00:02:09:20,00:00:02:22,0,
0016,17,True,True,34877c2d424834f95adc1299f1c3d747a578f2349c4fed1f72c176411ee04842,0b6b254fe38cfff21732cfbf2bac2ddbe0629ab6f9003a578cbce50b676deb9b,0015,True,True,3a5edcd0f1879e2ca45a2b160c3d4a6f3d31d1f5c5a1642216797fcf87767bf4,3a5edcd0f1879e2ca45a2b160c3d4a6f3d31d1f5c5a1642216797fcf87767bf4,True,0b6b254fe38cfff21732cfbf2bac2ddbe0629ab6f9003a578cbce50b676deb9b,True,2026-05-13 22:44:10.006087903 CDT,2026-05-13 22:44:12.751141851 CDT,2.745054,00:02:14:18,00:02:17:11,00:00:02:22,0,
0017,18,True,True,033122f9e5275078c536453063fb942c5c293aa51e4d0923199d37a18afe5a59,34877c2d424834f95adc1299f1c3d747a578f2349c4fed1f72c176411ee04842,0016,True,True,1dd0860be16545edfc23c2284d63cc5f681147ebd1e83d24431d928fe5573b6c,1dd0860be16545edfc23c2284d63cc5f681147ebd1e83d24431d928fe5573b6c,True,34877c2d424834f95adc1299f1c3d747a578f2349c4fed1f72c176411ee04842,True,2026-05-13 22:44:17.703106581 CDT,2026-05-13 22:44:19.978205289 CDT,2.275099,00:02:22:09,00:02:24:18,00:00:02:08,0,
0018,19,True,True,95789fb9d0bc5c1c15c4764a776f861732a0f1f4591c1f5b1c7b9c545fb1fda4,033122f9e5275078c536453063fb942c5c293aa51e4d0923199d37a18afe5a59,0017,True,True,92fbb5c22d24e22e3296f829724417731a1825a2d8112042a0b627d5a04b0d24,92fbb5c22d24e22e3296f829724417731a1825a2d8112042a0b627d5a04b0d24,True,033122f9e5275078c536453063fb942c5c293aa51e4d0923199d37a18afe5a59,True,2026-05-13 22:44:25.353045911 CDT,2026-05-13 22:44:28.125702826 CDT,2.772657,00:02:29:29,00:02:32:22,00:00:02:23,0,
0019,20,True,True,8c37c3a8d56834212a2057ca3622818b79e9a322c8a37879e620321900e9c918,95789fb9d0bc5c1c15c4764a776f861732a0f1f4591c1f5b1c7b9c545fb1fda4,0018,True,True,c19ba4441656166516ba86cb612f22e187c0f3aa7af83aabe16d32ef9c59250d,c19ba4441656166516ba86cb612f22e187c0f3aa7af83aabe16d32ef9c59250d,True,95789fb9d0bc5c1c15c4764a776f861732a0f1f4591c1f5b1c7b9c545fb1fda4,True,2026-05-13 22:44:32.948711133 CDT,2026-05-13 22:44:35.667231460 CDT,2.718520,00:02:37:17,00:02:40:08,00:00:02:22,0,
0020,21,True,True,96a7039ced12c4d783cef68a45378ef92937552f1a958e5813a9c1e975bc9ab9,8c37c3a8d56834212a2057ca3622818b79e9a322c8a37879e620321900e9c918,0019,True,True,1eb8a920649324a099e396b91eeff1b2c5cdbbec973659d007e179af92ab87f4,1eb8a920649324a099e396b91eeff1b2c5cdbbec973659d007e179af92ab87f4,True,8c37c3a8d56834212a2057ca3622818b79e9a322c8a37879e620321900e9c918,True,2026-05-13 22:44:40.672167306 CDT,2026-05-13 22:44:43.149953311 CDT,2.477786,00:02:45:08,00:02:47:23,00:00:02:14,0,
0021,22,True,True,bfe222dcf692a6f72f8bdbece391281dd637b51bd79edb724480bea7128c954a,96a7039ced12c4d783cef68a45378ef92937552f1a958e5813a9c1e975bc9ab9,0020,True,True,2e09366bbd3401d95b42cd107608d9c0effec63cf966cdfbe8c6e90ca22ec975,2e09366bbd3401d95b42cd107608d9c0effec63cf966cdfbe8c6e90ca22ec975,True,96a7039ced12c4d783cef68a45378ef92937552f1a958e5813a9c1e975bc9ab9,True,2026-05-13 22:44:48.300992566 CDT,2026-05-13 22:44:51.266333617 CDT,2.965341,00:02:52:27,00:02:55:26,00:00:02:29,0,
0022,23,True,True,87ab6d66cd88cb93c01182607b6388c689911718002b3ee1a647320e2491b408,bfe222dcf692a6f72f8bdbece391281dd637b51bd79edb724480bea7128c954a,0021,True,True,047a876e39d0d7d7b5f6608745ad041eb75c2ec4e1a00c7c6e263a24e2085c67,047a876e39d0d7d7b5f6608745ad041eb75c2ec4e1a00c7c6e263a24e2085c67,True,bfe222dcf692a6f72f8bdbece391281dd637b51bd79edb724480bea7128c954a,True,2026-05-13 22:44:56.008574460 CDT,2026-05-13 22:44:58.969607150 CDT,2.961033,00:03:00:18,00:03:03:17,00:00:02:29,0,
0023,24,True,True,4a37a8bf1f741c090c115e545dc735980bade51e4f1f30a112340d61a5f18fa5,87ab6d66cd88cb93c01182607b6388c689911718002b3ee1a647320e2491b408,0022,True,True,56dc76cda08df9f5d6ce78153ea74af09971f7f456799e4e2f5523fad2777cc9,56dc76cda08df9f5d6ce78153ea74af09971f7f456799e4e2f5523fad2777cc9,True,87ab6d66cd88cb93c01182607b6388c689911718002b3ee1a647320e2491b408,True,2026-05-13 22:45:03.698001562 CDT,2026-05-13 22:45:06.200391952 CDT,2.502390,00:03:08:09,00:03:10:24,00:00:02:15,0,
0024,25,True,True,7724afec6026604f8cc427f0051bc4ca12732bc0f284f12746788b32d9fc1f35,4a37a8bf1f741c090c115e545dc735980bade51e4f1f30a112340d61a5f18fa5,0023,True,True,acf6a3f3aadc32bb9f0fd3df9382baeae021a20cdbf5312bab6916f412f3f45a,acf6a3f3aadc32bb9f0fd3df9382baeae021a20cdbf5312bab6916f412f3f45a,True,4a37a8bf1f741c090c115e545dc735980bade51e4f1f30a112340d61a5f18fa5,True,2026-05-13 22:45:11.356011929 CDT,2026-05-13 22:45:14.285190155 CDT,2.929179,00:03:15:29,00:03:18:27,00:00:02:28,0,
0025,26,True,True,16de7f6dbb4609862e83d70bb2fb45887baa5bdb5364cf8398044a5a7101ea3d,7724afec6026604f8cc427f0051bc4ca12732bc0f284f12746788b32d9fc1f35,0024,True,True,dbb9a4598744d1a3181a51622e01795b9bd9113124e2e78f1a99684aa1779d23,dbb9a4598744d1a3181a51622e01795b9bd9113124e2e78f1a99684aa1779d23,True,7724afec6026604f8cc427f0051bc4ca12732bc0f284f12746788b32d9fc1f35,True,2026-05-13 22:45:19.076699170 CDT,2026-05-13 22:45:21.815067224 CDT,2.738368,00:03:23:21,00:03:26:13,00:00:02:22,0,
0026,27,True,True,e8aa735dca86a0e512be0e6c3b54e44244ee81d3fe62e4c4c31551467ded83eb,16de7f6dbb4609862e83d70bb2fb45887baa5bdb5364cf8398044a5a7101ea3d,0025,True,True,6bf032a1397d594f2d09e6b6244fd313b5c08718be6eed75ee0f013a28ea8298,6bf032a1397d594f2d09e6b6244fd313b5c08718be6eed75ee0f013a28ea8298,True,16de7f6dbb4609862e83d70bb2fb45887baa5bdb5364cf8398044a5a7101ea3d,True,2026-05-13 22:45:26.816281288 CDT,2026-05-13 22:45:29.328736571 CDT,2.512455,00:03:31:13,00:03:33:28,00:00:02:15,0,
0027,28,True,True,aa467122fffe5bfda57cb43de90319fb312faa50791abfed38aac31312d00321,e8aa735dca86a0e512be0e6c3b54e44244ee81d3fe62e4c4c31551467ded83eb,0026,True,True,03739146ce380a7c1dc8638c1b5cd240dc7d8386aa241acd8c4441966819e07c,03739146ce380a7c1dc8638c1b5cd240dc7d8386aa241acd8c4441966819e07c,True,e8aa735dca86a0e512be0e6c3b54e44244ee81d3fe62e4c4c31551467ded83eb,True,2026-05-13 22:45:34.431186298 CDT,2026-05-13 22:45:37.397087151 CDT,2.965901,00:03:39:01,00:03:42:00,00:00:02:29,0,
0028,29,True,True,c766ee24e184690ce0be60e9e42d2e3d6ec9c3fe458e871a6b927f21d86ae849,aa467122fffe5bfda57cb43de90319fb312faa50791abfed38aac31312d00321,0027,True,True,01f69eea5a851c6ee529c330fdcf20307b1c4882cc07b8d967d39ce606d08147,01f69eea5a851c6ee529c330fdcf20307b1c4882cc07b8d967d39ce606d08147,True,aa467122fffe5bfda57cb43de90319fb312faa50791abfed38aac31312d00321,True,2026-05-13 22:45:42.029761030 CDT,2026-05-13 22:45:44.474821759 CDT,2.445060,00:03:46:19,00:03:49:02,00:00:02:13,0,
0029,30,True,True,852433000f5d084c7f51e4b075b018cafc3acb9a49a88b515422ee8fc93d7c93,c766ee24e184690ce0be60e9e42d2e3d6ec9c3fe458e871a6b927f21d86ae849,0028,True,True,1f646770e01bf269c9ed6051ab16e2b50310513618fb4af0f2f2f1da6d222ffb,1f646770e01bf269c9ed6051ab16e2b50310513618fb4af0f2f2f1da6d222ffb,True,c766ee24e184690ce0be60e9e42d2e3d6ec9c3fe458e871a6b927f21d86ae849,True,2026-05-13 22:45:49.732889742 CDT,2026-05-13 22:45:52.475399646 CDT,2.742510,00:03:54:10,00:03:57:02,00:00:02:22,0,
0030,31,True,True,1fc387ea55ca9df2f6e8143b44075b99ceb4fd84d659bb4cfa54f4016d7a4507,852433000f5d084c7f51e4b075b018cafc3acb9a49a88b515422ee8fc93d7c93,0029,True,True,1c0772072fce84a929e8f51bc905af2bb99004dad77a6d6dbd4cb6e4a69a440f,1c0772072fce84a929e8f51bc905af2bb99004dad77a6d6dbd4cb6e4a69a440f,True,852433000f5d084c7f51e4b075b018cafc3acb9a49a88b515422ee8fc93d7c93,True,2026-05-13 22:45:57.477120301 CDT,2026-05-13 22:46:00.544458866 CDT,3.067338,00:04:02:03,00:04:05:05,00:00:03:02,0,
0031,32,True,True,57fbf26a710aa378eb0d5c2199b869ccaa796decdef3653fb577494e8db2303a,1fc387ea55ca9df2f6e8143b44075b99ceb4fd84d659bb4cfa54f4016d7a4507,0030,True,True,e17d5309af164b858aeb7d0a96e673bd6d5cd446d2e298e59c7f58971aceb1ef,e17d5309af164b858aeb7d0a96e673bd6d5cd446d2e298e59c7f58971aceb1ef,True,1fc387ea55ca9df2f6e8143b44075b99ceb4fd84d659bb4cfa54f4016d7a4507,True,2026-05-13 22:46:05.114624125 CDT,2026-05-13 22:46:07.518612632 CDT,2.403988,00:04:09:22,00:04:12:04,00:00:02:12,0,
0032,33,True,True,2c60b3678a56ffddffe90ba12ffc08e01e26195f0d026ed5189c0dc8b70011c0,57fbf26a710aa378eb0d5c2199b869ccaa796decdef3653fb577494e8db2303a,0031,True,True,69e26ea39b65535867b247f33f22fff2253b84c601a9552c55601c2fe1254a61,69e26ea39b65535867b247f33f22fff2253b84c601a9552c55601c2fe1254a61,True,57fbf26a710aa378eb0d5c2199b869ccaa796decdef3653fb577494e8db2303a,True,2026-05-13 22:46:12.873108995 CDT,2026-05-13 22:46:15.377174024 CDT,2.504066,00:04:17:14,00:04:20:00,00:00:02:15,0,
0033,34,True,True,c7956d5e105fd5177a749ebeb749168e62384befa3bcd8776531c537d8a8c580,2c60b3678a56ffddffe90ba12ffc08e01e26195f0d026ed5189c0dc8b70011c0,0032,True,True,bd8e11fe6e32123789c65ddc2e12e6e9c27d7afc40baea7d9712f49fb6d32cbe,bd8e11fe6e32123789c65ddc2e12e6e9c27d7afc40baea7d9712f49fb6d32cbe,True,2c60b3678a56ffddffe90ba12ffc08e01e26195f0d026ed5189c0dc8b70011c0,True,2026-05-13 22:46:20.506921235 CDT,2026-05-13 22:46:23.383340562 CDT,2.876419,00:04:25:03,00:04:28:00,00:00:02:26,0,
0034,35,True,True,7fdf32d5f0eec0bad41b52dc238a53e0bc807de8de34a6301c6f54743a9341a7,c7956d5e105fd5177a749ebeb749168e62384befa3bcd8776531c537d8a8c580,0033,True,True,257b6d01a832b946696d7897cbceda87cb1925e505a9036e417d37221c79e6e2,257b6d01a832b946696d7897cbceda87cb1925e505a9036e417d37221c79e6e2,True,c7956d5e105fd5177a749ebeb749168e62384befa3bcd8776531c537d8a8c580,True,2026-05-13 22:46:28.236725063 CDT,2026-05-13 22:46:31.459296098 CDT,3.222571,00:04:32:25,00:04:36:02,00:00:03:07,0,
0035,36,True,True,0e1284da2805af7bc21281bc862aa4294c44d8f6671a3c1f648460183e696934,7fdf32d5f0eec0bad41b52dc238a53e0bc807de8de34a6301c6f54743a9341a7,0034,True,True,aceb9bee326a944670072725ba398032b27852dea2666e7d3d16d2b7f76415b7,aceb9bee326a944670072725ba398032b27852dea2666e7d3d16d2b7f76415b7,True,7fdf32d5f0eec0bad41b52dc238a53e0bc807de8de34a6301c6f54743a9341a7,True,2026-05-13 22:46:35.894564605 CDT,2026-05-13 22:46:38.503447590 CDT,2.608883,00:04:40:15,00:04:43:03,00:00:02:18,0,
0036,37,True,True,edf59dc1ef753c7d3e21b3feebfa2a559fce1011a0c02a0707c94655ab47a4a5,0e1284da2805af7bc21281bc862aa4294c44d8f6671a3c1f648460183e696934,0035,True,True,cf739a3f04a31117967a017f3c6c7ca33c666ff951fa0fb0ec5a561097d8f7ab,cf739a3f04a31117967a017f3c6c7ca33c666ff951fa0fb0ec5a561097d8f7ab,True,0e1284da2805af7bc21281bc862aa4294c44d8f6671a3c1f648460183e696934,True,2026-05-13 22:46:43.667382917 CDT,2026-05-13 22:46:46.452731068 CDT,2.785349,00:04:48:08,00:04:51:02,00:00:02:24,0,
0037,38,True,True,40545eb29aadc81f8f134a8a7b7d77500c69cd1f5539c37fc9887a6d0b704ccb,edf59dc1ef753c7d3e21b3feebfa2a559fce1011a0c02a0707c94655ab47a4a5,0036,True,True,da5180c4211bd89fd879054b4b9f6863015915295cded640d725384746bc86d1,da5180c4211bd89fd879054b4b9f6863015915295cded640d725384746bc86d1,True,edf59dc1ef753c7d3e21b3feebfa2a559fce1011a0c02a0707c94655ab47a4a5,True,2026-05-13 22:46:51.366317836 CDT,2026-05-13 22:46:53.545585109 CDT,2.179268,00:04:55:29,00:04:58:05,00:00:02:05,0,
0038,39,True,True,f0316c0546def19ae3eb12a772f3e968f308f47fb44d3d8bfff6a474ffb1d41b,40545eb29aadc81f8f134a8a7b7d77500c69cd1f5539c37fc9887a6d0b704ccb,0037,True,True,4754233ffbd093fff1f93cc6106af865352f5d7342e10a50a4e122055aea89ac,4754233ffbd093fff1f93cc6106af865352f5d7342e10a50a4e122055aea89ac,True,40545eb29aadc81f8f134a8a7b7d77500c69cd1f5539c37fc9887a6d0b704ccb,True,2026-05-13 22:46:59.011543295 CDT,2026-05-13 22:47:01.724307181 CDT,2.712764,00:05:03:19,00:05:06:10,00:00:02:21,0,
0039,40,True,True,2969fa513ba4b31572e6d14c393206d2a15d304b2b0a0c022a21e74d250df609,f0316c0546def19ae3eb12a772f3e968f308f47fb44d3d8bfff6a474ffb1d41b,0038,True,True,2eddc3ab08e84ac8625a0ee733de864c040ebcea1f27aca5e1f8b989b6b6860d,2eddc3ab08e84ac8625a0ee733de864c040ebcea1f27aca5e1f8b989b6b6860d,True,f0316c0546def19ae3eb12a772f3e968f308f47fb44d3d8bfff6a474ffb1d41b,True,2026-05-13 22:47:06.967230188 CDT,2026-05-13 22:47:09.641008517 CDT,2.673778,00:05:11:17,00:05:14:07,00:00:02:20,0,
0040,41,True,True,62eae5734a7ae72c884a67b86bd8e09f165cb7b2a4f838820bf585fe488be7b3,2969fa513ba4b31572e6d14c393206d2a15d304b2b0a0c022a21e74d250df609,0039,True,True,73986be7563cdda75a5636da4cd31865b44917477ec725c3c738f2b44eb87926,73986be7563cdda75a5636da4cd31865b44917477ec725c3c738f2b44eb87926,True,2969fa513ba4b31572e6d14c393206d2a15d304b2b0a0c022a21e74d250df609,True,2026-05-13 22:47:14.774263504 CDT,2026-05-13 22:47:17.474724405 CDT,2.700461,00:05:19:11,00:05:22:02,00:00:02:21,0,
0041,42,True,True,3d890d31d504c57ecb1f691d4d5cdb8e0865472dd7e9631b45bfe353a59eef03,62eae5734a7ae72c884a67b86bd8e09f165cb7b2a4f838820bf585fe488be7b3,0040,True,True,38245fb87c47198b625933df35fe2ff0b81b1fc4703c559f46063c758a4fc2a3,38245fb87c47198b625933df35fe2ff0b81b1fc4703c559f46063c758a4fc2a3,True,62eae5734a7ae72c884a67b86bd8e09f165cb7b2a4f838820bf585fe488be7b3,True,2026-05-13 22:47:22.510071147 CDT,2026-05-13 22:47:25.188812655 CDT,2.678741,00:05:27:04,00:05:29:24,00:00:02:20,0,
0042,43,True,True,8fa08ea049c1810389b9278646ccc2b63f34e369f8106fe8f23fdbf2fab3f07d,3d890d31d504c57ecb1f691d4d5cdb8e0865472dd7e9631b45bfe353a59eef03,0041,True,True,b43529aa85a8fdeb9873d721f545e0b811c664db99cea85e52dfc376aae7b315,b43529aa85a8fdeb9873d721f545e0b811c664db99cea85e52dfc376aae7b315,True,3d890d31d504c57ecb1f691d4d5cdb8e0865472dd7e9631b45bfe353a59eef03,True,2026-05-13 22:47:30.562712259 CDT,2026-05-13 22:47:34.070127274 CDT,3.507415,00:05:35:05,00:05:38:20,00:00:03:15,0,
0043,44,True,True,36ea80c588c20956fe10f2f24eb8ee0274cba1e66df443356ac07838192405f9,8fa08ea049c1810389b9278646ccc2b63f34e369f8106fe8f23fdbf2fab3f07d,0042,True,True,eb968e48c0fb2f9e846b1f20d5d5fe5a3ccebcdbacbf828e8daa21ac9802097e,eb968e48c0fb2f9e846b1f20d5d5fe5a3ccebcdbacbf828e8daa21ac9802097e,True,8fa08ea049c1810389b9278646ccc2b63f34e369f8106fe8f23fdbf2fab3f07d,True,2026-05-13 22:47:38.644599878 CDT,2026-05-13 22:47:42.461425042 CDT,3.816826,00:05:43:08,00:05:47:02,00:00:03:25,0,
0044,45,True,True,8da9935e113cd9e828a16c52ac599e2e814b3f33211f25e5d5869d00d0b49c0d,36ea80c588c20956fe10f2f24eb8ee0274cba1e66df443356ac07838192405f9,0043,True,True,001ed3d80ff469db18fcc291728f2a4c7a1c5a7b691083ed0f29df71f399b764,001ed3d80ff469db18fcc291728f2a4c7a1c5a7b691083ed0f29df71f399b764,True,36ea80c588c20956fe10f2f24eb8ee0274cba1e66df443356ac07838192405f9,True,2026-05-13 22:47:46.749880511 CDT,2026-05-13 22:47:50.596975729 CDT,3.847095,00:05:51:11,00:05:55:06,00:00:03:25,0,
0045,46,True,True,b1abbe6f0e73f22fc205a846f0144d4c2fadd0aa0a63d0c687a8b306ec29ac32,8da9935e113cd9e828a16c52ac599e2e814b3f33211f25e5d5869d00d0b49c0d,0044,True,True,3cadda123b055be87f92d501e799e5e8cd5a64b59d097a0af0b98db8a401a795,3cadda123b055be87f92d501e799e5e8cd5a64b59d097a0af0b98db8a401a795,True,8da9935e113cd9e828a16c52ac599e2e814b3f33211f25e5d5869d00d0b49c0d,True,2026-05-13 22:47:54.888431828 CDT,2026-05-13 22:47:58.243601987 CDT,3.355170,00:05:59:15,00:06:02:26,00:00:03:11,0,
0046,47,True,True,77ddbb00c1d57b2ccea6bacc11282cf5f6ff8c9ea6af2d585e80f7fb6a5b9902,b1abbe6f0e73f22fc205a846f0144d4c2fadd0aa0a63d0c687a8b306ec29ac32,0045,True,True,f103081760c021f83ba71d53b8fb8d03003637ac96ccf027754901d22616dc6d,f103081760c021f83ba71d53b8fb8d03003637ac96ccf027754901d22616dc6d,True,b1abbe6f0e73f22fc205a846f0144d4c2fadd0aa0a63d0c687a8b306ec29ac32,True,2026-05-13 22:48:03.039646116 CDT,2026-05-13 22:48:06.194174759 CDT,3.154528,00:06:07:19,00:06:10:24,00:00:03:05,0,
0047,48,True,True,ea45950e78a2541b3d1309de919887715db03e31e232dd0b3b5026937e93f309,77ddbb00c1d57b2ccea6bacc11282cf5f6ff8c9ea6af2d585e80f7fb6a5b9902,0046,True,True,c12033c09feef27559707fa73e70a69108a0fc2d9fa9c2f10918cea48ecf8319,c12033c09feef27559707fa73e70a69108a0fc2d9fa9c2f10918cea48ecf8319,True,77ddbb00c1d57b2ccea6bacc11282cf5f6ff8c9ea6af2d585e80f7fb6a5b9902,True,2026-05-13 22:48:10.619643618 CDT,2026-05-13 22:48:13.099466837 CDT,2.479823,00:06:15:07,00:06:17:21,00:00:02:14,0,
0048,49,True,True,01887661d80024c1b58e29c3c226629e31f7f47cf59536f9f008c486bd151669,ea45950e78a2541b3d1309de919887715db03e31e232dd0b3b5026937e93f309,0047,True,True,7a7fffe06a18513808bdea1422b766545aab8314945c5c9200ce82ed571ac911,7a7fffe06a18513808bdea1422b766545aab8314945c5c9200ce82ed571ac911,True,ea45950e78a2541b3d1309de919887715db03e31e232dd0b3b5026937e93f309,True,2026-05-13 22:48:18.269936727 CDT,2026-05-13 22:48:21.032710360 CDT,2.762774,00:06:22:26,00:06:25:19,00:00:02:23,0,
0049,50,True,True,c8c6cdc8c72ea49dc3d3f1d161d788ed5dd92f3836f253ddcc60346805ca33b1,01887661d80024c1b58e29c3c226629e31f7f47cf59536f9f008c486bd151669,0048,True,True,49ed3bb111c1f4d863fbeb0e4366561ffa56b1dec30f4265c51783591c787a28,49ed3bb111c1f4d863fbeb0e4366561ffa56b1dec30f4265c51783591c787a28,True,01887661d80024c1b58e29c3c226629e31f7f47cf59536f9f008c486bd151669,True,2026-05-13 22:48:25.992126079 CDT,2026-05-13 22:48:27.828270177 CDT,1.836144,00:06:30:18,00:06:32:13,00:00:01:25,0,
0050,51,True,True,700d7e2221a13c9f81988ae4dedeeff4fb9205a3d4e3b73726e17c3cbce9568f,c8c6cdc8c72ea49dc3d3f1d161d788ed5dd92f3836f253ddcc60346805ca33b1,0049,True,True,c47724f678cefae40cd58a4a219b496e8621c7106290f3252383d70028497f42,c47724f678cefae40cd58a4a219b496e8621c7106290f3252383d70028497f42,True,c8c6cdc8c72ea49dc3d3f1d161d788ed5dd92f3836f253ddcc60346805ca33b1,True,2026-05-13 22:48:33.691747835 CDT,2026-05-13 22:48:36.104453661 CDT,2.412706,00:06:38:09,00:06:40:21,00:00:02:12,0,
0051,52,True,True,31ab973ce951f8d974979ac4d113d78bc089a9a7793265e7ace30507b15d9220,700d7e2221a13c9f81988ae4dedeeff4fb9205a3d4e3b73726e17c3cbce9568f,0050,True,True,798f5b43b224e678d51f9256acf97ea0adaab64b88e01347363878605842cb6c,798f5b43b224e678d51f9256acf97ea0adaab64b88e01347363878605842cb6c,True,700d7e2221a13c9f81988ae4dedeeff4fb9205a3d4e3b73726e17c3cbce9568f,True,2026-05-13 22:48:41.316286509 CDT,2026-05-13 22:48:43.859732974 CDT,2.543446,00:06:45:28,00:06:48:14,00:00:02:16,0,
0052,53,True,True,c94277695e0beef63cfe1956f7de751ac9bd32babbf2d09876bc9fe61c5d23e2,31ab973ce951f8d974979ac4d113d78bc089a9a7793265e7ace30507b15d9220,0051,True,True,afdfab6062245c7e74e889bb32cf653b293018e568d3ed16bd17036a0864c03a,afdfab6062245c7e74e889bb32cf653b293018e568d3ed16bd17036a0864c03a,True,31ab973ce951f8d974979ac4d113d78bc089a9a7793265e7ace30507b15d9220,True,2026-05-13 22:48:48.959284675 CDT,2026-05-13 22:48:50.918274421 CDT,1.958990,00:06:53:17,00:06:55:16,00:00:01:29,0,
0053,54,True,True,fbecc3de120dd6e729afd44e65be8c3d97222a70e209da95dae6853b19dee8ff,c94277695e0beef63cfe1956f7de751ac9bd32babbf2d09876bc9fe61c5d23e2,0052,True,True,954305d350688ae586820b7aa261094112be523a219dde88f4b9fffbcc586fa0,954305d350688ae586820b7aa261094112be523a219dde88f4b9fffbcc586fa0,True,c94277695e0beef63cfe1956f7de751ac9bd32babbf2d09876bc9fe61c5d23e2,True,2026-05-13 22:48:56.579820507 CDT,2026-05-13 22:48:58.919873917 CDT,2.340053,00:07:01:06,00:07:03:16,00:00:02:10,0,
0054,55,True,True,b00a6a2b1ca32ec9f6d42c26f78732a96309664acaec651cc1afce3193e54281,fbecc3de120dd6e729afd44e65be8c3d97222a70e209da95dae6853b19dee8ff,0053,True,True,8fdb25db8887645656120e3d7da3ada8f29a7a8d6f568d6e5479e85781b9c451,8fdb25db8887645656120e3d7da3ada8f29a7a8d6f568d6e5479e85781b9c451,True,fbecc3de120dd6e729afd44e65be8c3d97222a70e209da95dae6853b19dee8ff,True,2026-05-13 22:49:04.241358993 CDT,2026-05-13 22:49:07.515978995 CDT,3.274620,00:07:08:25,00:07:12:04,00:00:03:08,0,
0055,56,True,True,59ef8cf139af060273ce35978cc87a950f6ea7ab336cab9e887191d31adc4932,b00a6a2b1ca32ec9f6d42c26f78732a96309664acaec651cc1afce3193e54281,0054,True,True,19cefba80d4739970790b340e808310c9628695cf878b514bdd420c70cce98ab,19cefba80d4739970790b340e808310c9628695cf878b514bdd420c70cce98ab,True,b00a6a2b1ca32ec9f6d42c26f78732a96309664acaec651cc1afce3193e54281,True,2026-05-13 22:49:11.861191633 CDT,2026-05-13 22:49:14.717129783 CDT,2.855938,00:07:16:14,00:07:19:10,00:00:02:26,0,
0056,57,True,True,1d402e95c2811a58a8a3383a1d67dc9ad4babed7faf20f1fa7664da3cf80398d,59ef8cf139af060273ce35978cc87a950f6ea7ab336cab9e887191d31adc4932,0055,True,True,c2f64678d59e5ccef00dbc6e3eb453db462cc83b3387412fb33b20317c1a4df2,c2f64678d59e5ccef00dbc6e3eb453db462cc83b3387412fb33b20317c1a4df2,True,59ef8cf139af060273ce35978cc87a950f6ea7ab336cab9e887191d31adc4932,True,2026-05-13 22:49:19.532390860 CDT,2026-05-13 22:49:22.042542212 CDT,2.510152,00:07:24:04,00:07:26:19,00:00:02:15,0,
0057,58,True,True,61383ccf7f007e17b059674e9523c1740819c018b256fcc62847828b3f9ef3ba,1d402e95c2811a58a8a3383a1d67dc9ad4babed7faf20f1fa7664da3cf80398d,0056,True,True,116b84ce4d0e776508230e0f88a1589bc27fd3580afd650a0356e1ddebcdf42b,116b84ce4d0e776508230e0f88a1589bc27fd3580afd650a0356e1ddebcdf42b,True,1d402e95c2811a58a8a3383a1d67dc9ad4babed7faf20f1fa7664da3cf80398d,True,2026-05-13 22:49:27.120815712 CDT,2026-05-13 22:49:29.177524597 CDT,2.056709,00:07:31:22,00:07:33:24,00:00:02:02,0,
0058,59,True,True,1ea920a34afff7b47d8491527c45f1c9e9a127fbd2e255c1ac56014e9edc6765,61383ccf7f007e17b059674e9523c1740819c018b256fcc62847828b3f9ef3ba,0057,True,True,54e1acc19eecaa86a2f82f8175df948e299a9bb40154fcec4e0acdbcecb5a9b8,54e1acc19eecaa86a2f82f8175df948e299a9bb40154fcec4e0acdbcecb5a9b8,True,61383ccf7f007e17b059674e9523c1740819c018b256fcc62847828b3f9ef3ba,True,2026-05-13 22:49:34.802066309 CDT,2026-05-13 22:49:37.127057420 CDT,2.324991,00:07:39:12,00:07:41:22,00:00:02:10,0,
0059,60,True,True,f15c543a6cdd4086d1e6b3e9bca60b0dddcf752afb5475911f6fd68565c3112a,1ea920a34afff7b47d8491527c45f1c9e9a127fbd2e255c1ac56014e9edc6765,0058,True,True,27120227d0eebfa5e9c1212fbdc82359676a4fafb8d35e7252f2114800e1e014,27120227d0eebfa5e9c1212fbdc82359676a4fafb8d35e7252f2114800e1e014,True,1ea920a34afff7b47d8491527c45f1c9e9a127fbd2e255c1ac56014e9edc6765,True,2026-05-13 22:49:42.417549146 CDT,2026-05-13 22:49:45.070869317 CDT,2.653320,00:07:47:01,00:07:49:20,00:00:02:20,0,
0060,61,True,True,072342cec824e69100e9a067cfb6c6ef88ccab3fd3add423b62644930279e574,f15c543a6cdd4086d1e6b3e9bca60b0dddcf752afb5475911f6fd68565c3112a,0059,True,True,c45bc3438c5f6ab46c459d45fdeed96aa424eec63ce4954d3512e2715e5f9752,c45bc3438c5f6ab46c459d45fdeed96aa424eec63ce4954d3512e2715e5f9752,True,f15c543a6cdd4086d1e6b3e9bca60b0dddcf752afb5475911f6fd68565c3112a,True,2026-05-13 22:49:50.011996862 CDT,2026-05-13 22:49:52.161018608 CDT,2.149022,00:07:54:19,00:07:56:23,00:00:02:04,0,
0061,62,True,True,48e3322f399fb55f49beab4edd6e27739d15c8dc33ad70f50f599def9ecdc1eb,072342cec824e69100e9a067cfb6c6ef88ccab3fd3add423b62644930279e574,0060,True,True,8e9053f0a794950a33eafbc075b10fe8f79e2d2c2c12fe8c14e8f3a2c2eaab44,8e9053f0a794950a33eafbc075b10fe8f79e2d2c2c12fe8c14e8f3a2c2eaab44,True,072342cec824e69100e9a067cfb6c6ef88ccab3fd3add423b62644930279e574,True,2026-05-13 22:49:57.678045457 CDT,2026-05-13 22:50:00.258968489 CDT,2.580923,00:08:02:09,00:08:04:26,00:00:02:17,0,
0062,63,True,True,5573439bbe5586cb6c2a0972b5407a895b97a78627634232cec81ac71355764c,48e3322f399fb55f49beab4edd6e27739d15c8dc33ad70f50f599def9ecdc1eb,0061,True,True,c6f681533c74685d78118cd1810ba8c34c7ba2e39c3f8e8c512f89a27c98590b,c6f681533c74685d78118cd1810ba8c34c7ba2e39c3f8e8c512f89a27c98590b,True,48e3322f399fb55f49beab4edd6e27739d15c8dc33ad70f50f599def9ecdc1eb,True,2026-05-13 22:50:05.328904797 CDT,2026-05-13 22:50:07.241849217 CDT,1.912945,00:08:09:28,00:08:11:25,00:00:01:27,0,
0063,64,True,True,3bcac876b80d200f3ea7f059f3b92ccf61d8a54ce530435b727a74a07923f0bd,5573439bbe5586cb6c2a0972b5407a895b97a78627634232cec81ac71355764c,0062,True,True,23f71887c55db945f48cda1d125d47192e515b410e92aad3a36143255d2916bb,23f71887c55db945f48cda1d125d47192e515b410e92aad3a36143255d2916bb,True,5573439bbe5586cb6c2a0972b5407a895b97a78627634232cec81ac71355764c,True,2026-05-13 22:50:13.001057036 CDT,2026-05-13 22:50:15.211067911 CDT,2.210010,00:08:17:18,00:08:19:25,00:00:02:06,0,
0064,65,True,True,f243c6546662dd725809234c9453d2f9548d5ee37e3987c72c382bde444ca681,3bcac876b80d200f3ea7f059f3b92ccf61d8a54ce530435b727a74a07923f0bd,0063,True,True,e20bb368831f1a924a88435068511a2b18404a6a7803971efd0df1ddc883aeb8,e20bb368831f1a924a88435068511a2b18404a6a7803971efd0df1ddc883aeb8,True,3bcac876b80d200f3ea7f059f3b92ccf61d8a54ce530435b727a74a07923f0bd,True,2026-05-13 22:50:20.606145555 CDT,2026-05-13 22:50:24.032991873 CDT,3.426846,00:08:25:06,00:08:28:19,00:00:03:13,0,
0065,66,True,True,6db681996492bf1221fe6deaa412e97de6bc9d6d6b190e37c3e42264253bc667,f243c6546662dd725809234c9453d2f9548d5ee37e3987c72c382bde444ca681,0064,True,True,c1b336eec5af967412454579ec9b3fb14260f56291056adcaa916615ca03e0b3,c1b336eec5af967412454579ec9b3fb14260f56291056adcaa916615ca03e0b3,True,f243c6546662dd725809234c9453d2f9548d5ee37e3987c72c382bde444ca681,True,2026-05-13 22:50:28.558775096 CDT,2026-05-13 22:50:32.019423865 CDT,3.460648,00:08:33:05,00:08:36:19,00:00:03:14,0,
0066,67,True,True,cf31cd3fb76637b2357f84a26a4ef62d1560743f025f336ac5f915c2ebb39996,6db681996492bf1221fe6deaa412e97de6bc9d6d6b190e37c3e42264253bc667,0065,True,True,9e5c4ff4f2e38afa167f768cfa84dd2ac43ae14a8522d6ad714cd8c9aca484c4,9e5c4ff4f2e38afa167f768cfa84dd2ac43ae14a8522d6ad714cd8c9aca484c4,True,6db681996492bf1221fe6deaa412e97de6bc9d6d6b190e37c3e42264253bc667,True,2026-05-13 22:50:36.017747857 CDT,2026-05-13 22:50:38.465660636 CDT,2.447913,00:08:40:19,00:08:43:02,00:00:02:13,0,
0067,68,True,True,311bc222bed2f3f94422a006700ec1a2970923d99d46a508f6b560c2b001b33a,cf31cd3fb76637b2357f84a26a4ef62d1560743f025f336ac5f915c2ebb39996,0066,True,True,95969c4f42229afa7915a8a2b9d0059b9472b5a0ccda77a7ac15ab5797fe4b62,95969c4f42229afa7915a8a2b9d0059b9472b5a0ccda77a7ac15ab5797fe4b62,True,cf31cd3fb76637b2357f84a26a4ef62d1560743f025f336ac5f915c2ebb39996,True,2026-05-13 22:50:43.626234452 CDT,2026-05-13 22:50:46.379527060 CDT,2.753293,00:08:48:07,00:08:51:00,00:00:02:23,0,
0068,69,True,True,074c740d7647df1ea8abd56a61f472485782ebf8deecb9cd0488cc44cf639db2,311bc222bed2f3f94422a006700ec1a2970923d99d46a508f6b560c2b001b33a,0067,True,True,e23ef0129bacfa3d223ecd31289831cc9d1b6d3e5ca319de510114f4f0110b42,e23ef0129bacfa3d223ecd31289831cc9d1b6d3e5ca319de510114f4f0110b42,True,311bc222bed2f3f94422a006700ec1a2970923d99d46a508f6b560c2b001b33a,True,2026-05-13 22:50:51.226513386 CDT,2026-05-13 22:50:53.715119526 CDT,2.488606,00:08:55:25,00:08:58:10,00:00:02:15,0,
0069,70,True,True,9ba362adaa814dc70ba2d36d66cbf2fb4d09bb020952f5f03bf669757fd2c3fa,074c740d7647df1ea8abd56a61f472485782ebf8deecb9cd0488cc44cf639db2,0068,True,True,6bbc12d693b376b59016064e4a2cc12b320e3c4469c11e7c16ba73174f1bb283,6bbc12d693b376b59016064e4a2cc12b320e3c4469c11e7c16ba73174f1bb283,True,074c740d7647df1ea8abd56a61f472485782ebf8deecb9cd0488cc44cf639db2,True,2026-05-13 22:50:59.041360327 CDT,2026-05-13 22:51:01.336187896 CDT,2.294827,00:09:03:19,00:09:05:28,00:00:02:09,0,
0070,71,True,True,9942ddd3dd1aa648f53057fb7fb9b9510fd6f318038cce8ea41619eae645da26,9ba362adaa814dc70ba2d36d66cbf2fb4d09bb020952f5f03bf669757fd2c3fa,0069,True,True,32c0b00e3ae82a1b98e6489d904d0eaf430e6f6c5d49ed79866f07a5cce19516,32c0b00e3ae82a1b98e6489d904d0eaf430e6f6c5d49ed79866f07a5cce19516,True,9ba362adaa814dc70ba2d36d66cbf2fb4d09bb020952f5f03bf669757fd2c3fa,True,2026-05-13 22:51:06.699941176 CDT,2026-05-13 22:51:09.582856626 CDT,2.882915,00:09:11:09,00:09:14:06,00:00:02:26,0,
0071,72,True,True,a3fea221e1affe3c8b4e9e94eb9f1f6223893b919d6f0c85cdf01f46174aeeca,9942ddd3dd1aa648f53057fb7fb9b9510fd6f318038cce8ea41619eae645da26,0070,True,True,e1fc43aa7b1f1ef4457052fd09c0cfaf07189bf4b2691a8f8b5d1ed2b876df72,e1fc43aa7b1f1ef4457052fd09c0cfaf07189bf4b2691a8f8b5d1ed2b876df72,True,9942ddd3dd1aa648f53057fb7fb9b9510fd6f318038cce8ea41619eae645da26,True,2026-05-13 22:51:14.633733788 CDT,2026-05-13 22:51:17.862506394 CDT,3.228773,00:09:19:07,00:09:22:14,00:00:03:07,0,
0072,73,True,True,0560b02af652875a23afac5de111a8e38b9db25ff386c3b4da196af5fcb8d6f1,a3fea221e1affe3c8b4e9e94eb9f1f6223893b919d6f0c85cdf01f46174aeeca,0071,True,True,b5794ec82c6368ecd29f9c5954f97db48ca863c23ade0b775f21c259cc4b0fd1,b5794ec82c6368ecd29f9c5954f97db48ca863c23ade0b775f21c259cc4b0fd1,True,a3fea221e1affe3c8b4e9e94eb9f1f6223893b919d6f0c85cdf01f46174aeeca,True,2026-05-13 22:51:22.683304180 CDT,2026-05-13 22:51:25.840384336 CDT,3.157080,00:09:27:09,00:09:30:13,00:00:03:05,0,
0073,74,True,True,cbb7817bc8fb402726c10a7d97ebf6e03be0d39b3632c49c7e6734af0c5aa8c5,0560b02af652875a23afac5de111a8e38b9db25ff386c3b4da196af5fcb8d6f1,0072,True,True,ac947378f638a8aa018bb84fbec9a896dedd0a30313369d3bb1cd2dcbfc815dc,ac947378f638a8aa018bb84fbec9a896dedd0a30313369d3bb1cd2dcbfc815dc,True,0560b02af652875a23afac5de111a8e38b9db25ff386c3b4da196af5fcb8d6f1,True,2026-05-13 22:51:30.106521715 CDT,2026-05-13 22:51:32.718527516 CDT,2.612006,00:09:34:21,00:09:37:10,00:00:02:18,0,
0074,75,True,True,639f70329ae36246f0770e014db0c3bbbb4c3d9aef987425e434cb488e3b65bd,cbb7817bc8fb402726c10a7d97ebf6e03be0d39b3632c49c7e6734af0c5aa8c5,0073,True,True,79471d39552eafa71eaa327910668e9bc702c51e1c98d0e20282a6339addd81d,79471d39552eafa71eaa327910668e9bc702c51e1c98d0e20282a6339addd81d,True,cbb7817bc8fb402726c10a7d97ebf6e03be0d39b3632c49c7e6734af0c5aa8c5,True,2026-05-13 22:51:37.709983869 CDT,2026-05-13 22:51:40.633150524 CDT,2.923167,00:09:42:10,00:09:45:07,00:00:02:28,0,
0075,76,True,True,87a3ef4a546ac085f869a1b31dbbcafcd82b3fef1fa16dd3d73d9f2d24ccd733,639f70329ae36246f0770e014db0c3bbbb4c3d9aef987425e434cb488e3b65bd,0074,True,True,7eff426c6a1be616d4c2cf098deb67a046f08306957a3dc4032f54eae1a35e47,7eff426c6a1be616d4c2cf098deb67a046f08306957a3dc4032f54eae1a35e47,True,639f70329ae36246f0770e014db0c3bbbb4c3d9aef987425e434cb488e3b65bd,True,2026-05-13 22:51:45.429763106 CDT,2026-05-13 22:51:47.682796449 CDT,2.253033,00:09:50:01,00:09:52:09,00:00:02:08,0,
0076,77,True,True,8b18c9137a65688cbe82d834d830b79627359514262d6f2551786e765b3d7deb,87a3ef4a546ac085f869a1b31dbbcafcd82b3fef1fa16dd3d73d9f2d24ccd733,0075,True,True,29d09adcfbf93e997bee12b7b9b8db8e13a4f75d87ad54cce075177440f3779d,29d09adcfbf93e997bee12b7b9b8db8e13a4f75d87ad54cce075177440f3779d,True,87a3ef4a546ac085f869a1b31dbbcafcd82b3fef1fa16dd3d73d9f2d24ccd733,True,2026-05-13 22:51:52.966086206 CDT,2026-05-13 22:51:55.711142173 CDT,2.745056,00:09:57:17,00:10:00:10,00:00:02:22,0,
0077,78,True,True,55704a3834c848fbf8235e0e4e8ac37fc89482d33d64de0eab4ba15f7f00032c,8b18c9137a65688cbe82d834d830b79627359514262d6f2551786e765b3d7deb,0076,True,True,62b3ec602835086fe0709206eb6516cf676b9a66dfaa09b23c2caed5b8a28d6a,62b3ec602835086fe0709206eb6516cf676b9a66dfaa09b23c2caed5b8a28d6a,True,8b18c9137a65688cbe82d834d830b79627359514262d6f2551786e765b3d7deb,True,2026-05-13 22:52:00.611922325 CDT,2026-05-13 22:52:03.683974931 CDT,3.072052,00:10:05:07,00:10:08:09,00:00:03:02,0,
0078,79,True,True,7ebcc657f03280e7d0a5a715fac37bb4f5a09e16c74a890486935665a9e44031,55704a3834c848fbf8235e0e4e8ac37fc89482d33d64de0eab4ba15f7f00032c,0077,True,True,80792d054406da151822d6d9887077e2f0e44358aee26bcf8dc89752f3002cce,80792d054406da151822d6d9887077e2f0e44358aee26bcf8dc89752f3002cce,True,55704a3834c848fbf8235e0e4e8ac37fc89482d33d64de0eab4ba15f7f00032c,True,2026-05-13 22:52:08.299082935 CDT,2026-05-13 22:52:10.705602711 CDT,2.406520,00:10:12:27,00:10:15:09,00:00:02:12,0,
0079,80,True,True,7683bf3f5afe44dc5e3b13c813e369eca28f0d70febe1e3cb055279ee322500a,7ebcc657f03280e7d0a5a715fac37bb4f5a09e16c74a890486935665a9e44031,0078,True,True,2cfce4144f40f0d7b969ade8bbde73722967d73fcfd1500990987541a99e06b0,2cfce4144f40f0d7b969ade8bbde73722967d73fcfd1500990987541a99e06b0,True,7ebcc657f03280e7d0a5a715fac37bb4f5a09e16c74a890486935665a9e44031,True,2026-05-13 22:52:16.017711556 CDT,2026-05-13 22:52:18.693353399 CDT,2.675642,00:10:20:19,00:10:23:09,00:00:02:20,0,
0080,81,True,True,26eeb08de1ca03c26c6ca1024ec7f3a34c2d137013d327007709ca2cc44c5d48,7683bf3f5afe44dc5e3b13c813e369eca28f0d70febe1e3cb055279ee322500a,0079,True,True,be6409b77798350d264a330b3aea7c75054210045dcf8564efb3e6fee2f2b729,be6409b77798350d264a330b3aea7c75054210045dcf8564efb3e6fee2f2b729,True,7683bf3f5afe44dc5e3b13c813e369eca28f0d70febe1e3cb055279ee322500a,True,2026-05-13 22:52:23.807525157 CDT,2026-05-13 22:52:25.745252489 CDT,1.937727,00:10:28:12,00:10:30:11,00:00:01:28,1,Consumer Assistance Request Form.pdf
0081,82,True,True,12241a34b52e9ae395814c2a360c6ef14410516f6214161c1d8f07ba968e7324,26eeb08de1ca03c26c6ca1024ec7f3a34c2d137013d327007709ca2cc44c5d48,0080,True,True,ef0ca805c24ec06357e67969854a850e7869099081de77c4a0fd2800422596d1,ef0ca805c24ec06357e67969854a850e7869099081de77c4a0fd2800422596d1,True,26eeb08de1ca03c26c6ca1024ec7f3a34c2d137013d327007709ca2cc44c5d48,True,2026-05-13 22:52:31.650775239 CDT,2026-05-13 22:52:33.627053749 CDT,1.976278,00:10:36:08,00:10:38:07,00:00:01:29,0,
0082,83,True,True,737eeec2e476e7c365ea5e61a87ff8291b94e9a6bae632af08ac2039db7ecfba,12241a34b52e9ae395814c2a360c6ef14410516f6214161c1d8f07ba968e7324,0081,True,True,39cd03b0487a6f405bc0f96965c12845c7ba445ff23466123990541d3dfe0c67,39cd03b0487a6f405bc0f96965c12845c7ba445ff23466123990541d3dfe0c67,True,12241a34b52e9ae395814c2a360c6ef14410516f6214161c1d8f07ba968e7324,True,2026-05-13 22:52:39.176499177 CDT,2026-05-13 22:52:41.772192647 CDT,2.595693,00:10:43:24,00:10:46:11,00:00:02:18,0,
0083,84,True,True,4d5bd1c82155a7559b605486b547f9698ab85f38d15ff39e4549b7edb777b603,737eeec2e476e7c365ea5e61a87ff8291b94e9a6bae632af08ac2039db7ecfba,0082,True,True,40771f668326b3935aeb85156a427db63ab440cc9303365ae0f1076522813e91,40771f668326b3935aeb85156a427db63ab440cc9303365ae0f1076522813e91,True,737eeec2e476e7c365ea5e61a87ff8291b94e9a6bae632af08ac2039db7ecfba,True,2026-05-13 22:52:46.973988706 CDT,2026-05-13 22:52:49.794492272 CDT,2.820504,00:10:51:17,00:10:54:12,00:00:02:25,0,
0084,85,True,True,4fc6a0f601fbf9844d155b6ac488f3eadf2278103c57202c90fadc1139d80cd8,4d5bd1c82155a7559b605486b547f9698ab85f38d15ff39e4549b7edb777b603,0083,True,True,df1ace8e9a0d10e37decc386ad05da0ee0e59f99ef306eeb8f36b34d7397737f,df1ace8e9a0d10e37decc386ad05da0ee0e59f99ef306eeb8f36b34d7397737f,True,4d5bd1c82155a7559b605486b547f9698ab85f38d15ff39e4549b7edb777b603,True,2026-05-13 22:52:54.804942520 CDT,2026-05-13 22:52:58.239679511 CDT,3.434737,00:10:59:12,00:11:02:25,00:00:03:13,0,
0085,86,True,True,b9a6e23164303b8c98b9c9dad7ce0a1ae693e4e47f18252dfa3ccf76c4402feb,4fc6a0f601fbf9844d155b6ac488f3eadf2278103c57202c90fadc1139d80cd8,0084,True,True,970c291a739221baa3d1163eb356b633c46340f81bd201d101fa99e29d4c09c4,970c291a739221baa3d1163eb356b633c46340f81bd201d101fa99e29d4c09c4,True,4fc6a0f601fbf9844d155b6ac488f3eadf2278103c57202c90fadc1139d80cd8,True,2026-05-13 22:53:02.881015634 CDT,2026-05-13 22:53:05.808521429 CDT,2.927506,00:11:07:15,00:11:10:12,00:00:02:28,0,
0086,87,True,True,f1f6219132c7dc278888c156e64c92dd248fc908409485f113142aed35a7198f,b9a6e23164303b8c98b9c9dad7ce0a1ae693e4e47f18252dfa3ccf76c4402feb,0085,True,True,8665beae08d3063fe94af42632505cb1bad59a2c61abd7c5f8e503ccbf141d68,8665beae08d3063fe94af42632505cb1bad59a2c61abd7c5f8e503ccbf141d68,True,b9a6e23164303b8c98b9c9dad7ce0a1ae693e4e47f18252dfa3ccf76c4402feb,True,2026-05-13 22:53:10.596479835 CDT,2026-05-13 22:53:13.257149363 CDT,2.660670,00:11:15:06,00:11:17:26,00:00:02:20,0,
0087,88,True,True,1b592190960204d4ed7eeb9780865a9e72515c73114a853c978567e3b9c40fcf,f1f6219132c7dc278888c156e64c92dd248fc908409485f113142aed35a7198f,0086,True,True,c3cdad7ab20cd8dde41855ad1640b3521a55036f18b0adedf67b6321ef49d8a2,c3cdad7ab20cd8dde41855ad1640b3521a55036f18b0adedf67b6321ef49d8a2,True,f1f6219132c7dc278888c156e64c92dd248fc908409485f113142aed35a7198f,True,2026-05-13 22:53:18.180167885 CDT,2026-05-13 22:53:20.892756546 CDT,2.712589,00:11:22:24,00:11:25:15,00:00:02:21,0,
0088,89,True,True,6f842b2819f12ce9e675ba3d4c97a0099b3d25c3ed45336609547c5ae0f75998,1b592190960204d4ed7eeb9780865a9e72515c73114a853c978567e3b9c40fcf,0087,True,True,c971937e1d5e3973012b7492185abd8937a29dc6a9ef7d55ea449588e8396d29,c971937e1d5e3973012b7492185abd8937a29dc6a9ef7d55ea449588e8396d29,True,1b592190960204d4ed7eeb9780865a9e72515c73114a853c978567e3b9c40fcf,True,2026-05-13 22:53:26.045163404 CDT,2026-05-13 22:53:29.063860252 CDT,3.018697,00:11:30:20,00:11:33:20,00:00:03:01,0,
0089,90,True,True,56fc3acd95de672ffd07fd64ccab8dbe8710836062c28324e4c13ba0bbaab5b5,6f842b2819f12ce9e675ba3d4c97a0099b3d25c3ed45336609547c5ae0f75998,0088,True,True,da6889e7311d3ae6c5abc41617d4f9ca14c27ba781166b3282c8dabb2c49b6cf,da6889e7311d3ae6c5abc41617d4f9ca14c27ba781166b3282c8dabb2c49b6cf,True,6f842b2819f12ce9e675ba3d4c97a0099b3d25c3ed45336609547c5ae0f75998,True,2026-05-13 22:53:33.726545624 CDT,2026-05-13 22:53:36.223423241 CDT,2.496878,00:11:38:10,00:11:40:25,00:00:02:15,0,
0090,91,True,True,3102a003fb1dcebfff856f7d00a1c83204c4be11e60ba580e56d3f356e83807e,56fc3acd95de672ffd07fd64ccab8dbe8710836062c28324e4c13ba0bbaab5b5,0089,True,True,15f4aad3822f414ec6341c573bbb8d82285b13ea78f48415bcbcc108cbb9505a,15f4aad3822f414ec6341c573bbb8d82285b13ea78f48415bcbcc108cbb9505a,True,56fc3acd95de672ffd07fd64ccab8dbe8710836062c28324e4c13ba0bbaab5b5,True,2026-05-13 22:53:41.337603405 CDT,2026-05-13 22:53:43.873734104 CDT,2.536131,00:11:45:28,00:11:48:14,00:00:02:16,0,
0091,92,True,True,151aa30b1c559b9aeb52a5d5f272ceeb322d36b424d107b0c5e9a1e2cb5c8c52,3102a003fb1dcebfff856f7d00a1c83204c4be11e60ba580e56d3f356e83807e,0090,True,True,4553876e7b2036a16b4d25a5e8138104d8c83ab4f130d575cf20341ea6dc8cbc,4553876e7b2036a16b4d25a5e8138104d8c83ab4f130d575cf20341ea6dc8cbc,True,3102a003fb1dcebfff856f7d00a1c83204c4be11e60ba580e56d3f356e83807e,True,2026-05-13 22:53:48.979351788 CDT,2026-05-13 22:53:51.236176512 CDT,2.256825,00:11:53:18,00:11:55:25,00:00:02:08,0,
0092,93,True,True,36373215a6741f8bbf6020849ea9aa4a97ece6cad3b9db61756373a323664cdb,151aa30b1c559b9aeb52a5d5f272ceeb322d36b424d107b0c5e9a1e2cb5c8c52,0091,True,True,10b4dd73464a22da9e695c6cc7d5b172fe3fad999dcff61d0909ebcda35c7635,10b4dd73464a22da9e695c6cc7d5b172fe3fad999dcff61d0909ebcda35c7635,True,151aa30b1c559b9aeb52a5d5f272ceeb322d36b424d107b0c5e9a1e2cb5c8c52,True,2026-05-13 22:53:56.705646215 CDT,2026-05-13 22:53:59.337089771 CDT,2.631443,00:12:01:09,00:12:03:28,00:00:02:19,0,
0093,94,True,True,b08a4f9e534db79bb27d0100a169abaa0b7e46caf5bb92ee2d8cc4373e1735c7,36373215a6741f8bbf6020849ea9aa4a97ece6cad3b9db61756373a323664cdb,0092,True,True,43e8589c32b6ea25ff0b24d12ed74626f13ce2da844a10b6cf6ca35de6f431b4,43e8589c32b6ea25ff0b24d12ed74626f13ce2da844a10b6cf6ca35de6f431b4,True,36373215a6741f8bbf6020849ea9aa4a97ece6cad3b9db61756373a323664cdb,True,2026-05-13 22:54:04.323086978 CDT,2026-05-13 22:54:07.048785084 CDT,2.725699,00:12:08:28,00:12:11:20,00:00:02:22,0,
0094,95,True,True,68c98a30fffe0b1e44b6318f4ba9b33fe26d53438c7109c801978254b3e42a4e,b08a4f9e534db79bb27d0100a169abaa0b7e46caf5bb92ee2d8cc4373e1735c7,0093,True,True,61d6a4a4517846ca1d33bdce204dda417ed55ba5318b9d0ca3e05a510bf14fe2,61d6a4a4517846ca1d33bdce204dda417ed55ba5318b9d0ca3e05a510bf14fe2,True,b08a4f9e534db79bb27d0100a169abaa0b7e46caf5bb92ee2d8cc4373e1735c7,True,2026-05-13 22:54:11.953197191 CDT,2026-05-13 22:54:14.264952639 CDT,2.311755,00:12:16:17,00:12:18:26,00:00:02:09,0,
0095,96,True,True,3d632e3caf95195e484dcaa11f817da5eeef93c28c9288b17ddf8fbd3f15bdbc,68c98a30fffe0b1e44b6318f4ba9b33fe26d53438c7109c801978254b3e42a4e,0094,True,True,8ca24f366435dd896c9eb3ce619d28a65675541d89e2ea41fcbc8c96868ad123,8ca24f366435dd896c9eb3ce619d28a65675541d89e2ea41fcbc8c96868ad123,True,68c98a30fffe0b1e44b6318f4ba9b33fe26d53438c7109c801978254b3e42a4e,True,2026-05-13 22:54:19.567914140 CDT,2026-05-13 22:54:22.254814087 CDT,2.686900,00:12:24:05,00:12:26:26,00:00:02:21,0,
0096,97,True,True,a1f058eecbf9d2076f6f32a69e40bd62eb01cd8841c055f014d2fbfdc3b55d5c,3d632e3caf95195e484dcaa11f817da5eeef93c28c9288b17ddf8fbd3f15bdbc,0095,True,True,69ec8508a1d1d38c00c670c78a8636e4e1e2cc600c1f6dae2b827d996b6f33a4,69ec8508a1d1d38c00c670c78a8636e4e1e2cc600c1f6dae2b827d996b6f33a4,True,3d632e3caf95195e484dcaa11f817da5eeef93c28c9288b17ddf8fbd3f15bdbc,True,2026-05-13 22:54:27.267121545 CDT,2026-05-13 22:54:30.044338030 CDT,2.777217,00:12:31:26,00:12:34:20,00:00:02:23,0,
0097,98,True,True,33353d98b708b09ca592e5bcac325dc9a256cce4dc766d657e844bd9fbbb9bc6,a1f058eecbf9d2076f6f32a69e40bd62eb01cd8841c055f014d2fbfdc3b55d5c,0096,True,True,b2e85e9bc9212b4d3dcb4024e2e701c03124aec9d9cfbf861f8d260bde659588,b2e85e9bc9212b4d3dcb4024e2e701c03124aec9d9cfbf861f8d260bde659588,True,a1f058eecbf9d2076f6f32a69e40bd62eb01cd8841c055f014d2fbfdc3b55d5c,True,2026-05-13 22:54:34.982383827 CDT,2026-05-13 22:54:37.160139563 CDT,2.177756,00:12:39:18,00:12:41:23,00:00:02:05,0,
0098,99,True,True,cda683c67bb399dbc1ce411f520cf35b4de6574c36bc5a8273f1f3d5d1329741,33353d98b708b09ca592e5bcac325dc9a256cce4dc766d657e844bd9fbbb9bc6,0097,True,True,9d7186e728a60c00f53b881393412de3ca6d28c7f2b1add71de172418a1ca168,9d7186e728a60c00f53b881393412de3ca6d28c7f2b1add71de172418a1ca168,True,33353d98b708b09ca592e5bcac325dc9a256cce4dc766d657e844bd9fbbb9bc6,True,2026-05-13 22:54:42.698551564 CDT,2026-05-13 22:54:45.156518871 CDT,2.457967,00:12:47:09,00:12:49:23,00:00:02:14,0,
0099,100,True,True,9c6f268117872dada6088639cb5df50a1081bbeabf5d4e2411085facf3af57c0,cda683c67bb399dbc1ce411f520cf35b4de6574c36bc5a8273f1f3d5d1329741,0098,True,True,52c34e9fb34c9929cb2b238c35fc4e8ba311ca08e35c8a52af21b72f6c0c36c7,52c34e9fb34c9929cb2b238c35fc4e8ba311ca08e35c8a52af21b72f6c0c36c7,True,cda683c67bb399dbc1ce411f520cf35b4de6574c36bc5a8273f1f3d5d1329741,True,2026-05-13 22:54:50.203999097 CDT,2026-05-13 22:54:52.509132876 CDT,2.305133,00:12:54:24,00:12:57:03,00:00:02:09,0,
0100,101,True,True,f3f0e4814e363a7337946f05453274acb26965326f11f413314b58071181117c,9c6f268117872dada6088639cb5df50a1081bbeabf5d4e2411085facf3af57c0,0099,True,True,164b116cfd746fdd237e6f10aeec7a2ebed17059928c1dd81377a4d14dcbea13,164b116cfd746fdd237e6f10aeec7a2ebed17059928c1dd81377a4d14dcbea13,True,9c6f268117872dada6088639cb5df50a1081bbeabf5d4e2411085facf3af57c0,True,2026-05-13 22:54:57.899220936 CDT,2026-05-13 22:55:00.245462872 CDT,2.346242,00:13:02:15,00:13:04:26,00:00:02:10,0,
0101,102,True,True,f4fdc2daee99da4daf8a1b2e16f98ef1a0327a0093a5725f24f56357ba4b4573,f3f0e4814e363a7337946f05453274acb26965326f11f413314b58071181117c,0100,True,True,6e77663957d9e0c30100d9c0f8b3a03eb09c1e2b4b834daa36666f90af82d048,6e77663957d9e0c30100d9c0f8b3a03eb09c1e2b4b834daa36666f90af82d048,True,f3f0e4814e363a7337946f05453274acb26965326f11f413314b58071181117c,True,2026-05-13 22:55:05.672792971 CDT,2026-05-13 22:55:08.199269954 CDT,2.526477,00:13:10:08,00:13:12:24,00:00:02:16,0,
0102,103,True,True,3c886bb8862bfb68b1ba759251088fd1defbed4e912b05b9671252dd9a754190,f4fdc2daee99da4daf8a1b2e16f98ef1a0327a0093a5725f24f56357ba4b4573,0101,True,True,eede4e513d1555f1a8d6ed1af645f980ec3680ceb2883fcaa864a8f1564076d0,eede4e513d1555f1a8d6ed1af645f980ec3680ceb2883fcaa864a8f1564076d0,True,f4fdc2daee99da4daf8a1b2e16f98ef1a0327a0093a5725f24f56357ba4b4573,True,2026-05-13 22:55:13.248200603 CDT,2026-05-13 22:55:15.311493225 CDT,2.063293,00:13:17:26,00:13:19:28,00:00:02:02,0,
0103,104,True,True,85dbd1c469bd84bd7e7ea10573965250353f18aa1c9d6b9e26acbb5dab6637bd,3c886bb8862bfb68b1ba759251088fd1defbed4e912b05b9671252dd9a754190,0102,True,True,1697ec2e80ede2637c351786a42a4210b2ada253b3e6f0ef68e658d2f503e4ed,1697ec2e80ede2637c351786a42a4210b2ada253b3e6f0ef68e658d2f503e4ed,True,3c886bb8862bfb68b1ba759251088fd1defbed4e912b05b9671252dd9a754190,True,2026-05-13 22:55:20.876579751 CDT,2026-05-13 22:55:23.470590620 CDT,2.594011,00:13:25:15,00:13:28:02,00:00:02:18,0,
0104,105,True,True,c9e30a07bb76b128d81e2d3c1ed9eb9cd6aa962f3867b09e78f3cb7154948562,85dbd1c469bd84bd7e7ea10573965250353f18aa1c9d6b9e26acbb5dab6637bd,0103,True,True,23c3251793fec3d67e6852be9bd808448a4f1692909033ff78cf7563cc0384e5,23c3251793fec3d67e6852be9bd808448a4f1692909033ff78cf7563cc0384e5,True,85dbd1c469bd84bd7e7ea10573965250353f18aa1c9d6b9e26acbb5dab6637bd,True,2026-05-13 22:55:28.608653282 CDT,2026-05-13 22:55:31.221874681 CDT,2.613221,00:13:33:06,00:13:35:25,00:00:02:18,0,
0105,106,True,True,abcf8b14405c9d27b2e1e4defb2020f854eca7f2bbabaf85da51dbcc1d6f80c6,c9e30a07bb76b128d81e2d3c1ed9eb9cd6aa962f3867b09e78f3cb7154948562,0104,True,True,baaa9ff1ccd5a17aa8fc69a348fa0092af490bf2a30bf3eed05cff8d14c6bc99,baaa9ff1ccd5a17aa8fc69a348fa0092af490bf2a30bf3eed05cff8d14c6bc99,True,c9e30a07bb76b128d81e2d3c1ed9eb9cd6aa962f3867b09e78f3cb7154948562,True,2026-05-13 22:55:36.330808217 CDT,2026-05-13 22:55:38.386836231 CDT,2.056028,00:13:40:28,00:13:43:00,00:00:02:02,0,
0106,107,True,True,46264befd3c0827eb956b9e364debf05848d4b633158405a56d996014a77e31a,abcf8b14405c9d27b2e1e4defb2020f854eca7f2bbabaf85da51dbcc1d6f80c6,0105,True,True,2d5ad39ad710b7f4d393273db4cd3e418b143887bd907daacf97dd0e3885d79e,2d5ad39ad710b7f4d393273db4cd3e418b143887bd907daacf97dd0e3885d79e,True,abcf8b14405c9d27b2e1e4defb2020f854eca7f2bbabaf85da51dbcc1d6f80c6,True,2026-05-13 22:55:43.906064947 CDT,2026-05-13 22:55:46.370559342 CDT,2.464495,00:13:48:15,00:13:50:29,00:00:02:14,0,
0107,108,True,True,9d638e85e52d84e3be578f4b3517a99357d34c1c63c71671a21b2a67709786d7,46264befd3c0827eb956b9e364debf05848d4b633158405a56d996014a77e31a,0106,True,True,1443ea836757eec866d046de69c4be17184faf3e75fabdbef05e4c2fef3dc427,1443ea836757eec866d046de69c4be17184faf3e75fabdbef05e4c2fef3dc427,True,46264befd3c0827eb956b9e364debf05848d4b633158405a56d996014a77e31a,True,2026-05-13 22:55:51.573753977 CDT,2026-05-13 22:55:54.452632451 CDT,2.878879,00:13:56:05,00:13:59:02,00:00:02:26,0,
0108,109,True,True,669979362c250abf8c8eda34861fafc7c247c65ea7156ad8d50763a1c33b684b,9d638e85e52d84e3be578f4b3517a99357d34c1c63c71671a21b2a67709786d7,0107,True,True,1155eb56b6d6e973b39a36830c8188df96495168d433244a0d0a33f35e3aa991,1155eb56b6d6e973b39a36830c8188df96495168d433244a0d0a33f35e3aa991,True,9d638e85e52d84e3be578f4b3517a99357d34c1c63c71671a21b2a67709786d7,True,2026-05-13 22:55:59.280994298 CDT,2026-05-13 22:56:01.896103721 CDT,2.615109,00:14:03:27,00:14:06:15,00:00:02:18,0,
0109,110,True,True,45484e5159c0050e6fef921010dbb3c1a310a38c9c754b67abfcf4ffa329c1a1,669979362c250abf8c8eda34861fafc7c247c65ea7156ad8d50763a1c33b684b,0108,True,True,c1f3b80b68ad63711a19ab2fd24651ded1bdacf3bca783b1750b326d9a30fd98,c1f3b80b68ad63711a19ab2fd24651ded1bdacf3bca783b1750b326d9a30fd98,True,669979362c250abf8c8eda34861fafc7c247c65ea7156ad8d50763a1c33b684b,True,2026-05-13 22:56:06.920002098 CDT,2026-05-13 22:56:09.661272249 CDT,2.741270,00:14:11:16,00:14:14:08,00:00:02:22,0,
0110,111,True,True,6b3d76a77adc5bc3cd8706c3442a77c56be187700990fef4d37332fa16e8b208,45484e5159c0050e6fef921010dbb3c1a310a38c9c754b67abfcf4ffa329c1a1,0109,True,True,2b996bc23894f8f731aed3ed80d15ab15aa796e1138310948f49587e986f4a81,2b996bc23894f8f731aed3ed80d15ab15aa796e1138310948f49587e986f4a81,True,45484e5159c0050e6fef921010dbb3c1a310a38c9c754b67abfcf4ffa329c1a1,True,2026-05-13 22:56:14.973042592 CDT,2026-05-13 22:56:17.645530259 CDT,2.672488,00:14:19:17,00:14:22:08,00:00:02:20,0,
0111,112,True,True,1e4faaf5afb2836b352ab7b0d6e8e16c677a76de82e0a608da72b0c2d74f315b,6b3d76a77adc5bc3cd8706c3442a77c56be187700990fef4d37332fa16e8b208,0110,True,True,935858e7ab09b9bbc4af8c95d66ce7a9456f6e116a2c79d66876cfc3731c302e,935858e7ab09b9bbc4af8c95d66ce7a9456f6e116a2c79d66876cfc3731c302e,True,6b3d76a77adc5bc3cd8706c3442a77c56be187700990fef4d37332fa16e8b208,True,2026-05-13 22:56:22.447877725 CDT,2026-05-13 22:56:24.553924524 CDT,2.106047,00:14:27:02,00:14:29:05,00:00:02:03,0,
0112,113,True,True,1d610f1a5c564f9fdb3790ef0b44f1f9334b055cef881ed9e0e19a6c7654ea12,1e4faaf5afb2836b352ab7b0d6e8e16c677a76de82e0a608da72b0c2d74f315b,0111,True,True,2a8dbe6a67b874f54593e364ab3a758e10a1813ceb19bf01bca2cd6929053d7e,2a8dbe6a67b874f54593e364ab3a758e10a1813ceb19bf01bca2cd6929053d7e,True,1e4faaf5afb2836b352ab7b0d6e8e16c677a76de82e0a608da72b0c2d74f315b,True,2026-05-13 22:56:30.172054839 CDT,2026-05-13 22:56:32.447043388 CDT,2.274989,00:14:34:23,00:14:37:02,00:00:02:08,0,
0113,114,True,True,f4972286092d14d89b0158d59541fe9bb21ffef5321b8120f019cf5453425098,1d610f1a5c564f9fdb3790ef0b44f1f9334b055cef881ed9e0e19a6c7654ea12,0112,True,True,d6b2cfe2535e59b0cf54ac764294fa84d8abc241e21e524fb69e505a4020a446,d6b2cfe2535e59b0cf54ac764294fa84d8abc241e21e524fb69e505a4020a446,True,1d610f1a5c564f9fdb3790ef0b44f1f9334b055cef881ed9e0e19a6c7654ea12,True,2026-05-13 22:56:37.908988055 CDT,2026-05-13 22:56:40.431644795 CDT,2.522656,00:14:42:15,00:14:45:01,00:00:02:16,0,
0114,115,True,True,741820e754544784ca833a870d2ca49f68de2af8d21650381a1fbd28baa09b4e,f4972286092d14d89b0158d59541fe9bb21ffef5321b8120f019cf5453425098,0113,True,True,80718dc1d2dee8d9fa82d601111d23849416e4cdb4f30a55051c759b1e7e5039,80718dc1d2dee8d9fa82d601111d23849416e4cdb4f30a55051c759b1e7e5039,True,f4972286092d14d89b0158d59541fe9bb21ffef5321b8120f019cf5453425098,True,2026-05-13 22:56:45.555859207 CDT,2026-05-13 22:56:48.089151712 CDT,2.533292,00:14:50:05,00:14:52:21,00:00:02:16,0,
0115,116,True,True,9c4e3c3f098d7bd140a85e4e23e6a31bfd537c30955d73d5b7a8ca1bb8f83d05,741820e754544784ca833a870d2ca49f68de2af8d21650381a1fbd28baa09b4e,0114,True,True,f872143fd30074b47e61f183710662fcef766397193c30131a0b904cc9285327,f872143fd30074b47e61f183710662fcef766397193c30131a0b904cc9285327,True,741820e754544784ca833a870d2ca49f68de2af8d21650381a1fbd28baa09b4e,True,2026-05-13 22:56:53.315555195 CDT,2026-05-13 22:56:55.549010876 CDT,2.233455,00:14:57:28,00:15:00:05,00:00:02:07,0,
0116,117,True,True,189fabb6839baeb5463b33bcfb431b96431af5256ace00ed97a8717f4998c622,9c4e3c3f098d7bd140a85e4e23e6a31bfd537c30955d73d5b7a8ca1bb8f83d05,0115,True,True,7989ec294ac52c5b843a8afefcb3d0e28f4fc2390d52f6f42d8fbdcec9bcba60,7989ec294ac52c5b843a8afefcb3d0e28f4fc2390d52f6f42d8fbdcec9bcba60,True,9c4e3c3f098d7bd140a85e4e23e6a31bfd537c30955d73d5b7a8ca1bb8f83d05,True,2026-05-13 22:57:01.061844516 CDT,2026-05-13 22:57:03.764200101 CDT,2.702356,00:15:05:20,00:15:08:11,00:00:02:21,0,
0117,118,True,True,99cf55c24d0b21a041818d313ae1b39b9aaa1894e46ea53f3d0bd02703cf32f7,189fabb6839baeb5463b33bcfb431b96431af5256ace00ed97a8717f4998c622,0116,True,True,a6aba224d785bfb273ebc049a99b34de6b18e0c40ffe852b79a05ed241412805,a6aba224d785bfb273ebc049a99b34de6b18e0c40ffe852b79a05ed241412805,True,189fabb6839baeb5463b33bcfb431b96431af5256ace00ed97a8717f4998c622,True,2026-05-13 22:57:08.689214541 CDT,2026-05-13 22:57:11.186550630 CDT,2.497336,00:15:13:09,00:15:15:24,00:00:02:15,0,
0118,119,True,True,151e20b8a7567f0beedeebc97f41dc33274736e99115ea0e7b1263143b838bfc,99cf55c24d0b21a041818d313ae1b39b9aaa1894e46ea53f3d0bd02703cf32f7,0117,True,True,670ac30f9648a9902f7b5b8a7294a4afb9d9c28c52a207009c2deb23e2713a91,670ac30f9648a9902f7b5b8a7294a4afb9d9c28c52a207009c2deb23e2713a91,True,99cf55c24d0b21a041818d313ae1b39b9aaa1894e46ea53f3d0bd02703cf32f7,True,2026-05-13 22:57:16.532733723 CDT,2026-05-13 22:57:18.971289192 CDT,2.438556,00:15:21:04,00:15:23:17,00:00:02:13,0,
0119,120,True,True,5fee7eff31aa53c97151c8875d127d28fd382b64ac7e167f0b203590f4f33228,151e20b8a7567f0beedeebc97f41dc33274736e99115ea0e7b1263143b838bfc,0118,True,True,468314d5f12cbdbe893052dad0d1da8375ef1c5524b31e19c70272f47a926cce,468314d5f12cbdbe893052dad0d1da8375ef1c5524b31e19c70272f47a926cce,True,151e20b8a7567f0beedeebc97f41dc33274736e99115ea0e7b1263143b838bfc,True,2026-05-13 22:57:24.238995812 CDT,2026-05-13 22:57:26.835303537 CDT,2.596308,00:15:28:25,00:15:31:13,00:00:02:18,0,
0120,121,True,True,59ebe15064fc34811462646102340f4b7ce4998235a98b4a38a67bef0c123ace,5fee7eff31aa53c97151c8875d127d28fd382b64ac7e167f0b203590f4f33228,0119,True,True,350f666f91fce5a71316cbef2472512cffdc5f612b94210a622b6a9a4023857c,350f666f91fce5a71316cbef2472512cffdc5f612b94210a622b6a9a4023857c,True,5fee7eff31aa53c97151c8875d127d28fd382b64ac7e167f0b203590f4f33228,True,2026-05-13 22:57:31.791317508 CDT,2026-05-13 22:57:33.987165098 CDT,2.195848,00:15:36:12,00:15:38:18,00:00:02:06,0,
0121,122,True,True,d705d17e756ddf7f70aaf41ef226bf45d6439c8ba7fd65961e1283828a200663,59ebe15064fc34811462646102340f4b7ce4998235a98b4a38a67bef0c123ace,0120,True,True,2c3a2ab692df15ee1ab48b9f54a3ec1d900d0f49089ac049278f26ab4fbf75ac,2c3a2ab692df15ee1ab48b9f54a3ec1d900d0f49089ac049278f26ab4fbf75ac,True,59ebe15064fc34811462646102340f4b7ce4998235a98b4a38a67bef0c123ace,True,2026-05-13 22:57:39.497363149 CDT,2026-05-13 22:57:41.782270220 CDT,2.284907,00:15:44:03,00:15:46:12,00:00:02:09,0,
0122,123,True,True,fe0c7cc15e925034759fa8391da5016158b71a49d7ae3fa69887d95bc69204cc,d705d17e756ddf7f70aaf41ef226bf45d6439c8ba7fd65961e1283828a200663,0121,True,True,e5b496eb0189b126961597300f61726a6675214d2442114a778ed2528b514bea,e5b496eb0189b126961597300f61726a6675214d2442114a778ed2528b514bea,True,d705d17e756ddf7f70aaf41ef226bf45d6439c8ba7fd65961e1283828a200663,True,2026-05-13 22:57:47.490009598 CDT,2026-05-13 22:57:50.054420060 CDT,2.564411,00:15:52:03,00:15:54:20,00:00:02:17,0,
0123,124,True,True,737e349a868b1c803298a8113207f40b591bf6cb23ec2387e0a237bd3f85e531,fe0c7cc15e925034759fa8391da5016158b71a49d7ae3fa69887d95bc69204cc,0122,True,True,f3066de4d1cf501da8f41045198e0dcf3d4a284e6a8784baa9cf142c0520c29d,f3066de4d1cf501da8f41045198e0dcf3d4a284e6a8784baa9cf142c0520c29d,True,fe0c7cc15e925034759fa8391da5016158b71a49d7ae3fa69887d95bc69204cc,True,2026-05-13 22:57:55.162695587 CDT,2026-05-13 22:57:57.711559781 CDT,2.548864,00:15:59:23,00:16:02:10,00:00:02:16,1,Cybercrime.pdf
0124,125,True,True,9d36d10d98037d530c0bbaeee34aa687fa7a96bed9d365ebe8477843fd89abd6,737e349a868b1c803298a8113207f40b591bf6cb23ec2387e0a237bd3f85e531,0123,True,True,95ecd14cde80974f6e21ce5f9a3060a583ea255be1298df20e866bb3a84c83a7,95ecd14cde80974f6e21ce5f9a3060a583ea255be1298df20e866bb3a84c83a7,True,737e349a868b1c803298a8113207f40b591bf6cb23ec2387e0a237bd3f85e531,True,2026-05-13 22:58:02.969967366 CDT,2026-05-13 22:58:05.717947230 CDT,2.747980,00:16:07:17,00:16:10:10,00:00:02:22,1,Cybercrime.pdf
0125,126,True,True,98ffff6db233b39f708817b9236fcfbf2e5eab2bf95dc47e6a1767c366ae3d68,9d36d10d98037d530c0bbaeee34aa687fa7a96bed9d365ebe8477843fd89abd6,0124,True,True,50059ae9b427ea3b8de06cba88866bf7c193bea70ae957274fa60d9755a8c640,50059ae9b427ea3b8de06cba88866bf7c193bea70ae957274fa60d9755a8c640,True,9d36d10d98037d530c0bbaeee34aa687fa7a96bed9d365ebe8477843fd89abd6,True,2026-05-13 22:58:10.727264094 CDT,2026-05-13 22:58:14.738627409 CDT,4.011363,00:16:15:10,00:16:19:10,00:00:04:00,0,
0126,127,True,True,9dff8e076e0c5223ba52a87548d67b74ef3c6d82e878315893b820fd1b056d80,98ffff6db233b39f708817b9236fcfbf2e5eab2bf95dc47e6a1767c366ae3d68,0125,True,True,533bd2bb1946305c3dcdf9517d34eddb4e35227d67018b682ec2e7fb1ee30cc5,533bd2bb1946305c3dcdf9517d34eddb4e35227d67018b682ec2e7fb1ee30cc5,True,98ffff6db233b39f708817b9236fcfbf2e5eab2bf95dc47e6a1767c366ae3d68,True,2026-05-13 22:58:18.391032483 CDT,2026-05-13 22:58:20.906043540 CDT,2.515011,00:16:23:00,00:16:25:15,00:00:02:15,0,
0127,128,True,True,cec9a213bed7fa74432a282a118d00032d438b9b3bac0d87e7128a776096992b,9dff8e076e0c5223ba52a87548d67b74ef3c6d82e878315893b820fd1b056d80,0126,True,True,985e7a6672046d0da27c6c9fd500e61e4d604adeffb478600b34b20ca4acd802,985e7a6672046d0da27c6c9fd500e61e4d604adeffb478600b34b20ca4acd802,True,9dff8e076e0c5223ba52a87548d67b74ef3c6d82e878315893b820fd1b056d80,True,2026-05-13 22:58:26.082663021 CDT,2026-05-13 22:58:28.729009484 CDT,2.646346,00:16:30:21,00:16:33:10,00:00:02:19,0,
0128,129,True,True,89423fe44ed4180a71e518c72962209fe34c5158aab5349fe0e2701466f8d2c5,cec9a213bed7fa74432a282a118d00032d438b9b3bac0d87e7128a776096992b,0127,True,True,0dceec932fcaa59c1656c6bc5cfbf80e9a88a6e7d7b8fbbf2c22a703e0410288,0dceec932fcaa59c1656c6bc5cfbf80e9a88a6e7d7b8fbbf2c22a703e0410288,True,cec9a213bed7fa74432a282a118d00032d438b9b3bac0d87e7128a776096992b,True,2026-05-13 22:58:33.828020180 CDT,2026-05-13 22:58:35.972700060 CDT,2.144680,00:16:38:13,00:16:40:17,00:00:02:04,0,
0129,130,True,True,09c3923b73f4f3be6cb5cc45a08452a1d0de871317d52892b9675817b211bac9,89423fe44ed4180a71e518c72962209fe34c5158aab5349fe0e2701466f8d2c5,0128,True,True,50ca5e729d753101efe80872d3949ea9f6d46e3dc92c0458d52c916f6eac0aa3,50ca5e729d753101efe80872d3949ea9f6d46e3dc92c0458d52c916f6eac0aa3,True,89423fe44ed4180a71e518c72962209fe34c5158aab5349fe0e2701466f8d2c5,True,2026-05-13 22:58:41.524121074 CDT,2026-05-13 22:58:44.134967180 CDT,2.610846,00:16:46:04,00:16:48:22,00:00:02:18,0,
0130,131,True,True,44a64ffb5ac7a3451fc64541f6bb6e2b300a3d1b319fd960b16208f3a8350ba3,09c3923b73f4f3be6cb5cc45a08452a1d0de871317d52892b9675817b211bac9,0129,True,True,9d8f3a8c68395c777f0d764fa565c6a983a4fe5525120013c44ee3ba8e894ac2,9d8f3a8c68395c777f0d764fa565c6a983a4fe5525120013c44ee3ba8e894ac2,True,09c3923b73f4f3be6cb5cc45a08452a1d0de871317d52892b9675817b211bac9,True,2026-05-13 22:58:49.267786488 CDT,2026-05-13 22:58:52.159457713 CDT,2.891671,00:16:53:26,00:16:56:23,00:00:02:27,0,
0131,132,True,True,99d55002630d72c04b020697abe7eb3455c2049ef37d2489104f95ff61784e58,44a64ffb5ac7a3451fc64541f6bb6e2b300a3d1b319fd960b16208f3a8350ba3,0130,True,True,da70d6b4ffb2db08de7c85138cebf633b6d67400fabf98e11f6afa67f8b554c7,da70d6b4ffb2db08de7c85138cebf633b6d67400fabf98e11f6afa67f8b554c7,True,44a64ffb5ac7a3451fc64541f6bb6e2b300a3d1b319fd960b16208f3a8350ba3,True,2026-05-13 22:58:56.797425090 CDT,2026-05-13 22:58:59.303493305 CDT,2.506068,00:17:01:12,00:17:03:27,00:00:02:15,0,
0132,133,True,True,b8966ff17359a63a3320b99e8ea962e3803842727cbafbcb4847105de526c244,99d55002630d72c04b020697abe7eb3455c2049ef37d2489104f95ff61784e58,0131,True,True,cacc860175d49b2b5edfb5a9958632a1a81f3b1d89afe9e142a8e5831f4e5d43,cacc860175d49b2b5edfb5a9958632a1a81f3b1d89afe9e142a8e5831f4e5d43,True,99d55002630d72c04b020697abe7eb3455c2049ef37d2489104f95ff61784e58,True,2026-05-13 22:59:05.103212164 CDT,2026-05-13 22:59:08.177644511 CDT,3.074432,00:17:09:21,00:17:12:24,00:00:03:02,0,
0133,134,True,True,38f9439df459576cc65e46a5dcbcdcc710266b3f0d754d615cee917cd293be10,b8966ff17359a63a3320b99e8ea962e3803842727cbafbcb4847105de526c244,0132,True,True,8f60b1cb04d3cfebb1ab6d857f87fc2bc5ef85ffbe22672450cf66778e1fc748,8f60b1cb04d3cfebb1ab6d857f87fc2bc5ef85ffbe22672450cf66778e1fc748,True,b8966ff17359a63a3320b99e8ea962e3803842727cbafbcb4847105de526c244,True,2026-05-13 22:59:13.035664926 CDT,2026-05-13 22:59:16.087312183 CDT,3.051648,00:17:17:19,00:17:20:21,00:00:03:02,0,
0134,135,True,True,bedd50137c27e51c6cbcf085ced3c67b30b1447c32cdb304f89c7556f054d34f,38f9439df459576cc65e46a5dcbcdcc710266b3f0d754d615cee917cd293be10,0133,True,True,9d32bcaed19af8def2193491a6543658aed478b00443bc2cac8aec26c8884e8e,9d32bcaed19af8def2193491a6543658aed478b00443bc2cac8aec26c8884e8e,True,38f9439df459576cc65e46a5dcbcdcc710266b3f0d754d615cee917cd293be10,True,2026-05-13 22:59:21.134425522 CDT,2026-05-13 22:59:24.066512765 CDT,2.932087,00:17:25:22,00:17:28:20,00:00:02:28,0,
0135,136,True,True,8a5d33143744bb4f5ef79e1813e8ec8b491bd54740d6f47045f12e95fde2afda,bedd50137c27e51c6cbcf085ced3c67b30b1447c32cdb304f89c7556f054d34f,0134,True,True,c3c6242b3e165271853029f7b2050d038835ecec29bbc8c5e59b18858f34314f,c3c6242b3e165271853029f7b2050d038835ecec29bbc8c5e59b18858f34314f,True,bedd50137c27e51c6cbcf085ced3c67b30b1447c32cdb304f89c7556f054d34f,True,2026-05-13 22:59:28.648361632 CDT,2026-05-13 22:59:30.973918632 CDT,2.325557,00:17:33:08,00:17:35:17,00:00:02:10,0,
0136,137,True,True,ecbc98eec7f5e5530c98fd49c311c28fa35f8e7542b7951b16ffe669588cced7,8a5d33143744bb4f5ef79e1813e8ec8b491bd54740d6f47045f12e95fde2afda,0135,True,True,6375909870146a12710319f900f7ce60a7306a8c3b37c387a8c0dc4a8002a370,6375909870146a12710319f900f7ce60a7306a8c3b37c387a8c0dc4a8002a370,True,8a5d33143744bb4f5ef79e1813e8ec8b491bd54740d6f47045f12e95fde2afda,True,2026-05-13 22:59:36.506606075 CDT,2026-05-13 22:59:38.977653429 CDT,2.471047,00:17:41:03,00:17:43:18,00:00:02:14,0,
0137,138,True,True,dcd15594cba58112d894c218e04676448da97370cf2c673d0d8dbdebb0658da4,ecbc98eec7f5e5530c98fd49c311c28fa35f8e7542b7951b16ffe669588cced7,0136,True,True,fb0276ad2d7b56430085e10cf480bf4fd28617f275cc9af0ff3ecfe44a6b2ab4,fb0276ad2d7b56430085e10cf480bf4fd28617f275cc9af0ff3ecfe44a6b2ab4,True,ecbc98eec7f5e5530c98fd49c311c28fa35f8e7542b7951b16ffe669588cced7,True,2026-05-13 22:59:44.067800490 CDT,2026-05-13 22:59:46.468008411 CDT,2.400208,00:17:48:20,00:17:51:02,00:00:02:12,0,
0138,139,True,True,3bd80df31e51d8244ef2aa62a9609c3e1e22b51bb91d6a2b22125ff615bd3a40,dcd15594cba58112d894c218e04676448da97370cf2c673d0d8dbdebb0658da4,0137,True,True,6992a402ab80398dd145bf012d6850a07e23ed2e83fb224cc2d405a6ad19f12d,6992a402ab80398dd145bf012d6850a07e23ed2e83fb224cc2d405a6ad19f12d,True,dcd15594cba58112d894c218e04676448da97370cf2c673d0d8dbdebb0658da4,True,2026-05-13 22:59:51.670013440 CDT,2026-05-13 22:59:54.095202935 CDT,2.425189,00:17:56:08,00:17:58:21,00:00:02:13,0,
0139,140,True,True,ce2e6675d4ceeff430f96002a962a7ab8d0a87276ea87b86be348bd9a9d4f40d,3bd80df31e51d8244ef2aa62a9609c3e1e22b51bb91d6a2b22125ff615bd3a40,0138,True,True,a2786f86f998cf49b7f85a9908e0ee0f0411a67fd1b0008b4a41b124ecc93985,a2786f86f998cf49b7f85a9908e0ee0f0411a67fd1b0008b4a41b124ecc93985,True,3bd80df31e51d8244ef2aa62a9609c3e1e22b51bb91d6a2b22125ff615bd3a40,True,2026-05-13 22:59:59.271295655 CDT,2026-05-13 23:00:01.862423640 CDT,2.591128,00:18:03:26,00:18:06:14,00:00:02:18,0,
0140,141,True,True,b2f58348359c73e8449bf81da81351786ac8eb62f840449ff54782eab1569ce6,ce2e6675d4ceeff430f96002a962a7ab8d0a87276ea87b86be348bd9a9d4f40d,0139,True,True,5cf23768118f63c0969b062686f7293510a3b16d747eaf1965979f8500901817,5cf23768118f63c0969b062686f7293510a3b16d747eaf1965979f8500901817,True,ce2e6675d4ceeff430f96002a962a7ab8d0a87276ea87b86be348bd9a9d4f40d,True,2026-05-13 23:00:06.964490762 CDT,2026-05-13 23:00:09.463078301 CDT,2.498588,00:18:11:17,00:18:14:02,00:00:02:15,0,
0141,142,True,True,57c445b6656ce916fcf44fd743d23a6db19fdaa9f3d03877e0d56a94accf14f8,b2f58348359c73e8449bf81da81351786ac8eb62f840449ff54782eab1569ce6,0140,True,True,5731f8352a9508140446ce5497c1aff9cf80d5a19836b743ac017e00ee004a27,5731f8352a9508140446ce5497c1aff9cf80d5a19836b743ac017e00ee004a27,True,b2f58348359c73e8449bf81da81351786ac8eb62f840449ff54782eab1569ce6,True,2026-05-13 23:00:14.647055680 CDT,2026-05-13 23:00:17.159438799 CDT,2.512383,00:18:19:08,00:18:21:23,00:00:02:15,0,
0142,143,True,True,ed488e6bd1f028a669b3fef595b8f88c2049f1a71b430263bc4dd847298c86e1,57c445b6656ce916fcf44fd743d23a6db19fdaa9f3d03877e0d56a94accf14f8,0141,True,True,0e909424c0a589d89a0efce0b6587a3362cf04d77efee81f4edc8a1e5272baf0,0e909424c0a589d89a0efce0b6587a3362cf04d77efee81f4edc8a1e5272baf0,True,57c445b6656ce916fcf44fd743d23a6db19fdaa9f3d03877e0d56a94accf14f8,True,2026-05-13 23:00:22.217784921 CDT,2026-05-13 23:00:24.493174511 CDT,2.275390,00:18:26:25,00:18:29:03,00:00:02:08,0,
0143,144,True,True,a7dc50fdae8c8f0327ec1fe65505516a1afdf0de7d5bdbfff4d1ac1373efa8e9,ed488e6bd1f028a669b3fef595b8f88c2049f1a71b430263bc4dd847298c86e1,0142,True,True,3f9eeb3fb9aa2313c5028f291866da29ba6cdc7dcb223bc24349be643b0ed32c,3f9eeb3fb9aa2313c5028f291866da29ba6cdc7dcb223bc24349be643b0ed32c,True,ed488e6bd1f028a669b3fef595b8f88c2049f1a71b430263bc4dd847298c86e1,True,2026-05-13 23:00:29.876919769 CDT,2026-05-13 23:00:32.263655855 CDT,2.386736,00:18:34:15,00:18:36:26,00:00:02:12,0,
0144,145,True,True,435421c8004d09d923d6c54c86933eb62fbc4d1490e233d9b3343c270ec5439f,a7dc50fdae8c8f0327ec1fe65505516a1afdf0de7d5bdbfff4d1ac1373efa8e9,0143,True,True,9dfa8ed22a975d9e924bbf8ef370c96c58f1cb6afdf375de7fb5dab9b7a82ed2,9dfa8ed22a975d9e924bbf8ef370c96c58f1cb6afdf375de7fb5dab9b7a82ed2,True,a7dc50fdae8c8f0327ec1fe65505516a1afdf0de7d5bdbfff4d1ac1373efa8e9,True,2026-05-13 23:00:37.560493723 CDT,2026-05-13 23:00:40.356350150 CDT,2.795857,00:18:42:05,00:18:44:29,00:00:02:24,0,
0145,146,True,True,70c47b640a0bab7af63c4cfb96a799822695609e8acc44392e0c13793cf27c74,435421c8004d09d923d6c54c86933eb62fbc4d1490e233d9b3343c270ec5439f,0144,True,True,0b55fc0fab84bdefde1ca0ce0bb07cbd422facd92b6a9dbc06f012ae3b46794d,0b55fc0fab84bdefde1ca0ce0bb07cbd422facd92b6a9dbc06f012ae3b46794d,True,435421c8004d09d923d6c54c86933eb62fbc4d1490e233d9b3343c270ec5439f,True,2026-05-13 23:00:45.301964957 CDT,2026-05-13 23:00:48.361527569 CDT,3.059563,00:18:49:27,00:18:52:29,00:00:03:02,0,
0146,147,True,True,e68f91a1833148816125c45efbb368514e2c20e05d92470ff560e18528cdbf60,70c47b640a0bab7af63c4cfb96a799822695609e8acc44392e0c13793cf27c74,0145,True,True,4f1178d1a5697673ae258c7ed3a24a8247eb2d2d275cc89f3cd3dbb713a1b93b,4f1178d1a5697673ae258c7ed3a24a8247eb2d2d275cc89f3cd3dbb713a1b93b,True,70c47b640a0bab7af63c4cfb96a799822695609e8acc44392e0c13793cf27c74,True,2026-05-13 23:00:52.961447711 CDT,2026-05-13 23:00:55.739099257 CDT,2.777652,00:18:57:17,00:19:00:10,00:00:02:23,0,
0147,148,True,True,ed9cf9a764738bb2454c84cf917fe10e5f61d08e7a4e04e87ca5a5838b15b1aa,e68f91a1833148816125c45efbb368514e2c20e05d92470ff560e18528cdbf60,0146,True,True,97a606480bbda1f1579734d78e6a0a641fed4ce863d57d1197b480ad561a445c,97a606480bbda1f1579734d78e6a0a641fed4ce863d57d1197b480ad561a445c,True,e68f91a1833148816125c45efbb368514e2c20e05d92470ff560e18528cdbf60,True,2026-05-13 23:01:00.702540885 CDT,2026-05-13 23:01:03.264141428 CDT,2.561601,00:19:05:09,00:19:07:26,00:00:02:17,0,
0148,149,True,True,0965e7de3e11ab00cda286661a3e3692f10601e5ea08dd9081a342eed2ca2b62,ed9cf9a764738bb2454c84cf917fe10e5f61d08e7a4e04e87ca5a5838b15b1aa,0147,True,True,4e627fdfd30e02f52f04ebc5c8eeae497b424ddc7e214e8b980f2b51da3ac18e,4e627fdfd30e02f52f04ebc5c8eeae497b424ddc7e214e8b980f2b51da3ac18e,True,ed9cf9a764738bb2454c84cf917fe10e5f61d08e7a4e04e87ca5a5838b15b1aa,True,2026-05-13 23:01:08.604733598 CDT,2026-05-13 23:01:11.378612806 CDT,2.773879,00:19:13:06,00:19:16:00,00:00:02:23,0,
0149,150,True,True,2259e81bb9ae00769eca0ae06468984a4981bb1cab30475ebbf3a8097f577a7c,0965e7de3e11ab00cda286661a3e3692f10601e5ea08dd9081a342eed2ca2b62,0148,True,True,0cf616ca3a4b54ecd79c7fefaaaa2e739bc5feefde4aaee9e4fbcb7e19927125,0cf616ca3a4b54ecd79c7fefaaaa2e739bc5feefde4aaee9e4fbcb7e19927125,True,0965e7de3e11ab00cda286661a3e3692f10601e5ea08dd9081a342eed2ca2b62,True,2026-05-13 23:01:16.284788527 CDT,2026-05-13 23:01:18.840202961 CDT,2.555414,00:19:20:27,00:19:23:13,00:00:02:17,0,
0150,151,True,True,e297d60de7781c3450fb4aedd09ca86cc47a204c4914151c22729a2aab8ad51f,2259e81bb9ae00769eca0ae06468984a4981bb1cab30475ebbf3a8097f577a7c,0149,True,True,790a09084fdd89d443e35df5d5179421dd61e437d9a39ea5299c8c43cd3d4525,790a09084fdd89d443e35df5d5179421dd61e437d9a39ea5299c8c43cd3d4525,True,2259e81bb9ae00769eca0ae06468984a4981bb1cab30475ebbf3a8097f577a7c,True,2026-05-13 23:01:24.018678899 CDT,2026-05-13 23:01:26.514027637 CDT,2.495349,00:19:28:19,00:19:31:04,00:00:02:15,0,
0151,152,True,True,34cb5a8ddcc2c12cfdb66e57934a915c153f5a6d32b92c52c7617570e54b4fd2,e297d60de7781c3450fb4aedd09ca86cc47a204c4914151c22729a2aab8ad51f,0150,True,True,df8a6fe478269f715f32043efee8d54eb9a09e45726b6a17b17ea7124417c901,df8a6fe478269f715f32043efee8d54eb9a09e45726b6a17b17ea7124417c901,True,e297d60de7781c3450fb4aedd09ca86cc47a204c4914151c22729a2aab8ad51f,True,2026-05-13 23:01:31.686492127 CDT,2026-05-13 23:01:34.457061881 CDT,2.770569,00:19:36:09,00:19:39:02,00:00:02:23,0,
0152,153,True,True,79430c6bb535ba36e580662875ffaa79d48045f47223c96436c65f7a31a94ccb,34cb5a8ddcc2c12cfdb66e57934a915c153f5a6d32b92c52c7617570e54b4fd2,0151,True,True,fcb9478c5f380fb207eaaf344a89300fdbdbc8b489436a4670ffd90d5c5ca9d4,fcb9478c5f380fb207eaaf344a89300fdbdbc8b489436a4670ffd90d5c5ca9d4,True,34cb5a8ddcc2c12cfdb66e57934a915c153f5a6d32b92c52c7617570e54b4fd2,True,2026-05-13 23:01:39.371044821 CDT,2026-05-13 23:01:41.738748549 CDT,2.367704,00:19:43:29,00:19:46:10,00:00:02:11,0,
0153,154,True,True,b0bf4a67cfd7b8a910d02b3c1177ee9a0f2c147b7624a5253acadf245ea7157b,79430c6bb535ba36e580662875ffaa79d48045f47223c96436c65f7a31a94ccb,0152,True,True,6143dc03d335b46b877b4abc38aa7970ca293b6f7be2c7b416c719e346964dc7,6143dc03d335b46b877b4abc38aa7970ca293b6f7be2c7b416c719e346964dc7,True,79430c6bb535ba36e580662875ffaa79d48045f47223c96436c65f7a31a94ccb,True,2026-05-13 23:01:47.041551501 CDT,2026-05-13 23:01:49.577074101 CDT,2.535523,00:19:51:19,00:19:54:06,00:00:02:16,0,
0154,155,True,True,eaa05e5249bad7a6849ab9d2173c5025e3ceba0d68a5370be4d137a4631f4857,b0bf4a67cfd7b8a910d02b3c1177ee9a0f2c147b7624a5253acadf245ea7157b,0153,True,True,a174289f4455814bcdaf445c0ccc720dd1c074f1d702699f6fca68010f73a21e,a174289f4455814bcdaf445c0ccc720dd1c074f1d702699f6fca68010f73a21e,True,b0bf4a67cfd7b8a910d02b3c1177ee9a0f2c147b7624a5253acadf245ea7157b,True,2026-05-13 23:01:54.672920874 CDT,2026-05-13 23:01:56.867964695 CDT,2.195044,00:19:59:08,00:20:01:14,00:00:02:06,0,
0155,156,True,True,b78ed849db4e9ea198a98a562df2734be0e740c88f574ed50fe2fa3da3b288af,eaa05e5249bad7a6849ab9d2173c5025e3ceba0d68a5370be4d137a4631f4857,0154,True,True,3902383b4649a2c142edca52e565a63f7c637912ab6d73b6a9fd078d3188c2d9,3902383b4649a2c142edca52e565a63f7c637912ab6d73b6a9fd078d3188c2d9,True,eaa05e5249bad7a6849ab9d2173c5025e3ceba0d68a5370be4d137a4631f4857,True,2026-05-13 23:02:02.346383295 CDT,2026-05-13 23:02:04.782621637 CDT,2.436238,00:20:06:29,00:20:09:12,00:00:02:13,1,Office of the Legislative Auditor Online Allegation Form.pdf
0156,157,True,True,7a48084a356032c5678765b6fb8541366ceebf3febf8f56f4e600082869a603a,b78ed849db4e9ea198a98a562df2734be0e740c88f574ed50fe2fa3da3b288af,0155,True,True,5ac66b1cdc539d5baae4c893d422e9c7c5f8e8317b078a51ea8b6888b1b4085e,5ac66b1cdc539d5baae4c893d422e9c7c5f8e8317b078a51ea8b6888b1b4085e,True,b78ed849db4e9ea198a98a562df2734be0e740c88f574ed50fe2fa3da3b288af,True,2026-05-13 23:02:10.308525817 CDT,2026-05-13 23:02:13.413936705 CDT,3.105411,00:20:14:27,00:20:18:01,00:00:03:03,0,
0157,158,True,True,403d77c344c163ae8d84228144ca34e2fc328d5047e22390db873cab8bca12b8,7a48084a356032c5678765b6fb8541366ceebf3febf8f56f4e600082869a603a,0156,True,True,d9bfd0ecb84a1a86d9ea6faa496d1d33655edc0f5e9e81758107ca097691defb,d9bfd0ecb84a1a86d9ea6faa496d1d33655edc0f5e9e81758107ca097691defb,True,7a48084a356032c5678765b6fb8541366ceebf3febf8f56f4e600082869a603a,True,2026-05-13 23:02:17.933824400 CDT,2026-05-13 23:02:20.533420673 CDT,2.599596,00:20:22:16,00:20:25:04,00:00:02:18,0,
0158,159,True,True,7d33fe48c1252cc98b85b07580b56c56a48cfdb885d072efc71aed8d2443fde9,403d77c344c163ae8d84228144ca34e2fc328d5047e22390db873cab8bca12b8,0157,True,True,d3e44f0de2182f1c6596a5e2281805a95a851839ae57a4d75333735458b96f59,d3e44f0de2182f1c6596a5e2281805a95a851839ae57a4d75333735458b96f59,True,403d77c344c163ae8d84228144ca34e2fc328d5047e22390db873cab8bca12b8,True,2026-05-13 23:02:25.580491235 CDT,2026-05-13 23:02:27.906886677 CDT,2.326395,00:20:30:06,00:20:32:15,00:00:02:10,0,
0159,160,True,True,95d36ab94c6c345d559aaeaddba147317cb605b8cd0e91fc363f58792a91fc9f,7d33fe48c1252cc98b85b07580b56c56a48cfdb885d072efc71aed8d2443fde9,0158,True,True,9755c9a3f50a82e00c11aafd9e56a246c22733de93d9d302e5446c36e7cf4fb4,9755c9a3f50a82e00c11aafd9e56a246c22733de93d9d302e5446c36e7cf4fb4,True,7d33fe48c1252cc98b85b07580b56c56a48cfdb885d072efc71aed8d2443fde9,True,2026-05-13 23:02:33.802391407 CDT,2026-05-13 23:02:36.847126766 CDT,3.044735,00:20:38:12,00:20:41:14,00:00:03:01,0,
0160,161,True,True,879c7a91cbea36e78f0e0253e4d7fe56f56f166c1770646bc83f76c0c6e555af,95d36ab94c6c345d559aaeaddba147317cb605b8cd0e91fc363f58792a91fc9f,0159,True,True,2bde4bace0303b124402b82bb54a2617e08ff00c038841abfd6484dc13f400f5,2bde4bace0303b124402b82bb54a2617e08ff00c038841abfd6484dc13f400f5,True,95d36ab94c6c345d559aaeaddba147317cb605b8cd0e91fc363f58792a91fc9f,True,2026-05-13 23:02:41.938434673 CDT,2026-05-13 23:02:44.704330470 CDT,2.765896,00:20:46:16,00:20:49:09,00:00:02:23,0,
0161,162,True,True,9e8cb00e5c1d597203da6ae76f2c6c5a400d723a0f72f95eb8a1b937b883fba6,879c7a91cbea36e78f0e0253e4d7fe56f56f166c1770646bc83f76c0c6e555af,0160,True,True,239dbf98f24d13b5f1f664d875fd3dcffe62eeda7f7e14aec1d84834a53386ca,239dbf98f24d13b5f1f664d875fd3dcffe62eeda7f7e14aec1d84834a53386ca,True,879c7a91cbea36e78f0e0253e4d7fe56f56f166c1770646bc83f76c0c6e555af,True,2026-05-13 23:02:49.831223115 CDT,2026-05-13 23:02:53.245674365 CDT,3.414451,00:20:54:13,00:20:57:26,00:00:03:12,0,
0162,163,True,True,ae89c90d86d5463b2e2940f43c12e13c0c0fe4c47c3160f8cbe10e44f12c88f2,9e8cb00e5c1d597203da6ae76f2c6c5a400d723a0f72f95eb8a1b937b883fba6,0161,True,True,a186870afc11023a247c5e0441f995f1d6989c27e6708d86752e233f95ffbdfe,a186870afc11023a247c5e0441f995f1d6989c27e6708d86752e233f95ffbdfe,True,9e8cb00e5c1d597203da6ae76f2c6c5a400d723a0f72f95eb8a1b937b883fba6,True,2026-05-13 23:02:57.836441820 CDT,2026-05-13 23:03:00.807921843 CDT,2.971480,00:21:02:13,00:21:05:12,00:00:02:29,0,
0163,164,True,True,9bdb7f969944faf8ed718994d44379e9391841bcae33993bde778424fd3e2c16,ae89c90d86d5463b2e2940f43c12e13c0c0fe4c47c3160f8cbe10e44f12c88f2,0162,True,True,bd73ac126bc0d1498c33860693ca87480993e93005fb62395aa98c051959f935,bd73ac126bc0d1498c33860693ca87480993e93005fb62395aa98c051959f935,True,ae89c90d86d5463b2e2940f43c12e13c0c0fe4c47c3160f8cbe10e44f12c88f2,True,2026-05-13 23:03:05.727154814 CDT,2026-05-13 23:03:08.627398314 CDT,2.900244,00:21:10:10,00:21:13:07,00:00:02:27,0,
0164,165,True,True,b7999add44a67ddf5c53b4248cae5684e9ab4f7ef14577f35be4554a9e2a1fc3,9bdb7f969944faf8ed718994d44379e9391841bcae33993bde778424fd3e2c16,0163,True,True,4e07024d9a8bc510b247c1cecb8d5443fa7dab5d3e32753ccbcbfc32d69b8505,4e07024d9a8bc510b247c1cecb8d5443fa7dab5d3e32753ccbcbfc32d69b8505,True,9bdb7f969944faf8ed718994d44379e9391841bcae33993bde778424fd3e2c16,True,2026-05-13 23:03:13.245153960 CDT,2026-05-13 23:03:16.225616261 CDT,2.980463,00:21:17:26,00:21:20:25,00:00:02:29,0,
0165,166,True,True,d16f7a5141301b2b030569fc8880d36b60eead4479e063e6fe2aefca710c1196,b7999add44a67ddf5c53b4248cae5684e9ab4f7ef14577f35be4554a9e2a1fc3,0164,True,True,0d4a92bc7fbfb17fc3a9d096ae0499d6f684fc37338132fac29f5f9ce6e73858,0d4a92bc7fbfb17fc3a9d096ae0499d6f684fc37338132fac29f5f9ce6e73858,True,b7999add44a67ddf5c53b4248cae5684e9ab4f7ef14577f35be4554a9e2a1fc3,True,2026-05-13 23:03:20.853155566 CDT,2026-05-13 23:03:23.358209592 CDT,2.505054,00:21:25:14,00:21:27:29,00:00:02:15,0,
0166,167,True,True,21220286674fbfff7225138092d0e1184a9171ca1f851a05880bd251bc98a790,d16f7a5141301b2b030569fc8880d36b60eead4479e063e6fe2aefca710c1196,0165,True,True,0fb00682c576ae2c2e006bc9e246a2e8c37694bd0f99242ce843a57f3fd72836,0fb00682c576ae2c2e006bc9e246a2e8c37694bd0f99242ce843a57f3fd72836,True,d16f7a5141301b2b030569fc8880d36b60eead4479e063e6fe2aefca710c1196,True,2026-05-13 23:03:28.580153865 CDT,2026-05-13 23:03:30.913676530 CDT,2.333523,00:21:33:06,00:21:35:16,00:00:02:10,0,
0167,168,True,True,fbb77cf175f0615af464d1c7c594f983c0e4afbb93cbfe4951345396172a4bee,21220286674fbfff7225138092d0e1184a9171ca1f851a05880bd251bc98a790,0166,True,True,26dc8e92888ad967527804318f5b07d132d806c534443117f7b213d380ce8123,26dc8e92888ad967527804318f5b07d132d806c534443117f7b213d380ce8123,True,21220286674fbfff7225138092d0e1184a9171ca1f851a05880bd251bc98a790,True,2026-05-13 23:03:36.215240037 CDT,2026-05-13 23:03:38.761614892 CDT,2.546374,00:21:40:25,00:21:43:11,00:00:02:16,0,
0168,169,True,True,2d76c151ae100a5c327e79001c3c29f376afec84d2c4b381de14f3a1bd2c3a46,fbb77cf175f0615af464d1c7c594f983c0e4afbb93cbfe4951345396172a4bee,0167,True,True,2663391398a6587457c5720d81ff8ec93aa234e27c9188471ba156bf70cf2d32,2663391398a6587457c5720d81ff8ec93aa234e27c9188471ba156bf70cf2d32,True,fbb77cf175f0615af464d1c7c594f983c0e4afbb93cbfe4951345396172a4bee,True,2026-05-13 23:03:43.828947626 CDT,2026-05-13 23:03:46.347320826 CDT,2.518373,00:21:48:13,00:21:50:29,00:00:02:16,0,
0169,170,True,True,1181a5fc8f41bc5186198a8e857b68f051990300d94bb49b22815201264a3d42,2d76c151ae100a5c327e79001c3c29f376afec84d2c4b381de14f3a1bd2c3a46,0168,True,True,0cba694f9b6f22c0323f19275c3c7997455fba62fa65cb734defb911cbb9ba1c,0cba694f9b6f22c0323f19275c3c7997455fba62fa65cb734defb911cbb9ba1c,True,2d76c151ae100a5c327e79001c3c29f376afec84d2c4b381de14f3a1bd2c3a46,True,2026-05-13 23:03:51.505632550 CDT,2026-05-13 23:03:54.404461951 CDT,2.898829,00:21:56:03,00:21:59:00,00:00:02:27,0,
0170,171,True,True,f9af7f01da2c56d7286a59097414041a9922f7f4cc1a2519483720c5a04ebc46,1181a5fc8f41bc5186198a8e857b68f051990300d94bb49b22815201264a3d42,0169,True,True,fb591104d35451473a2b3f79bfb4589363dd75ed05fa67e663faaea90139b4b3,fb591104d35451473a2b3f79bfb4589363dd75ed05fa67e663faaea90139b4b3,True,1181a5fc8f41bc5186198a8e857b68f051990300d94bb49b22815201264a3d42,True,2026-05-13 23:03:59.201782256 CDT,2026-05-13 23:04:01.948998797 CDT,2.747216,00:22:03:24,00:22:06:17,00:00:02:22,0,
0171,172,True,True,4a60896c866ab6adde82059aabab649b06e9e623155dfead987580690e5a9133,f9af7f01da2c56d7286a59097414041a9922f7f4cc1a2519483720c5a04ebc46,0170,True,True,cbc777418183301ce71b85eb87d314edaf2cf9b7f4345e86b62f285b1dd8dc1d,cbc777418183301ce71b85eb87d314edaf2cf9b7f4345e86b62f285b1dd8dc1d,True,f9af7f01da2c56d7286a59097414041a9922f7f4cc1a2519483720c5a04ebc46,True,2026-05-13 23:04:06.871892236 CDT,2026-05-13 23:04:09.300622188 CDT,2.428730,00:22:11:14,00:22:13:27,00:00:02:13,0,
0172,173,True,True,4c6a86e4b8ae7dde35f171ff7ad01e497294408d053a8c75f4d6bef30c3be0be,4a60896c866ab6adde82059aabab649b06e9e623155dfead987580690e5a9133,0171,True,True,188e979e2e2d2522ca4920d422b63d8dcd924912f3e8fd4a75af8fa5c3760536,188e979e2e2d2522ca4920d422b63d8dcd924912f3e8fd4a75af8fa5c3760536,True,4a60896c866ab6adde82059aabab649b06e9e623155dfead987580690e5a9133,True,2026-05-13 23:04:14.599094533 CDT,2026-05-13 23:04:17.230158972 CDT,2.631064,00:22:19:06,00:22:21:25,00:00:02:19,0,
0173,174,True,True,a47ce83d5d8ea0653d721639315a93e5d37931770efcf984588736696a38a094,4c6a86e4b8ae7dde35f171ff7ad01e497294408d053a8c75f4d6bef30c3be0be,0172,True,True,4db0a6cedc401f24297a5b53d4cf827646900fd2f3bc97ae9d3bb7d6fcee1791,4db0a6cedc401f24297a5b53d4cf827646900fd2f3bc97ae9d3bb7d6fcee1791,True,4c6a86e4b8ae7dde35f171ff7ad01e497294408d053a8c75f4d6bef30c3be0be,True,2026-05-13 23:04:22.172481694 CDT,2026-05-13 23:04:24.895271276 CDT,2.722790,00:22:26:23,00:22:29:15,00:00:02:22,0,
0174,175,True,True,7ba7b36f6286f851374f41ce51727012ab00dfec639d32ca8263d4b49c926db4,a47ce83d5d8ea0653d721639315a93e5d37931770efcf984588736696a38a094,0173,True,True,43139e94f81db0e3c24cd4db475e9542226374b90822ea3811410614bd86e7da,43139e94f81db0e3c24cd4db475e9542226374b90822ea3811410614bd86e7da,True,a47ce83d5d8ea0653d721639315a93e5d37931770efcf984588736696a38a094,True,2026-05-13 23:04:29.910859731 CDT,2026-05-13 23:04:32.631250050 CDT,2.720391,00:22:34:16,00:22:37:07,00:00:02:22,0,
0175,176,True,True,03c03dde7c26631dc0e432e9508979a3bd3d2c59a181d1810c5dd1cd000a1f63,7ba7b36f6286f851374f41ce51727012ab00dfec639d32ca8263d4b49c926db4,0174,True,True,ee9c7d7753dfe4fdf4f5aa1cbe0e240da654f567d616db7d5db3f9b0e52ef53e,ee9c7d7753dfe4fdf4f5aa1cbe0e240da654f567d616db7d5db3f9b0e52ef53e,True,7ba7b36f6286f851374f41ce51727012ab00dfec639d32ca8263d4b49c926db4,True,2026-05-13 23:04:37.456080788 CDT,2026-05-13 23:04:39.913837566 CDT,2.457757,00:22:42:02,00:22:44:16,00:00:02:14,0,
0176,177,True,True,e0e1ecc4a85c30b533974befb3229327f367a7134d51581735a612b0de8400dc,03c03dde7c26631dc0e432e9508979a3bd3d2c59a181d1810c5dd1cd000a1f63,0175,True,True,c19c95e84b9a4b066bcf1cb6c33d6eee9cf15b2f3e890fc124fb305b84aa9c6f,c19c95e84b9a4b066bcf1cb6c33d6eee9cf15b2f3e890fc124fb305b84aa9c6f,True,03c03dde7c26631dc0e432e9508979a3bd3d2c59a181d1810c5dd1cd000a1f63,True,2026-05-13 23:04:45.118561781 CDT,2026-05-13 23:04:47.688493673 CDT,2.569932,00:22:49:22,00:22:52:09,00:00:02:17,0,
0177,178,True,True,c221fcfc08ec323e7d3dcf7b122100daf781385588dcd663aad56d3d4d38aaf2,e0e1ecc4a85c30b533974befb3229327f367a7134d51581735a612b0de8400dc,0176,True,True,e65ee44b90f664f1ab4a9cddea38ee723a2bb3e8917fe364ff1857b4ea2df419,e65ee44b90f664f1ab4a9cddea38ee723a2bb3e8917fe364ff1857b4ea2df419,True,e0e1ecc4a85c30b533974befb3229327f367a7134d51581735a612b0de8400dc,True,2026-05-13 23:04:52.873956891 CDT,2026-05-13 23:04:55.397593310 CDT,2.523637,00:22:57:14,00:23:00:00,00:00:02:16,0,
0178,179,True,True,cbeaa03736bf82bcc300bfedd2350ebbca6c6c72a1693af3c959a0f70a959f95,c221fcfc08ec323e7d3dcf7b122100daf781385588dcd663aad56d3d4d38aaf2,0177,True,True,b26d101eae4a2b93e9ea0a484af419caed3d06ba424b17a801ffe6fad99b025b,b26d101eae4a2b93e9ea0a484af419caed3d06ba424b17a801ffe6fad99b025b,True,c221fcfc08ec323e7d3dcf7b122100daf781385588dcd663aad56d3d4d38aaf2,True,2026-05-13 23:05:00.378798621 CDT,2026-05-13 23:05:02.959913331 CDT,2.581115,00:23:05:00,00:23:07:17,00:00:02:17,0,
0179,180,True,True,b8dfad6e9f618856f157f6c6bcd74153dfc53e65e4e85edfc2e344ce83811e89,cbeaa03736bf82bcc300bfedd2350ebbca6c6c72a1693af3c959a0f70a959f95,0178,True,True,0509400ffd66d27f9fdfafba2b4662cb44fa2a9ec3dc53c648b946bdcbd2fcd8,0509400ffd66d27f9fdfafba2b4662cb44fa2a9ec3dc53c648b946bdcbd2fcd8,True,cbeaa03736bf82bcc300bfedd2350ebbca6c6c72a1693af3c959a0f70a959f95,True,2026-05-13 23:05:08.063494356 CDT,2026-05-13 23:05:10.241023874 CDT,2.177529,00:23:12:20,00:23:14:25,00:00:02:05,0,
0180,181,True,True,9bb6693b55988ef52bcac215b81b5d69646c27793a604ce08585dee8accd2242,b8dfad6e9f618856f157f6c6bcd74153dfc53e65e4e85edfc2e344ce83811e89,0179,True,True,d2138f82add8d3828c312f50b0ec15a26f985f1990f2b36d17d8c3e7ea158063,d2138f82add8d3828c312f50b0ec15a26f985f1990f2b36d17d8c3e7ea158063,True,b8dfad6e9f618856f157f6c6bcd74153dfc53e65e4e85edfc2e344ce83811e89,True,2026-05-13 23:05:15.721363256 CDT,2026-05-13 23:05:18.640087678 CDT,2.918724,00:23:20:10,00:23:23:07,00:00:02:28,0,
0181,182,True,True,bdf7a1cf925ea82338e59cfd7d0d5c07b24a7b7453e0447e1e8ebc1ec26621a6,9bb6693b55988ef52bcac215b81b5d69646c27793a604ce08585dee8accd2242,0180,True,True,12d0acd9508300f11e756931480e51be121d10976dcb3b9e6526a8e55f2c4326,12d0acd9508300f11e756931480e51be121d10976dcb3b9e6526a8e55f2c4326,True,9bb6693b55988ef52bcac215b81b5d69646c27793a604ce08585dee8accd2242,True,2026-05-13 23:05:23.483137954 CDT,2026-05-13 23:05:26.199448243 CDT,2.716311,00:23:28:03,00:23:30:24,00:00:02:21,0,
0182,183,True,True,d11c748cf3b3a04b2315a85f21b13332e4e0a85df5e5f5b856b950f69405a06c,bdf7a1cf925ea82338e59cfd7d0d5c07b24a7b7453e0447e1e8ebc1ec26621a6,0181,True,True,6197649930fc53fe5d0936d60d187f1557fcaa361ec4ac78364ea27805010e98,6197649930fc53fe5d0936d60d187f1557fcaa361ec4ac78364ea27805010e98,True,bdf7a1cf925ea82338e59cfd7d0d5c07b24a7b7453e0447e1e8ebc1ec26621a6,True,2026-05-13 23:05:31.141150302 CDT,2026-05-13 23:05:33.332382392 CDT,2.191232,00:23:35:22,00:23:37:28,00:00:02:06,0,
0183,184,True,True,6cde51e27e2a6dc8cf2bb83a19afc57ee44aa21962a7b982f0dee8d61dc5d962,d11c748cf3b3a04b2315a85f21b13332e4e0a85df5e5f5b856b950f69405a06c,0182,True,True,25dd64761d15c5f054cab02da7f1d682da93ad587ca1a418c724338cbf7483ce,25dd64761d15c5f054cab02da7f1d682da93ad587ca1a418c724338cbf7483ce,True,d11c748cf3b3a04b2315a85f21b13332e4e0a85df5e5f5b856b950f69405a06c,True,2026-05-13 23:05:38.783635110 CDT,2026-05-13 23:05:41.326788363 CDT,2.543153,00:23:43:12,00:23:45:28,00:00:02:16,0,
0184,185,True,True,6abf2701960b5688112fd3f3d83af07da6284b70b523b67a0b54430a947d6e5b,6cde51e27e2a6dc8cf2bb83a19afc57ee44aa21962a7b982f0dee8d61dc5d962,0183,True,True,61145b4b5412239be418a82da38185dc3db0a4ed9900b6182356b916661830fa,61145b4b5412239be418a82da38185dc3db0a4ed9900b6182356b916661830fa,True,6cde51e27e2a6dc8cf2bb83a19afc57ee44aa21962a7b982f0dee8d61dc5d962,True,2026-05-13 23:05:46.432682139 CDT,2026-05-13 23:05:49.234674427 CDT,2.801992,00:23:51:01,00:23:53:25,00:00:02:24,0,
0185,186,True,True,eb05b57d3ed8ca3acada38ff72a6b069e0a89c38e219592645b3192785c4fb4f,6abf2701960b5688112fd3f3d83af07da6284b70b523b67a0b54430a947d6e5b,0184,True,True,8191bf35e4b8a5e89656480274ed5a56be4e84d1bf33a6ff9bb9982b466f1bf8,8191bf35e4b8a5e89656480274ed5a56be4e84d1bf33a6ff9bb9982b466f1bf8,True,6abf2701960b5688112fd3f3d83af07da6284b70b523b67a0b54430a947d6e5b,True,2026-05-13 23:05:54.093297153 CDT,2026-05-13 23:05:56.451796420 CDT,2.358499,00:23:58:21,00:24:01:02,00:00:02:11,0,
0186,187,True,True,8391c0b13ed607e19d803a8b86996b4d2e57ba34a436f9501049465105bbf189,eb05b57d3ed8ca3acada38ff72a6b069e0a89c38e219592645b3192785c4fb4f,0185,True,True,376b43ab8b613ae7c7fde5f9c6258d9c1077ef83ca513d13e282cced375a4600,376b43ab8b613ae7c7fde5f9c6258d9c1077ef83ca513d13e282cced375a4600,True,eb05b57d3ed8ca3acada38ff72a6b069e0a89c38e219592645b3192785c4fb4f,True,2026-05-13 23:06:01.734060445 CDT,2026-05-13 23:06:04.187682840 CDT,2.453622,00:24:06:10,00:24:08:24,00:00:02:14,0,
0187,188,True,True,fb70f1f5201bf96e513710509f0a73d924e59bc93d545ea734ce6c473cc8f8ec,8391c0b13ed607e19d803a8b86996b4d2e57ba34a436f9501049465105bbf189,0186,True,True,29c942954be367011f2672448b66343156e800376c2407ae18b175edfdd6dd0d,29c942954be367011f2672448b66343156e800376c2407ae18b175edfdd6dd0d,True,8391c0b13ed607e19d803a8b86996b4d2e57ba34a436f9501049465105bbf189,True,2026-05-13 23:06:10.015653150 CDT,2026-05-13 23:06:12.735217721 CDT,2.719564,00:24:14:19,00:24:17:10,00:00:02:22,0,
0188,189,True,True,a7e39c8148f360dfb531cfead4770dea339b15d63375a777b41cb6226ecb10be,fb70f1f5201bf96e513710509f0a73d924e59bc93d545ea734ce6c473cc8f8ec,0187,True,True,9d09150365663ce640a4acdc3809a8ead608f649af507d1e12cf975dbccfa952,9d09150365663ce640a4acdc3809a8ead608f649af507d1e12cf975dbccfa952,True,fb70f1f5201bf96e513710509f0a73d924e59bc93d545ea734ce6c473cc8f8ec,True,2026-05-13 23:06:17.943654901 CDT,2026-05-13 23:06:21.036898252 CDT,3.093244,00:24:22:17,00:24:25:19,00:00:03:03,0,
0189,190,True,True,e8c1770add4db276e42ac4c61d0bc87e40dedc2612f5a9880c88a78306eca060,a7e39c8148f360dfb531cfead4770dea339b15d63375a777b41cb6226ecb10be,0188,True,True,49a2e3f0c512e12ac7d34159377e19a11479bbcac5ae2ea966f35abce5b26928,49a2e3f0c512e12ac7d34159377e19a11479bbcac5ae2ea966f35abce5b26928,True,a7e39c8148f360dfb531cfead4770dea339b15d63375a777b41cb6226ecb10be,True,2026-05-13 23:06:25.811153317 CDT,2026-05-13 23:06:28.857409831 CDT,3.046256,00:24:30:13,00:24:33:14,00:00:03:01,0,
0190,191,True,True,de1cab3c1e6231a8b8d778947f5e5886736f8bcfaee68ffbdc25b1647372ff93,e8c1770add4db276e42ac4c61d0bc87e40dedc2612f5a9880c88a78306eca060,0189,True,True,9958e8914fe0cb966d4623acfb159458ca67637f8ba3aaf2ecbf85b24e987c0f,9958e8914fe0cb966d4623acfb159458ca67637f8ba3aaf2ecbf85b24e987c0f,True,e8c1770add4db276e42ac4c61d0bc87e40dedc2612f5a9880c88a78306eca060,True,2026-05-13 23:06:33.426302822 CDT,2026-05-13 23:06:35.603857784 CDT,2.177555,00:24:38:01,00:24:40:06,00:00:02:05,0,
0191,192,True,True,02a9e034f00a62eed72ac0aefda7e74e89a7053977a349a2ca96c37f1e9bb595,de1cab3c1e6231a8b8d778947f5e5886736f8bcfaee68ffbdc25b1647372ff93,0190,True,True,ce5c83f7fb4668abf1776665100b88b26fc82ba23de23f1678b450f571bb1a13,ce5c83f7fb4668abf1776665100b88b26fc82ba23de23f1678b450f571bb1a13,True,de1cab3c1e6231a8b8d778947f5e5886736f8bcfaee68ffbdc25b1647372ff93,True,2026-05-13 23:06:41.201632250 CDT,2026-05-13 23:06:44.915275753 CDT,3.713643,00:24:45:24,00:24:49:16,00:00:03:21,0,
0192,193,True,True,0bef9528a41a24d9510d4531bf399c99dc92d029c8f53be2685b0af49ba4373b,02a9e034f00a62eed72ac0aefda7e74e89a7053977a349a2ca96c37f1e9bb595,0191,True,True,a888fba284dbdaf8e42a0b8961978426945a9ea56802f4bd2f35d3a8bd122574,a888fba284dbdaf8e42a0b8961978426945a9ea56802f4bd2f35d3a8bd122574,True,02a9e034f00a62eed72ac0aefda7e74e89a7053977a349a2ca96c37f1e9bb595,True,2026-05-13 23:06:49.027722654 CDT,2026-05-13 23:06:52.292593729 CDT,3.264871,00:24:53:19,00:24:56:27,00:00:03:08,0,
0193,194,True,True,6151b53309ecf22e51e32b1979f62af8385f7d2b0e16562a9d44d9514adc9235,0bef9528a41a24d9510d4531bf399c99dc92d029c8f53be2685b0af49ba4373b,0192,True,True,1f7448925d08c2f57d170cc62d49052c4ede3dbbdc3f779b785737a3b7ca2dd2,1f7448925d08c2f57d170cc62d49052c4ede3dbbdc3f779b785737a3b7ca2dd2,True,0bef9528a41a24d9510d4531bf399c99dc92d029c8f53be2685b0af49ba4373b,True,2026-05-13 23:06:56.654251553 CDT,2026-05-13 23:06:59.773024608 CDT,3.118773,00:25:01:08,00:25:04:11,00:00:03:04,0,
0194,195,True,True,6ded1bfcb7babb3b823b93eb2f8cd3424cefa749bba1364bcc523c04e4253a46,6151b53309ecf22e51e32b1979f62af8385f7d2b0e16562a9d44d9514adc9235,0193,True,True,8ef4833741c1037b96d09b28c60833594634a9a91f5b5701a2333093a78ee551,8ef4833741c1037b96d09b28c60833594634a9a91f5b5701a2333093a78ee551,True,6151b53309ecf22e51e32b1979f62af8385f7d2b0e16562a9d44d9514adc9235,True,2026-05-13 23:07:04.369120402 CDT,2026-05-13 23:07:06.762177796 CDT,2.393057,00:25:08:29,00:25:11:11,00:00:02:12,1,ReportFraud.ftc.gov - Confirmation.pdf
0195,196,True,True,d644b2eef0952d39647b0742eeab217251786046bbca063f9a31c5fa5a2a1373,6ded1bfcb7babb3b823b93eb2f8cd3424cefa749bba1364bcc523c04e4253a46,0194,True,True,fbafe88ecdd7bd4b0376b3709f8b7a9dfea8919c761c80c059e1decc5ffa06f2,fbafe88ecdd7bd4b0376b3709f8b7a9dfea8919c761c80c059e1decc5ffa06f2,True,6ded1bfcb7babb3b823b93eb2f8cd3424cefa749bba1364bcc523c04e4253a46,True,2026-05-13 23:07:12.047935087 CDT,2026-05-13 23:07:14.915799840 CDT,2.867864,00:25:16:20,00:25:19:16,00:00:02:26,0,
0196,197,True,True,cc72d6dd8497d846b6f16b6a4b20ba87cf415390ecf03b40f44df54d830e5a80,d644b2eef0952d39647b0742eeab217251786046bbca063f9a31c5fa5a2a1373,0195,True,True,147f7a91a3395e35d4da12b7086fcb33d84892e375e528e6cafbe9ca1f30cb72,147f7a91a3395e35d4da12b7086fcb33d84892e375e528e6cafbe9ca1f30cb72,True,d644b2eef0952d39647b0742eeab217251786046bbca063f9a31c5fa5a2a1373,True,2026-05-13 23:07:20.296475705 CDT,2026-05-13 23:07:23.113499513 CDT,2.817024,00:25:24:27,00:25:27:22,00:00:02:25,0,
0197,198,True,True,fba301a165d2fa6002c87f23c7d9b8f19ccdd8f4c6283604b968ebf729f086d1,cc72d6dd8497d846b6f16b6a4b20ba87cf415390ecf03b40f44df54d830e5a80,0196,True,True,eafe6ab2ab9b32a07ba7b0238a16afdd7501d2cc4699841e788d1154f3108a2f,eafe6ab2ab9b32a07ba7b0238a16afdd7501d2cc4699841e788d1154f3108a2f,True,cc72d6dd8497d846b6f16b6a4b20ba87cf415390ecf03b40f44df54d830e5a80,True,2026-05-13 23:07:27.732789349 CDT,2026-05-13 23:07:30.909637051 CDT,3.176848,00:25:32:10,00:25:35:15,00:00:03:05,0,
0198,199,True,True,872a24108dfd1f4347c8d33280c9c68911402d6ac70a14f74c6c1500d45b2539,fba301a165d2fa6002c87f23c7d9b8f19ccdd8f4c6283604b968ebf729f086d1,0197,True,True,6e84de704e6717ae32dd2382aabd21865ab1db6943dbebc882d7c7820d9518dd,6e84de704e6717ae32dd2382aabd21865ab1db6943dbebc882d7c7820d9518dd,True,fba301a165d2fa6002c87f23c7d9b8f19ccdd8f4c6283604b968ebf729f086d1,True,2026-05-13 23:07:35.513565728 CDT,2026-05-13 23:07:38.104108182 CDT,2.590543,00:25:40:04,00:25:42:21,00:00:02:18,0,
0199,200,True,True,243941f15da950f36e687404989966b247b011f548226f65c4be5efd6881178a,872a24108dfd1f4347c8d33280c9c68911402d6ac70a14f74c6c1500d45b2539,0198,True,True,1c7fd1a53257c2ced1898ddea0f3faa5bcc86e1efd896f85716810fa8c61111c,1c7fd1a53257c2ced1898ddea0f3faa5bcc86e1efd896f85716810fa8c61111c,True,872a24108dfd1f4347c8d33280c9c68911402d6ac70a14f74c6c1500d45b2539,True,2026-05-13 23:07:43.061384214 CDT,2026-05-13 23:07:45.492705873 CDT,2.431321,00:25:47:20,00:25:50:03,00:00:02:13,0,
0200,201,True,True,0a1edfbc33384c12ec4407daca6845e501dcad739de2543cbbb2698467535ce9,243941f15da950f36e687404989966b247b011f548226f65c4be5efd6881178a,0199,True,True,0ba098bd64e6cd5a2d4f1f7cc39af2eddea2759e3deb26ecc7177d906fc6e047,0ba098bd64e6cd5a2d4f1f7cc39af2eddea2759e3deb26ecc7177d906fc6e047,True,243941f15da950f36e687404989966b247b011f548226f65c4be5efd6881178a,True,2026-05-13 23:07:50.692016466 CDT,2026-05-13 23:07:53.399521625 CDT,2.707505,00:25:55:09,00:25:58:00,00:00:02:21,0,
0201,202,True,True,d6db1125b077d26df9fa4fc0157f875be16d500cd4ea90724b403033b936e20e,0a1edfbc33384c12ec4407daca6845e501dcad739de2543cbbb2698467535ce9,0200,True,True,ed8a52a301f43d5a21f437b12d3aebee1f536e31bc85bf8434562b9f577f6eb0,ed8a52a301f43d5a21f437b12d3aebee1f536e31bc85bf8434562b9f577f6eb0,True,0a1edfbc33384c12ec4407daca6845e501dcad739de2543cbbb2698467535ce9,True,2026-05-13 23:07:58.737983365 CDT,2026-05-13 23:08:02.196232960 CDT,3.458249,00:26:03:10,00:26:06:24,00:00:03:14,0,
0202,203,True,True,044053152f556cbfcddf811a1440efe5d21f847730e4cd190952f6be45a74957,d6db1125b077d26df9fa4fc0157f875be16d500cd4ea90724b403033b936e20e,0201,True,True,51f54b154214302da9f9cd617ac3cc713c003fce2c841306ae95e97562d9a480,51f54b154214302da9f9cd617ac3cc713c003fce2c841306ae95e97562d9a480,True,d6db1125b077d26df9fa4fc0157f875be16d500cd4ea90724b403033b936e20e,True,2026-05-13 23:08:06.501022131 CDT,2026-05-13 23:08:09.290453523 CDT,2.789431,00:26:11:03,00:26:13:27,00:00:02:24,0,
0203,204,True,True,45fbd77fa9cbd7ea4b48671cb0d603a39c1c84cf3b704bce620863b39aa8cce6,044053152f556cbfcddf811a1440efe5d21f847730e4cd190952f6be45a74957,0202,True,True,6e084d0567b802382ee81135bd2d060fead636ef79a954cb839736bf3b0e5129,6e084d0567b802382ee81135bd2d060fead636ef79a954cb839736bf3b0e5129,True,044053152f556cbfcddf811a1440efe5d21f847730e4cd190952f6be45a74957,True,2026-05-13 23:08:14.163376617 CDT,2026-05-13 23:08:16.659564817 CDT,2.496188,00:26:18:23,00:26:21:08,00:00:02:15,0,
0204,205,True,True,bdc1a499864f118446dcb119ca7c949e648b3355486ccf22197ebee515015fb7,45fbd77fa9cbd7ea4b48671cb0d603a39c1c84cf3b704bce620863b39aa8cce6,0203,True,True,670d7a5febada4d76cd0d5cef8207ad56fbf81b0d92be71ff313b4b0fed08b90,670d7a5febada4d76cd0d5cef8207ad56fbf81b0d92be71ff313b4b0fed08b90,True,45fbd77fa9cbd7ea4b48671cb0d603a39c1c84cf3b704bce620863b39aa8cce6,True,2026-05-13 23:08:21.907360706 CDT,2026-05-13 23:08:24.693047583 CDT,2.785687,00:26:26:15,00:26:29:09,00:00:02:24,0,
0205,206,True,True,fda8952a279360da9970f559c786af16d35a980d3e656f68a442205d322225a2,bdc1a499864f118446dcb119ca7c949e648b3355486ccf22197ebee515015fb7,0204,True,True,99db8b1e012f203a34ffa46e2e3856458394301651a2672e4bfc76aa11f2d477,99db8b1e012f203a34ffa46e2e3856458394301651a2672e4bfc76aa11f2d477,True,bdc1a499864f118446dcb119ca7c949e648b3355486ccf22197ebee515015fb7,True,2026-05-13 23:08:29.620047437 CDT,2026-05-13 23:08:32.125301355 CDT,2.505254,00:26:34:07,00:26:36:22,00:00:02:15,0,
0206,207,True,True,15a575cf39def36c890454efa6bc11ac7ab3f6fd2a851b3e7cfe5ef8562aea4c,fda8952a279360da9970f559c786af16d35a980d3e656f68a442205d322225a2,0205,True,True,59d1c18d8da0a3ffd411403c75a1660b810a8bf6d9d5c831c8fc7d264a2e449e,59d1c18d8da0a3ffd411403c75a1660b810a8bf6d9d5c831c8fc7d264a2e449e,True,fda8952a279360da9970f559c786af16d35a980d3e656f68a442205d322225a2,True,2026-05-13 23:08:37.291900776 CDT,2026-05-13 23:08:39.968150330 CDT,2.676250,00:26:41:27,00:26:44:17,00:00:02:20,0,
0207,208,True,True,f678e6b7a01ddd7c85f6dc35f77f70fd40d1f4c45963064aa3b18f3539059d48,15a575cf39def36c890454efa6bc11ac7ab3f6fd2a851b3e7cfe5ef8562aea4c,0206,True,True,0bdbf2e1b478f6acedec6a6d61548ddb1c436c3ddfa09b2b8e7efa173260824a,0bdbf2e1b478f6acedec6a6d61548ddb1c436c3ddfa09b2b8e7efa173260824a,True,15a575cf39def36c890454efa6bc11ac7ab3f6fd2a851b3e7cfe5ef8562aea4c,True,2026-05-13 23:08:44.965613911 CDT,2026-05-13 23:08:47.776582285 CDT,2.810969,00:26:49:17,00:26:52:12,00:00:02:24,0,
0208,209,True,True,77aba4261e8147098f8d14db622aa9db424a6398ecfa1bf2dbd68cb99806da85,f678e6b7a01ddd7c85f6dc35f77f70fd40d1f4c45963064aa3b18f3539059d48,0207,True,True,861ff4fca2ed9e18cc47a1f901411f4938daec7afa1b84cadef27d01d82a4a8e,861ff4fca2ed9e18cc47a1f901411f4938daec7afa1b84cadef27d01d82a4a8e,True,f678e6b7a01ddd7c85f6dc35f77f70fd40d1f4c45963064aa3b18f3539059d48,True,2026-05-13 23:08:52.667840959 CDT,2026-05-13 23:08:55.213272890 CDT,2.545432,00:26:57:08,00:26:59:25,00:00:02:16,0,
0209,210,True,True,d0e6f47c385413664b44ca796cefdbab85d732c80509cb3a874c7c5f8010d838,77aba4261e8147098f8d14db622aa9db424a6398ecfa1bf2dbd68cb99806da85,0208,True,True,ec5dc0d8a35797438eaac2e8e5cedc56dbf2ec90fe7267eeb0dfb8f225eadcff,ec5dc0d8a35797438eaac2e8e5cedc56dbf2ec90fe7267eeb0dfb8f225eadcff,True,77aba4261e8147098f8d14db622aa9db424a6398ecfa1bf2dbd68cb99806da85,True,2026-05-13 23:09:00.387053403 CDT,2026-05-13 23:09:02.742607992 CDT,2.355554,00:27:05:00,00:27:07:10,00:00:02:11,0,
0210,211,True,True,1625b6fc11890dbe6541f11c0aa870afc96ea63e12e1093462802ed40333c4c8,d0e6f47c385413664b44ca796cefdbab85d732c80509cb3a874c7c5f8010d838,0209,True,True,295f98943377069bcdebfb9d589939133a8a795c3eb3a125b99f026fdb6f52d2,295f98943377069bcdebfb9d589939133a8a795c3eb3a125b99f026fdb6f52d2,True,d0e6f47c385413664b44ca796cefdbab85d732c80509cb3a874c7c5f8010d838,True,2026-05-13 23:09:08.169335346 CDT,2026-05-13 23:09:11.279846392 CDT,3.110511,00:27:12:23,00:27:15:27,00:00:03:03,0,
0211,212,True,True,b87ced9161bc5ab89e188a34c1da8b3f7e1b03b4f8ad592517571e476b940306,1625b6fc11890dbe6541f11c0aa870afc96ea63e12e1093462802ed40333c4c8,0210,True,True,5c8b7bf1cb5b67d5dbb995d381ea54c0500061175dca3329a75c68adef26ce53,5c8b7bf1cb5b67d5dbb995d381ea54c0500061175dca3329a75c68adef26ce53,True,1625b6fc11890dbe6541f11c0aa870afc96ea63e12e1093462802ed40333c4c8,True,2026-05-13 23:09:15.731300864 CDT,2026-05-13 23:09:18.347441729 CDT,2.616141,00:27:20:10,00:27:22:29,00:00:02:18,0,
0212,213,True,True,51b1da99b0e07d3700880aebe9674641425558d9ff517408f2b5f1ba563834e7,b87ced9161bc5ab89e188a34c1da8b3f7e1b03b4f8ad592517571e476b940306,0211,True,True,41a7b7cbcb4937b5d178a015fa680a831d5cffab0dfd5667a4fbcea135836103,41a7b7cbcb4937b5d178a015fa680a831d5cffab0dfd5667a4fbcea135836103,True,b87ced9161bc5ab89e188a34c1da8b3f7e1b03b4f8ad592517571e476b940306,True,2026-05-13 23:09:23.343528177 CDT,2026-05-13 23:09:25.881149221 CDT,2.537621,00:27:27:29,00:27:30:15,00:00:02:16,0,
0213,214,True,True,b22b3c87a0bd375ca061d358709694b1701e7887666e98797373217d0e10fa90,51b1da99b0e07d3700880aebe9674641425558d9ff517408f2b5f1ba563834e7,0212,True,True,49a1edd7430fe2e8ed56d310037b1507552c8ac4c6323e96f490d0f3eff1b8f0,49a1edd7430fe2e8ed56d310037b1507552c8ac4c6323e96f490d0f3eff1b8f0,True,51b1da99b0e07d3700880aebe9674641425558d9ff517408f2b5f1ba563834e7,True,2026-05-13 23:09:30.943518885 CDT,2026-05-13 23:09:33.317930618 CDT,2.374412,00:27:35:17,00:27:37:28,00:00:02:11,0,
0214,215,True,True,a80245f5331291c69ed8ed365cd8b9045481b2f1694d4ad7cbce8ef123bfd5a1,b22b3c87a0bd375ca061d358709694b1701e7887666e98797373217d0e10fa90,0213,True,True,b51df3f2ec5ab05e326c52fc56f4df4b35b5f44fe520b83ec7a922eba64a6337,b51df3f2ec5ab05e326c52fc56f4df4b35b5f44fe520b83ec7a922eba64a6337,True,b22b3c87a0bd375ca061d358709694b1701e7887666e98797373217d0e10fa90,True,2026-05-13 23:09:38.617979922 CDT,2026-05-13 23:09:41.060506443 CDT,2.442527,00:27:43:07,00:27:45:20,00:00:02:13,0,
0215,216,True,True,38f2c5e29cf61ebee78cbd5cad5a1456a6e9012658f072a138888b778f10b31b,a80245f5331291c69ed8ed365cd8b9045481b2f1694d4ad7cbce8ef123bfd5a1,0214,True,True,a5ed1de6e9c5e9617924c20e1e46e162845cc686bdc67c3794640bab660486e7,a5ed1de6e9c5e9617924c20e1e46e162845cc686bdc67c3794640bab660486e7,True,a80245f5331291c69ed8ed365cd8b9045481b2f1694d4ad7cbce8ef123bfd5a1,True,2026-05-13 23:09:46.917781272 CDT,2026-05-13 23:09:50.338129881 CDT,3.420348,00:27:51:16,00:27:54:28,00:00:03:13,0,
0216,217,True,True,0c022e3c7699ca68f64eb3e6462d89a1c42cd5b14a70be8896da8bc2b7132d5a,38f2c5e29cf61ebee78cbd5cad5a1456a6e9012658f072a138888b778f10b31b,0215,True,True,b24c9f04f7d1e1df1c88b97b84b79b3811e83e3d0bc8cf1e1d58d4e58d63d9af,b24c9f04f7d1e1df1c88b97b84b79b3811e83e3d0bc8cf1e1d58d4e58d63d9af,True,38f2c5e29cf61ebee78cbd5cad5a1456a6e9012658f072a138888b778f10b31b,True,2026-05-13 23:09:54.335014413 CDT,2026-05-13 23:09:57.036716336 CDT,2.701702,00:27:58:28,00:28:01:19,00:00:02:21,0,
0217,218,True,True,776ee4b3fe2d605b875131f921a6c0ac6b46079e0351ac322a8829e84c75f96f,0c022e3c7699ca68f64eb3e6462d89a1c42cd5b14a70be8896da8bc2b7132d5a,0216,True,True,53bcd437fc10e078926ea5ced4c4681c9bff364acd2132f6e216c4001f815a84,53bcd437fc10e078926ea5ced4c4681c9bff364acd2132f6e216c4001f815a84,True,0c022e3c7699ca68f64eb3e6462d89a1c42cd5b14a70be8896da8bc2b7132d5a,True,2026-05-13 23:10:01.985651821 CDT,2026-05-13 23:10:04.459799499 CDT,2.474148,00:28:06:18,00:28:09:02,00:00:02:14,0,
0218,219,True,True,e781494b9807dc062bfeab053daabc844a76d1b90fae864e9e6ea73badb950ec,776ee4b3fe2d605b875131f921a6c0ac6b46079e0351ac322a8829e84c75f96f,0217,True,True,50ca837306a682223cb92a0e90a2e348bcd9bb8be0373249bcf75dfd1e1a4ba7,50ca837306a682223cb92a0e90a2e348bcd9bb8be0373249bcf75dfd1e1a4ba7,True,776ee4b3fe2d605b875131f921a6c0ac6b46079e0351ac322a8829e84c75f96f,True,2026-05-13 23:10:09.626583141 CDT,2026-05-13 23:10:12.732639841 CDT,3.106056,00:28:14:07,00:28:17:10,00:00:03:03,0,
0219,220,True,True,c52828af4463ee8a2a503d3208d242cc1c329c8257bbd4249e57b216474b68f9,e781494b9807dc062bfeab053daabc844a76d1b90fae864e9e6ea73badb950ec,0218,True,True,ea3fdef856b22bebc1a40469d00cfc7fbb8c1d94f772cbd4678699e8f02a7c7d,ea3fdef856b22bebc1a40469d00cfc7fbb8c1d94f772cbd4678699e8f02a7c7d,True,e781494b9807dc062bfeab053daabc844a76d1b90fae864e9e6ea73badb950ec,True,2026-05-13 23:10:17.281606491 CDT,2026-05-13 23:10:20.221525542 CDT,2.939919,00:28:21:27,00:28:24:25,00:00:02:28,0,
0220,221,True,True,79e94f396e074c23682ee28a85eb4719cbae83dce0dec4c06ea17b29a8580aac,c52828af4463ee8a2a503d3208d242cc1c329c8257bbd4249e57b216474b68f9,0219,True,True,4a3731daf3882117dac202f5a461f12047d9dd12bcc34646d6810ef6cdce3fe7,4a3731daf3882117dac202f5a461f12047d9dd12bcc34646d6810ef6cdce3fe7,True,c52828af4463ee8a2a503d3208d242cc1c329c8257bbd4249e57b216474b68f9,True,2026-05-13 23:10:24.898249546 CDT,2026-05-13 23:10:27.512985987 CDT,2.614736,00:28:29:15,00:28:32:04,00:00:02:18,0,
0221,222,True,True,165b9d1348956d9fb8534b9cb955bdd49128b08bc2c28925b74c663e522888ab,79e94f396e074c23682ee28a85eb4719cbae83dce0dec4c06ea17b29a8580aac,0220,True,True,6033c7a904948d751c0a17f87c62c81fed7f2ae189489a3d5cb41c290cde0c6d,6033c7a904948d751c0a17f87c62c81fed7f2ae189489a3d5cb41c290cde0c6d,True,79e94f396e074c23682ee28a85eb4719cbae83dce0dec4c06ea17b29a8580aac,True,2026-05-13 23:10:32.537461107 CDT,2026-05-13 23:10:35.338817837 CDT,2.801356,00:28:37:04,00:28:39:28,00:00:02:24,0,
0222,223,True,True,49a224b9419bc32d1b185c3a9d1fd7c446a6e8c3b630016be129e29c7964dc74,165b9d1348956d9fb8534b9cb955bdd49128b08bc2c28925b74c663e522888ab,0221,True,True,dd3a6b3ca8ee726c53c4a11953a535b94059221a213f37276fda035cf5a3360a,dd3a6b3ca8ee726c53c4a11953a535b94059221a213f37276fda035cf5a3360a,True,165b9d1348956d9fb8534b9cb955bdd49128b08bc2c28925b74c663e522888ab,True,2026-05-13 23:10:40.269962703 CDT,2026-05-13 23:10:42.761085424 CDT,2.491123,00:28:44:26,00:28:47:11,00:00:02:15,0,
0223,224,True,True,6d9568aeb11f67d8be7a3053a0a1f29026942dbab4a0ebc1c37d564e9629193b,49a224b9419bc32d1b185c3a9d1fd7c446a6e8c3b630016be129e29c7964dc74,0222,True,True,2d4200d53f239fc9b777be07e50b3a5de02121be05b188e2b0c8fae6e1b155d9,2d4200d53f239fc9b777be07e50b3a5de02121be05b188e2b0c8fae6e1b155d9,True,49a224b9419bc32d1b185c3a9d1fd7c446a6e8c3b630016be129e29c7964dc74,True,2026-05-13 23:10:48.009112979 CDT,2026-05-13 23:10:50.875570110 CDT,2.866458,00:28:52:18,00:28:55:14,00:00:02:26,0,
0224,225,True,True,0efc60dde079ebfa93204f002977305eb5135938be4b89dfe4dfb8f027afdc4c,6d9568aeb11f67d8be7a3053a0a1f29026942dbab4a0ebc1c37d564e9629193b,0223,True,True,1ea139e4846c7b9f3e42d270d7e0007175507233bca635e5008cf1071b1bcb39,1ea139e4846c7b9f3e42d270d7e0007175507233bca635e5008cf1071b1bcb39,True,6d9568aeb11f67d8be7a3053a0a1f29026942dbab4a0ebc1c37d564e9629193b,True,2026-05-13 23:10:55.600234111 CDT,2026-05-13 23:10:58.127612506 CDT,2.527378,00:29:00:06,00:29:02:22,00:00:02:16,0,
0225,226,True,True,292f079a8aedb09fd7ac9f5fb1185a684926f8bcba0f1e17023864a03818de6c,0efc60dde079ebfa93204f002977305eb5135938be4b89dfe4dfb8f027afdc4c,0224,True,True,0d8f31ff104739efe412dbb547e95c4203e8f3d99951f9907d70b29353be2aa9,0d8f31ff104739efe412dbb547e95c4203e8f3d99951f9907d70b29353be2aa9,True,0efc60dde079ebfa93204f002977305eb5135938be4b89dfe4dfb8f027afdc4c,True,2026-05-13 23:11:03.315624266 CDT,2026-05-13 23:11:05.792183200 CDT,2.476559,00:29:07:28,00:29:10:12,00:00:02:14,0,
0226,227,True,True,bec697fb73a558735af782cec234e22d834d138344b5f6c17a046a00f6346ef6,292f079a8aedb09fd7ac9f5fb1185a684926f8bcba0f1e17023864a03818de6c,0225,True,True,0365183296ab64046f7a5d7b4275513122bb491f4c496f145ec3b15847acc265,0365183296ab64046f7a5d7b4275513122bb491f4c496f145ec3b15847acc265,True,292f079a8aedb09fd7ac9f5fb1185a684926f8bcba0f1e17023864a03818de6c,True,2026-05-13 23:11:10.974901257 CDT,2026-05-13 23:11:13.442649599 CDT,2.467748,00:29:15:17,00:29:18:01,00:00:02:14,0,
0227,228,True,True,a0e52ff6494ba3ecbd098f9ac227f3217121f7b0d185d3799b9a049e31038d29,bec697fb73a558735af782cec234e22d834d138344b5f6c17a046a00f6346ef6,0226,True,True,a37852b940c5939d40ffa3949a5f575d8d05e8c1bb65612bd8c781102cc5ae39,a37852b940c5939d40ffa3949a5f575d8d05e8c1bb65612bd8c781102cc5ae39,True,bec697fb73a558735af782cec234e22d834d138344b5f6c17a046a00f6346ef6,True,2026-05-13 23:11:18.647558651 CDT,2026-05-13 23:11:21.382842476 CDT,2.735284,00:29:23:08,00:29:26:00,00:00:02:22,0,
0228,229,True,True,6fe826dbfe959ced8f123aa0e25b16b59bc87009f79c2427c8f3c05c98ce1685,a0e52ff6494ba3ecbd098f9ac227f3217121f7b0d185d3799b9a049e31038d29,0227,True,True,f7662e7d9e4ae2d417526717c4f0e0d5e058e738c1b0997012525b0066020b39,f7662e7d9e4ae2d417526717c4f0e0d5e058e738c1b0997012525b0066020b39,True,a0e52ff6494ba3ecbd098f9ac227f3217121f7b0d185d3799b9a049e31038d29,True,2026-05-13 23:11:26.449687813 CDT,2026-05-13 23:11:28.781570965 CDT,2.331883,00:29:31:02,00:29:33:12,00:00:02:10,0,
0229,230,True,True,7114a6c78eea47a1783d574f45f7e7176735c0bd47ca349e3af92b99c1e7779c,6fe826dbfe959ced8f123aa0e25b16b59bc87009f79c2427c8f3c05c98ce1685,0228,True,True,1c08fe8c1f2403bbd78218f0955ee9383205950af0f11da07ba0fa34e98f6d0a,1c08fe8c1f2403bbd78218f0955ee9383205950af0f11da07ba0fa34e98f6d0a,True,6fe826dbfe959ced8f123aa0e25b16b59bc87009f79c2427c8f3c05c98ce1685,True,2026-05-13 23:11:33.977113557 CDT,2026-05-13 23:11:36.364824294 CDT,2.387711,00:29:38:18,00:29:40:29,00:00:02:12,0,
0230,231,True,True,37ec60793f05686842594d606be1adfe0d160c30654d072727a91106b218a848,7114a6c78eea47a1783d574f45f7e7176735c0bd47ca349e3af92b99c1e7779c,0229,True,True,c20b89991281b82156372bd15930e62a81d44d465c08eb7f1d2239151cde20be,c20b89991281b82156372bd15930e62a81d44d465c08eb7f1d2239151cde20be,True,7114a6c78eea47a1783d574f45f7e7176735c0bd47ca349e3af92b99c1e7779c,True,2026-05-13 23:11:41.671619762 CDT,2026-05-13 23:11:44.352312730 CDT,2.680693,00:29:46:08,00:29:48:29,00:00:02:20,0,
0231,232,True,True,4c629f580b74375ba18ad19d8c064aa3ca213e20d8b793f79f1eaf84397d6a36,37ec60793f05686842594d606be1adfe0d160c30654d072727a91106b218a848,0230,True,True,7710cb24fc3120437b05fd6001bace5464e3d106e4596cc5b1553ebfd7ab5820,7710cb24fc3120437b05fd6001bace5464e3d106e4596cc5b1553ebfd7ab5820,True,37ec60793f05686842594d606be1adfe0d160c30654d072727a91106b218a848,True,2026-05-13 23:11:49.324704495 CDT,2026-05-13 23:11:51.853108735 CDT,2.528404,00:29:53:28,00:29:56:14,00:00:02:16,0,
0232,233,True,True,96850819e3bd200715f42650c01335fad1f92179b281f987332d4f2824c782ae,4c629f580b74375ba18ad19d8c064aa3ca213e20d8b793f79f1eaf84397d6a36,0231,True,True,d13a67692f8739ed871abf2a73f849cbe447fcd07929aad17eb2a2c2b047febf,d13a67692f8739ed871abf2a73f849cbe447fcd07929aad17eb2a2c2b047febf,True,4c629f580b74375ba18ad19d8c064aa3ca213e20d8b793f79f1eaf84397d6a36,True,2026-05-13 23:11:57.049998256 CDT,2026-05-13 23:11:59.450444420 CDT,2.400446,00:30:01:20,00:30:04:02,00:00:02:12,0,
0233,234,True,True,cd51bb014f046d1448f14e8b4199cfb5b2831190ee60706784f956cf3a90fe75,96850819e3bd200715f42650c01335fad1f92179b281f987332d4f2824c782ae,0232,True,True,bddb77171579e46b925987e8eb2040d54e8b8eff65afd0e679cd4f15fa7e8833,bddb77171579e46b925987e8eb2040d54e8b8eff65afd0e679cd4f15fa7e8833,True,96850819e3bd200715f42650c01335fad1f92179b281f987332d4f2824c782ae,True,2026-05-13 23:12:04.752033012 CDT,2026-05-13 23:12:07.428471946 CDT,2.676438,00:30:09:11,00:30:12:01,00:00:02:20,0,
0234,235,True,True,15aa19300e1f01ab94e4d1e194d7d22ee10276759bcba15d2151cb83c1966fd7,cd51bb014f046d1448f14e8b4199cfb5b2831190ee60706784f956cf3a90fe75,0233,True,True,ee7d0941d9d6b8fd5e33b2bce14f2a4cdee1250a7886cdc8d07bc23aa0106636,ee7d0941d9d6b8fd5e33b2bce14f2a4cdee1250a7886cdc8d07bc23aa0106636,True,cd51bb014f046d1448f14e8b4199cfb5b2831190ee60706784f956cf3a90fe75,True,2026-05-13 23:12:12.467390204 CDT,2026-05-13 23:12:14.858132777 CDT,2.390742,00:30:17:02,00:30:19:14,00:00:02:12,0,
0235,236,True,True,ddfe8892fdba3afa0ede0ebf7bc8ef0889c3329329b44d79f6a13fe4583687e1,15aa19300e1f01ab94e4d1e194d7d22ee10276759bcba15d2151cb83c1966fd7,0234,True,True,98ba85c50bb2dcf352895f0c1f9a12f80061fbdc2b0a6f77a3f245499b6811fd,98ba85c50bb2dcf352895f0c1f9a12f80061fbdc2b0a6f77a3f245499b6811fd,True,15aa19300e1f01ab94e4d1e194d7d22ee10276759bcba15d2151cb83c1966fd7,True,2026-05-13 23:12:20.189259653 CDT,2026-05-13 23:12:22.633028448 CDT,2.443769,00:30:24:24,00:30:27:07,00:00:02:13,0,
0236,237,True,True,b524822abfb803faad84fc6a19b6328751ec82b1de211f7266fbd30e5647020d,ddfe8892fdba3afa0ede0ebf7bc8ef0889c3329329b44d79f6a13fe4583687e1,0235,True,True,31c6293af9a86cc20bd303e9afda2a1ebd5e143738283974414903d87c48e4f0,31c6293af9a86cc20bd303e9afda2a1ebd5e143738283974414903d87c48e4f0,True,ddfe8892fdba3afa0ede0ebf7bc8ef0889c3329329b44d79f6a13fe4583687e1,True,2026-05-13 23:12:27.753188797 CDT,2026-05-13 23:12:30.532829230 CDT,2.779641,00:30:32:11,00:30:35:04,00:00:02:23,0,
0237,238,True,True,0ca89092cb348d27dd675e8fdbe8a753188f27874de0143ba96794f0089de1d9,b524822abfb803faad84fc6a19b6328751ec82b1de211f7266fbd30e5647020d,0236,True,True,6940b62f93dd975bdaa8527913c23e7dd1c750e9d09482c632e5bdee8862732f,6940b62f93dd975bdaa8527913c23e7dd1c750e9d09482c632e5bdee8862732f,True,b524822abfb803faad84fc6a19b6328751ec82b1de211f7266fbd30e5647020d,True,2026-05-13 23:12:35.490333758 CDT,2026-05-13 23:12:38.070104451 CDT,2.579771,00:30:40:03,00:30:42:20,00:00:02:17,0,
0238,239,True,True,e73506bfd7c52137fa264ef7ac8b131d1a6338f05d5d063f1b877c306bfc2c05,0ca89092cb348d27dd675e8fdbe8a753188f27874de0143ba96794f0089de1d9,0237,True,True,1cf2dabfac2460c5df5b9e22c9a7c00b47e6a08d5ecaf61ef23ae6753224d02e,1cf2dabfac2460c5df5b9e22c9a7c00b47e6a08d5ecaf61ef23ae6753224d02e,True,0ca89092cb348d27dd675e8fdbe8a753188f27874de0143ba96794f0089de1d9,True,2026-05-13 23:12:43.327167832 CDT,2026-05-13 23:12:46.147494756 CDT,2.820327,00:30:47:28,00:30:50:23,00:00:02:25,0,
0239,240,True,True,775ce5f9f2df717dd1867bc34ee2538acfe3f304dbab4f0ef6d48d584f68d4c0,e73506bfd7c52137fa264ef7ac8b131d1a6338f05d5d063f1b877c306bfc2c05,0238,True,True,e755ba382415f1583edd5c49e2fcfb9963ee88eb5d74c857316909813e5496e2,e755ba382415f1583edd5c49e2fcfb9963ee88eb5d74c857316909813e5496e2,True,e73506bfd7c52137fa264ef7ac8b131d1a6338f05d5d063f1b877c306bfc2c05,True,2026-05-13 23:12:50.963923410 CDT,2026-05-13 23:12:53.957520006 CDT,2.993597,00:30:55:17,00:30:58:17,00:00:03:00,0,
0240,241,True,True,6386a608034570678795bba915cea315d6dc3db2e5dc65ae070632f84bc67b3e,775ce5f9f2df717dd1867bc34ee2538acfe3f304dbab4f0ef6d48d584f68d4c0,0239,True,True,b2fbd9ac10a42f71a4517f0989c5e6820ec5d024c7aae41ec24f27200bd9a0d1,b2fbd9ac10a42f71a4517f0989c5e6820ec5d024c7aae41ec24f27200bd9a0d1,True,775ce5f9f2df717dd1867bc34ee2538acfe3f304dbab4f0ef6d48d584f68d4c0,True,2026-05-13 23:12:58.585450803 CDT,2026-05-13 23:13:00.992458163 CDT,2.407008,00:31:03:06,00:31:05:18,00:00:02:12,0,
0241,242,True,True,61eecea1713588fa4a71e8460e991daf42a04af0e121f1b56d33ea50a9acba1a,6386a608034570678795bba915cea315d6dc3db2e5dc65ae070632f84bc67b3e,0240,True,True,efeac57270b1f432da5fcaaae9335eba9343db8d16de9abba5c0d09f25967f2f,efeac57270b1f432da5fcaaae9335eba9343db8d16de9abba5c0d09f25967f2f,True,6386a608034570678795bba915cea315d6dc3db2e5dc65ae070632f84bc67b3e,True,2026-05-13 23:13:06.321527731 CDT,2026-05-13 23:13:08.594026633 CDT,2.272499,00:31:10:28,00:31:13:06,00:00:02:08,0,
0242,243,True,True,aae0159424f8242390a034997ac013f9993cfcf204f9a565d4cc67a19ddad701,61eecea1713588fa4a71e8460e991daf42a04af0e121f1b56d33ea50a9acba1a,0241,True,True,6e37ea5bbb6f515b7480ee06ce611f00b860232efeff877d2420ccdc4998a43c,6e37ea5bbb6f515b7480ee06ce611f00b860232efeff877d2420ccdc4998a43c,True,61eecea1713588fa4a71e8460e991daf42a04af0e121f1b56d33ea50a9acba1a,True,2026-05-13 23:13:14.136010706 CDT,2026-05-13 23:13:16.629721251 CDT,2.493711,00:31:18:22,00:31:21:07,00:00:02:15,0,
0243,244,True,True,4f41cc9cb8740b89008ef1c9fa7de3a26127850828fd09e5f9bc0469abe58224,aae0159424f8242390a034997ac013f9993cfcf204f9a565d4cc67a19ddad701,0242,True,True,86ead3876c5f219d5124b4fbb1b8f2f7164fcc68a29802ea28db8169acc2503f,86ead3876c5f219d5124b4fbb1b8f2f7164fcc68a29802ea28db8169acc2503f,True,aae0159424f8242390a034997ac013f9993cfcf204f9a565d4cc67a19ddad701,True,2026-05-13 23:13:21.636910003 CDT,2026-05-13 23:13:24.280046779 CDT,2.643136,00:31:26:07,00:31:28:27,00:00:02:19,0,
0244,245,True,True,3192754f6a03955a6e051f3778074b4a8ffa3449bfc2c4ecdb10dca2e23649f1,4f41cc9cb8740b89008ef1c9fa7de3a26127850828fd09e5f9bc0469abe58224,0243,True,True,0cc5645af9e3c0f280f9ff7b98418bf8fa4ef57d5375716c61ce26f8e558487f,0cc5645af9e3c0f280f9ff7b98418bf8fa4ef57d5375716c61ce26f8e558487f,True,4f41cc9cb8740b89008ef1c9fa7de3a26127850828fd09e5f9bc0469abe58224,True,2026-05-13 23:13:29.399561394 CDT,2026-05-13 23:13:31.860963491 CDT,2.461402,00:31:34:00,00:31:36:14,00:00:02:14,0,
0245,246,True,True,61e6339fb9521a398cee0d1604d0feca16a6ee5d1fbe04704551e34745598135,3192754f6a03955a6e051f3778074b4a8ffa3449bfc2c4ecdb10dca2e23649f1,0244,True,True,5ca234c87760c8d36f1120037e3ff0c4fe2c674f1fce5087304359bd04a9de0d,5ca234c87760c8d36f1120037e3ff0c4fe2c674f1fce5087304359bd04a9de0d,True,3192754f6a03955a6e051f3778074b4a8ffa3449bfc2c4ecdb10dca2e23649f1,True,2026-05-13 23:13:37.159364166 CDT,2026-05-13 23:13:39.887682516 CDT,2.728318,00:31:41:23,00:31:44:15,00:00:02:22,0,
0246,247,True,True,a4c7f7eb4e19703371b2dac022e81a1fd962e64270fbcca3a53d4ae10b613dc2,61e6339fb9521a398cee0d1604d0feca16a6ee5d1fbe04704551e34745598135,0245,True,True,77d6105e7370cf51b02e5ef5f11670e9ac57a32865c072a703795db0afdbeace,77d6105e7370cf51b02e5ef5f11670e9ac57a32865c072a703795db0afdbeace,True,61e6339fb9521a398cee0d1604d0feca16a6ee5d1fbe04704551e34745598135,True,2026-05-13 23:13:44.688876632 CDT,2026-05-13 23:13:47.229864359 CDT,2.540988,00:31:49:09,00:31:51:25,00:00:02:16,0,
0247,248,True,True,9a4c935217eaccc184d775e87b83c8f4b3454663d76539d3084a647164ced832,a4c7f7eb4e19703371b2dac022e81a1fd962e64270fbcca3a53d4ae10b613dc2,0246,True,True,03eeeacc927c1c470c6a1cee2636e51c12e56a7de16a6c3a9042228fc048083a,03eeeacc927c1c470c6a1cee2636e51c12e56a7de16a6c3a9042228fc048083a,True,a4c7f7eb4e19703371b2dac022e81a1fd962e64270fbcca3a53d4ae10b613dc2,True,2026-05-13 23:13:52.364388616 CDT,2026-05-13 23:13:54.947978909 CDT,2.583590,00:31:56:29,00:31:59:17,00:00:02:18,0,
0248,249,True,True,110c61d561a7d8fcb08319cdb217718fce688b5abfe4aaec247f4eb76eb385f8,9a4c935217eaccc184d775e87b83c8f4b3454663d76539d3084a647164ced832,0247,True,True,3a1034b774032e904117a7e69d4d8cec76d71057803254f516c5a4c263e3f995,3a1034b774032e904117a7e69d4d8cec76d71057803254f516c5a4c263e3f995,True,9a4c935217eaccc184d775e87b83c8f4b3454663d76539d3084a647164ced832,True,2026-05-13 23:14:00.061958630 CDT,2026-05-13 23:14:02.776801549 CDT,2.714843,00:32:04:20,00:32:07:12,00:00:02:21,0,
0249,250,True,True,fb844fc010c7fbaa75089759d56b4184e3517b91c681560bbad9e35f43ad8762,110c61d561a7d8fcb08319cdb217718fce688b5abfe4aaec247f4eb76eb385f8,0248,True,True,99b7c4cd24707ddccb1e99ad7a43b2d0079139691d3e0ef22843739adafe92e0,99b7c4cd24707ddccb1e99ad7a43b2d0079139691d3e0ef22843739adafe92e0,True,110c61d561a7d8fcb08319cdb217718fce688b5abfe4aaec247f4eb76eb385f8,True,2026-05-13 23:14:07.801173065 CDT,2026-05-13 23:14:10.210230440 CDT,2.409057,00:32:12:12,00:32:14:25,00:00:02:12,0,
0250,251,True,True,11178c8810e5629983b6d96bdc3bf7238e9275c6032eb84bf1b225b75bd485bd,fb844fc010c7fbaa75089759d56b4184e3517b91c681560bbad9e35f43ad8762,0249,True,True,2ff8e6aea512d3faf8baae9ccd8020d5ed9e70a14e55e73a9e2940907956e8ee,2ff8e6aea512d3faf8baae9ccd8020d5ed9e70a14e55e73a9e2940907956e8ee,True,fb844fc010c7fbaa75089759d56b4184e3517b91c681560bbad9e35f43ad8762,True,2026-05-13 23:14:15.591696901 CDT,2026-05-13 23:14:18.228515717 CDT,2.636819,00:32:20:06,00:32:22:25,00:00:02:19,0,
0251,252,True,True,2cb74069a04dac411d55d84a72987d2b4e57941630a9caf7498b372eb5c46d6d,11178c8810e5629983b6d96bdc3bf7238e9275c6032eb84bf1b225b75bd485bd,0250,True,True,0f6bb7c9c00da9d01f60855c23964b75dfcaa7adb46c2a71c03a15e85f289732,0f6bb7c9c00da9d01f60855c23964b75dfcaa7adb46c2a71c03a15e85f289732,True,11178c8810e5629983b6d96bdc3bf7238e9275c6032eb84bf1b225b75bd485bd,True,2026-05-13 23:14:23.292188629 CDT,2026-05-13 23:14:25.821467025 CDT,2.529279,00:32:27:27,00:32:30:13,00:00:02:16,0,
0252,253,True,True,6de386915c40737c64bb0fb649aeb77edc4e3a56a445c9fb2a6559e8b113b683,2cb74069a04dac411d55d84a72987d2b4e57941630a9caf7498b372eb5c46d6d,0251,True,True,8aea2d7ea4e465ed2aa5c6e4357039e2e6bd33297efe835ab25574a0e384dcb1,8aea2d7ea4e465ed2aa5c6e4357039e2e6bd33297efe835ab25574a0e384dcb1,True,2cb74069a04dac411d55d84a72987d2b4e57941630a9caf7498b372eb5c46d6d,True,2026-05-13 23:14:30.980349790 CDT,2026-05-13 23:14:33.366582013 CDT,2.386233,00:32:35:18,00:32:37:29,00:00:02:12,0,
0253,254,True,True,0d51f41322c20b238c8a16e53a37ddcdddf530f21d7fd49d7046718cf0de3256,6de386915c40737c64bb0fb649aeb77edc4e3a56a445c9fb2a6559e8b113b683,0252,True,True,060461931f5db43bc858c5e6c999d63a71e2f5cdc771dca80fd9b2b2c8ba1792,060461931f5db43bc858c5e6c999d63a71e2f5cdc771dca80fd9b2b2c8ba1792,True,6de386915c40737c64bb0fb649aeb77edc4e3a56a445c9fb2a6559e8b113b683,True,2026-05-13 23:14:38.570181850 CDT,2026-05-13 23:14:40.901608166 CDT,2.331427,00:32:43:05,00:32:45:15,00:00:02:10,0,
0254,255,True,True,2371bcfef1be11116943cbd16be15590fcb2499a148774c26b5e3f61be28880f,0d51f41322c20b238c8a16e53a37ddcdddf530f21d7fd49d7046718cf0de3256,0253,True,True,468b8c11dd36f93eba54355b471bad8bdc9060f8d961011950afdc9c354eafde,468b8c11dd36f93eba54355b471bad8bdc9060f8d961011950afdc9c354eafde,True,0d51f41322c20b238c8a16e53a37ddcdddf530f21d7fd49d7046718cf0de3256,True,2026-05-13 23:14:46.171388667 CDT,2026-05-13 23:14:48.942173606 CDT,2.770785,00:32:50:23,00:32:53:16,00:00:02:23,0,
0255,256,True,True,945082e1b5908aa24410ac884096b5aa507cc26c6c5390af52ff23aabc7d3e1b,2371bcfef1be11116943cbd16be15590fcb2499a148774c26b5e3f61be28880f,0254,True,True,1814c75a72cbdee3fcc20cc7c1287b030b157a8eb527fb9f68fe0647a4b81088,1814c75a72cbdee3fcc20cc7c1287b030b157a8eb527fb9f68fe0647a4b81088,True,2371bcfef1be11116943cbd16be15590fcb2499a148774c26b5e3f61be28880f,True,2026-05-13 23:14:53.952545065 CDT,2026-05-13 23:14:56.394263517 CDT,2.441718,00:32:58:17,00:33:01:00,00:00:02:13,0,
0256,257,True,True,87ed779889ae4965a58df3906e815e3b09725f99ce1327b955681b2851f1a390,945082e1b5908aa24410ac884096b5aa507cc26c6c5390af52ff23aabc7d3e1b,0255,True,True,211f6e14205a6eb20cac734eccd45d6e51672338b1077a058305f7171b96e527,211f6e14205a6eb20cac734eccd45d6e51672338b1077a058305f7171b96e527,True,945082e1b5908aa24410ac884096b5aa507cc26c6c5390af52ff23aabc7d3e1b,True,2026-05-13 23:15:01.595988405 CDT,2026-05-13 23:15:04.205450897 CDT,2.609462,00:33:06:06,00:33:08:24,00:00:02:18,0,
0257,258,True,True,d06f45ef9832f37301a7d3c0f6c26f4a767776a11cb1e0a7988f002ed76e90e4,87ed779889ae4965a58df3906e815e3b09725f99ce1327b955681b2851f1a390,0256,True,True,7a6d29672afdc22d5c399dbc848e4f5dc96f71999136ab6c3851a828c326017b,7a6d29672afdc22d5c399dbc848e4f5dc96f71999136ab6c3851a828c326017b,True,87ed779889ae4965a58df3906e815e3b09725f99ce1327b955681b2851f1a390,True,2026-05-13 23:15:09.267048966 CDT,2026-05-13 23:15:11.400446151 CDT,2.133398,00:33:13:26,00:33:16:00,00:00:02:04,0,
0258,259,True,True,2bf6e6dfa43913b992f2de5ed7a6b7af0cafe8cbe1ca7ac1c33717b8dcc86cf9,d06f45ef9832f37301a7d3c0f6c26f4a767776a11cb1e0a7988f002ed76e90e4,0257,True,True,384b6322b07d1e39cce2a5e22ac11754b00a4d7a291708cd0ff2794928a951dc,384b6322b07d1e39cce2a5e22ac11754b00a4d7a291708cd0ff2794928a951dc,True,d06f45ef9832f37301a7d3c0f6c26f4a767776a11cb1e0a7988f002ed76e90e4,True,2026-05-13 23:15:17.005284592 CDT,2026-05-13 23:15:19.371347201 CDT,2.366063,00:33:21:18,00:33:23:29,00:00:02:11,0,
0259,260,True,True,892d94826c8d896a3f3bfd46e1ff8e97f4281008ad4c5cf37f8582b62936c5f1,2bf6e6dfa43913b992f2de5ed7a6b7af0cafe8cbe1ca7ac1c33717b8dcc86cf9,0258,True,True,1fe06206efea511a567b52d8e0ec2f55101073c9d62fa59b598d9d70d79bc634,1fe06206efea511a567b52d8e0ec2f55101073c9d62fa59b598d9d70d79bc634,True,2bf6e6dfa43913b992f2de5ed7a6b7af0cafe8cbe1ca7ac1c33717b8dcc86cf9,True,2026-05-13 23:15:24.614663332 CDT,2026-05-13 23:15:27.148342022 CDT,2.533679,00:33:29:07,00:33:31:23,00:00:02:16,0,
0260,261,True,True,26a748c0d088c59bc07694aa4cf7ac6d071e5734fcef27fdfaeead7156293a47,892d94826c8d896a3f3bfd46e1ff8e97f4281008ad4c5cf37f8582b62936c5f1,0259,True,True,2e8ebf1344fef0d263bd06813e078b523dd7d6d5312c13c996f9f19e8bb9eece,2e8ebf1344fef0d263bd06813e078b523dd7d6d5312c13c996f9f19e8bb9eece,True,892d94826c8d896a3f3bfd46e1ff8e97f4281008ad4c5cf37f8582b62936c5f1,True,2026-05-13 23:15:32.253185018 CDT,2026-05-13 23:15:35.061120740 CDT,2.807935,00:33:36:26,00:33:39:20,00:00:02:24,0,
0261,262,True,True,96d4c94e2c1b11470f25b9e2dbf81d6ee940e1236cc57427a40d7e07d1a8af60,26a748c0d088c59bc07694aa4cf7ac6d071e5734fcef27fdfaeead7156293a47,0260,True,True,50972c76d5cb9f016f668acbd80766c06659fffa784ad8d31f8ca2f58d9db7ed,50972c76d5cb9f016f668acbd80766c06659fffa784ad8d31f8ca2f58d9db7ed,True,26a748c0d088c59bc07694aa4cf7ac6d071e5734fcef27fdfaeead7156293a47,True,2026-05-13 23:15:40.050090699 CDT,2026-05-13 23:15:42.747981009 CDT,2.697891,00:33:44:20,00:33:47:11,00:00:02:21,0,
0262,263,True,True,979128d013e03ed737b8b1caa212d0ff90f61c1b093d9e1b2a75683c82c9db98,96d4c94e2c1b11470f25b9e2dbf81d6ee940e1236cc57427a40d7e07d1a8af60,0261,True,True,8ccbc1e47f63888c63ddb3814ef6293f927bbe7c6f032c13a8444f4afb4b294f,8ccbc1e47f63888c63ddb3814ef6293f927bbe7c6f032c13a8444f4afb4b294f,True,96d4c94e2c1b11470f25b9e2dbf81d6ee940e1236cc57427a40d7e07d1a8af60,True,2026-05-13 23:15:47.557246212 CDT,2026-05-13 23:15:49.900876121 CDT,2.343630,00:33:52:05,00:33:54:15,00:00:02:10,0,
0263,264,True,True,ef4f4c5a8d057f50e7ed257589a6116c157d4206b44d8d56436c76f3b4ed8e82,979128d013e03ed737b8b1caa212d0ff90f61c1b093d9e1b2a75683c82c9db98,0262,True,True,a8f52086cf373baa6543ffc7a4164c22d1e15ea66a675652a703f64e3b642850,a8f52086cf373baa6543ffc7a4164c22d1e15ea66a675652a703f64e3b642850,True,979128d013e03ed737b8b1caa212d0ff90f61c1b093d9e1b2a75683c82c9db98,True,2026-05-13 23:15:55.397660191 CDT,2026-05-13 23:15:57.575878102 CDT,2.178218,00:34:00:00,00:34:02:05,00:00:02:05,0,
0264,265,True,True,87d8c9bb01279b6308810199a83eed9f676deea2d872e34a970acf2240889d63,ef4f4c5a8d057f50e7ed257589a6116c157d4206b44d8d56436c76f3b4ed8e82,0263,True,True,aecd181c4b1c24001e8b2740d6a0dd7c85591cce5e0d205a46b405d1f42c35fc,aecd181c4b1c24001e8b2740d6a0dd7c85591cce5e0d205a46b405d1f42c35fc,True,ef4f4c5a8d057f50e7ed257589a6116c157d4206b44d8d56436c76f3b4ed8e82,True,2026-05-13 23:16:02.938056558 CDT,2026-05-13 23:16:05.317605405 CDT,2.379549,00:34:07:16,00:34:09:28,00:00:02:11,0,
0265,266,True,True,64a9b4534b6d7e404484af58ba326d59656c2258d8ec33544e79de413293a20a,87d8c9bb01279b6308810199a83eed9f676deea2d872e34a970acf2240889d63,0264,True,True,5d4e1c13428c6333d90c7d3e5f12efabccca78325c11f59053dba722b9fb10c3,5d4e1c13428c6333d90c7d3e5f12efabccca78325c11f59053dba722b9fb10c3,True,87d8c9bb01279b6308810199a83eed9f676deea2d872e34a970acf2240889d63,True,2026-05-13 23:16:11.262830162 CDT,2026-05-13 23:16:14.171655213 CDT,2.908825,00:34:15:26,00:34:18:23,00:00:02:27,0,
0266,267,True,True,1e4572070139caef53fd6e733be4d8ee75f54caa3a33e1db8b09bd1ec9482b3e,64a9b4534b6d7e404484af58ba326d59656c2258d8ec33544e79de413293a20a,0265,True,True,fc216e220d6515d7034891fc992aaf38086ea4582b3831d232d47cc3fcb6d42c,fc216e220d6515d7034891fc992aaf38086ea4582b3831d232d47cc3fcb6d42c,True,64a9b4534b6d7e404484af58ba326d59656c2258d8ec33544e79de413293a20a,True,2026-05-13 23:16:18.815326173 CDT,2026-05-13 23:16:22.636357542 CDT,3.821031,00:34:23:13,00:34:27:07,00:00:03:25,0,
0267,268,True,True,4bbf0ed55134866a78153169adec78f195f3be690e214d3dc741071e44ab3bbd,1e4572070139caef53fd6e733be4d8ee75f54caa3a33e1db8b09bd1ec9482b3e,0266,True,True,d1f84227242cc80d448c152088326c6fd4a5108218a2253d4b26ed14ae9ca993,d1f84227242cc80d448c152088326c6fd4a5108218a2253d4b26ed14ae9ca993,True,1e4572070139caef53fd6e733be4d8ee75f54caa3a33e1db8b09bd1ec9482b3e,True,2026-05-13 23:16:26.370098234 CDT,2026-05-13 23:16:28.904682088 CDT,2.534584,00:34:30:29,00:34:33:15,00:00:02:16,0,
0268,269,True,True,0dca726467d760a04cfd586644f351febf409a1db0bead781cb7901aa13df512,4bbf0ed55134866a78153169adec78f195f3be690e214d3dc741071e44ab3bbd,0267,True,True,e3b3e62743ef4c7ec66bb5767665864e1ffcc5695de5c590a51cc5dade94640a,e3b3e62743ef4c7ec66bb5767665864e1ffcc5695de5c590a51cc5dade94640a,True,4bbf0ed55134866a78153169adec78f195f3be690e214d3dc741071e44ab3bbd,True,2026-05-13 23:16:34.267694329 CDT,2026-05-13 23:16:37.531679909 CDT,3.263985,00:34:38:26,00:34:42:04,00:00:03:08,0,
0269,270,True,True,caeeaf2502a45c6a4301a57f35a6b45b5e1d1aff83170f11ecab934f999e678e,0dca726467d760a04cfd586644f351febf409a1db0bead781cb7901aa13df512,0268,True,True,0d7bfa17a47ef6cf430b9cee530b6f18aa30418dcc96cc718396fe4d9ac80ae8,0d7bfa17a47ef6cf430b9cee530b6f18aa30418dcc96cc718396fe4d9ac80ae8,True,0dca726467d760a04cfd586644f351febf409a1db0bead781cb7901aa13df512,True,2026-05-13 23:16:42.281197905 CDT,2026-05-13 23:16:45.121451348 CDT,2.840254,00:34:46:27,00:34:49:22,00:00:02:25,0,
0270,271,True,True,b9913d20dff8763dffba176175cd7a03a87a24bef1518ace49266cd6432601d1,caeeaf2502a45c6a4301a57f35a6b45b5e1d1aff83170f11ecab934f999e678e,0269,True,True,9915836e3f7c048c58f79209268d818ffdb3b1889ee0862de3c78307ce96353b,9915836e3f7c048c58f79209268d818ffdb3b1889ee0862de3c78307ce96353b,True,caeeaf2502a45c6a4301a57f35a6b45b5e1d1aff83170f11ecab934f999e678e,True,2026-05-13 23:16:49.983540998 CDT,2026-05-13 23:16:52.583794983 CDT,2.600254,00:34:54:18,00:34:57:06,00:00:02:18,0,
0271,272,True,True,ecbeef7f942c24d48cc701175d9ab24bacd60f3285886a5ba9ad62e1945cdbfc,b9913d20dff8763dffba176175cd7a03a87a24bef1518ace49266cd6432601d1,0270,True,True,9b8199c5df89788d47e8fc52bbbe79f683368cdc4a93f2ea5be121d5c7c05a3b,9b8199c5df89788d47e8fc52bbbe79f683368cdc4a93f2ea5be121d5c7c05a3b,True,b9913d20dff8763dffba176175cd7a03a87a24bef1518ace49266cd6432601d1,True,2026-05-13 23:16:57.778414567 CDT,2026-05-13 23:17:00.710873308 CDT,2.932459,00:35:02:12,00:35:05:10,00:00:02:28,0,
0272,273,True,True,6fc4342f144624c03ee92acf0039e5201729111a800a6669127eb1c43ec15178,ecbeef7f942c24d48cc701175d9ab24bacd60f3285886a5ba9ad62e1945cdbfc,0271,True,True,8c99b12ca1a027314b6cacf81147a55813716896c3c8d7d935df93cc685e8d17,8c99b12ca1a027314b6cacf81147a55813716896c3c8d7d935df93cc685e8d17,True,ecbeef7f942c24d48cc701175d9ab24bacd60f3285886a5ba9ad62e1945cdbfc,True,2026-05-13 23:17:05.613804916 CDT,2026-05-13 23:17:08.108667251 CDT,2.494863,00:35:10:07,00:35:12:21,00:00:02:15,1,Complaint Submitted - Internet Crime Complaint Center (IC3).pdf
0273,274,True,True,d6d7944efd69f605143b15c8778adc40745406ee529f882400a79a6a0ff3031e,6fc4342f144624c03ee92acf0039e5201729111a800a6669127eb1c43ec15178,0272,True,True,f4eaa500b39def2b3d3bb934295ec1c0a5911cdaa701b7254b4dd88d43ea1b0f,f4eaa500b39def2b3d3bb934295ec1c0a5911cdaa701b7254b4dd88d43ea1b0f,True,6fc4342f144624c03ee92acf0039e5201729111a800a6669127eb1c43ec15178,True,2026-05-13 23:17:13.260779401 CDT,2026-05-13 23:17:16.102949657 CDT,2.842170,00:35:17:26,00:35:20:21,00:00:02:25,0,
0274,275,True,True,1449598c584296365216657488ad4022c72397108ed11c6922e7a3af168c9463,d6d7944efd69f605143b15c8778adc40745406ee529f882400a79a6a0ff3031e,0273,True,True,a0c417ae316d049cd992ad222f3c8d11d7cdd4209275887bce4a8f620badb0a5,a0c417ae316d049cd992ad222f3c8d11d7cdd4209275887bce4a8f620badb0a5,True,d6d7944efd69f605143b15c8778adc40745406ee529f882400a79a6a0ff3031e,True,2026-05-13 23:17:21.030277991 CDT,2026-05-13 23:17:23.822441573 CDT,2.792164,00:35:25:19,00:35:28:13,00:00:02:24,0,
0275,276,True,True,e336a81f022daae5994ce70c9d4ab3f5b18ae9e5bc18391bc7b543699eeee27f,1449598c584296365216657488ad4022c72397108ed11c6922e7a3af168c9463,0274,True,True,7bbd74f7a18efd7deb9638c7d5317ffb819d2ce27bdeec41144497698c8fb2ab,7bbd74f7a18efd7deb9638c7d5317ffb819d2ce27bdeec41144497698c8fb2ab,True,1449598c584296365216657488ad4022c72397108ed11c6922e7a3af168c9463,True,2026-05-13 23:17:28.737593784 CDT,2026-05-13 23:17:31.125581010 CDT,2.387988,00:35:33:10,00:35:35:22,00:00:02:12,0,
0276,277,True,True,a71ff645e5ffec868659cad382a1fe5dacab75f32d5bb22440dd72b48739a22a,e336a81f022daae5994ce70c9d4ab3f5b18ae9e5bc18391bc7b543699eeee27f,0275,True,True,be4bb1e14a5a872f451b64d3e4d97aab7a5b04ad508a58c4d5100ca83d521eee,be4bb1e14a5a872f451b64d3e4d97aab7a5b04ad508a58c4d5100ca83d521eee,True,e336a81f022daae5994ce70c9d4ab3f5b18ae9e5bc18391bc7b543699eeee27f,True,2026-05-13 23:17:36.560495707 CDT,2026-05-13 23:17:39.016751161 CDT,2.456256,00:35:41:05,00:35:43:19,00:00:02:14,0,
0277,278,True,True,4ff3e94ec999a5d4ff758c646b48faa5dde5fe305c534837852c588f9643b72b,a71ff645e5ffec868659cad382a1fe5dacab75f32d5bb22440dd72b48739a22a,0276,True,True,03ac7b158e0e2378c3cbd53fb79fbbaf32827cba97234971c1f8d7aad5b5ace1,03ac7b158e0e2378c3cbd53fb79fbbaf32827cba97234971c1f8d7aad5b5ace1,True,a71ff645e5ffec868659cad382a1fe5dacab75f32d5bb22440dd72b48739a22a,True,2026-05-13 23:17:44.298598383 CDT,2026-05-13 23:17:47.199690744 CDT,2.901092,00:35:48:27,00:35:51:24,00:00:02:27,0,
0278,279,True,True,0c931a65dfb0cf7446162be6653e9e7499a19d4eb5621ce9053fae1fc7e66d60,4ff3e94ec999a5d4ff758c646b48faa5dde5fe305c534837852c588f9643b72b,0277,True,True,27fa538063d7bad3abb6a1cf56b3c790d1fd35bade5333494cf4610ad5fe070c,27fa538063d7bad3abb6a1cf56b3c790d1fd35bade5333494cf4610ad5fe070c,True,4ff3e94ec999a5d4ff758c646b48faa5dde5fe305c534837852c588f9643b72b,True,2026-05-13 23:17:52.041394995 CDT,2026-05-13 23:17:54.845109783 CDT,2.803715,00:35:56:19,00:35:59:14,00:00:02:24,0,
0279,,False,True,,,,,,39675eb01461dd73c793689352117b08c63afc8933f46b3fae23fece19f2e080,,,0c931a65dfb0cf7446162be6653e9e7499a19d4eb5621ce9053fae1fc7e66d60,True,,,,,,,0,
