bundle_id,index_raw,event_idx,event_ts,event_timecode,seconds_from_start,url
0005,6,24470,2026-05-14T03:42:44.945968Z,00:00:49:17,49.552907,https://www.google.com/complete/search?client=firefox&channel=ftr&q=
0006,7,24487,2026-05-14T03:42:52.164297Z,00:00:56:23,56.771236,https://mnhouserepublicans.com/wp-content/plugins/coblocks/dist/js/vendors/tiny-swiper.js?ver=3.1.17
0006,7,24488,2026-05-14T03:42:52.464246Z,00:00:57:02,57.071185,https://mnhouserepublicans.com/wp-content/plugins/coblocks/dist/js/coblocks-tinyswiper-initializer.js?ver=3.1.17
0006,7,24489,2026-05-14T03:42:52.741343Z,00:00:57:10,57.348282,https://mnhouserepublicans.com/wp-content/plugins/elementor/assets/js/webpack.runtime.min.js?ver=4.0.8
0006,7,24490,2026-05-14T03:42:53.036170Z,00:00:57:19,57.643109,https://mnhouserepublicans.com/wp-content/plugins/elementor/assets/js/frontend-modules.min.js?ver=4.0.8
0006,7,24491,2026-05-14T03:42:53.316559Z,00:00:57:28,57.923498,https://mnhouserepublicans.com/wp-includes/js/jquery/ui/core.min.js?ver=1.13.3
0007,8,24498,2026-05-14T03:42:55.861720Z,00:01:00:14,60.468659,https://mnhouserepublicans.com/wp-includes/js/dist/i18n.min.js?ver=c26c3dc7bed366793375
0007,8,24499,2026-05-14T03:42:56.142317Z,00:01:00:22,60.749256,https://mnhouserepublicans.com/wp-content/plugins/elementor-pro/assets/js/frontend.min.js?ver=4.0.4
0008,9,24499,2026-05-14T03:42:56.142317Z,00:01:00:22,60.749256,https://mnhouserepublicans.com/wp-content/plugins/elementor-pro/assets/js/frontend.min.js?ver=4.0.4
0007,8,24500,2026-05-14T03:42:56.567292Z,00:01:01:05,61.174231,https://mnhouserepublicans.com/wp-content/plugins/elementor-pro/assets/js/elements-handlers.min.js?ver=4.0.4
0008,9,24500,2026-05-14T03:42:56.567292Z,00:01:01:05,61.174231,https://mnhouserepublicans.com/wp-content/plugins/elementor-pro/assets/js/elements-handlers.min.js?ver=4.0.4
0007,8,24501,2026-05-14T03:43:00.556668Z,00:01:05:05,65.163607,https://mnhouserepublicans.com/wp-content/uploads/elementor/google-fonts/fonts/inter-ucc73fwrk3iltehus_nvmrmxcp50sjia1zl7.woff2
0008,9,24501,2026-05-14T03:43:00.556668Z,00:01:05:05,65.163607,https://mnhouserepublicans.com/wp-content/uploads/elementor/google-fonts/fonts/inter-ucc73fwrk3iltehus_nvmrmxcp50sjia1zl7.woff2
0007,8,24502,2026-05-14T03:43:00.861170Z,00:01:05:14,65.468109,https://mnhouserepublicans.com/wp-content/plugins/uicore-framework/assets/fonts/uicore-icons.woff?bc5uma
0008,9,24502,2026-05-14T03:43:00.861170Z,00:01:05:14,65.468109,https://mnhouserepublicans.com/wp-content/plugins/uicore-framework/assets/fonts/uicore-icons.woff?bc5uma
0008,9,24503,2026-05-14T03:43:08.117321Z,00:01:12:22,72.724260,https://form.jotform.com/jsform/250440900874050
0009,10,24515,2026-05-14T03:43:16.165587Z,00:01:20:23,80.772526,https://cdn.jotfor.ms/s/umd/e559643fc1d/for-sanitize.js
0009,10,24516,2026-05-14T03:43:16.470592Z,00:01:21:02,81.077531,https://cdn.jotfor.ms/stylebuilder/static/color-scheme.css?v=4.1.65650
0009,10,24517,2026-05-14T03:43:16.764297Z,00:01:21:11,81.371236,https://cdn.jotfor.ms/s/static/e559643fc1d/css/styles/payment/payment_feature.css?4.1.65650
0009,10,24518,2026-05-14T03:43:17.048293Z,00:01:21:20,81.655232,https://cdn.jotfor.ms/s/static/e559643fc1d/css/styles/payment/payment_styles.css?4.1.65650
0009,10,24519,2026-05-14T03:43:17.336682Z,00:01:21:28,81.943621,https://cdn.jotfor.ms/themes/CSS/5e6b428acc8c4e222d1beb91.css?v=4.1.65650
0010,11,24522,2026-05-14T03:43:21.318879Z,00:01:25:28,85.925818,https://cdn.jotfor.ms/s/static/e559643fc1d/static/prototype.forms.js
0010,11,24523,2026-05-14T03:43:23.801243Z,00:01:28:12,88.408182,https://cdn.jotfor.ms/fonts/inter/fonts/Inter-Regular.woff2
0010,11,24524,2026-05-14T03:43:24.220936Z,00:01:28:25,88.827875,https://cdn.jotfor.ms/fonts/inter/fonts/Inter-Medium.woff2
0010,11,24525,2026-05-14T03:43:24.539360Z,00:01:29:04,89.146299,https://cdn.jotfor.ms/fonts/inter/fonts/Inter-SemiBold.woff2
0010,11,24526,2026-05-14T03:43:25.385630Z,00:01:30:00,89.992569,https://mnhouserepublicans.com/wp-content/plugins/elementor/assets/js/shared-frontend-handlers.03caa53373b56d3bab67.bundle.min.js
0011,12,24529,2026-05-14T03:43:26.740972Z,00:01:31:10,91.347911,https://www.jotform.com/uploads/RepMaxRymer/form_files/locked-padlock.67b29f363175f5.23628146.png
0012,13,24529,2026-05-14T03:43:26.740972Z,00:01:31:10,91.347911,https://www.jotform.com/uploads/RepMaxRymer/form_files/locked-padlock.67b29f363175f5.23628146.png
0013,14,24529,2026-05-14T03:43:26.740972Z,00:01:31:10,91.347911,https://www.jotform.com/uploads/RepMaxRymer/form_files/locked-padlock.67b29f363175f5.23628146.png
0011,12,24530,2026-05-14T03:43:28.577159Z,00:01:33:06,93.184098,https://events.jotform.com/jsform/250440900874050/?ref=https%253A%252F%252Fmnhouserepublicans.com%252F&res=2560x1440&eventID=1778730203550_250440900874050_PJbOkXy&loc=https%3A%2F%2Fmnhouserepublicans.com%2Fwhistleblower-portal%2F
0012,13,24530,2026-05-14T03:43:28.577159Z,00:01:33:06,93.184098,https://events.jotform.com/jsform/250440900874050/?ref=https%253A%252F%252Fmnhouserepublicans.com%252F&res=2560x1440&eventID=1778730203550_250440900874050_PJbOkXy&loc=https%3A%2F%2Fmnhouserepublicans.com%2Fwhistleblower-portal%2F
0013,14,24530,2026-05-14T03:43:28.577159Z,00:01:33:06,93.184098,https://events.jotform.com/jsform/250440900874050/?ref=https%253A%252F%252Fmnhouserepublicans.com%252F&res=2560x1440&eventID=1778730203550_250440900874050_PJbOkXy&loc=https%3A%2F%2Fmnhouserepublicans.com%2Fwhistleblower-portal%2F
0014,15,24530,2026-05-14T03:43:28.577159Z,00:01:33:06,93.184098,https://events.jotform.com/jsform/250440900874050/?ref=https%253A%252F%252Fmnhouserepublicans.com%252F&res=2560x1440&eventID=1778730203550_250440900874050_PJbOkXy&loc=https%3A%2F%2Fmnhouserepublicans.com%2Fwhistleblower-portal%2F
0011,12,24531,2026-05-14T03:43:28.853458Z,00:01:33:14,93.460397,https://files.jotform.com/jufs/RepMaxRymer%2Fform_files%2Flocked-padlock.67b29f363175f5.23628146.png?md5=TKLjx62TqyzYhfSV4sGUsQ&expires=1778730216
0012,13,24531,2026-05-14T03:43:28.853458Z,00:01:33:14,93.460397,https://files.jotform.com/jufs/RepMaxRymer%2Fform_files%2Flocked-padlock.67b29f363175f5.23628146.png?md5=TKLjx62TqyzYhfSV4sGUsQ&expires=1778730216
0013,14,24531,2026-05-14T03:43:28.853458Z,00:01:33:14,93.460397,https://files.jotform.com/jufs/RepMaxRymer%2Fform_files%2Flocked-padlock.67b29f363175f5.23628146.png?md5=TKLjx62TqyzYhfSV4sGUsQ&expires=1778730216
0014,15,24531,2026-05-14T03:43:28.853458Z,00:01:33:14,93.460397,https://files.jotform.com/jufs/RepMaxRymer%2Fform_files%2Flocked-padlock.67b29f363175f5.23628146.png?md5=TKLjx62TqyzYhfSV4sGUsQ&expires=1778730216
0011,12,24532,2026-05-14T03:43:30.125079Z,00:01:34:22,94.732018,https://csp.secureserver.net/eventbus/web?clientid=b18ef4f046435b64a469b32c3c1c20a3
0012,13,24532,2026-05-14T03:43:30.125079Z,00:01:34:22,94.732018,https://csp.secureserver.net/eventbus/web?clientid=b18ef4f046435b64a469b32c3c1c20a3
0013,14,24532,2026-05-14T03:43:30.125079Z,00:01:34:22,94.732018,https://csp.secureserver.net/eventbus/web?clientid=b18ef4f046435b64a469b32c3c1c20a3
0014,15,24532,2026-05-14T03:43:30.125079Z,00:01:34:22,94.732018,https://csp.secureserver.net/eventbus/web?clientid=b18ef4f046435b64a469b32c3c1c20a3
0011,12,24533,2026-05-14T03:43:30.440496Z,00:01:35:01,95.047435,https://csp.secureserver.net/eventbus/web?clientid=8da2217409854bee82e12dc4ca0b39fb
0012,13,24533,2026-05-14T03:43:30.440496Z,00:01:35:01,95.047435,https://csp.secureserver.net/eventbus/web?clientid=8da2217409854bee82e12dc4ca0b39fb
0013,14,24533,2026-05-14T03:43:30.440496Z,00:01:35:01,95.047435,https://csp.secureserver.net/eventbus/web?clientid=8da2217409854bee82e12dc4ca0b39fb
0014,15,24533,2026-05-14T03:43:30.440496Z,00:01:35:01,95.047435,https://csp.secureserver.net/eventbus/web?clientid=8da2217409854bee82e12dc4ca0b39fb
0014,15,24534,2026-05-14T03:43:56.801087Z,00:02:01:12,121.408026,https://mnhouserepublicans.com/whistleblower-portal/
0015,16,24541,2026-05-14T03:44:00.878037Z,00:02:05:15,125.484976,https://cdn.jotfor.ms/themes/CSS/5e6b428acc8c4e222d1beb91.css?v=4.1.65650
0015,16,24542,2026-05-14T03:44:01.205415Z,00:02:05:24,125.812354,https://cdn.jotfor.ms/stylebuilder/static/color-scheme.css?v=4.1.65650
0015,16,24543,2026-05-14T03:44:01.479488Z,00:02:06:03,126.086427,https://www.jotform.com/uploads/RepMaxRymer/form_files/locked-padlock.67b29f363175f5.23628146.png
0015,16,24544,2026-05-14T03:44:03.631644Z,00:02:08:07,128.238583,https://events.jotform.com/jsform/250440900874050/?ref=https%253A%252F%252Fmnhouserepublicans.com%252F&res=2560x1440&eventID=1778730243024_250440900874050_hisHdnN&loc=https%3A%2F%2Fmnhouserepublicans.com%2Fwhistleblower-portal%2F
0016,17,24544,2026-05-14T03:44:03.631644Z,00:02:08:07,128.238583,https://events.jotform.com/jsform/250440900874050/?ref=https%253A%252F%252Fmnhouserepublicans.com%252F&res=2560x1440&eventID=1778730243024_250440900874050_hisHdnN&loc=https%3A%2F%2Fmnhouserepublicans.com%2Fwhistleblower-portal%2F
0015,16,24545,2026-05-14T03:44:03.940631Z,00:02:08:16,128.547570,https://files.jotform.com/jufs/RepMaxRymer%2Fform_files%2Flocked-padlock.67b29f363175f5.23628146.png?md5=3w6zYk28AKMMUoMhX-PbQQ&expires=1778730251
0016,17,24545,2026-05-14T03:44:03.940631Z,00:02:08:16,128.547570,https://files.jotform.com/jufs/RepMaxRymer%2Fform_files%2Flocked-padlock.67b29f363175f5.23628146.png?md5=3w6zYk28AKMMUoMhX-PbQQ&expires=1778730251
0017,18,24545,2026-05-14T03:44:03.940631Z,00:02:08:16,128.547570,https://files.jotform.com/jufs/RepMaxRymer%2Fform_files%2Flocked-padlock.67b29f363175f5.23628146.png?md5=3w6zYk28AKMMUoMhX-PbQQ&expires=1778730251
0018,19,24545,2026-05-14T03:44:03.940631Z,00:02:08:16,128.547570,https://files.jotform.com/jufs/RepMaxRymer%2Fform_files%2Flocked-padlock.67b29f363175f5.23628146.png?md5=3w6zYk28AKMMUoMhX-PbQQ&expires=1778730251
0019,20,24545,2026-05-14T03:44:03.940631Z,00:02:08:16,128.547570,https://files.jotform.com/jufs/RepMaxRymer%2Fform_files%2Flocked-padlock.67b29f363175f5.23628146.png?md5=3w6zYk28AKMMUoMhX-PbQQ&expires=1778730251
0020,21,24545,2026-05-14T03:44:03.940631Z,00:02:08:16,128.547570,https://files.jotform.com/jufs/RepMaxRymer%2Fform_files%2Flocked-padlock.67b29f363175f5.23628146.png?md5=3w6zYk28AKMMUoMhX-PbQQ&expires=1778730251
0021,22,24545,2026-05-14T03:44:03.940631Z,00:02:08:16,128.547570,https://files.jotform.com/jufs/RepMaxRymer%2Fform_files%2Flocked-padlock.67b29f363175f5.23628146.png?md5=3w6zYk28AKMMUoMhX-PbQQ&expires=1778730251
0022,23,24545,2026-05-14T03:44:03.940631Z,00:02:08:16,128.547570,https://files.jotform.com/jufs/RepMaxRymer%2Fform_files%2Flocked-padlock.67b29f363175f5.23628146.png?md5=3w6zYk28AKMMUoMhX-PbQQ&expires=1778730251
0023,24,24545,2026-05-14T03:44:03.940631Z,00:02:08:16,128.547570,https://files.jotform.com/jufs/RepMaxRymer%2Fform_files%2Flocked-padlock.67b29f363175f5.23628146.png?md5=3w6zYk28AKMMUoMhX-PbQQ&expires=1778730251
0016,17,24546,2026-05-14T03:44:05.126573Z,00:02:09:22,129.733512,https://www.google-analytics.com/g/collect?v=2&tid=G-HFGYP85LE5&gtm=45je65c0v9209539064za200zd9209539064&_p=1778730237315&gcd=13l3l3l3l1l1&npa=0&dma=0&cid=1906815159.1778730242&frm=0&pscdl=noapi&rcb=2&sr=2560x1440&ul=en-us&_s=1&tag_exp=0~115616986~115938465~115938469&sid=1778730242&sct=1&seg=0&dl=https%3A%2F%2Fmnhouserepublicans.com%2Fwhistleblower-portal%2F&dt=Submit%20an%20MN%20Government%20Fraud%20Whistleblower%20Report&en=page_view&_fv=1&_nsi=1&_ss=1&_ee=1&tfd=5604
0017,18,24546,2026-05-14T03:44:05.126573Z,00:02:09:22,129.733512,https://www.google-analytics.com/g/collect?v=2&tid=G-HFGYP85LE5&gtm=45je65c0v9209539064za200zd9209539064&_p=1778730237315&gcd=13l3l3l3l1l1&npa=0&dma=0&cid=1906815159.1778730242&frm=0&pscdl=noapi&rcb=2&sr=2560x1440&ul=en-us&_s=1&tag_exp=0~115616986~115938465~115938469&sid=1778730242&sct=1&seg=0&dl=https%3A%2F%2Fmnhouserepublicans.com%2Fwhistleblower-portal%2F&dt=Submit%20an%20MN%20Government%20Fraud%20Whistleblower%20Report&en=page_view&_fv=1&_nsi=1&_ss=1&_ee=1&tfd=5604
0018,19,24546,2026-05-14T03:44:05.126573Z,00:02:09:22,129.733512,https://www.google-analytics.com/g/collect?v=2&tid=G-HFGYP85LE5&gtm=45je65c0v9209539064za200zd9209539064&_p=1778730237315&gcd=13l3l3l3l1l1&npa=0&dma=0&cid=1906815159.1778730242&frm=0&pscdl=noapi&rcb=2&sr=2560x1440&ul=en-us&_s=1&tag_exp=0~115616986~115938465~115938469&sid=1778730242&sct=1&seg=0&dl=https%3A%2F%2Fmnhouserepublicans.com%2Fwhistleblower-portal%2F&dt=Submit%20an%20MN%20Government%20Fraud%20Whistleblower%20Report&en=page_view&_fv=1&_nsi=1&_ss=1&_ee=1&tfd=5604
0019,20,24546,2026-05-14T03:44:05.126573Z,00:02:09:22,129.733512,https://www.google-analytics.com/g/collect?v=2&tid=G-HFGYP85LE5&gtm=45je65c0v9209539064za200zd9209539064&_p=1778730237315&gcd=13l3l3l3l1l1&npa=0&dma=0&cid=1906815159.1778730242&frm=0&pscdl=noapi&rcb=2&sr=2560x1440&ul=en-us&_s=1&tag_exp=0~115616986~115938465~115938469&sid=1778730242&sct=1&seg=0&dl=https%3A%2F%2Fmnhouserepublicans.com%2Fwhistleblower-portal%2F&dt=Submit%20an%20MN%20Government%20Fraud%20Whistleblower%20Report&en=page_view&_fv=1&_nsi=1&_ss=1&_ee=1&tfd=5604
0020,21,24546,2026-05-14T03:44:05.126573Z,00:02:09:22,129.733512,https://www.google-analytics.com/g/collect?v=2&tid=G-HFGYP85LE5&gtm=45je65c0v9209539064za200zd9209539064&_p=1778730237315&gcd=13l3l3l3l1l1&npa=0&dma=0&cid=1906815159.1778730242&frm=0&pscdl=noapi&rcb=2&sr=2560x1440&ul=en-us&_s=1&tag_exp=0~115616986~115938465~115938469&sid=1778730242&sct=1&seg=0&dl=https%3A%2F%2Fmnhouserepublicans.com%2Fwhistleblower-portal%2F&dt=Submit%20an%20MN%20Government%20Fraud%20Whistleblower%20Report&en=page_view&_fv=1&_nsi=1&_ss=1&_ee=1&tfd=5604
0021,22,24546,2026-05-14T03:44:05.126573Z,00:02:09:22,129.733512,https://www.google-analytics.com/g/collect?v=2&tid=G-HFGYP85LE5&gtm=45je65c0v9209539064za200zd9209539064&_p=1778730237315&gcd=13l3l3l3l1l1&npa=0&dma=0&cid=1906815159.1778730242&frm=0&pscdl=noapi&rcb=2&sr=2560x1440&ul=en-us&_s=1&tag_exp=0~115616986~115938465~115938469&sid=1778730242&sct=1&seg=0&dl=https%3A%2F%2Fmnhouserepublicans.com%2Fwhistleblower-portal%2F&dt=Submit%20an%20MN%20Government%20Fraud%20Whistleblower%20Report&en=page_view&_fv=1&_nsi=1&_ss=1&_ee=1&tfd=5604
0022,23,24546,2026-05-14T03:44:05.126573Z,00:02:09:22,129.733512,https://www.google-analytics.com/g/collect?v=2&tid=G-HFGYP85LE5&gtm=45je65c0v9209539064za200zd9209539064&_p=1778730237315&gcd=13l3l3l3l1l1&npa=0&dma=0&cid=1906815159.1778730242&frm=0&pscdl=noapi&rcb=2&sr=2560x1440&ul=en-us&_s=1&tag_exp=0~115616986~115938465~115938469&sid=1778730242&sct=1&seg=0&dl=https%3A%2F%2Fmnhouserepublicans.com%2Fwhistleblower-portal%2F&dt=Submit%20an%20MN%20Government%20Fraud%20Whistleblower%20Report&en=page_view&_fv=1&_nsi=1&_ss=1&_ee=1&tfd=5604
0023,24,24546,2026-05-14T03:44:05.126573Z,00:02:09:22,129.733512,https://www.google-analytics.com/g/collect?v=2&tid=G-HFGYP85LE5&gtm=45je65c0v9209539064za200zd9209539064&_p=1778730237315&gcd=13l3l3l3l1l1&npa=0&dma=0&cid=1906815159.1778730242&frm=0&pscdl=noapi&rcb=2&sr=2560x1440&ul=en-us&_s=1&tag_exp=0~115616986~115938465~115938469&sid=1778730242&sct=1&seg=0&dl=https%3A%2F%2Fmnhouserepublicans.com%2Fwhistleblower-portal%2F&dt=Submit%20an%20MN%20Government%20Fraud%20Whistleblower%20Report&en=page_view&_fv=1&_nsi=1&_ss=1&_ee=1&tfd=5604
0024,25,24546,2026-05-14T03:44:05.126573Z,00:02:09:22,129.733512,https://www.google-analytics.com/g/collect?v=2&tid=G-HFGYP85LE5&gtm=45je65c0v9209539064za200zd9209539064&_p=1778730237315&gcd=13l3l3l3l1l1&npa=0&dma=0&cid=1906815159.1778730242&frm=0&pscdl=noapi&rcb=2&sr=2560x1440&ul=en-us&_s=1&tag_exp=0~115616986~115938465~115938469&sid=1778730242&sct=1&seg=0&dl=https%3A%2F%2Fmnhouserepublicans.com%2Fwhistleblower-portal%2F&dt=Submit%20an%20MN%20Government%20Fraud%20Whistleblower%20Report&en=page_view&_fv=1&_nsi=1&_ss=1&_ee=1&tfd=5604
0025,26,24546,2026-05-14T03:44:05.126573Z,00:02:09:22,129.733512,https://www.google-analytics.com/g/collect?v=2&tid=G-HFGYP85LE5&gtm=45je65c0v9209539064za200zd9209539064&_p=1778730237315&gcd=13l3l3l3l1l1&npa=0&dma=0&cid=1906815159.1778730242&frm=0&pscdl=noapi&rcb=2&sr=2560x1440&ul=en-us&_s=1&tag_exp=0~115616986~115938465~115938469&sid=1778730242&sct=1&seg=0&dl=https%3A%2F%2Fmnhouserepublicans.com%2Fwhistleblower-portal%2F&dt=Submit%20an%20MN%20Government%20Fraud%20Whistleblower%20Report&en=page_view&_fv=1&_nsi=1&_ss=1&_ee=1&tfd=5604
0026,27,24546,2026-05-14T03:44:05.126573Z,00:02:09:22,129.733512,https://www.google-analytics.com/g/collect?v=2&tid=G-HFGYP85LE5&gtm=45je65c0v9209539064za200zd9209539064&_p=1778730237315&gcd=13l3l3l3l1l1&npa=0&dma=0&cid=1906815159.1778730242&frm=0&pscdl=noapi&rcb=2&sr=2560x1440&ul=en-us&_s=1&tag_exp=0~115616986~115938465~115938469&sid=1778730242&sct=1&seg=0&dl=https%3A%2F%2Fmnhouserepublicans.com%2Fwhistleblower-portal%2F&dt=Submit%20an%20MN%20Government%20Fraud%20Whistleblower%20Report&en=page_view&_fv=1&_nsi=1&_ss=1&_ee=1&tfd=5604
0027,28,24546,2026-05-14T03:44:05.126573Z,00:02:09:22,129.733512,https://www.google-analytics.com/g/collect?v=2&tid=G-HFGYP85LE5&gtm=45je65c0v9209539064za200zd9209539064&_p=1778730237315&gcd=13l3l3l3l1l1&npa=0&dma=0&cid=1906815159.1778730242&frm=0&pscdl=noapi&rcb=2&sr=2560x1440&ul=en-us&_s=1&tag_exp=0~115616986~115938465~115938469&sid=1778730242&sct=1&seg=0&dl=https%3A%2F%2Fmnhouserepublicans.com%2Fwhistleblower-portal%2F&dt=Submit%20an%20MN%20Government%20Fraud%20Whistleblower%20Report&en=page_view&_fv=1&_nsi=1&_ss=1&_ee=1&tfd=5604
0028,29,24546,2026-05-14T03:44:05.126573Z,00:02:09:22,129.733512,https://www.google-analytics.com/g/collect?v=2&tid=G-HFGYP85LE5&gtm=45je65c0v9209539064za200zd9209539064&_p=1778730237315&gcd=13l3l3l3l1l1&npa=0&dma=0&cid=1906815159.1778730242&frm=0&pscdl=noapi&rcb=2&sr=2560x1440&ul=en-us&_s=1&tag_exp=0~115616986~115938465~115938469&sid=1778730242&sct=1&seg=0&dl=https%3A%2F%2Fmnhouserepublicans.com%2Fwhistleblower-portal%2F&dt=Submit%20an%20MN%20Government%20Fraud%20Whistleblower%20Report&en=page_view&_fv=1&_nsi=1&_ss=1&_ee=1&tfd=5604
0029,30,24546,2026-05-14T03:44:05.126573Z,00:02:09:22,129.733512,https://www.google-analytics.com/g/collect?v=2&tid=G-HFGYP85LE5&gtm=45je65c0v9209539064za200zd9209539064&_p=1778730237315&gcd=13l3l3l3l1l1&npa=0&dma=0&cid=1906815159.1778730242&frm=0&pscdl=noapi&rcb=2&sr=2560x1440&ul=en-us&_s=1&tag_exp=0~115616986~115938465~115938469&sid=1778730242&sct=1&seg=0&dl=https%3A%2F%2Fmnhouserepublicans.com%2Fwhistleblower-portal%2F&dt=Submit%20an%20MN%20Government%20Fraud%20Whistleblower%20Report&en=page_view&_fv=1&_nsi=1&_ss=1&_ee=1&tfd=5604
0030,31,24546,2026-05-14T03:44:05.126573Z,00:02:09:22,129.733512,https://www.google-analytics.com/g/collect?v=2&tid=G-HFGYP85LE5&gtm=45je65c0v9209539064za200zd9209539064&_p=1778730237315&gcd=13l3l3l3l1l1&npa=0&dma=0&cid=1906815159.1778730242&frm=0&pscdl=noapi&rcb=2&sr=2560x1440&ul=en-us&_s=1&tag_exp=0~115616986~115938465~115938469&sid=1778730242&sct=1&seg=0&dl=https%3A%2F%2Fmnhouserepublicans.com%2Fwhistleblower-portal%2F&dt=Submit%20an%20MN%20Government%20Fraud%20Whistleblower%20Report&en=page_view&_fv=1&_nsi=1&_ss=1&_ee=1&tfd=5604
0031,32,24546,2026-05-14T03:44:05.126573Z,00:02:09:22,129.733512,https://www.google-analytics.com/g/collect?v=2&tid=G-HFGYP85LE5&gtm=45je65c0v9209539064za200zd9209539064&_p=1778730237315&gcd=13l3l3l3l1l1&npa=0&dma=0&cid=1906815159.1778730242&frm=0&pscdl=noapi&rcb=2&sr=2560x1440&ul=en-us&_s=1&tag_exp=0~115616986~115938465~115938469&sid=1778730242&sct=1&seg=0&dl=https%3A%2F%2Fmnhouserepublicans.com%2Fwhistleblower-portal%2F&dt=Submit%20an%20MN%20Government%20Fraud%20Whistleblower%20Report&en=page_view&_fv=1&_nsi=1&_ss=1&_ee=1&tfd=5604
0032,33,24546,2026-05-14T03:44:05.126573Z,00:02:09:22,129.733512,https://www.google-analytics.com/g/collect?v=2&tid=G-HFGYP85LE5&gtm=45je65c0v9209539064za200zd9209539064&_p=1778730237315&gcd=13l3l3l3l1l1&npa=0&dma=0&cid=1906815159.1778730242&frm=0&pscdl=noapi&rcb=2&sr=2560x1440&ul=en-us&_s=1&tag_exp=0~115616986~115938465~115938469&sid=1778730242&sct=1&seg=0&dl=https%3A%2F%2Fmnhouserepublicans.com%2Fwhistleblower-portal%2F&dt=Submit%20an%20MN%20Government%20Fraud%20Whistleblower%20Report&en=page_view&_fv=1&_nsi=1&_ss=1&_ee=1&tfd=5604
0033,34,24546,2026-05-14T03:44:05.126573Z,00:02:09:22,129.733512,https://www.google-analytics.com/g/collect?v=2&tid=G-HFGYP85LE5&gtm=45je65c0v9209539064za200zd9209539064&_p=1778730237315&gcd=13l3l3l3l1l1&npa=0&dma=0&cid=1906815159.1778730242&frm=0&pscdl=noapi&rcb=2&sr=2560x1440&ul=en-us&_s=1&tag_exp=0~115616986~115938465~115938469&sid=1778730242&sct=1&seg=0&dl=https%3A%2F%2Fmnhouserepublicans.com%2Fwhistleblower-portal%2F&dt=Submit%20an%20MN%20Government%20Fraud%20Whistleblower%20Report&en=page_view&_fv=1&_nsi=1&_ss=1&_ee=1&tfd=5604
0016,17,24547,2026-05-14T03:44:05.557140Z,00:02:10:05,130.164079,https://csp.secureserver.net/eventbus/web?clientid=b18ef4f046435b64a469b32c3c1c20a3
0017,18,24547,2026-05-14T03:44:05.557140Z,00:02:10:05,130.164079,https://csp.secureserver.net/eventbus/web?clientid=b18ef4f046435b64a469b32c3c1c20a3
0018,19,24547,2026-05-14T03:44:05.557140Z,00:02:10:05,130.164079,https://csp.secureserver.net/eventbus/web?clientid=b18ef4f046435b64a469b32c3c1c20a3
0019,20,24547,2026-05-14T03:44:05.557140Z,00:02:10:05,130.164079,https://csp.secureserver.net/eventbus/web?clientid=b18ef4f046435b64a469b32c3c1c20a3
0020,21,24547,2026-05-14T03:44:05.557140Z,00:02:10:05,130.164079,https://csp.secureserver.net/eventbus/web?clientid=b18ef4f046435b64a469b32c3c1c20a3
0021,22,24547,2026-05-14T03:44:05.557140Z,00:02:10:05,130.164079,https://csp.secureserver.net/eventbus/web?clientid=b18ef4f046435b64a469b32c3c1c20a3
0022,23,24547,2026-05-14T03:44:05.557140Z,00:02:10:05,130.164079,https://csp.secureserver.net/eventbus/web?clientid=b18ef4f046435b64a469b32c3c1c20a3
0023,24,24547,2026-05-14T03:44:05.557140Z,00:02:10:05,130.164079,https://csp.secureserver.net/eventbus/web?clientid=b18ef4f046435b64a469b32c3c1c20a3
0024,25,24547,2026-05-14T03:44:05.557140Z,00:02:10:05,130.164079,https://csp.secureserver.net/eventbus/web?clientid=b18ef4f046435b64a469b32c3c1c20a3
0025,26,24547,2026-05-14T03:44:05.557140Z,00:02:10:05,130.164079,https://csp.secureserver.net/eventbus/web?clientid=b18ef4f046435b64a469b32c3c1c20a3
0026,27,24547,2026-05-14T03:44:05.557140Z,00:02:10:05,130.164079,https://csp.secureserver.net/eventbus/web?clientid=b18ef4f046435b64a469b32c3c1c20a3
0027,28,24547,2026-05-14T03:44:05.557140Z,00:02:10:05,130.164079,https://csp.secureserver.net/eventbus/web?clientid=b18ef4f046435b64a469b32c3c1c20a3
0028,29,24547,2026-05-14T03:44:05.557140Z,00:02:10:05,130.164079,https://csp.secureserver.net/eventbus/web?clientid=b18ef4f046435b64a469b32c3c1c20a3
0029,30,24547,2026-05-14T03:44:05.557140Z,00:02:10:05,130.164079,https://csp.secureserver.net/eventbus/web?clientid=b18ef4f046435b64a469b32c3c1c20a3
0030,31,24547,2026-05-14T03:44:05.557140Z,00:02:10:05,130.164079,https://csp.secureserver.net/eventbus/web?clientid=b18ef4f046435b64a469b32c3c1c20a3
0031,32,24547,2026-05-14T03:44:05.557140Z,00:02:10:05,130.164079,https://csp.secureserver.net/eventbus/web?clientid=b18ef4f046435b64a469b32c3c1c20a3
0032,33,24547,2026-05-14T03:44:05.557140Z,00:02:10:05,130.164079,https://csp.secureserver.net/eventbus/web?clientid=b18ef4f046435b64a469b32c3c1c20a3
0033,34,24547,2026-05-14T03:44:05.557140Z,00:02:10:05,130.164079,https://csp.secureserver.net/eventbus/web?clientid=b18ef4f046435b64a469b32c3c1c20a3
0034,35,24547,2026-05-14T03:44:05.557140Z,00:02:10:05,130.164079,https://csp.secureserver.net/eventbus/web?clientid=b18ef4f046435b64a469b32c3c1c20a3
0016,17,24548,2026-05-14T03:44:05.964822Z,00:02:10:17,130.571761,https://csp.secureserver.net/eventbus/web?clientid=8da2217409854bee82e12dc4ca0b39fb
0017,18,24548,2026-05-14T03:44:05.964822Z,00:02:10:17,130.571761,https://csp.secureserver.net/eventbus/web?clientid=8da2217409854bee82e12dc4ca0b39fb
0018,19,24548,2026-05-14T03:44:05.964822Z,00:02:10:17,130.571761,https://csp.secureserver.net/eventbus/web?clientid=8da2217409854bee82e12dc4ca0b39fb
0019,20,24548,2026-05-14T03:44:05.964822Z,00:02:10:17,130.571761,https://csp.secureserver.net/eventbus/web?clientid=8da2217409854bee82e12dc4ca0b39fb
0020,21,24548,2026-05-14T03:44:05.964822Z,00:02:10:17,130.571761,https://csp.secureserver.net/eventbus/web?clientid=8da2217409854bee82e12dc4ca0b39fb
0021,22,24548,2026-05-14T03:44:05.964822Z,00:02:10:17,130.571761,https://csp.secureserver.net/eventbus/web?clientid=8da2217409854bee82e12dc4ca0b39fb
0022,23,24548,2026-05-14T03:44:05.964822Z,00:02:10:17,130.571761,https://csp.secureserver.net/eventbus/web?clientid=8da2217409854bee82e12dc4ca0b39fb
0023,24,24548,2026-05-14T03:44:05.964822Z,00:02:10:17,130.571761,https://csp.secureserver.net/eventbus/web?clientid=8da2217409854bee82e12dc4ca0b39fb
0024,25,24548,2026-05-14T03:44:05.964822Z,00:02:10:17,130.571761,https://csp.secureserver.net/eventbus/web?clientid=8da2217409854bee82e12dc4ca0b39fb
0025,26,24548,2026-05-14T03:44:05.964822Z,00:02:10:17,130.571761,https://csp.secureserver.net/eventbus/web?clientid=8da2217409854bee82e12dc4ca0b39fb
0026,27,24548,2026-05-14T03:44:05.964822Z,00:02:10:17,130.571761,https://csp.secureserver.net/eventbus/web?clientid=8da2217409854bee82e12dc4ca0b39fb
0027,28,24548,2026-05-14T03:44:05.964822Z,00:02:10:17,130.571761,https://csp.secureserver.net/eventbus/web?clientid=8da2217409854bee82e12dc4ca0b39fb
0028,29,24548,2026-05-14T03:44:05.964822Z,00:02:10:17,130.571761,https://csp.secureserver.net/eventbus/web?clientid=8da2217409854bee82e12dc4ca0b39fb
0029,30,24548,2026-05-14T03:44:05.964822Z,00:02:10:17,130.571761,https://csp.secureserver.net/eventbus/web?clientid=8da2217409854bee82e12dc4ca0b39fb
0030,31,24548,2026-05-14T03:44:05.964822Z,00:02:10:17,130.571761,https://csp.secureserver.net/eventbus/web?clientid=8da2217409854bee82e12dc4ca0b39fb
0031,32,24548,2026-05-14T03:44:05.964822Z,00:02:10:17,130.571761,https://csp.secureserver.net/eventbus/web?clientid=8da2217409854bee82e12dc4ca0b39fb
0032,33,24548,2026-05-14T03:44:05.964822Z,00:02:10:17,130.571761,https://csp.secureserver.net/eventbus/web?clientid=8da2217409854bee82e12dc4ca0b39fb
0033,34,24548,2026-05-14T03:44:05.964822Z,00:02:10:17,130.571761,https://csp.secureserver.net/eventbus/web?clientid=8da2217409854bee82e12dc4ca0b39fb
0034,35,24548,2026-05-14T03:44:05.964822Z,00:02:10:17,130.571761,https://csp.secureserver.net/eventbus/web?clientid=8da2217409854bee82e12dc4ca0b39fb
0035,36,24548,2026-05-14T03:44:05.964822Z,00:02:10:17,130.571761,https://csp.secureserver.net/eventbus/web?clientid=8da2217409854bee82e12dc4ca0b39fb
0036,37,24548,2026-05-14T03:44:05.964822Z,00:02:10:17,130.571761,https://csp.secureserver.net/eventbus/web?clientid=8da2217409854bee82e12dc4ca0b39fb
0037,38,24548,2026-05-14T03:44:05.964822Z,00:02:10:17,130.571761,https://csp.secureserver.net/eventbus/web?clientid=8da2217409854bee82e12dc4ca0b39fb
0017,18,24549,2026-05-14T03:44:12.478349Z,00:02:17:03,137.085288,https://cdn.jotfor.ms/assets/v3/images/exclamation-octagon.png
0018,19,24549,2026-05-14T03:44:12.478349Z,00:02:17:03,137.085288,https://cdn.jotfor.ms/assets/v3/images/exclamation-octagon.png
0019,20,24549,2026-05-14T03:44:12.478349Z,00:02:17:03,137.085288,https://cdn.jotfor.ms/assets/v3/images/exclamation-octagon.png
0020,21,24549,2026-05-14T03:44:12.478349Z,00:02:17:03,137.085288,https://cdn.jotfor.ms/assets/v3/images/exclamation-octagon.png
0021,22,24549,2026-05-14T03:44:12.478349Z,00:02:17:03,137.085288,https://cdn.jotfor.ms/assets/v3/images/exclamation-octagon.png
0022,23,24549,2026-05-14T03:44:12.478349Z,00:02:17:03,137.085288,https://cdn.jotfor.ms/assets/v3/images/exclamation-octagon.png
0023,24,24549,2026-05-14T03:44:12.478349Z,00:02:17:03,137.085288,https://cdn.jotfor.ms/assets/v3/images/exclamation-octagon.png
0024,25,24549,2026-05-14T03:44:12.478349Z,00:02:17:03,137.085288,https://cdn.jotfor.ms/assets/v3/images/exclamation-octagon.png
0025,26,24549,2026-05-14T03:44:12.478349Z,00:02:17:03,137.085288,https://cdn.jotfor.ms/assets/v3/images/exclamation-octagon.png
0026,27,24549,2026-05-14T03:44:12.478349Z,00:02:17:03,137.085288,https://cdn.jotfor.ms/assets/v3/images/exclamation-octagon.png
0027,28,24549,2026-05-14T03:44:12.478349Z,00:02:17:03,137.085288,https://cdn.jotfor.ms/assets/v3/images/exclamation-octagon.png
0028,29,24549,2026-05-14T03:44:12.478349Z,00:02:17:03,137.085288,https://cdn.jotfor.ms/assets/v3/images/exclamation-octagon.png
0029,30,24549,2026-05-14T03:44:12.478349Z,00:02:17:03,137.085288,https://cdn.jotfor.ms/assets/v3/images/exclamation-octagon.png
0030,31,24549,2026-05-14T03:44:12.478349Z,00:02:17:03,137.085288,https://cdn.jotfor.ms/assets/v3/images/exclamation-octagon.png
0031,32,24549,2026-05-14T03:44:12.478349Z,00:02:17:03,137.085288,https://cdn.jotfor.ms/assets/v3/images/exclamation-octagon.png
0032,33,24549,2026-05-14T03:44:12.478349Z,00:02:17:03,137.085288,https://cdn.jotfor.ms/assets/v3/images/exclamation-octagon.png
0033,34,24549,2026-05-14T03:44:12.478349Z,00:02:17:03,137.085288,https://cdn.jotfor.ms/assets/v3/images/exclamation-octagon.png
0034,35,24549,2026-05-14T03:44:12.478349Z,00:02:17:03,137.085288,https://cdn.jotfor.ms/assets/v3/images/exclamation-octagon.png
0035,36,24549,2026-05-14T03:44:12.478349Z,00:02:17:03,137.085288,https://cdn.jotfor.ms/assets/v3/images/exclamation-octagon.png
0036,37,24549,2026-05-14T03:44:12.478349Z,00:02:17:03,137.085288,https://cdn.jotfor.ms/assets/v3/images/exclamation-octagon.png
0037,38,24549,2026-05-14T03:44:12.478349Z,00:02:17:03,137.085288,https://cdn.jotfor.ms/assets/v3/images/exclamation-octagon.png
0038,39,24549,2026-05-14T03:44:12.478349Z,00:02:17:03,137.085288,https://cdn.jotfor.ms/assets/v3/images/exclamation-octagon.png
0024,25,24550,2026-05-14T03:45:11.213254Z,00:03:15:25,195.820193,https://www.google-analytics.com/g/collect?v=2&tid=G-HFGYP85LE5&gtm=45je65c0v9209539064za200zd9209539064&_p=1778730237315&gcd=13l3l3l3l1l1&npa=0&dma=0&_eu=AEAAAAQ&ae=a&cid=1906815159.1778730242&frm=0&pscdl=noapi&rcb=2&sr=2560x1440&ul=en-us&_s=2&tag_exp=0~115616986~115938465~115938469&sid=1778730242&sct=1&seg=0&dl=https%3A%2F%2Fmnhouserepublicans.com%2Fwhistleblower-portal%2F&dt=Submit%20an%20MN%20Government%20Fraud%20Whistleblower%20Report&en=scroll&epn.percent_scrolled=90&_et=7881&tfd=73973
0025,26,24550,2026-05-14T03:45:11.213254Z,00:03:15:25,195.820193,https://www.google-analytics.com/g/collect?v=2&tid=G-HFGYP85LE5&gtm=45je65c0v9209539064za200zd9209539064&_p=1778730237315&gcd=13l3l3l3l1l1&npa=0&dma=0&_eu=AEAAAAQ&ae=a&cid=1906815159.1778730242&frm=0&pscdl=noapi&rcb=2&sr=2560x1440&ul=en-us&_s=2&tag_exp=0~115616986~115938465~115938469&sid=1778730242&sct=1&seg=0&dl=https%3A%2F%2Fmnhouserepublicans.com%2Fwhistleblower-portal%2F&dt=Submit%20an%20MN%20Government%20Fraud%20Whistleblower%20Report&en=scroll&epn.percent_scrolled=90&_et=7881&tfd=73973
0026,27,24550,2026-05-14T03:45:11.213254Z,00:03:15:25,195.820193,https://www.google-analytics.com/g/collect?v=2&tid=G-HFGYP85LE5&gtm=45je65c0v9209539064za200zd9209539064&_p=1778730237315&gcd=13l3l3l3l1l1&npa=0&dma=0&_eu=AEAAAAQ&ae=a&cid=1906815159.1778730242&frm=0&pscdl=noapi&rcb=2&sr=2560x1440&ul=en-us&_s=2&tag_exp=0~115616986~115938465~115938469&sid=1778730242&sct=1&seg=0&dl=https%3A%2F%2Fmnhouserepublicans.com%2Fwhistleblower-portal%2F&dt=Submit%20an%20MN%20Government%20Fraud%20Whistleblower%20Report&en=scroll&epn.percent_scrolled=90&_et=7881&tfd=73973
0027,28,24550,2026-05-14T03:45:11.213254Z,00:03:15:25,195.820193,https://www.google-analytics.com/g/collect?v=2&tid=G-HFGYP85LE5&gtm=45je65c0v9209539064za200zd9209539064&_p=1778730237315&gcd=13l3l3l3l1l1&npa=0&dma=0&_eu=AEAAAAQ&ae=a&cid=1906815159.1778730242&frm=0&pscdl=noapi&rcb=2&sr=2560x1440&ul=en-us&_s=2&tag_exp=0~115616986~115938465~115938469&sid=1778730242&sct=1&seg=0&dl=https%3A%2F%2Fmnhouserepublicans.com%2Fwhistleblower-portal%2F&dt=Submit%20an%20MN%20Government%20Fraud%20Whistleblower%20Report&en=scroll&epn.percent_scrolled=90&_et=7881&tfd=73973
0028,29,24550,2026-05-14T03:45:11.213254Z,00:03:15:25,195.820193,https://www.google-analytics.com/g/collect?v=2&tid=G-HFGYP85LE5&gtm=45je65c0v9209539064za200zd9209539064&_p=1778730237315&gcd=13l3l3l3l1l1&npa=0&dma=0&_eu=AEAAAAQ&ae=a&cid=1906815159.1778730242&frm=0&pscdl=noapi&rcb=2&sr=2560x1440&ul=en-us&_s=2&tag_exp=0~115616986~115938465~115938469&sid=1778730242&sct=1&seg=0&dl=https%3A%2F%2Fmnhouserepublicans.com%2Fwhistleblower-portal%2F&dt=Submit%20an%20MN%20Government%20Fraud%20Whistleblower%20Report&en=scroll&epn.percent_scrolled=90&_et=7881&tfd=73973
0029,30,24550,2026-05-14T03:45:11.213254Z,00:03:15:25,195.820193,https://www.google-analytics.com/g/collect?v=2&tid=G-HFGYP85LE5&gtm=45je65c0v9209539064za200zd9209539064&_p=1778730237315&gcd=13l3l3l3l1l1&npa=0&dma=0&_eu=AEAAAAQ&ae=a&cid=1906815159.1778730242&frm=0&pscdl=noapi&rcb=2&sr=2560x1440&ul=en-us&_s=2&tag_exp=0~115616986~115938465~115938469&sid=1778730242&sct=1&seg=0&dl=https%3A%2F%2Fmnhouserepublicans.com%2Fwhistleblower-portal%2F&dt=Submit%20an%20MN%20Government%20Fraud%20Whistleblower%20Report&en=scroll&epn.percent_scrolled=90&_et=7881&tfd=73973
0030,31,24550,2026-05-14T03:45:11.213254Z,00:03:15:25,195.820193,https://www.google-analytics.com/g/collect?v=2&tid=G-HFGYP85LE5&gtm=45je65c0v9209539064za200zd9209539064&_p=1778730237315&gcd=13l3l3l3l1l1&npa=0&dma=0&_eu=AEAAAAQ&ae=a&cid=1906815159.1778730242&frm=0&pscdl=noapi&rcb=2&sr=2560x1440&ul=en-us&_s=2&tag_exp=0~115616986~115938465~115938469&sid=1778730242&sct=1&seg=0&dl=https%3A%2F%2Fmnhouserepublicans.com%2Fwhistleblower-portal%2F&dt=Submit%20an%20MN%20Government%20Fraud%20Whistleblower%20Report&en=scroll&epn.percent_scrolled=90&_et=7881&tfd=73973
0031,32,24550,2026-05-14T03:45:11.213254Z,00:03:15:25,195.820193,https://www.google-analytics.com/g/collect?v=2&tid=G-HFGYP85LE5&gtm=45je65c0v9209539064za200zd9209539064&_p=1778730237315&gcd=13l3l3l3l1l1&npa=0&dma=0&_eu=AEAAAAQ&ae=a&cid=1906815159.1778730242&frm=0&pscdl=noapi&rcb=2&sr=2560x1440&ul=en-us&_s=2&tag_exp=0~115616986~115938465~115938469&sid=1778730242&sct=1&seg=0&dl=https%3A%2F%2Fmnhouserepublicans.com%2Fwhistleblower-portal%2F&dt=Submit%20an%20MN%20Government%20Fraud%20Whistleblower%20Report&en=scroll&epn.percent_scrolled=90&_et=7881&tfd=73973
0032,33,24550,2026-05-14T03:45:11.213254Z,00:03:15:25,195.820193,https://www.google-analytics.com/g/collect?v=2&tid=G-HFGYP85LE5&gtm=45je65c0v9209539064za200zd9209539064&_p=1778730237315&gcd=13l3l3l3l1l1&npa=0&dma=0&_eu=AEAAAAQ&ae=a&cid=1906815159.1778730242&frm=0&pscdl=noapi&rcb=2&sr=2560x1440&ul=en-us&_s=2&tag_exp=0~115616986~115938465~115938469&sid=1778730242&sct=1&seg=0&dl=https%3A%2F%2Fmnhouserepublicans.com%2Fwhistleblower-portal%2F&dt=Submit%20an%20MN%20Government%20Fraud%20Whistleblower%20Report&en=scroll&epn.percent_scrolled=90&_et=7881&tfd=73973
0033,34,24550,2026-05-14T03:45:11.213254Z,00:03:15:25,195.820193,https://www.google-analytics.com/g/collect?v=2&tid=G-HFGYP85LE5&gtm=45je65c0v9209539064za200zd9209539064&_p=1778730237315&gcd=13l3l3l3l1l1&npa=0&dma=0&_eu=AEAAAAQ&ae=a&cid=1906815159.1778730242&frm=0&pscdl=noapi&rcb=2&sr=2560x1440&ul=en-us&_s=2&tag_exp=0~115616986~115938465~115938469&sid=1778730242&sct=1&seg=0&dl=https%3A%2F%2Fmnhouserepublicans.com%2Fwhistleblower-portal%2F&dt=Submit%20an%20MN%20Government%20Fraud%20Whistleblower%20Report&en=scroll&epn.percent_scrolled=90&_et=7881&tfd=73973
0034,35,24550,2026-05-14T03:45:11.213254Z,00:03:15:25,195.820193,https://www.google-analytics.com/g/collect?v=2&tid=G-HFGYP85LE5&gtm=45je65c0v9209539064za200zd9209539064&_p=1778730237315&gcd=13l3l3l3l1l1&npa=0&dma=0&_eu=AEAAAAQ&ae=a&cid=1906815159.1778730242&frm=0&pscdl=noapi&rcb=2&sr=2560x1440&ul=en-us&_s=2&tag_exp=0~115616986~115938465~115938469&sid=1778730242&sct=1&seg=0&dl=https%3A%2F%2Fmnhouserepublicans.com%2Fwhistleblower-portal%2F&dt=Submit%20an%20MN%20Government%20Fraud%20Whistleblower%20Report&en=scroll&epn.percent_scrolled=90&_et=7881&tfd=73973
0035,36,24550,2026-05-14T03:45:11.213254Z,00:03:15:25,195.820193,https://www.google-analytics.com/g/collect?v=2&tid=G-HFGYP85LE5&gtm=45je65c0v9209539064za200zd9209539064&_p=1778730237315&gcd=13l3l3l3l1l1&npa=0&dma=0&_eu=AEAAAAQ&ae=a&cid=1906815159.1778730242&frm=0&pscdl=noapi&rcb=2&sr=2560x1440&ul=en-us&_s=2&tag_exp=0~115616986~115938465~115938469&sid=1778730242&sct=1&seg=0&dl=https%3A%2F%2Fmnhouserepublicans.com%2Fwhistleblower-portal%2F&dt=Submit%20an%20MN%20Government%20Fraud%20Whistleblower%20Report&en=scroll&epn.percent_scrolled=90&_et=7881&tfd=73973
0036,37,24550,2026-05-14T03:45:11.213254Z,00:03:15:25,195.820193,https://www.google-analytics.com/g/collect?v=2&tid=G-HFGYP85LE5&gtm=45je65c0v9209539064za200zd9209539064&_p=1778730237315&gcd=13l3l3l3l1l1&npa=0&dma=0&_eu=AEAAAAQ&ae=a&cid=1906815159.1778730242&frm=0&pscdl=noapi&rcb=2&sr=2560x1440&ul=en-us&_s=2&tag_exp=0~115616986~115938465~115938469&sid=1778730242&sct=1&seg=0&dl=https%3A%2F%2Fmnhouserepublicans.com%2Fwhistleblower-portal%2F&dt=Submit%20an%20MN%20Government%20Fraud%20Whistleblower%20Report&en=scroll&epn.percent_scrolled=90&_et=7881&tfd=73973
0037,38,24550,2026-05-14T03:45:11.213254Z,00:03:15:25,195.820193,https://www.google-analytics.com/g/collect?v=2&tid=G-HFGYP85LE5&gtm=45je65c0v9209539064za200zd9209539064&_p=1778730237315&gcd=13l3l3l3l1l1&npa=0&dma=0&_eu=AEAAAAQ&ae=a&cid=1906815159.1778730242&frm=0&pscdl=noapi&rcb=2&sr=2560x1440&ul=en-us&_s=2&tag_exp=0~115616986~115938465~115938469&sid=1778730242&sct=1&seg=0&dl=https%3A%2F%2Fmnhouserepublicans.com%2Fwhistleblower-portal%2F&dt=Submit%20an%20MN%20Government%20Fraud%20Whistleblower%20Report&en=scroll&epn.percent_scrolled=90&_et=7881&tfd=73973
0038,39,24550,2026-05-14T03:45:11.213254Z,00:03:15:25,195.820193,https://www.google-analytics.com/g/collect?v=2&tid=G-HFGYP85LE5&gtm=45je65c0v9209539064za200zd9209539064&_p=1778730237315&gcd=13l3l3l3l1l1&npa=0&dma=0&_eu=AEAAAAQ&ae=a&cid=1906815159.1778730242&frm=0&pscdl=noapi&rcb=2&sr=2560x1440&ul=en-us&_s=2&tag_exp=0~115616986~115938465~115938469&sid=1778730242&sct=1&seg=0&dl=https%3A%2F%2Fmnhouserepublicans.com%2Fwhistleblower-portal%2F&dt=Submit%20an%20MN%20Government%20Fraud%20Whistleblower%20Report&en=scroll&epn.percent_scrolled=90&_et=7881&tfd=73973
0034,35,24551,2026-05-14T03:46:30.670183Z,00:04:35:08,275.277122,https://upload.jotform.com/upload?action=multipleUpload&field=q4_fileUpload&origin=https%3A%2F%2Fform.jotform.com&folder=250440900874050_6a05450344967&event_id=1778730243024_250440900874050_hisHdnN&name=00__the_synthetic_court_matrix__master.pdf&qqfile=00__the_synthetic_court_matrix__master.pdf
0035,36,24551,2026-05-14T03:46:30.670183Z,00:04:35:08,275.277122,https://upload.jotform.com/upload?action=multipleUpload&field=q4_fileUpload&origin=https%3A%2F%2Fform.jotform.com&folder=250440900874050_6a05450344967&event_id=1778730243024_250440900874050_hisHdnN&name=00__the_synthetic_court_matrix__master.pdf&qqfile=00__the_synthetic_court_matrix__master.pdf
0036,37,24551,2026-05-14T03:46:30.670183Z,00:04:35:08,275.277122,https://upload.jotform.com/upload?action=multipleUpload&field=q4_fileUpload&origin=https%3A%2F%2Fform.jotform.com&folder=250440900874050_6a05450344967&event_id=1778730243024_250440900874050_hisHdnN&name=00__the_synthetic_court_matrix__master.pdf&qqfile=00__the_synthetic_court_matrix__master.pdf
0037,38,24551,2026-05-14T03:46:30.670183Z,00:04:35:08,275.277122,https://upload.jotform.com/upload?action=multipleUpload&field=q4_fileUpload&origin=https%3A%2F%2Fform.jotform.com&folder=250440900874050_6a05450344967&event_id=1778730243024_250440900874050_hisHdnN&name=00__the_synthetic_court_matrix__master.pdf&qqfile=00__the_synthetic_court_matrix__master.pdf
0038,39,24551,2026-05-14T03:46:30.670183Z,00:04:35:08,275.277122,https://upload.jotform.com/upload?action=multipleUpload&field=q4_fileUpload&origin=https%3A%2F%2Fform.jotform.com&folder=250440900874050_6a05450344967&event_id=1778730243024_250440900874050_hisHdnN&name=00__the_synthetic_court_matrix__master.pdf&qqfile=00__the_synthetic_court_matrix__master.pdf
0035,36,24552,2026-05-14T03:46:31.494302Z,00:04:36:03,276.101241,https://upload.jotform.com/upload?action=multipleUpload&field=q4_fileUpload&origin=https%3A%2F%2Fform.jotform.com&folder=250440900874050_6a05450344967&event_id=1778730243024_250440900874050_hisHdnN&name=00__the_synthetic_court_matrix__master.pdf&qqfile=00__the_synthetic_court_matrix__master.pdf
0036,37,24552,2026-05-14T03:46:31.494302Z,00:04:36:03,276.101241,https://upload.jotform.com/upload?action=multipleUpload&field=q4_fileUpload&origin=https%3A%2F%2Fform.jotform.com&folder=250440900874050_6a05450344967&event_id=1778730243024_250440900874050_hisHdnN&name=00__the_synthetic_court_matrix__master.pdf&qqfile=00__the_synthetic_court_matrix__master.pdf
0037,38,24552,2026-05-14T03:46:31.494302Z,00:04:36:03,276.101241,https://upload.jotform.com/upload?action=multipleUpload&field=q4_fileUpload&origin=https%3A%2F%2Fform.jotform.com&folder=250440900874050_6a05450344967&event_id=1778730243024_250440900874050_hisHdnN&name=00__the_synthetic_court_matrix__master.pdf&qqfile=00__the_synthetic_court_matrix__master.pdf
0038,39,24552,2026-05-14T03:46:31.494302Z,00:04:36:03,276.101241,https://upload.jotform.com/upload?action=multipleUpload&field=q4_fileUpload&origin=https%3A%2F%2Fform.jotform.com&folder=250440900874050_6a05450344967&event_id=1778730243024_250440900874050_hisHdnN&name=00__the_synthetic_court_matrix__master.pdf&qqfile=00__the_synthetic_court_matrix__master.pdf
0038,39,24553,2026-05-14T03:47:01.260765Z,00:05:05:26,305.867704,https://submit.jotform.com/submit/250440900874050
0039,40,24554,2026-05-14T03:47:02.717153Z,00:05:07:10,307.324092,https://cdn.jotfor.ms/s/static/latest/js/prototype.js
0040,41,24554,2026-05-14T03:47:02.717153Z,00:05:07:10,307.324092,https://cdn.jotfor.ms/s/static/latest/js/prototype.js
0039,40,24555,2026-05-14T03:47:03.007163Z,00:05:07:18,307.614102,https://cdn.jotfor.ms/s/static/latest/css/thankyou.css
0040,41,24555,2026-05-14T03:47:03.007163Z,00:05:07:18,307.614102,https://cdn.jotfor.ms/s/static/latest/css/thankyou.css
0039,40,24556,2026-05-14T03:47:03.301148Z,00:05:07:27,307.908087,https://cdn.jotfor.ms/s/static/latest/js/includes/thankYouPageScripts.js
0040,41,24556,2026-05-14T03:47:03.301148Z,00:05:07:27,307.908087,https://cdn.jotfor.ms/s/static/latest/js/includes/thankYouPageScripts.js
0039,40,24557,2026-05-14T03:47:03.594617Z,00:05:08:06,308.201556,https://cdn.jotfor.ms/img/Thankyou-iconV2.png
0040,41,24557,2026-05-14T03:47:03.594617Z,00:05:08:06,308.201556,https://cdn.jotfor.ms/img/Thankyou-iconV2.png
0039,40,24558,2026-05-14T03:47:03.890929Z,00:05:08:15,308.497868,https://cdn.jotfor.ms/img/Thankyou-iconV2.png?v=0.1
0040,41,24558,2026-05-14T03:47:03.890929Z,00:05:08:15,308.497868,https://cdn.jotfor.ms/img/Thankyou-iconV2.png?v=0.1
0041,42,24558,2026-05-14T03:47:03.890929Z,00:05:08:15,308.497868,https://cdn.jotfor.ms/img/Thankyou-iconV2.png?v=0.1
0041,42,24559,2026-05-14T03:47:23.791878Z,00:05:28:12,328.398817,https://mozilla-ohttp.fastly-edge.com/
0041,42,24560,2026-05-14T03:47:24.078122Z,00:05:28:21,328.685061,https://mozilla-ohttp.fastly-edge.com/
0041,42,24561,2026-05-14T03:47:24.400007Z,00:05:29:00,329.006946,https://mozilla-ohttp.fastly-edge.com/
0041,42,24562,2026-05-14T03:47:24.827594Z,00:05:29:13,329.434533,https://mozilla-ohttp.fastly-edge.com/
0042,43,24572,2026-05-14T03:47:30.127347Z,00:05:34:22,334.734286,https://img-getpocket.cdn.mozilla.net/300x160/smart/filters:format(webp):quality(75):no_upscale():strip_exif()/https%3A%2F%2Fs3.us-east-1.amazonaws.com%2Fpocket-curatedcorpusapi-prod-images%2F50deae55-b520-49d6-9d10-a83006d9b393.jpeg
0042,43,24573,2026-05-14T03:47:30.415369Z,00:05:35:01,335.022308,https://img-getpocket.cdn.mozilla.net/110x117/smart/filters:format(webp):quality(75):no_upscale():strip_exif()/https%3A%2F%2Fs3.us-east-1.amazonaws.com%2Fpocket-curatedcorpusapi-prod-images%2Fe2f6b0b8-aa7b-41b6-bfb4-4974c9f250d3.jpeg
0042,43,24574,2026-05-14T03:47:30.755149Z,00:05:35:11,335.362088,https://img-getpocket.cdn.mozilla.net/110x117/smart/filters:format(webp):quality(75):no_upscale():strip_exif()/https%3A%2F%2Fs3.us-east-1.amazonaws.com%2Fpocket-curatedcorpusapi-prod-images%2F22529abc-9a64-4fd9-b9a8-149cdcaf795a.jpeg
0042,43,24575,2026-05-14T03:47:31.180834Z,00:05:35:24,335.787773,https://img-getpocket.cdn.mozilla.net/110x117/smart/filters:format(webp):quality(75):no_upscale():strip_exif()/https%3A%2F%2Fs3.us-east-1.amazonaws.com%2Fpocket-curatedcorpusapi-prod-images%2F3caab01b-4669-4801-bed4-2db0c7f4593c.jpeg
0042,43,24576,2026-05-14T03:47:31.592066Z,00:05:36:06,336.199005,https://img-getpocket.cdn.mozilla.net/110x117/smart/filters:format(webp):quality(75):no_upscale():strip_exif()/https%3A%2F%2Fs3.us-east-1.amazonaws.com%2Fpocket-curatedcorpusapi-prod-images%2Fef5d35d2-5db5-4e5a-a400-b071f22345d2.jpeg
0043,44,24584,2026-05-14T03:47:39.094800Z,00:05:43:21,343.701739,https://www.ag.state.mn.us/_Img/agLogo.png
0043,44,24585,2026-05-14T03:47:39.561994Z,00:05:44:05,344.168933,https://www.ag.state.mn.us/_Img/icons/FB.png
0043,44,24586,2026-05-14T03:47:39.851098Z,00:05:44:14,344.458037,https://www.ag.state.mn.us/_Img/icons/TW.png
0043,44,24587,2026-05-14T03:47:40.130915Z,00:05:44:22,344.737854,https://www.ag.state.mn.us/_Img/icons/YT.png
0043,44,24588,2026-05-14T03:47:41.308332Z,00:05:45:27,345.915271,https://img-getpocket.cdn.mozilla.net/190x250/smart/filters:format(webp):quality(75):no_upscale():strip_exif()/https%3A%2F%2Fs3.us-east-1.amazonaws.com%2Fpocket-curatedcorpusapi-prod-images%2F451a5d9e-39dc-40d9-8a00-7224da77278b.jpeg
0044,45,24593,2026-05-14T03:47:46.204213Z,00:05:50:24,350.811152,https://prod-images.merino.prod.webservices.mozgcp.net/favicons/4d7737906b4287d02ded42fb5582ad6c4f521440bc63078085361aef6073b0d4_2286.png
0044,45,24594,2026-05-14T03:47:47.638141Z,00:05:52:07,352.245080,https://prod-images.merino.prod.webservices.mozgcp.net/favicons/6df36ad9a79866d419c73bbf94be4570fa025203cdd43f49a750b4d6d2b3b3de_411.svg
0044,45,24595,2026-05-14T03:47:48.223513Z,00:05:52:25,352.830452,https://www.ag.state.mn.us/favicon.ico
0044,45,24596,2026-05-14T03:47:49.046310Z,00:05:53:20,353.653249,https://mnago.jotform.com/jsform/91345668832163
0044,45,24597,2026-05-14T03:47:49.314699Z,00:05:53:28,353.921638,https://siteimproveanalytics.com/js/siteanalyze_1535995.js
0045,46,24611,2026-05-14T03:47:54.916374Z,00:05:59:16,359.523313,https://mnago.jotform.com/s/umd/9146a74c820/for-aria-notify-polyfill.js
0045,46,24612,2026-05-14T03:47:55.368617Z,00:05:59:29,359.975556,https://mnago.jotform.com/s/static/9146a74c820/js/formTranslation.v2.js
0045,46,24613,2026-05-14T03:47:55.796457Z,00:06:00:12,360.403396,https://mnago.jotform.com/s/umd/9146a74c820/for-sanitize.js
0045,46,24614,2026-05-14T03:47:56.074155Z,00:06:00:20,360.681094,https://mnago.jotform.com/s/static/9146a74c820/css/language-dropdown.css?4.1.66188
0045,46,24615,2026-05-14T03:47:56.348452Z,00:06:00:29,360.955391,https://mnago.jotform.com/assets/v3/images/printer.png
0046,47,24617,2026-05-14T03:48:02.901334Z,00:06:07:15,367.508273,https://mnago.jotform.com/stylebuilder/static/control_appointment.css
0046,47,24618,2026-05-14T03:48:03.087037Z,00:06:07:21,367.693976,https://mnago.jotform.com/stylebuilder/static/control_inline.css
0047,48,24618,2026-05-14T03:48:03.087037Z,00:06:07:21,367.693976,https://mnago.jotform.com/stylebuilder/static/control_inline.css
0046,47,24619,2026-05-14T03:48:04.548292Z,00:06:09:05,369.155231,https://mnago.jotform.com/events/jsform/91345668832163/?ref=https%253A%252F%252Fwww.ag.state.mn.us%252F&res=2560x1440&eventID=1778730484326_91345668832163_ByjEU9X&loc=https%3A%2F%2Fwww.ag.state.mn.us%2FOffice%2FForms%2FConsumerAssistanceRequest.asp
0047,48,24619,2026-05-14T03:48:04.548292Z,00:06:09:05,369.155231,https://mnago.jotform.com/events/jsform/91345668832163/?ref=https%253A%252F%252Fwww.ag.state.mn.us%252F&res=2560x1440&eventID=1778730484326_91345668832163_ByjEU9X&loc=https%3A%2F%2Fwww.ag.state.mn.us%2FOffice%2FForms%2FConsumerAssistanceRequest.asp
0048,49,24619,2026-05-14T03:48:04.548292Z,00:06:09:05,369.155231,https://mnago.jotform.com/events/jsform/91345668832163/?ref=https%253A%252F%252Fwww.ag.state.mn.us%252F&res=2560x1440&eventID=1778730484326_91345668832163_ByjEU9X&loc=https%3A%2F%2Fwww.ag.state.mn.us%2FOffice%2FForms%2FConsumerAssistanceRequest.asp
0046,47,24620,2026-05-14T03:48:05.070955Z,00:06:09:20,369.677894,https://cdn.jotfor.ms/assets/img/language-dropdown/new-flags.png
0047,48,24620,2026-05-14T03:48:05.070955Z,00:06:09:20,369.677894,https://cdn.jotfor.ms/assets/img/language-dropdown/new-flags.png
0048,49,24620,2026-05-14T03:48:05.070955Z,00:06:09:20,369.677894,https://cdn.jotfor.ms/assets/img/language-dropdown/new-flags.png
0049,50,24620,2026-05-14T03:48:05.070955Z,00:06:09:20,369.677894,https://cdn.jotfor.ms/assets/img/language-dropdown/new-flags.png
0046,47,24621,2026-05-14T03:48:05.309370Z,00:06:09:27,369.916309,https://cdn.jotfor.ms/assets/img/uncategorized/hipaa-badge-compliance.png
0047,48,24621,2026-05-14T03:48:05.309370Z,00:06:09:27,369.916309,https://cdn.jotfor.ms/assets/img/uncategorized/hipaa-badge-compliance.png
0048,49,24621,2026-05-14T03:48:05.309370Z,00:06:09:27,369.916309,https://cdn.jotfor.ms/assets/img/uncategorized/hipaa-badge-compliance.png
0049,50,24621,2026-05-14T03:48:05.309370Z,00:06:09:27,369.916309,https://cdn.jotfor.ms/assets/img/uncategorized/hipaa-badge-compliance.png
0050,51,24621,2026-05-14T03:48:05.309370Z,00:06:09:27,369.916309,https://cdn.jotfor.ms/assets/img/uncategorized/hipaa-badge-compliance.png
0047,48,24622,2026-05-14T03:48:12.340271Z,00:06:16:28,376.947210,https://cdn.jotfor.ms/assets/v3/images/exclamation-octagon.png
0048,49,24622,2026-05-14T03:48:12.340271Z,00:06:16:28,376.947210,https://cdn.jotfor.ms/assets/v3/images/exclamation-octagon.png
0049,50,24622,2026-05-14T03:48:12.340271Z,00:06:16:28,376.947210,https://cdn.jotfor.ms/assets/v3/images/exclamation-octagon.png
0050,51,24622,2026-05-14T03:48:12.340271Z,00:06:16:28,376.947210,https://cdn.jotfor.ms/assets/v3/images/exclamation-octagon.png
0048,49,24623,2026-05-14T03:48:18.553077Z,00:06:23:05,383.160016,https://prod-images.merino.prod.webservices.mozgcp.net/favicons/ab20da348d19d1f1dd94ecb5faca866b3fc1b15a48d32ff1df5078770adf115f_10436.png
0049,50,24623,2026-05-14T03:48:18.553077Z,00:06:23:05,383.160016,https://prod-images.merino.prod.webservices.mozgcp.net/favicons/ab20da348d19d1f1dd94ecb5faca866b3fc1b15a48d32ff1df5078770adf115f_10436.png
0050,51,24623,2026-05-14T03:48:18.553077Z,00:06:23:05,383.160016,https://prod-images.merino.prod.webservices.mozgcp.net/favicons/ab20da348d19d1f1dd94ecb5faca866b3fc1b15a48d32ff1df5078770adf115f_10436.png
0051,52,24623,2026-05-14T03:48:18.553077Z,00:06:23:05,383.160016,https://prod-images.merino.prod.webservices.mozgcp.net/favicons/ab20da348d19d1f1dd94ecb5faca866b3fc1b15a48d32ff1df5078770adf115f_10436.png
0052,53,24623,2026-05-14T03:48:18.553077Z,00:06:23:05,383.160016,https://prod-images.merino.prod.webservices.mozgcp.net/favicons/ab20da348d19d1f1dd94ecb5faca866b3fc1b15a48d32ff1df5078770adf115f_10436.png
0049,50,24624,2026-05-14T03:48:23.582099Z,00:06:28:06,388.189038,https://prod-images.merino.prod.webservices.mozgcp.net/favicons/6782bc0d3f0c8c9995073164edeecc793a86d2261cc3ec0bd28e4115b8b944c9_912.webp
0050,51,24624,2026-05-14T03:48:23.582099Z,00:06:28:06,388.189038,https://prod-images.merino.prod.webservices.mozgcp.net/favicons/6782bc0d3f0c8c9995073164edeecc793a86d2261cc3ec0bd28e4115b8b944c9_912.webp
0051,52,24624,2026-05-14T03:48:23.582099Z,00:06:28:06,388.189038,https://prod-images.merino.prod.webservices.mozgcp.net/favicons/6782bc0d3f0c8c9995073164edeecc793a86d2261cc3ec0bd28e4115b8b944c9_912.webp
0052,53,24624,2026-05-14T03:48:23.582099Z,00:06:28:06,388.189038,https://prod-images.merino.prod.webservices.mozgcp.net/favicons/6782bc0d3f0c8c9995073164edeecc793a86d2261cc3ec0bd28e4115b8b944c9_912.webp
0050,51,24625,2026-05-14T03:48:29.737166Z,00:06:34:10,394.344105,https://prod-images.merino.prod.webservices.mozgcp.net/favicons/d16790fecb776bc95020d6772fd45bf00b9a74ac2b2c2bf9d98e9e6aa6feeaa4_12386.png
0051,52,24625,2026-05-14T03:48:29.737166Z,00:06:34:10,394.344105,https://prod-images.merino.prod.webservices.mozgcp.net/favicons/d16790fecb776bc95020d6772fd45bf00b9a74ac2b2c2bf9d98e9e6aa6feeaa4_12386.png
0052,53,24625,2026-05-14T03:48:29.737166Z,00:06:34:10,394.344105,https://prod-images.merino.prod.webservices.mozgcp.net/favicons/d16790fecb776bc95020d6772fd45bf00b9a74ac2b2c2bf9d98e9e6aa6feeaa4_12386.png
0053,54,24625,2026-05-14T03:48:29.737166Z,00:06:34:10,394.344105,https://prod-images.merino.prod.webservices.mozgcp.net/favicons/d16790fecb776bc95020d6772fd45bf00b9a74ac2b2c2bf9d98e9e6aa6feeaa4_12386.png
0054,55,24625,2026-05-14T03:48:29.737166Z,00:06:34:10,394.344105,https://prod-images.merino.prod.webservices.mozgcp.net/favicons/d16790fecb776bc95020d6772fd45bf00b9a74ac2b2c2bf9d98e9e6aa6feeaa4_12386.png
0055,56,24625,2026-05-14T03:48:29.737166Z,00:06:34:10,394.344105,https://prod-images.merino.prod.webservices.mozgcp.net/favicons/d16790fecb776bc95020d6772fd45bf00b9a74ac2b2c2bf9d98e9e6aa6feeaa4_12386.png
0056,57,24625,2026-05-14T03:48:29.737166Z,00:06:34:10,394.344105,https://prod-images.merino.prod.webservices.mozgcp.net/favicons/d16790fecb776bc95020d6772fd45bf00b9a74ac2b2c2bf9d98e9e6aa6feeaa4_12386.png
0057,58,24625,2026-05-14T03:48:29.737166Z,00:06:34:10,394.344105,https://prod-images.merino.prod.webservices.mozgcp.net/favicons/d16790fecb776bc95020d6772fd45bf00b9a74ac2b2c2bf9d98e9e6aa6feeaa4_12386.png
0058,59,24625,2026-05-14T03:48:29.737166Z,00:06:34:10,394.344105,https://prod-images.merino.prod.webservices.mozgcp.net/favicons/d16790fecb776bc95020d6772fd45bf00b9a74ac2b2c2bf9d98e9e6aa6feeaa4_12386.png
0059,60,24625,2026-05-14T03:48:29.737166Z,00:06:34:10,394.344105,https://prod-images.merino.prod.webservices.mozgcp.net/favicons/d16790fecb776bc95020d6772fd45bf00b9a74ac2b2c2bf9d98e9e6aa6feeaa4_12386.png
0060,61,24625,2026-05-14T03:48:29.737166Z,00:06:34:10,394.344105,https://prod-images.merino.prod.webservices.mozgcp.net/favicons/d16790fecb776bc95020d6772fd45bf00b9a74ac2b2c2bf9d98e9e6aa6feeaa4_12386.png
0061,62,24625,2026-05-14T03:48:29.737166Z,00:06:34:10,394.344105,https://prod-images.merino.prod.webservices.mozgcp.net/favicons/d16790fecb776bc95020d6772fd45bf00b9a74ac2b2c2bf9d98e9e6aa6feeaa4_12386.png
0062,63,24625,2026-05-14T03:48:29.737166Z,00:06:34:10,394.344105,https://prod-images.merino.prod.webservices.mozgcp.net/favicons/d16790fecb776bc95020d6772fd45bf00b9a74ac2b2c2bf9d98e9e6aa6feeaa4_12386.png
0063,64,24625,2026-05-14T03:48:29.737166Z,00:06:34:10,394.344105,https://prod-images.merino.prod.webservices.mozgcp.net/favicons/d16790fecb776bc95020d6772fd45bf00b9a74ac2b2c2bf9d98e9e6aa6feeaa4_12386.png
0064,65,24625,2026-05-14T03:48:29.737166Z,00:06:34:10,394.344105,https://prod-images.merino.prod.webservices.mozgcp.net/favicons/d16790fecb776bc95020d6772fd45bf00b9a74ac2b2c2bf9d98e9e6aa6feeaa4_12386.png
0051,52,24626,2026-05-14T03:48:37.667673Z,00:06:42:08,402.274612,https://prod-images.merino.prod.webservices.mozgcp.net/favicons/60039ba447fd917b5e8a0c8cc00b8da973c493ade6e8116c3c5e349f071a92a2_85688.png
0052,53,24626,2026-05-14T03:48:37.667673Z,00:06:42:08,402.274612,https://prod-images.merino.prod.webservices.mozgcp.net/favicons/60039ba447fd917b5e8a0c8cc00b8da973c493ade6e8116c3c5e349f071a92a2_85688.png
0053,54,24626,2026-05-14T03:48:37.667673Z,00:06:42:08,402.274612,https://prod-images.merino.prod.webservices.mozgcp.net/favicons/60039ba447fd917b5e8a0c8cc00b8da973c493ade6e8116c3c5e349f071a92a2_85688.png
0054,55,24626,2026-05-14T03:48:37.667673Z,00:06:42:08,402.274612,https://prod-images.merino.prod.webservices.mozgcp.net/favicons/60039ba447fd917b5e8a0c8cc00b8da973c493ade6e8116c3c5e349f071a92a2_85688.png
0055,56,24626,2026-05-14T03:48:37.667673Z,00:06:42:08,402.274612,https://prod-images.merino.prod.webservices.mozgcp.net/favicons/60039ba447fd917b5e8a0c8cc00b8da973c493ade6e8116c3c5e349f071a92a2_85688.png
0056,57,24626,2026-05-14T03:48:37.667673Z,00:06:42:08,402.274612,https://prod-images.merino.prod.webservices.mozgcp.net/favicons/60039ba447fd917b5e8a0c8cc00b8da973c493ade6e8116c3c5e349f071a92a2_85688.png
0057,58,24626,2026-05-14T03:48:37.667673Z,00:06:42:08,402.274612,https://prod-images.merino.prod.webservices.mozgcp.net/favicons/60039ba447fd917b5e8a0c8cc00b8da973c493ade6e8116c3c5e349f071a92a2_85688.png
0058,59,24626,2026-05-14T03:48:37.667673Z,00:06:42:08,402.274612,https://prod-images.merino.prod.webservices.mozgcp.net/favicons/60039ba447fd917b5e8a0c8cc00b8da973c493ade6e8116c3c5e349f071a92a2_85688.png
0059,60,24626,2026-05-14T03:48:37.667673Z,00:06:42:08,402.274612,https://prod-images.merino.prod.webservices.mozgcp.net/favicons/60039ba447fd917b5e8a0c8cc00b8da973c493ade6e8116c3c5e349f071a92a2_85688.png
0060,61,24626,2026-05-14T03:48:37.667673Z,00:06:42:08,402.274612,https://prod-images.merino.prod.webservices.mozgcp.net/favicons/60039ba447fd917b5e8a0c8cc00b8da973c493ade6e8116c3c5e349f071a92a2_85688.png
0061,62,24626,2026-05-14T03:48:37.667673Z,00:06:42:08,402.274612,https://prod-images.merino.prod.webservices.mozgcp.net/favicons/60039ba447fd917b5e8a0c8cc00b8da973c493ade6e8116c3c5e349f071a92a2_85688.png
0062,63,24626,2026-05-14T03:48:37.667673Z,00:06:42:08,402.274612,https://prod-images.merino.prod.webservices.mozgcp.net/favicons/60039ba447fd917b5e8a0c8cc00b8da973c493ade6e8116c3c5e349f071a92a2_85688.png
0063,64,24626,2026-05-14T03:48:37.667673Z,00:06:42:08,402.274612,https://prod-images.merino.prod.webservices.mozgcp.net/favicons/60039ba447fd917b5e8a0c8cc00b8da973c493ade6e8116c3c5e349f071a92a2_85688.png
0064,65,24626,2026-05-14T03:48:37.667673Z,00:06:42:08,402.274612,https://prod-images.merino.prod.webservices.mozgcp.net/favicons/60039ba447fd917b5e8a0c8cc00b8da973c493ade6e8116c3c5e349f071a92a2_85688.png
0051,52,24627,2026-05-14T03:48:40.806564Z,00:06:45:12,405.413503,https://prod-images.merino.prod.webservices.mozgcp.net/favicons/2dcf9e31b98c8231c874d123db021788468cc095641b09e257e6363d3f9293ae_6168.png
0052,53,24627,2026-05-14T03:48:40.806564Z,00:06:45:12,405.413503,https://prod-images.merino.prod.webservices.mozgcp.net/favicons/2dcf9e31b98c8231c874d123db021788468cc095641b09e257e6363d3f9293ae_6168.png
0053,54,24627,2026-05-14T03:48:40.806564Z,00:06:45:12,405.413503,https://prod-images.merino.prod.webservices.mozgcp.net/favicons/2dcf9e31b98c8231c874d123db021788468cc095641b09e257e6363d3f9293ae_6168.png
0054,55,24627,2026-05-14T03:48:40.806564Z,00:06:45:12,405.413503,https://prod-images.merino.prod.webservices.mozgcp.net/favicons/2dcf9e31b98c8231c874d123db021788468cc095641b09e257e6363d3f9293ae_6168.png
0055,56,24627,2026-05-14T03:48:40.806564Z,00:06:45:12,405.413503,https://prod-images.merino.prod.webservices.mozgcp.net/favicons/2dcf9e31b98c8231c874d123db021788468cc095641b09e257e6363d3f9293ae_6168.png
0056,57,24627,2026-05-14T03:48:40.806564Z,00:06:45:12,405.413503,https://prod-images.merino.prod.webservices.mozgcp.net/favicons/2dcf9e31b98c8231c874d123db021788468cc095641b09e257e6363d3f9293ae_6168.png
0057,58,24627,2026-05-14T03:48:40.806564Z,00:06:45:12,405.413503,https://prod-images.merino.prod.webservices.mozgcp.net/favicons/2dcf9e31b98c8231c874d123db021788468cc095641b09e257e6363d3f9293ae_6168.png
0058,59,24627,2026-05-14T03:48:40.806564Z,00:06:45:12,405.413503,https://prod-images.merino.prod.webservices.mozgcp.net/favicons/2dcf9e31b98c8231c874d123db021788468cc095641b09e257e6363d3f9293ae_6168.png
0059,60,24627,2026-05-14T03:48:40.806564Z,00:06:45:12,405.413503,https://prod-images.merino.prod.webservices.mozgcp.net/favicons/2dcf9e31b98c8231c874d123db021788468cc095641b09e257e6363d3f9293ae_6168.png
0060,61,24627,2026-05-14T03:48:40.806564Z,00:06:45:12,405.413503,https://prod-images.merino.prod.webservices.mozgcp.net/favicons/2dcf9e31b98c8231c874d123db021788468cc095641b09e257e6363d3f9293ae_6168.png
0061,62,24627,2026-05-14T03:48:40.806564Z,00:06:45:12,405.413503,https://prod-images.merino.prod.webservices.mozgcp.net/favicons/2dcf9e31b98c8231c874d123db021788468cc095641b09e257e6363d3f9293ae_6168.png
0062,63,24627,2026-05-14T03:48:40.806564Z,00:06:45:12,405.413503,https://prod-images.merino.prod.webservices.mozgcp.net/favicons/2dcf9e31b98c8231c874d123db021788468cc095641b09e257e6363d3f9293ae_6168.png
0063,64,24627,2026-05-14T03:48:40.806564Z,00:06:45:12,405.413503,https://prod-images.merino.prod.webservices.mozgcp.net/favicons/2dcf9e31b98c8231c874d123db021788468cc095641b09e257e6363d3f9293ae_6168.png
0064,65,24627,2026-05-14T03:48:40.806564Z,00:06:45:12,405.413503,https://prod-images.merino.prod.webservices.mozgcp.net/favicons/2dcf9e31b98c8231c874d123db021788468cc095641b09e257e6363d3f9293ae_6168.png
0053,54,24628,2026-05-14T03:48:52.960304Z,00:06:57:17,417.567243,https://prod-images.merino.prod.webservices.mozgcp.net/favicons/0137abe215358450defc129fc2c5e6c90e4f35259f0261b03e4043cbd80573e3_2613.png
0054,55,24628,2026-05-14T03:48:52.960304Z,00:06:57:17,417.567243,https://prod-images.merino.prod.webservices.mozgcp.net/favicons/0137abe215358450defc129fc2c5e6c90e4f35259f0261b03e4043cbd80573e3_2613.png
0055,56,24628,2026-05-14T03:48:52.960304Z,00:06:57:17,417.567243,https://prod-images.merino.prod.webservices.mozgcp.net/favicons/0137abe215358450defc129fc2c5e6c90e4f35259f0261b03e4043cbd80573e3_2613.png
0056,57,24628,2026-05-14T03:48:52.960304Z,00:06:57:17,417.567243,https://prod-images.merino.prod.webservices.mozgcp.net/favicons/0137abe215358450defc129fc2c5e6c90e4f35259f0261b03e4043cbd80573e3_2613.png
0057,58,24628,2026-05-14T03:48:52.960304Z,00:06:57:17,417.567243,https://prod-images.merino.prod.webservices.mozgcp.net/favicons/0137abe215358450defc129fc2c5e6c90e4f35259f0261b03e4043cbd80573e3_2613.png
0058,59,24628,2026-05-14T03:48:52.960304Z,00:06:57:17,417.567243,https://prod-images.merino.prod.webservices.mozgcp.net/favicons/0137abe215358450defc129fc2c5e6c90e4f35259f0261b03e4043cbd80573e3_2613.png
0059,60,24628,2026-05-14T03:48:52.960304Z,00:06:57:17,417.567243,https://prod-images.merino.prod.webservices.mozgcp.net/favicons/0137abe215358450defc129fc2c5e6c90e4f35259f0261b03e4043cbd80573e3_2613.png
0060,61,24628,2026-05-14T03:48:52.960304Z,00:06:57:17,417.567243,https://prod-images.merino.prod.webservices.mozgcp.net/favicons/0137abe215358450defc129fc2c5e6c90e4f35259f0261b03e4043cbd80573e3_2613.png
0061,62,24628,2026-05-14T03:48:52.960304Z,00:06:57:17,417.567243,https://prod-images.merino.prod.webservices.mozgcp.net/favicons/0137abe215358450defc129fc2c5e6c90e4f35259f0261b03e4043cbd80573e3_2613.png
0062,63,24628,2026-05-14T03:48:52.960304Z,00:06:57:17,417.567243,https://prod-images.merino.prod.webservices.mozgcp.net/favicons/0137abe215358450defc129fc2c5e6c90e4f35259f0261b03e4043cbd80573e3_2613.png
0063,64,24628,2026-05-14T03:48:52.960304Z,00:06:57:17,417.567243,https://prod-images.merino.prod.webservices.mozgcp.net/favicons/0137abe215358450defc129fc2c5e6c90e4f35259f0261b03e4043cbd80573e3_2613.png
0064,65,24628,2026-05-14T03:48:52.960304Z,00:06:57:17,417.567243,https://prod-images.merino.prod.webservices.mozgcp.net/favicons/0137abe215358450defc129fc2c5e6c90e4f35259f0261b03e4043cbd80573e3_2613.png
0053,54,24629,2026-05-14T03:48:53.961179Z,00:06:58:17,418.568118,https://prod-images.merino.prod.webservices.mozgcp.net/favicons/6e6c00a57767011697359192bac12fa177dbfcafcf1718f93879b1df144c9845_2837.oct
0054,55,24629,2026-05-14T03:48:53.961179Z,00:06:58:17,418.568118,https://prod-images.merino.prod.webservices.mozgcp.net/favicons/6e6c00a57767011697359192bac12fa177dbfcafcf1718f93879b1df144c9845_2837.oct
0055,56,24629,2026-05-14T03:48:53.961179Z,00:06:58:17,418.568118,https://prod-images.merino.prod.webservices.mozgcp.net/favicons/6e6c00a57767011697359192bac12fa177dbfcafcf1718f93879b1df144c9845_2837.oct
0056,57,24629,2026-05-14T03:48:53.961179Z,00:06:58:17,418.568118,https://prod-images.merino.prod.webservices.mozgcp.net/favicons/6e6c00a57767011697359192bac12fa177dbfcafcf1718f93879b1df144c9845_2837.oct
0057,58,24629,2026-05-14T03:48:53.961179Z,00:06:58:17,418.568118,https://prod-images.merino.prod.webservices.mozgcp.net/favicons/6e6c00a57767011697359192bac12fa177dbfcafcf1718f93879b1df144c9845_2837.oct
0058,59,24629,2026-05-14T03:48:53.961179Z,00:06:58:17,418.568118,https://prod-images.merino.prod.webservices.mozgcp.net/favicons/6e6c00a57767011697359192bac12fa177dbfcafcf1718f93879b1df144c9845_2837.oct
0059,60,24629,2026-05-14T03:48:53.961179Z,00:06:58:17,418.568118,https://prod-images.merino.prod.webservices.mozgcp.net/favicons/6e6c00a57767011697359192bac12fa177dbfcafcf1718f93879b1df144c9845_2837.oct
0060,61,24629,2026-05-14T03:48:53.961179Z,00:06:58:17,418.568118,https://prod-images.merino.prod.webservices.mozgcp.net/favicons/6e6c00a57767011697359192bac12fa177dbfcafcf1718f93879b1df144c9845_2837.oct
0061,62,24629,2026-05-14T03:48:53.961179Z,00:06:58:17,418.568118,https://prod-images.merino.prod.webservices.mozgcp.net/favicons/6e6c00a57767011697359192bac12fa177dbfcafcf1718f93879b1df144c9845_2837.oct
0062,63,24629,2026-05-14T03:48:53.961179Z,00:06:58:17,418.568118,https://prod-images.merino.prod.webservices.mozgcp.net/favicons/6e6c00a57767011697359192bac12fa177dbfcafcf1718f93879b1df144c9845_2837.oct
0063,64,24629,2026-05-14T03:48:53.961179Z,00:06:58:17,418.568118,https://prod-images.merino.prod.webservices.mozgcp.net/favicons/6e6c00a57767011697359192bac12fa177dbfcafcf1718f93879b1df144c9845_2837.oct
0064,65,24629,2026-05-14T03:48:53.961179Z,00:06:58:17,418.568118,https://prod-images.merino.prod.webservices.mozgcp.net/favicons/6e6c00a57767011697359192bac12fa177dbfcafcf1718f93879b1df144c9845_2837.oct
0065,66,24630,2026-05-14T03:50:27.930320Z,00:08:32:16,512.537259,https://incoming.telemetry.mozilla.org/submit/firefox-desktop/usage-reporting/1/5ea03880-c0da-4b3d-8611-74e4be15d15a
0065,66,24631,2026-05-14T03:50:28.745643Z,00:08:33:11,513.352582,https://incoming.telemetry.mozilla.org/submit/firefox-desktop/usage-reporting/1/f81a27a2-889d-43ac-8f54-68ceedc71d8e
0066,67,24631,2026-05-14T03:50:28.745643Z,00:08:33:11,513.352582,https://incoming.telemetry.mozilla.org/submit/firefox-desktop/usage-reporting/1/f81a27a2-889d-43ac-8f54-68ceedc71d8e
0067,68,24631,2026-05-14T03:50:28.745643Z,00:08:33:11,513.352582,https://incoming.telemetry.mozilla.org/submit/firefox-desktop/usage-reporting/1/f81a27a2-889d-43ac-8f54-68ceedc71d8e
0068,69,24631,2026-05-14T03:50:28.745643Z,00:08:33:11,513.352582,https://incoming.telemetry.mozilla.org/submit/firefox-desktop/usage-reporting/1/f81a27a2-889d-43ac-8f54-68ceedc71d8e
0069,70,24631,2026-05-14T03:50:28.745643Z,00:08:33:11,513.352582,https://incoming.telemetry.mozilla.org/submit/firefox-desktop/usage-reporting/1/f81a27a2-889d-43ac-8f54-68ceedc71d8e
0065,66,24632,2026-05-14T03:50:29.677057Z,00:08:34:09,514.283996,https://incoming.telemetry.mozilla.org/submit/firefox-desktop/usage-reporting/1/e5a720d3-2a1f-4dfd-a456-253a32cec1d5
0066,67,24632,2026-05-14T03:50:29.677057Z,00:08:34:09,514.283996,https://incoming.telemetry.mozilla.org/submit/firefox-desktop/usage-reporting/1/e5a720d3-2a1f-4dfd-a456-253a32cec1d5
0067,68,24632,2026-05-14T03:50:29.677057Z,00:08:34:09,514.283996,https://incoming.telemetry.mozilla.org/submit/firefox-desktop/usage-reporting/1/e5a720d3-2a1f-4dfd-a456-253a32cec1d5
0068,69,24632,2026-05-14T03:50:29.677057Z,00:08:34:09,514.283996,https://incoming.telemetry.mozilla.org/submit/firefox-desktop/usage-reporting/1/e5a720d3-2a1f-4dfd-a456-253a32cec1d5
0069,70,24632,2026-05-14T03:50:29.677057Z,00:08:34:09,514.283996,https://incoming.telemetry.mozilla.org/submit/firefox-desktop/usage-reporting/1/e5a720d3-2a1f-4dfd-a456-253a32cec1d5
0065,66,24633,2026-05-14T03:50:30.458799Z,00:08:35:02,515.065738,https://incoming.telemetry.mozilla.org/submit/firefox-desktop/usage-reporting/1/51c5a857-8e86-4173-8810-4f698710b589
0066,67,24633,2026-05-14T03:50:30.458799Z,00:08:35:02,515.065738,https://incoming.telemetry.mozilla.org/submit/firefox-desktop/usage-reporting/1/51c5a857-8e86-4173-8810-4f698710b589
0067,68,24633,2026-05-14T03:50:30.458799Z,00:08:35:02,515.065738,https://incoming.telemetry.mozilla.org/submit/firefox-desktop/usage-reporting/1/51c5a857-8e86-4173-8810-4f698710b589
0068,69,24633,2026-05-14T03:50:30.458799Z,00:08:35:02,515.065738,https://incoming.telemetry.mozilla.org/submit/firefox-desktop/usage-reporting/1/51c5a857-8e86-4173-8810-4f698710b589
0069,70,24633,2026-05-14T03:50:30.458799Z,00:08:35:02,515.065738,https://incoming.telemetry.mozilla.org/submit/firefox-desktop/usage-reporting/1/51c5a857-8e86-4173-8810-4f698710b589
0065,66,24634,2026-05-14T03:50:31.221850Z,00:08:35:25,515.828789,https://incoming.telemetry.mozilla.org/submit/firefox-desktop/usage-reporting/1/0fb3a8de-1f35-4ea5-9491-13ab51b730f8
0066,67,24634,2026-05-14T03:50:31.221850Z,00:08:35:25,515.828789,https://incoming.telemetry.mozilla.org/submit/firefox-desktop/usage-reporting/1/0fb3a8de-1f35-4ea5-9491-13ab51b730f8
0067,68,24634,2026-05-14T03:50:31.221850Z,00:08:35:25,515.828789,https://incoming.telemetry.mozilla.org/submit/firefox-desktop/usage-reporting/1/0fb3a8de-1f35-4ea5-9491-13ab51b730f8
0068,69,24634,2026-05-14T03:50:31.221850Z,00:08:35:25,515.828789,https://incoming.telemetry.mozilla.org/submit/firefox-desktop/usage-reporting/1/0fb3a8de-1f35-4ea5-9491-13ab51b730f8
0069,70,24634,2026-05-14T03:50:31.221850Z,00:08:35:25,515.828789,https://incoming.telemetry.mozilla.org/submit/firefox-desktop/usage-reporting/1/0fb3a8de-1f35-4ea5-9491-13ab51b730f8
0066,67,24635,2026-05-14T03:50:31.904243Z,00:08:36:15,516.511182,https://incoming.telemetry.mozilla.org/submit/firefox-desktop/usage-reporting/1/042546f2-2122-4469-b70f-340f67620e8a
0067,68,24635,2026-05-14T03:50:31.904243Z,00:08:36:15,516.511182,https://incoming.telemetry.mozilla.org/submit/firefox-desktop/usage-reporting/1/042546f2-2122-4469-b70f-340f67620e8a
0068,69,24635,2026-05-14T03:50:31.904243Z,00:08:36:15,516.511182,https://incoming.telemetry.mozilla.org/submit/firefox-desktop/usage-reporting/1/042546f2-2122-4469-b70f-340f67620e8a
0069,70,24635,2026-05-14T03:50:31.904243Z,00:08:36:15,516.511182,https://incoming.telemetry.mozilla.org/submit/firefox-desktop/usage-reporting/1/042546f2-2122-4469-b70f-340f67620e8a
0070,71,24638,2026-05-14T03:51:08.149107Z,00:09:12:23,552.756046,https://www.ag.state.mn.us/_CSS/boilerplate.css
0070,71,24639,2026-05-14T03:51:08.401113Z,00:09:13:00,553.008052,https://www.ag.state.mn.us/_CSS/grid.css
0070,71,24640,2026-05-14T03:51:08.685695Z,00:09:13:09,553.292634,https://www.ag.state.mn.us/_CSS/mainStyle.css
0070,71,24641,2026-05-14T03:51:08.928745Z,00:09:13:16,553.535684,https://www.ag.state.mn.us/_CSS/mobileStyle.css
0070,71,24642,2026-05-14T03:51:09.293680Z,00:09:13:27,553.900619,https://www.ag.state.mn.us/Office/Forms/langList.css
0071,72,24652,2026-05-14T03:51:16.107022Z,00:09:20:21,560.713961,https://mnago.jotform.com/stylebuilder/static/form-common.css?v=5f30423
0071,72,24653,2026-05-14T03:51:16.376559Z,00:09:21:00,560.983498,https://mnago.jotform.com/css/styles/nova.css?4.1.66188
0071,72,24654,2026-05-14T03:51:16.655677Z,00:09:21:08,561.262616,https://mnago.jotform.com/themes/CSS/566a91c2977cdfcd478b4567.css?v=4.1.66188&themeRevisionID=5cf39fbd544a5401541a4081
0071,72,24655,2026-05-14T03:51:16.914582Z,00:09:21:16,561.521521,https://mnago.jotform.com/s/static/9146a74c820/css/styles/payment/payment_feature.css?4.1.66188
0071,72,24656,2026-05-14T03:51:17.168191Z,00:09:21:23,561.775130,https://mnago.jotform.com/stylebuilder/static/buttons/form-submit-button-simple_blue.css?4.1.66188
0072,73,24663,2026-05-14T03:51:19.484529Z,00:09:24:03,564.091468,https://mnago.jotform.com/s/umd/9146a74c820/for-aria-notify-polyfill.js
0072,73,24664,2026-05-14T03:51:19.733143Z,00:09:24:10,564.340082,https://mnago.jotform.com/s/static/9146a74c820/js/formTranslation.v2.js
0072,73,24665,2026-05-14T03:51:19.975455Z,00:09:24:17,564.582394,https://mnago.jotform.com/s/umd/9146a74c820/for-sanitize.js
0072,73,24666,2026-05-14T03:51:20.217330Z,00:09:24:25,564.824269,https://mnago.jotform.com/s/static/9146a74c820/css/language-dropdown.css?4.1.66188
0072,73,24667,2026-05-14T03:51:20.472218Z,00:09:25:02,565.079157,https://mnago.jotform.com/assets/v3/images/printer.png
0073,74,24668,2026-05-14T03:51:25.905296Z,00:09:30:15,570.512235,https://mnago.jotform.com/stylebuilder/static/control_appointment.css
0074,75,24668,2026-05-14T03:51:25.905296Z,00:09:30:15,570.512235,https://mnago.jotform.com/stylebuilder/static/control_appointment.css
0075,76,24668,2026-05-14T03:51:25.905296Z,00:09:30:15,570.512235,https://mnago.jotform.com/stylebuilder/static/control_appointment.css
0073,74,24669,2026-05-14T03:51:26.253356Z,00:09:30:26,570.860295,https://mnago.jotform.com/stylebuilder/static/control_inline.css
0074,75,24669,2026-05-14T03:51:26.253356Z,00:09:30:26,570.860295,https://mnago.jotform.com/stylebuilder/static/control_inline.css
0075,76,24669,2026-05-14T03:51:26.253356Z,00:09:30:26,570.860295,https://mnago.jotform.com/stylebuilder/static/control_inline.css
0073,74,24670,2026-05-14T03:51:27.265917Z,00:09:31:26,571.872856,https://mnago.jotform.com/events/jsform/91345668832163/?ref=https%253A%252F%252Fwww.ag.state.mn.us%252F&res=2560x1440&eventID=1778730687057_91345668832163_zR9jmEV&loc=https%3A%2F%2Fwww.ag.state.mn.us%2FOffice%2FForms%2FConsumerAssistanceRequest.asp
0074,75,24670,2026-05-14T03:51:27.265917Z,00:09:31:26,571.872856,https://mnago.jotform.com/events/jsform/91345668832163/?ref=https%253A%252F%252Fwww.ag.state.mn.us%252F&res=2560x1440&eventID=1778730687057_91345668832163_zR9jmEV&loc=https%3A%2F%2Fwww.ag.state.mn.us%2FOffice%2FForms%2FConsumerAssistanceRequest.asp
0075,76,24670,2026-05-14T03:51:27.265917Z,00:09:31:26,571.872856,https://mnago.jotform.com/events/jsform/91345668832163/?ref=https%253A%252F%252Fwww.ag.state.mn.us%252F&res=2560x1440&eventID=1778730687057_91345668832163_zR9jmEV&loc=https%3A%2F%2Fwww.ag.state.mn.us%2FOffice%2FForms%2FConsumerAssistanceRequest.asp
0076,77,24670,2026-05-14T03:51:27.265917Z,00:09:31:26,571.872856,https://mnago.jotform.com/events/jsform/91345668832163/?ref=https%253A%252F%252Fwww.ag.state.mn.us%252F&res=2560x1440&eventID=1778730687057_91345668832163_zR9jmEV&loc=https%3A%2F%2Fwww.ag.state.mn.us%2FOffice%2FForms%2FConsumerAssistanceRequest.asp
0077,78,24670,2026-05-14T03:51:27.265917Z,00:09:31:26,571.872856,https://mnago.jotform.com/events/jsform/91345668832163/?ref=https%253A%252F%252Fwww.ag.state.mn.us%252F&res=2560x1440&eventID=1778730687057_91345668832163_zR9jmEV&loc=https%3A%2F%2Fwww.ag.state.mn.us%2FOffice%2FForms%2FConsumerAssistanceRequest.asp
0073,74,24671,2026-05-14T03:51:27.759114Z,00:09:32:11,572.366053,https://cdn.jotfor.ms/assets/img/language-dropdown/new-flags.png
0074,75,24671,2026-05-14T03:51:27.759114Z,00:09:32:11,572.366053,https://cdn.jotfor.ms/assets/img/language-dropdown/new-flags.png
0075,76,24671,2026-05-14T03:51:27.759114Z,00:09:32:11,572.366053,https://cdn.jotfor.ms/assets/img/language-dropdown/new-flags.png
0076,77,24671,2026-05-14T03:51:27.759114Z,00:09:32:11,572.366053,https://cdn.jotfor.ms/assets/img/language-dropdown/new-flags.png
0077,78,24671,2026-05-14T03:51:27.759114Z,00:09:32:11,572.366053,https://cdn.jotfor.ms/assets/img/language-dropdown/new-flags.png
0078,79,24671,2026-05-14T03:51:27.759114Z,00:09:32:11,572.366053,https://cdn.jotfor.ms/assets/img/language-dropdown/new-flags.png
0079,80,24671,2026-05-14T03:51:27.759114Z,00:09:32:11,572.366053,https://cdn.jotfor.ms/assets/img/language-dropdown/new-flags.png
0080,81,24671,2026-05-14T03:51:27.759114Z,00:09:32:11,572.366053,https://cdn.jotfor.ms/assets/img/language-dropdown/new-flags.png
0073,74,24672,2026-05-14T03:51:28.019837Z,00:09:32:19,572.626776,https://cdn.jotfor.ms/assets/img/uncategorized/hipaa-badge-compliance.png
0074,75,24672,2026-05-14T03:51:28.019837Z,00:09:32:19,572.626776,https://cdn.jotfor.ms/assets/img/uncategorized/hipaa-badge-compliance.png
0075,76,24672,2026-05-14T03:51:28.019837Z,00:09:32:19,572.626776,https://cdn.jotfor.ms/assets/img/uncategorized/hipaa-badge-compliance.png
0076,77,24672,2026-05-14T03:51:28.019837Z,00:09:32:19,572.626776,https://cdn.jotfor.ms/assets/img/uncategorized/hipaa-badge-compliance.png
0077,78,24672,2026-05-14T03:51:28.019837Z,00:09:32:19,572.626776,https://cdn.jotfor.ms/assets/img/uncategorized/hipaa-badge-compliance.png
0078,79,24672,2026-05-14T03:51:28.019837Z,00:09:32:19,572.626776,https://cdn.jotfor.ms/assets/img/uncategorized/hipaa-badge-compliance.png
0079,80,24672,2026-05-14T03:51:28.019837Z,00:09:32:19,572.626776,https://cdn.jotfor.ms/assets/img/uncategorized/hipaa-badge-compliance.png
0080,81,24672,2026-05-14T03:51:28.019837Z,00:09:32:19,572.626776,https://cdn.jotfor.ms/assets/img/uncategorized/hipaa-badge-compliance.png
0076,77,24673,2026-05-14T03:51:53.744554Z,00:09:58:11,598.351493,https://mnago.jotform.com/assets/v3/images/loading.gif
0077,78,24673,2026-05-14T03:51:53.744554Z,00:09:58:11,598.351493,https://mnago.jotform.com/assets/v3/images/loading.gif
0078,79,24673,2026-05-14T03:51:53.744554Z,00:09:58:11,598.351493,https://mnago.jotform.com/assets/v3/images/loading.gif
0079,80,24673,2026-05-14T03:51:53.744554Z,00:09:58:11,598.351493,https://mnago.jotform.com/assets/v3/images/loading.gif
0080,81,24673,2026-05-14T03:51:53.744554Z,00:09:58:11,598.351493,https://mnago.jotform.com/assets/v3/images/loading.gif
0076,77,24674,2026-05-14T03:51:53.998818Z,00:09:58:18,598.605757,https://mnago.jotform.com/upload?action=multipleUpload&field=q26_attachments&origin=https%3A%2F%2Fmnago.jotform.com&folder=91345668832163_6a0545f42bffe&event_id=1778730484326_91345668832163_ByjEU9X&name=00__the_synthetic_court_matrix__master.pdf&qqfile=00__the_synthetic_court_matrix__master.pdf
0077,78,24674,2026-05-14T03:51:53.998818Z,00:09:58:18,598.605757,https://mnago.jotform.com/upload?action=multipleUpload&field=q26_attachments&origin=https%3A%2F%2Fmnago.jotform.com&folder=91345668832163_6a0545f42bffe&event_id=1778730484326_91345668832163_ByjEU9X&name=00__the_synthetic_court_matrix__master.pdf&qqfile=00__the_synthetic_court_matrix__master.pdf
0078,79,24674,2026-05-14T03:51:53.998818Z,00:09:58:18,598.605757,https://mnago.jotform.com/upload?action=multipleUpload&field=q26_attachments&origin=https%3A%2F%2Fmnago.jotform.com&folder=91345668832163_6a0545f42bffe&event_id=1778730484326_91345668832163_ByjEU9X&name=00__the_synthetic_court_matrix__master.pdf&qqfile=00__the_synthetic_court_matrix__master.pdf
0079,80,24674,2026-05-14T03:51:53.998818Z,00:09:58:18,598.605757,https://mnago.jotform.com/upload?action=multipleUpload&field=q26_attachments&origin=https%3A%2F%2Fmnago.jotform.com&folder=91345668832163_6a0545f42bffe&event_id=1778730484326_91345668832163_ByjEU9X&name=00__the_synthetic_court_matrix__master.pdf&qqfile=00__the_synthetic_court_matrix__master.pdf
0080,81,24674,2026-05-14T03:51:53.998818Z,00:09:58:18,598.605757,https://mnago.jotform.com/upload?action=multipleUpload&field=q26_attachments&origin=https%3A%2F%2Fmnago.jotform.com&folder=91345668832163_6a0545f42bffe&event_id=1778730484326_91345668832163_ByjEU9X&name=00__the_synthetic_court_matrix__master.pdf&qqfile=00__the_synthetic_court_matrix__master.pdf
0078,79,24675,2026-05-14T03:52:03.843444Z,00:10:08:14,608.450383,https://mnago.jotform.com/events/jsform/91345668832163/?ref=https%253A%252F%252Fwww.ag.state.mn.us%252F&res=2560x1440&eventID=1778730484326_91345668832163_ByjEU9X&loc=https%3A%2F%2Fwww.ag.state.mn.us%2FOffice%2FForms%2FConsumerAssistanceRequest.asp
0079,80,24675,2026-05-14T03:52:03.843444Z,00:10:08:14,608.450383,https://mnago.jotform.com/events/jsform/91345668832163/?ref=https%253A%252F%252Fwww.ag.state.mn.us%252F&res=2560x1440&eventID=1778730484326_91345668832163_ByjEU9X&loc=https%3A%2F%2Fwww.ag.state.mn.us%2FOffice%2FForms%2FConsumerAssistanceRequest.asp
0080,81,24675,2026-05-14T03:52:03.843444Z,00:10:08:14,608.450383,https://mnago.jotform.com/events/jsform/91345668832163/?ref=https%253A%252F%252Fwww.ag.state.mn.us%252F&res=2560x1440&eventID=1778730484326_91345668832163_ByjEU9X&loc=https%3A%2F%2Fwww.ag.state.mn.us%2FOffice%2FForms%2FConsumerAssistanceRequest.asp
0081,82,24676,2026-05-14T03:52:28.256658Z,00:10:32:26,632.863597,https://mnago.jotform.com/API/formInitCatchLogger/91345668832163
0082,83,24676,2026-05-14T03:52:28.256658Z,00:10:32:26,632.863597,https://mnago.jotform.com/API/formInitCatchLogger/91345668832163
0083,84,24676,2026-05-14T03:52:28.256658Z,00:10:32:26,632.863597,https://mnago.jotform.com/API/formInitCatchLogger/91345668832163
0081,82,24677,2026-05-14T03:52:28.743080Z,00:10:33:11,633.350019,https://mnago.jotform.com/API/formInitCatchLogger/91345668832163
0082,83,24677,2026-05-14T03:52:28.743080Z,00:10:33:11,633.350019,https://mnago.jotform.com/API/formInitCatchLogger/91345668832163
0083,84,24677,2026-05-14T03:52:28.743080Z,00:10:33:11,633.350019,https://mnago.jotform.com/API/formInitCatchLogger/91345668832163
0081,82,24678,2026-05-14T03:52:28.993465Z,00:10:33:18,633.600404,https://mnago.jotform.com/submit/91345668832163
0082,83,24678,2026-05-14T03:52:28.993465Z,00:10:33:18,633.600404,https://mnago.jotform.com/submit/91345668832163
0083,84,24678,2026-05-14T03:52:28.993465Z,00:10:33:18,633.600404,https://mnago.jotform.com/submit/91345668832163
0081,82,24679,2026-05-14T03:52:30.581987Z,00:10:35:06,635.188926,https://www.ag.state.mn.us/Office/Forms/Confirm.asp
0082,83,24679,2026-05-14T03:52:30.581987Z,00:10:35:06,635.188926,https://www.ag.state.mn.us/Office/Forms/Confirm.asp
0083,84,24679,2026-05-14T03:52:30.581987Z,00:10:35:06,635.188926,https://www.ag.state.mn.us/Office/Forms/Confirm.asp
0081,82,24680,2026-05-14T03:52:31.520568Z,00:10:36:04,636.127507,https://1535995.global.siteimproveanalytics.io/image.aspx?url=https%3A%2F%2Fwww.ag.state.mn.us%2FOffice%2FForms%2FConfirm.asp&ref=https%3A%2F%2Fmnago.jotform.com%2F&title=Confirmation%20%7C%20The%20Office%20of%20Attorney%20General%20Keith%20Ellison&res=2560x1440&accountid=1535995&groups=Attorney%20General%2C%20Minnesota%2C%20Keith%20Ellison%2C%20Consumer%20Complaints%2C%20Report%20Fraud%2C&path=en-us&rt=950&prev=68456b21-bd5c-7831-7213-439788660b48&luid=261b435e-1aef-0ba7-65a6-4f509cd82d1e&kvp_szGroupName=Attorney%20General&kvp_szGroupName=Minnesota&kvp_szGroupName=Keith%20Ellison&kvp_szGroupName=Consumer%20Complaints&kvp_szGroupName=Report%20Fraud&kvp_path=en-us&rnd=38244
0082,83,24680,2026-05-14T03:52:31.520568Z,00:10:36:04,636.127507,https://1535995.global.siteimproveanalytics.io/image.aspx?url=https%3A%2F%2Fwww.ag.state.mn.us%2FOffice%2FForms%2FConfirm.asp&ref=https%3A%2F%2Fmnago.jotform.com%2F&title=Confirmation%20%7C%20The%20Office%20of%20Attorney%20General%20Keith%20Ellison&res=2560x1440&accountid=1535995&groups=Attorney%20General%2C%20Minnesota%2C%20Keith%20Ellison%2C%20Consumer%20Complaints%2C%20Report%20Fraud%2C&path=en-us&rt=950&prev=68456b21-bd5c-7831-7213-439788660b48&luid=261b435e-1aef-0ba7-65a6-4f509cd82d1e&kvp_szGroupName=Attorney%20General&kvp_szGroupName=Minnesota&kvp_szGroupName=Keith%20Ellison&kvp_szGroupName=Consumer%20Complaints&kvp_szGroupName=Report%20Fraud&kvp_path=en-us&rnd=38244
0083,84,24680,2026-05-14T03:52:31.520568Z,00:10:36:04,636.127507,https://1535995.global.siteimproveanalytics.io/image.aspx?url=https%3A%2F%2Fwww.ag.state.mn.us%2FOffice%2FForms%2FConfirm.asp&ref=https%3A%2F%2Fmnago.jotform.com%2F&title=Confirmation%20%7C%20The%20Office%20of%20Attorney%20General%20Keith%20Ellison&res=2560x1440&accountid=1535995&groups=Attorney%20General%2C%20Minnesota%2C%20Keith%20Ellison%2C%20Consumer%20Complaints%2C%20Report%20Fraud%2C&path=en-us&rt=950&prev=68456b21-bd5c-7831-7213-439788660b48&luid=261b435e-1aef-0ba7-65a6-4f509cd82d1e&kvp_szGroupName=Attorney%20General&kvp_szGroupName=Minnesota&kvp_szGroupName=Keith%20Ellison&kvp_szGroupName=Consumer%20Complaints&kvp_szGroupName=Report%20Fraud&kvp_path=en-us&rnd=38244
0084,85,24686,2026-05-14T03:52:56.568448Z,00:11:01:05,661.175387,https://firefox.settings.services.mozilla.com/v1/buckets/main/collections/ms-language-packs/records/cfr-v1-en-US
0084,85,24687,2026-05-14T03:52:56.817217Z,00:11:01:13,661.424156,https://prod-images.merino.prod.webservices.mozgcp.net/favicons/0ccd109b6554f10f417228df71a2946c68d92eb3808e03738446142eb2c11229_7015.png
0084,85,24688,2026-05-14T03:52:57.052779Z,00:11:01:20,661.659718,https://img-getpocket.cdn.mozilla.net/300x160/smart/filters:format(webp):quality(75):no_upscale():strip_exif()/https%3A%2F%2Fads-img.mozilla.org%2Fv1%2Fimages%3Fimage_data%3DCr4BCrsBaHR0cHM6Ly9jcmVhdGl2ZXMuc2FzY2RuLmNvbS9kaWZmLzU0MTQvYWR2ZXJ0aXNlci81Mzk1OTUvTm9fSW50ZXJlc3RfVW50aWxfMjAyN18rX0V4Y2VsbGVudF9XZWxjb21lX09mZmVyX19fX19ibHVycmVkX2xhZHlfaG9sZGluZ19jYXJkX2FuZF9waG9uZV9fOTg0ZGQ2ODMtOGQxNi00NjBjLWI4M2ItODRkNTNiYjZmODAyLmpwZxIg_-J5K3UzcX0FqV7bLWiuXzHksAFqxAqw7Tk-ofJQlSY
0084,85,24689,2026-05-14T03:52:57.301343Z,00:11:01:27,661.908282,https://img-getpocket.cdn.mozilla.net/110x117/smart/filters:format(webp):quality(75):no_upscale():strip_exif()/https%3A%2F%2Fs3.us-east-1.amazonaws.com%2Fpocket-curatedcorpusapi-prod-images%2Fef5d35d2-5db5-4e5a-a400-b071f22345d2.jpeg
0084,85,24690,2026-05-14T03:52:57.723584Z,00:11:02:10,662.330523,https://img-getpocket.cdn.mozilla.net/110x117/smart/filters:format(webp):quality(75):no_upscale():strip_exif()/https%3A%2F%2Fs3.us-east-1.amazonaws.com%2Fpocket-curatedcorpusapi-prod-images%2F3caab01b-4669-4801-bed4-2db0c7f4593c.jpeg
0085,86,24694,2026-05-14T03:52:59.105725Z,00:11:03:21,663.712664,https://img-getpocket.cdn.mozilla.net/300x160/smart/filters:format(webp):quality(75):no_upscale():strip_exif()/https%3A%2F%2Fs3.us-east-1.amazonaws.com%2Fpocket-curatedcorpusapi-prod-images%2F66f832dc-77f5-44ec-9078-1cca24e9a8f9.jpeg
0085,86,24695,2026-05-14T03:52:59.355148Z,00:11:03:29,663.962087,https://img-getpocket.cdn.mozilla.net/300x160/smart/filters:format(webp):quality(75):no_upscale():strip_exif()/https%3A%2F%2Fs3.us-east-1.amazonaws.com%2Fpocket-curatedcorpusapi-prod-images%2F3872a18b-623d-48a7-9b03-1f2fb1236a97.jpeg
0085,86,24696,2026-05-14T03:52:59.590194Z,00:11:04:06,664.197133,https://img-getpocket.cdn.mozilla.net/300x160/smart/filters:format(webp):quality(75):no_upscale():strip_exif()/https%3A%2F%2Fs3.us-east-1.amazonaws.com%2Fpocket-curatedcorpusapi-prod-images%2F9aa38e28-f8fc-4cc9-97ae-590836302e0d.jpeg
0085,86,24697,2026-05-14T03:52:59.834062Z,00:11:04:13,664.441001,https://img-getpocket.cdn.mozilla.net/300x160/smart/filters:format(webp):quality(75):no_upscale():strip_exif()/https%3A%2F%2Fads-img.mozilla.org%2Fv1%2Fimages%3Fimage_data%3DCrQBCrEBaHR0cHM6Ly9jcmVhdGl2ZXMuc2FzY2RuLmNvbS9kaWZmLzU0MTQvYWR2ZXJ0aXNlci81Mzc0MDIvSWZfWW91X093bl9hX0hvbWVfYW5kX05lZWRfQ2FzaCxfRG9fVGhpc19JbnN0ZWFkX29mX2FfTG9hbl8oSXRfc19TaW1wbGUpX19feWFuYV9hM2JmOTBhZS1lNDRmLTRlZGUtYjIwNi00MmQxZTVlZWE1MzguanBnEiB1m4rGm-tpcwdVpT-y5yU1DBUsqfuUyzlJzrKT_Pg9jw
0085,86,24698,2026-05-14T03:53:00.083101Z,00:11:04:21,664.690040,https://img-getpocket.cdn.mozilla.net/300x160/smart/filters:format(webp):quality(75):no_upscale():strip_exif()/https%3A%2F%2Fs3.us-east-1.amazonaws.com%2Fpocket-curatedcorpusapi-prod-images%2F50deae55-b520-49d6-9d10-a83006d9b393.jpeg
0086,87,24699,2026-05-14T03:53:08.133740Z,00:11:12:22,672.740679,https://prod-images.merino.prod.webservices.mozgcp.net/favicons/1d3952d96d47acbab2580a8710a9d7567114332b492a885caf3eae99c73f69b5_17381.png
0086,87,24700,2026-05-14T03:53:08.397793Z,00:11:13:00,673.004732,https://img-getpocket.cdn.mozilla.net/190x250/smart/filters:format(webp):quality(75):no_upscale():strip_exif()/https%3A%2F%2Fs3.us-east-1.amazonaws.com%2Fpocket-curatedcorpusapi-prod-images%2F451a5d9e-39dc-40d9-8a00-7224da77278b.jpeg
0087,88,24700,2026-05-14T03:53:08.397793Z,00:11:13:00,673.004732,https://img-getpocket.cdn.mozilla.net/190x250/smart/filters:format(webp):quality(75):no_upscale():strip_exif()/https%3A%2F%2Fs3.us-east-1.amazonaws.com%2Fpocket-curatedcorpusapi-prod-images%2F451a5d9e-39dc-40d9-8a00-7224da77278b.jpeg
0086,87,24701,2026-05-14T03:53:09.172680Z,00:11:13:23,673.779619,https://img-getpocket.cdn.mozilla.net/300x160/smart/filters:format(webp):quality(75):no_upscale():strip_exif()/https%3A%2F%2Fads-img.mozilla.org%2Fv1%2Fimages%3Fimage_data%3DCskBCsYBaHR0cHM6Ly9jcmVhdGl2ZXMuc2FzY2RuLmNvbS9kaWZmLzU0MTQvYWR2ZXJ0aXNlci81Mzg3NDcvNTVfQ2hlYXBfVGhpbmdzX1lvdV9OZXZlcl9LbmV3X0V4aXN0ZWRfVGhhdF9GaXhfdGhlX0Fubm95aW5nX1Byb2JsZW1zX0Fyb3VuZF9Zb3VyX0hvbWVfX19fX0ludmVyc2VfM19jZGYzNzViZC04MzZkLTRjYzEtYjYxMS1hYjUyYzA0YzUzMDYucG5nEiAqWm6X2dSxyeWTDwkQdz6EpkpojK5pS98lywmIYZraAg
0087,88,24701,2026-05-14T03:53:09.172680Z,00:11:13:23,673.779619,https://img-getpocket.cdn.mozilla.net/300x160/smart/filters:format(webp):quality(75):no_upscale():strip_exif()/https%3A%2F%2Fads-img.mozilla.org%2Fv1%2Fimages%3Fimage_data%3DCskBCsYBaHR0cHM6Ly9jcmVhdGl2ZXMuc2FzY2RuLmNvbS9kaWZmLzU0MTQvYWR2ZXJ0aXNlci81Mzg3NDcvNTVfQ2hlYXBfVGhpbmdzX1lvdV9OZXZlcl9LbmV3X0V4aXN0ZWRfVGhhdF9GaXhfdGhlX0Fubm95aW5nX1Byb2JsZW1zX0Fyb3VuZF9Zb3VyX0hvbWVfX19fX0ludmVyc2VfM19jZGYzNzViZC04MzZkLTRjYzEtYjYxMS1hYjUyYzA0YzUzMDYucG5nEiAqWm6X2dSxyeWTDwkQdz6EpkpojK5pS98lywmIYZraAg
0086,87,24702,2026-05-14T03:53:10.102407Z,00:11:14:21,674.709346,https://img-getpocket.cdn.mozilla.net/110x117/smart/filters:format(webp):quality(75):no_upscale():strip_exif()/https%3A%2F%2Fs3.us-east-1.amazonaws.com%2Fpocket-curatedcorpusapi-prod-images%2Fab8dbcd8-6ad0-4386-9b73-1c929edc270f.jpeg
0087,88,24702,2026-05-14T03:53:10.102407Z,00:11:14:21,674.709346,https://img-getpocket.cdn.mozilla.net/110x117/smart/filters:format(webp):quality(75):no_upscale():strip_exif()/https%3A%2F%2Fs3.us-east-1.amazonaws.com%2Fpocket-curatedcorpusapi-prod-images%2Fab8dbcd8-6ad0-4386-9b73-1c929edc270f.jpeg
0086,87,24703,2026-05-14T03:53:10.999819Z,00:11:15:18,675.606758,https://img-getpocket.cdn.mozilla.net/110x117/smart/filters:format(webp):quality(75):no_upscale():strip_exif()/https%3A%2F%2Fs3.us-east-1.amazonaws.com%2Fpocket-curatedcorpusapi-prod-images%2Fffa1472f-2d5e-4921-abf7-29253d34bfe7.webp
0087,88,24703,2026-05-14T03:53:10.999819Z,00:11:15:18,675.606758,https://img-getpocket.cdn.mozilla.net/110x117/smart/filters:format(webp):quality(75):no_upscale():strip_exif()/https%3A%2F%2Fs3.us-east-1.amazonaws.com%2Fpocket-curatedcorpusapi-prod-images%2Fffa1472f-2d5e-4921-abf7-29253d34bfe7.webp
0087,88,24704,2026-05-14T03:53:20.450748Z,00:11:25:02,685.057687,https://fcsexternal.uspis.gov/fcsexternal/externalcybercrime
0088,89,24714,2026-05-14T03:53:25.807324Z,00:11:30:12,690.414263,https://fcsexternal.uspis.gov/fcsexternal/lib/jquery-validation-unobtrusive/jquery.validate.unobtrusive.min.js
0089,90,24714,2026-05-14T03:53:25.807324Z,00:11:30:12,690.414263,https://fcsexternal.uspis.gov/fcsexternal/lib/jquery-validation-unobtrusive/jquery.validate.unobtrusive.min.js
0090,91,24714,2026-05-14T03:53:25.807324Z,00:11:30:12,690.414263,https://fcsexternal.uspis.gov/fcsexternal/lib/jquery-validation-unobtrusive/jquery.validate.unobtrusive.min.js
0091,92,24714,2026-05-14T03:53:25.807324Z,00:11:30:12,690.414263,https://fcsexternal.uspis.gov/fcsexternal/lib/jquery-validation-unobtrusive/jquery.validate.unobtrusive.min.js
0088,89,24715,2026-05-14T03:53:26.059137Z,00:11:30:20,690.666076,https://fonts.googleapis.com/css2?family=Material+Icons
0089,90,24715,2026-05-14T03:53:26.059137Z,00:11:30:20,690.666076,https://fonts.googleapis.com/css2?family=Material+Icons
0090,91,24715,2026-05-14T03:53:26.059137Z,00:11:30:20,690.666076,https://fonts.googleapis.com/css2?family=Material+Icons
0091,92,24715,2026-05-14T03:53:26.059137Z,00:11:30:20,690.666076,https://fonts.googleapis.com/css2?family=Material+Icons
0088,89,24716,2026-05-14T03:53:27.558482Z,00:11:32:05,692.165421,https://fcsexternal.uspis.gov/fcsexternal/img/logo.png
0089,90,24716,2026-05-14T03:53:27.558482Z,00:11:32:05,692.165421,https://fcsexternal.uspis.gov/fcsexternal/img/logo.png
0090,91,24716,2026-05-14T03:53:27.558482Z,00:11:32:05,692.165421,https://fcsexternal.uspis.gov/fcsexternal/img/logo.png
0091,92,24716,2026-05-14T03:53:27.558482Z,00:11:32:05,692.165421,https://fcsexternal.uspis.gov/fcsexternal/img/logo.png
0092,93,24716,2026-05-14T03:53:27.558482Z,00:11:32:05,692.165421,https://fcsexternal.uspis.gov/fcsexternal/img/logo.png
0093,94,24716,2026-05-14T03:53:27.558482Z,00:11:32:05,692.165421,https://fcsexternal.uspis.gov/fcsexternal/img/logo.png
0088,89,24717,2026-05-14T03:53:27.806152Z,00:11:32:12,692.413091,https://fcsexternal.uspis.gov/favicon.ico
0089,90,24717,2026-05-14T03:53:27.806152Z,00:11:32:12,692.413091,https://fcsexternal.uspis.gov/favicon.ico
0090,91,24717,2026-05-14T03:53:27.806152Z,00:11:32:12,692.413091,https://fcsexternal.uspis.gov/favicon.ico
0091,92,24717,2026-05-14T03:53:27.806152Z,00:11:32:12,692.413091,https://fcsexternal.uspis.gov/favicon.ico
0092,93,24717,2026-05-14T03:53:27.806152Z,00:11:32:12,692.413091,https://fcsexternal.uspis.gov/favicon.ico
0093,94,24717,2026-05-14T03:53:27.806152Z,00:11:32:12,692.413091,https://fcsexternal.uspis.gov/favicon.ico
0094,95,24717,2026-05-14T03:53:27.806152Z,00:11:32:12,692.413091,https://fcsexternal.uspis.gov/favicon.ico
0088,89,24718,2026-05-14T03:53:28.753728Z,00:11:33:11,693.360667,https://fonts.gstatic.com/s/materialicons/v145/flUhRq6tzZclQEJ-Vdg-IuiaDsNc.woff2
0089,90,24718,2026-05-14T03:53:28.753728Z,00:11:33:11,693.360667,https://fonts.gstatic.com/s/materialicons/v145/flUhRq6tzZclQEJ-Vdg-IuiaDsNc.woff2
0090,91,24718,2026-05-14T03:53:28.753728Z,00:11:33:11,693.360667,https://fonts.gstatic.com/s/materialicons/v145/flUhRq6tzZclQEJ-Vdg-IuiaDsNc.woff2
0091,92,24718,2026-05-14T03:53:28.753728Z,00:11:33:11,693.360667,https://fonts.gstatic.com/s/materialicons/v145/flUhRq6tzZclQEJ-Vdg-IuiaDsNc.woff2
0092,93,24718,2026-05-14T03:53:28.753728Z,00:11:33:11,693.360667,https://fonts.gstatic.com/s/materialicons/v145/flUhRq6tzZclQEJ-Vdg-IuiaDsNc.woff2
0093,94,24718,2026-05-14T03:53:28.753728Z,00:11:33:11,693.360667,https://fonts.gstatic.com/s/materialicons/v145/flUhRq6tzZclQEJ-Vdg-IuiaDsNc.woff2
0094,95,24718,2026-05-14T03:53:28.753728Z,00:11:33:11,693.360667,https://fonts.gstatic.com/s/materialicons/v145/flUhRq6tzZclQEJ-Vdg-IuiaDsNc.woff2
0095,96,24718,2026-05-14T03:53:28.753728Z,00:11:33:11,693.360667,https://fonts.gstatic.com/s/materialicons/v145/flUhRq6tzZclQEJ-Vdg-IuiaDsNc.woff2
0096,97,24718,2026-05-14T03:53:28.753728Z,00:11:33:11,693.360667,https://fonts.gstatic.com/s/materialicons/v145/flUhRq6tzZclQEJ-Vdg-IuiaDsNc.woff2
0097,98,24718,2026-05-14T03:53:28.753728Z,00:11:33:11,693.360667,https://fonts.gstatic.com/s/materialicons/v145/flUhRq6tzZclQEJ-Vdg-IuiaDsNc.woff2
0098,99,24718,2026-05-14T03:53:28.753728Z,00:11:33:11,693.360667,https://fonts.gstatic.com/s/materialicons/v145/flUhRq6tzZclQEJ-Vdg-IuiaDsNc.woff2
0099,100,24718,2026-05-14T03:53:28.753728Z,00:11:33:11,693.360667,https://fonts.gstatic.com/s/materialicons/v145/flUhRq6tzZclQEJ-Vdg-IuiaDsNc.woff2
0100,101,24718,2026-05-14T03:53:28.753728Z,00:11:33:11,693.360667,https://fonts.gstatic.com/s/materialicons/v145/flUhRq6tzZclQEJ-Vdg-IuiaDsNc.woff2
0101,102,24718,2026-05-14T03:53:28.753728Z,00:11:33:11,693.360667,https://fonts.gstatic.com/s/materialicons/v145/flUhRq6tzZclQEJ-Vdg-IuiaDsNc.woff2
0102,103,24718,2026-05-14T03:53:28.753728Z,00:11:33:11,693.360667,https://fonts.gstatic.com/s/materialicons/v145/flUhRq6tzZclQEJ-Vdg-IuiaDsNc.woff2
0103,104,24718,2026-05-14T03:53:28.753728Z,00:11:33:11,693.360667,https://fonts.gstatic.com/s/materialicons/v145/flUhRq6tzZclQEJ-Vdg-IuiaDsNc.woff2
0104,105,24718,2026-05-14T03:53:28.753728Z,00:11:33:11,693.360667,https://fonts.gstatic.com/s/materialicons/v145/flUhRq6tzZclQEJ-Vdg-IuiaDsNc.woff2
0105,106,24718,2026-05-14T03:53:28.753728Z,00:11:33:11,693.360667,https://fonts.gstatic.com/s/materialicons/v145/flUhRq6tzZclQEJ-Vdg-IuiaDsNc.woff2
0106,107,24718,2026-05-14T03:53:28.753728Z,00:11:33:11,693.360667,https://fonts.gstatic.com/s/materialicons/v145/flUhRq6tzZclQEJ-Vdg-IuiaDsNc.woff2
0107,108,24718,2026-05-14T03:53:28.753728Z,00:11:33:11,693.360667,https://fonts.gstatic.com/s/materialicons/v145/flUhRq6tzZclQEJ-Vdg-IuiaDsNc.woff2
0108,109,24718,2026-05-14T03:53:28.753728Z,00:11:33:11,693.360667,https://fonts.gstatic.com/s/materialicons/v145/flUhRq6tzZclQEJ-Vdg-IuiaDsNc.woff2
0092,93,24719,2026-05-14T03:53:51.861975Z,00:11:56:14,716.468914,https://prod-images.merino.prod.webservices.mozgcp.net/favicons/1a1ecfd2cdd6ce236acea5cfdc5dcf30b6f15c8bd399b09f489a9432ed561dc1_5372.png
0093,94,24719,2026-05-14T03:53:51.861975Z,00:11:56:14,716.468914,https://prod-images.merino.prod.webservices.mozgcp.net/favicons/1a1ecfd2cdd6ce236acea5cfdc5dcf30b6f15c8bd399b09f489a9432ed561dc1_5372.png
0094,95,24719,2026-05-14T03:53:51.861975Z,00:11:56:14,716.468914,https://prod-images.merino.prod.webservices.mozgcp.net/favicons/1a1ecfd2cdd6ce236acea5cfdc5dcf30b6f15c8bd399b09f489a9432ed561dc1_5372.png
0095,96,24719,2026-05-14T03:53:51.861975Z,00:11:56:14,716.468914,https://prod-images.merino.prod.webservices.mozgcp.net/favicons/1a1ecfd2cdd6ce236acea5cfdc5dcf30b6f15c8bd399b09f489a9432ed561dc1_5372.png
0096,97,24719,2026-05-14T03:53:51.861975Z,00:11:56:14,716.468914,https://prod-images.merino.prod.webservices.mozgcp.net/favicons/1a1ecfd2cdd6ce236acea5cfdc5dcf30b6f15c8bd399b09f489a9432ed561dc1_5372.png
0097,98,24719,2026-05-14T03:53:51.861975Z,00:11:56:14,716.468914,https://prod-images.merino.prod.webservices.mozgcp.net/favicons/1a1ecfd2cdd6ce236acea5cfdc5dcf30b6f15c8bd399b09f489a9432ed561dc1_5372.png
0098,99,24719,2026-05-14T03:53:51.861975Z,00:11:56:14,716.468914,https://prod-images.merino.prod.webservices.mozgcp.net/favicons/1a1ecfd2cdd6ce236acea5cfdc5dcf30b6f15c8bd399b09f489a9432ed561dc1_5372.png
0099,100,24719,2026-05-14T03:53:51.861975Z,00:11:56:14,716.468914,https://prod-images.merino.prod.webservices.mozgcp.net/favicons/1a1ecfd2cdd6ce236acea5cfdc5dcf30b6f15c8bd399b09f489a9432ed561dc1_5372.png
0100,101,24719,2026-05-14T03:53:51.861975Z,00:11:56:14,716.468914,https://prod-images.merino.prod.webservices.mozgcp.net/favicons/1a1ecfd2cdd6ce236acea5cfdc5dcf30b6f15c8bd399b09f489a9432ed561dc1_5372.png
0101,102,24719,2026-05-14T03:53:51.861975Z,00:11:56:14,716.468914,https://prod-images.merino.prod.webservices.mozgcp.net/favicons/1a1ecfd2cdd6ce236acea5cfdc5dcf30b6f15c8bd399b09f489a9432ed561dc1_5372.png
0102,103,24719,2026-05-14T03:53:51.861975Z,00:11:56:14,716.468914,https://prod-images.merino.prod.webservices.mozgcp.net/favicons/1a1ecfd2cdd6ce236acea5cfdc5dcf30b6f15c8bd399b09f489a9432ed561dc1_5372.png
0103,104,24719,2026-05-14T03:53:51.861975Z,00:11:56:14,716.468914,https://prod-images.merino.prod.webservices.mozgcp.net/favicons/1a1ecfd2cdd6ce236acea5cfdc5dcf30b6f15c8bd399b09f489a9432ed561dc1_5372.png
0104,105,24719,2026-05-14T03:53:51.861975Z,00:11:56:14,716.468914,https://prod-images.merino.prod.webservices.mozgcp.net/favicons/1a1ecfd2cdd6ce236acea5cfdc5dcf30b6f15c8bd399b09f489a9432ed561dc1_5372.png
0105,106,24719,2026-05-14T03:53:51.861975Z,00:11:56:14,716.468914,https://prod-images.merino.prod.webservices.mozgcp.net/favicons/1a1ecfd2cdd6ce236acea5cfdc5dcf30b6f15c8bd399b09f489a9432ed561dc1_5372.png
0106,107,24719,2026-05-14T03:53:51.861975Z,00:11:56:14,716.468914,https://prod-images.merino.prod.webservices.mozgcp.net/favicons/1a1ecfd2cdd6ce236acea5cfdc5dcf30b6f15c8bd399b09f489a9432ed561dc1_5372.png
0107,108,24719,2026-05-14T03:53:51.861975Z,00:11:56:14,716.468914,https://prod-images.merino.prod.webservices.mozgcp.net/favicons/1a1ecfd2cdd6ce236acea5cfdc5dcf30b6f15c8bd399b09f489a9432ed561dc1_5372.png
0108,109,24719,2026-05-14T03:53:51.861975Z,00:11:56:14,716.468914,https://prod-images.merino.prod.webservices.mozgcp.net/favicons/1a1ecfd2cdd6ce236acea5cfdc5dcf30b6f15c8bd399b09f489a9432ed561dc1_5372.png
0092,93,24720,2026-05-14T03:53:57.885787Z,00:12:02:15,722.492726,https://prod-images.merino.prod.webservices.mozgcp.net/favicons/b689e081839a44158df9dc43ac94eec6e9ec6dad3d745e90ba056db03d4bfe33_5485.png
0093,94,24720,2026-05-14T03:53:57.885787Z,00:12:02:15,722.492726,https://prod-images.merino.prod.webservices.mozgcp.net/favicons/b689e081839a44158df9dc43ac94eec6e9ec6dad3d745e90ba056db03d4bfe33_5485.png
0094,95,24720,2026-05-14T03:53:57.885787Z,00:12:02:15,722.492726,https://prod-images.merino.prod.webservices.mozgcp.net/favicons/b689e081839a44158df9dc43ac94eec6e9ec6dad3d745e90ba056db03d4bfe33_5485.png
0095,96,24720,2026-05-14T03:53:57.885787Z,00:12:02:15,722.492726,https://prod-images.merino.prod.webservices.mozgcp.net/favicons/b689e081839a44158df9dc43ac94eec6e9ec6dad3d745e90ba056db03d4bfe33_5485.png
0096,97,24720,2026-05-14T03:53:57.885787Z,00:12:02:15,722.492726,https://prod-images.merino.prod.webservices.mozgcp.net/favicons/b689e081839a44158df9dc43ac94eec6e9ec6dad3d745e90ba056db03d4bfe33_5485.png
0097,98,24720,2026-05-14T03:53:57.885787Z,00:12:02:15,722.492726,https://prod-images.merino.prod.webservices.mozgcp.net/favicons/b689e081839a44158df9dc43ac94eec6e9ec6dad3d745e90ba056db03d4bfe33_5485.png
0098,99,24720,2026-05-14T03:53:57.885787Z,00:12:02:15,722.492726,https://prod-images.merino.prod.webservices.mozgcp.net/favicons/b689e081839a44158df9dc43ac94eec6e9ec6dad3d745e90ba056db03d4bfe33_5485.png
0099,100,24720,2026-05-14T03:53:57.885787Z,00:12:02:15,722.492726,https://prod-images.merino.prod.webservices.mozgcp.net/favicons/b689e081839a44158df9dc43ac94eec6e9ec6dad3d745e90ba056db03d4bfe33_5485.png
0100,101,24720,2026-05-14T03:53:57.885787Z,00:12:02:15,722.492726,https://prod-images.merino.prod.webservices.mozgcp.net/favicons/b689e081839a44158df9dc43ac94eec6e9ec6dad3d745e90ba056db03d4bfe33_5485.png
0101,102,24720,2026-05-14T03:53:57.885787Z,00:12:02:15,722.492726,https://prod-images.merino.prod.webservices.mozgcp.net/favicons/b689e081839a44158df9dc43ac94eec6e9ec6dad3d745e90ba056db03d4bfe33_5485.png
0102,103,24720,2026-05-14T03:53:57.885787Z,00:12:02:15,722.492726,https://prod-images.merino.prod.webservices.mozgcp.net/favicons/b689e081839a44158df9dc43ac94eec6e9ec6dad3d745e90ba056db03d4bfe33_5485.png
0103,104,24720,2026-05-14T03:53:57.885787Z,00:12:02:15,722.492726,https://prod-images.merino.prod.webservices.mozgcp.net/favicons/b689e081839a44158df9dc43ac94eec6e9ec6dad3d745e90ba056db03d4bfe33_5485.png
0104,105,24720,2026-05-14T03:53:57.885787Z,00:12:02:15,722.492726,https://prod-images.merino.prod.webservices.mozgcp.net/favicons/b689e081839a44158df9dc43ac94eec6e9ec6dad3d745e90ba056db03d4bfe33_5485.png
0105,106,24720,2026-05-14T03:53:57.885787Z,00:12:02:15,722.492726,https://prod-images.merino.prod.webservices.mozgcp.net/favicons/b689e081839a44158df9dc43ac94eec6e9ec6dad3d745e90ba056db03d4bfe33_5485.png
0106,107,24720,2026-05-14T03:53:57.885787Z,00:12:02:15,722.492726,https://prod-images.merino.prod.webservices.mozgcp.net/favicons/b689e081839a44158df9dc43ac94eec6e9ec6dad3d745e90ba056db03d4bfe33_5485.png
0107,108,24720,2026-05-14T03:53:57.885787Z,00:12:02:15,722.492726,https://prod-images.merino.prod.webservices.mozgcp.net/favicons/b689e081839a44158df9dc43ac94eec6e9ec6dad3d745e90ba056db03d4bfe33_5485.png
0108,109,24720,2026-05-14T03:53:57.885787Z,00:12:02:15,722.492726,https://prod-images.merino.prod.webservices.mozgcp.net/favicons/b689e081839a44158df9dc43ac94eec6e9ec6dad3d745e90ba056db03d4bfe33_5485.png
0094,95,24721,2026-05-14T03:54:07.120251Z,00:12:11:22,731.727190,https://prod-images.merino.prod.webservices.mozgcp.net/favicons/162eb56a3019c04beb5831f93a82c58769dc75f905eb8221849a21fa6618ee22_1533.png
0095,96,24721,2026-05-14T03:54:07.120251Z,00:12:11:22,731.727190,https://prod-images.merino.prod.webservices.mozgcp.net/favicons/162eb56a3019c04beb5831f93a82c58769dc75f905eb8221849a21fa6618ee22_1533.png
0096,97,24721,2026-05-14T03:54:07.120251Z,00:12:11:22,731.727190,https://prod-images.merino.prod.webservices.mozgcp.net/favicons/162eb56a3019c04beb5831f93a82c58769dc75f905eb8221849a21fa6618ee22_1533.png
0097,98,24721,2026-05-14T03:54:07.120251Z,00:12:11:22,731.727190,https://prod-images.merino.prod.webservices.mozgcp.net/favicons/162eb56a3019c04beb5831f93a82c58769dc75f905eb8221849a21fa6618ee22_1533.png
0098,99,24721,2026-05-14T03:54:07.120251Z,00:12:11:22,731.727190,https://prod-images.merino.prod.webservices.mozgcp.net/favicons/162eb56a3019c04beb5831f93a82c58769dc75f905eb8221849a21fa6618ee22_1533.png
0099,100,24721,2026-05-14T03:54:07.120251Z,00:12:11:22,731.727190,https://prod-images.merino.prod.webservices.mozgcp.net/favicons/162eb56a3019c04beb5831f93a82c58769dc75f905eb8221849a21fa6618ee22_1533.png
0100,101,24721,2026-05-14T03:54:07.120251Z,00:12:11:22,731.727190,https://prod-images.merino.prod.webservices.mozgcp.net/favicons/162eb56a3019c04beb5831f93a82c58769dc75f905eb8221849a21fa6618ee22_1533.png
0101,102,24721,2026-05-14T03:54:07.120251Z,00:12:11:22,731.727190,https://prod-images.merino.prod.webservices.mozgcp.net/favicons/162eb56a3019c04beb5831f93a82c58769dc75f905eb8221849a21fa6618ee22_1533.png
0102,103,24721,2026-05-14T03:54:07.120251Z,00:12:11:22,731.727190,https://prod-images.merino.prod.webservices.mozgcp.net/favicons/162eb56a3019c04beb5831f93a82c58769dc75f905eb8221849a21fa6618ee22_1533.png
0103,104,24721,2026-05-14T03:54:07.120251Z,00:12:11:22,731.727190,https://prod-images.merino.prod.webservices.mozgcp.net/favicons/162eb56a3019c04beb5831f93a82c58769dc75f905eb8221849a21fa6618ee22_1533.png
0104,105,24721,2026-05-14T03:54:07.120251Z,00:12:11:22,731.727190,https://prod-images.merino.prod.webservices.mozgcp.net/favicons/162eb56a3019c04beb5831f93a82c58769dc75f905eb8221849a21fa6618ee22_1533.png
0105,106,24721,2026-05-14T03:54:07.120251Z,00:12:11:22,731.727190,https://prod-images.merino.prod.webservices.mozgcp.net/favicons/162eb56a3019c04beb5831f93a82c58769dc75f905eb8221849a21fa6618ee22_1533.png
0106,107,24721,2026-05-14T03:54:07.120251Z,00:12:11:22,731.727190,https://prod-images.merino.prod.webservices.mozgcp.net/favicons/162eb56a3019c04beb5831f93a82c58769dc75f905eb8221849a21fa6618ee22_1533.png
0107,108,24721,2026-05-14T03:54:07.120251Z,00:12:11:22,731.727190,https://prod-images.merino.prod.webservices.mozgcp.net/favicons/162eb56a3019c04beb5831f93a82c58769dc75f905eb8221849a21fa6618ee22_1533.png
0108,109,24721,2026-05-14T03:54:07.120251Z,00:12:11:22,731.727190,https://prod-images.merino.prod.webservices.mozgcp.net/favicons/162eb56a3019c04beb5831f93a82c58769dc75f905eb8221849a21fa6618ee22_1533.png
0095,96,24722,2026-05-14T03:54:18.131241Z,00:12:22:22,742.738180,https://prod-images.merino.prod.webservices.mozgcp.net/favicons/62c8f39221fc6eb986ac3ba83526dd130c69c3b59f3510db4ee7d67626cf878a_3852.webp
0096,97,24722,2026-05-14T03:54:18.131241Z,00:12:22:22,742.738180,https://prod-images.merino.prod.webservices.mozgcp.net/favicons/62c8f39221fc6eb986ac3ba83526dd130c69c3b59f3510db4ee7d67626cf878a_3852.webp
0097,98,24722,2026-05-14T03:54:18.131241Z,00:12:22:22,742.738180,https://prod-images.merino.prod.webservices.mozgcp.net/favicons/62c8f39221fc6eb986ac3ba83526dd130c69c3b59f3510db4ee7d67626cf878a_3852.webp
0098,99,24722,2026-05-14T03:54:18.131241Z,00:12:22:22,742.738180,https://prod-images.merino.prod.webservices.mozgcp.net/favicons/62c8f39221fc6eb986ac3ba83526dd130c69c3b59f3510db4ee7d67626cf878a_3852.webp
0099,100,24722,2026-05-14T03:54:18.131241Z,00:12:22:22,742.738180,https://prod-images.merino.prod.webservices.mozgcp.net/favicons/62c8f39221fc6eb986ac3ba83526dd130c69c3b59f3510db4ee7d67626cf878a_3852.webp
0100,101,24722,2026-05-14T03:54:18.131241Z,00:12:22:22,742.738180,https://prod-images.merino.prod.webservices.mozgcp.net/favicons/62c8f39221fc6eb986ac3ba83526dd130c69c3b59f3510db4ee7d67626cf878a_3852.webp
0101,102,24722,2026-05-14T03:54:18.131241Z,00:12:22:22,742.738180,https://prod-images.merino.prod.webservices.mozgcp.net/favicons/62c8f39221fc6eb986ac3ba83526dd130c69c3b59f3510db4ee7d67626cf878a_3852.webp
0102,103,24722,2026-05-14T03:54:18.131241Z,00:12:22:22,742.738180,https://prod-images.merino.prod.webservices.mozgcp.net/favicons/62c8f39221fc6eb986ac3ba83526dd130c69c3b59f3510db4ee7d67626cf878a_3852.webp
0103,104,24722,2026-05-14T03:54:18.131241Z,00:12:22:22,742.738180,https://prod-images.merino.prod.webservices.mozgcp.net/favicons/62c8f39221fc6eb986ac3ba83526dd130c69c3b59f3510db4ee7d67626cf878a_3852.webp
0104,105,24722,2026-05-14T03:54:18.131241Z,00:12:22:22,742.738180,https://prod-images.merino.prod.webservices.mozgcp.net/favicons/62c8f39221fc6eb986ac3ba83526dd130c69c3b59f3510db4ee7d67626cf878a_3852.webp
0105,106,24722,2026-05-14T03:54:18.131241Z,00:12:22:22,742.738180,https://prod-images.merino.prod.webservices.mozgcp.net/favicons/62c8f39221fc6eb986ac3ba83526dd130c69c3b59f3510db4ee7d67626cf878a_3852.webp
0106,107,24722,2026-05-14T03:54:18.131241Z,00:12:22:22,742.738180,https://prod-images.merino.prod.webservices.mozgcp.net/favicons/62c8f39221fc6eb986ac3ba83526dd130c69c3b59f3510db4ee7d67626cf878a_3852.webp
0107,108,24722,2026-05-14T03:54:18.131241Z,00:12:22:22,742.738180,https://prod-images.merino.prod.webservices.mozgcp.net/favicons/62c8f39221fc6eb986ac3ba83526dd130c69c3b59f3510db4ee7d67626cf878a_3852.webp
0108,109,24722,2026-05-14T03:54:18.131241Z,00:12:22:22,742.738180,https://prod-images.merino.prod.webservices.mozgcp.net/favicons/62c8f39221fc6eb986ac3ba83526dd130c69c3b59f3510db4ee7d67626cf878a_3852.webp
0109,110,24724,2026-05-14T03:56:07.324281Z,00:14:11:28,851.931220,https://mozilla-ohttp.fastly-edge.com/
0109,110,24725,2026-05-14T03:56:07.947367Z,00:14:12:17,852.554306,https://fcsexternal.uspis.gov/fcsexternal/lib/bootstrap/dist/css/bootstrap.min.css
0109,110,24726,2026-05-14T03:56:08.755591Z,00:14:13:11,853.362530,https://fcsexternal.uspis.gov/fcsexternal/lib/bootstrap/dist/js/bootstrap.bundle.min.js
0109,110,24727,2026-05-14T03:56:08.996763Z,00:14:13:18,853.603702,https://fcsexternal.uspis.gov/fcsexternal/css/custom.css
0109,110,24728,2026-05-14T03:56:09.379650Z,00:14:14:00,853.986589,https://fcsexternal.uspis.gov/fcsexternal/css/site.css
0110,111,24733,2026-05-14T03:56:12.604976Z,00:14:17:06,857.211915,https://fcsexternal.uspis.gov/fcsexternal/js/site.js?v=4q1jwFhaPaZgr8WAUSrux6hAuh0XDg9kPS3xIVq36I0
0111,112,24733,2026-05-14T03:56:12.604976Z,00:14:17:06,857.211915,https://fcsexternal.uspis.gov/fcsexternal/js/site.js?v=4q1jwFhaPaZgr8WAUSrux6hAuh0XDg9kPS3xIVq36I0
0112,113,24733,2026-05-14T03:56:12.604976Z,00:14:17:06,857.211915,https://fcsexternal.uspis.gov/fcsexternal/js/site.js?v=4q1jwFhaPaZgr8WAUSrux6hAuh0XDg9kPS3xIVq36I0
0113,114,24733,2026-05-14T03:56:12.604976Z,00:14:17:06,857.211915,https://fcsexternal.uspis.gov/fcsexternal/js/site.js?v=4q1jwFhaPaZgr8WAUSrux6hAuh0XDg9kPS3xIVq36I0
0114,115,24733,2026-05-14T03:56:12.604976Z,00:14:17:06,857.211915,https://fcsexternal.uspis.gov/fcsexternal/js/site.js?v=4q1jwFhaPaZgr8WAUSrux6hAuh0XDg9kPS3xIVq36I0
0115,116,24733,2026-05-14T03:56:12.604976Z,00:14:17:06,857.211915,https://fcsexternal.uspis.gov/fcsexternal/js/site.js?v=4q1jwFhaPaZgr8WAUSrux6hAuh0XDg9kPS3xIVq36I0
0116,117,24733,2026-05-14T03:56:12.604976Z,00:14:17:06,857.211915,https://fcsexternal.uspis.gov/fcsexternal/js/site.js?v=4q1jwFhaPaZgr8WAUSrux6hAuh0XDg9kPS3xIVq36I0
0117,118,24733,2026-05-14T03:56:12.604976Z,00:14:17:06,857.211915,https://fcsexternal.uspis.gov/fcsexternal/js/site.js?v=4q1jwFhaPaZgr8WAUSrux6hAuh0XDg9kPS3xIVq36I0
0118,119,24733,2026-05-14T03:56:12.604976Z,00:14:17:06,857.211915,https://fcsexternal.uspis.gov/fcsexternal/js/site.js?v=4q1jwFhaPaZgr8WAUSrux6hAuh0XDg9kPS3xIVq36I0
0119,120,24733,2026-05-14T03:56:12.604976Z,00:14:17:06,857.211915,https://fcsexternal.uspis.gov/fcsexternal/js/site.js?v=4q1jwFhaPaZgr8WAUSrux6hAuh0XDg9kPS3xIVq36I0
0120,121,24733,2026-05-14T03:56:12.604976Z,00:14:17:06,857.211915,https://fcsexternal.uspis.gov/fcsexternal/js/site.js?v=4q1jwFhaPaZgr8WAUSrux6hAuh0XDg9kPS3xIVq36I0
0121,122,24733,2026-05-14T03:56:12.604976Z,00:14:17:06,857.211915,https://fcsexternal.uspis.gov/fcsexternal/js/site.js?v=4q1jwFhaPaZgr8WAUSrux6hAuh0XDg9kPS3xIVq36I0
0110,111,24734,2026-05-14T03:56:12.890551Z,00:14:17:15,857.497490,https://fcsexternal.uspis.gov/fcsexternal/lib/jquery-validation/dist/jquery.validate.min.js
0111,112,24734,2026-05-14T03:56:12.890551Z,00:14:17:15,857.497490,https://fcsexternal.uspis.gov/fcsexternal/lib/jquery-validation/dist/jquery.validate.min.js
0112,113,24734,2026-05-14T03:56:12.890551Z,00:14:17:15,857.497490,https://fcsexternal.uspis.gov/fcsexternal/lib/jquery-validation/dist/jquery.validate.min.js
0113,114,24734,2026-05-14T03:56:12.890551Z,00:14:17:15,857.497490,https://fcsexternal.uspis.gov/fcsexternal/lib/jquery-validation/dist/jquery.validate.min.js
0114,115,24734,2026-05-14T03:56:12.890551Z,00:14:17:15,857.497490,https://fcsexternal.uspis.gov/fcsexternal/lib/jquery-validation/dist/jquery.validate.min.js
0115,116,24734,2026-05-14T03:56:12.890551Z,00:14:17:15,857.497490,https://fcsexternal.uspis.gov/fcsexternal/lib/jquery-validation/dist/jquery.validate.min.js
0116,117,24734,2026-05-14T03:56:12.890551Z,00:14:17:15,857.497490,https://fcsexternal.uspis.gov/fcsexternal/lib/jquery-validation/dist/jquery.validate.min.js
0117,118,24734,2026-05-14T03:56:12.890551Z,00:14:17:15,857.497490,https://fcsexternal.uspis.gov/fcsexternal/lib/jquery-validation/dist/jquery.validate.min.js
0118,119,24734,2026-05-14T03:56:12.890551Z,00:14:17:15,857.497490,https://fcsexternal.uspis.gov/fcsexternal/lib/jquery-validation/dist/jquery.validate.min.js
0119,120,24734,2026-05-14T03:56:12.890551Z,00:14:17:15,857.497490,https://fcsexternal.uspis.gov/fcsexternal/lib/jquery-validation/dist/jquery.validate.min.js
0120,121,24734,2026-05-14T03:56:12.890551Z,00:14:17:15,857.497490,https://fcsexternal.uspis.gov/fcsexternal/lib/jquery-validation/dist/jquery.validate.min.js
0121,122,24734,2026-05-14T03:56:12.890551Z,00:14:17:15,857.497490,https://fcsexternal.uspis.gov/fcsexternal/lib/jquery-validation/dist/jquery.validate.min.js
0110,111,24735,2026-05-14T03:56:13.369995Z,00:14:17:29,857.976934,https://fcsexternal.uspis.gov/fcsexternal/lib/jquery-validation-unobtrusive/jquery.validate.unobtrusive.min.js
0111,112,24735,2026-05-14T03:56:13.369995Z,00:14:17:29,857.976934,https://fcsexternal.uspis.gov/fcsexternal/lib/jquery-validation-unobtrusive/jquery.validate.unobtrusive.min.js
0112,113,24735,2026-05-14T03:56:13.369995Z,00:14:17:29,857.976934,https://fcsexternal.uspis.gov/fcsexternal/lib/jquery-validation-unobtrusive/jquery.validate.unobtrusive.min.js
0113,114,24735,2026-05-14T03:56:13.369995Z,00:14:17:29,857.976934,https://fcsexternal.uspis.gov/fcsexternal/lib/jquery-validation-unobtrusive/jquery.validate.unobtrusive.min.js
0114,115,24735,2026-05-14T03:56:13.369995Z,00:14:17:29,857.976934,https://fcsexternal.uspis.gov/fcsexternal/lib/jquery-validation-unobtrusive/jquery.validate.unobtrusive.min.js
0115,116,24735,2026-05-14T03:56:13.369995Z,00:14:17:29,857.976934,https://fcsexternal.uspis.gov/fcsexternal/lib/jquery-validation-unobtrusive/jquery.validate.unobtrusive.min.js
0116,117,24735,2026-05-14T03:56:13.369995Z,00:14:17:29,857.976934,https://fcsexternal.uspis.gov/fcsexternal/lib/jquery-validation-unobtrusive/jquery.validate.unobtrusive.min.js
0117,118,24735,2026-05-14T03:56:13.369995Z,00:14:17:29,857.976934,https://fcsexternal.uspis.gov/fcsexternal/lib/jquery-validation-unobtrusive/jquery.validate.unobtrusive.min.js
0118,119,24735,2026-05-14T03:56:13.369995Z,00:14:17:29,857.976934,https://fcsexternal.uspis.gov/fcsexternal/lib/jquery-validation-unobtrusive/jquery.validate.unobtrusive.min.js
0119,120,24735,2026-05-14T03:56:13.369995Z,00:14:17:29,857.976934,https://fcsexternal.uspis.gov/fcsexternal/lib/jquery-validation-unobtrusive/jquery.validate.unobtrusive.min.js
0120,121,24735,2026-05-14T03:56:13.369995Z,00:14:17:29,857.976934,https://fcsexternal.uspis.gov/fcsexternal/lib/jquery-validation-unobtrusive/jquery.validate.unobtrusive.min.js
0121,122,24735,2026-05-14T03:56:13.369995Z,00:14:17:29,857.976934,https://fcsexternal.uspis.gov/fcsexternal/lib/jquery-validation-unobtrusive/jquery.validate.unobtrusive.min.js
0122,123,24735,2026-05-14T03:56:13.369995Z,00:14:17:29,857.976934,https://fcsexternal.uspis.gov/fcsexternal/lib/jquery-validation-unobtrusive/jquery.validate.unobtrusive.min.js
0123,124,24735,2026-05-14T03:56:13.369995Z,00:14:17:29,857.976934,https://fcsexternal.uspis.gov/fcsexternal/lib/jquery-validation-unobtrusive/jquery.validate.unobtrusive.min.js
0124,125,24735,2026-05-14T03:56:13.369995Z,00:14:17:29,857.976934,https://fcsexternal.uspis.gov/fcsexternal/lib/jquery-validation-unobtrusive/jquery.validate.unobtrusive.min.js
0125,126,24735,2026-05-14T03:56:13.369995Z,00:14:17:29,857.976934,https://fcsexternal.uspis.gov/fcsexternal/lib/jquery-validation-unobtrusive/jquery.validate.unobtrusive.min.js
0126,127,24735,2026-05-14T03:56:13.369995Z,00:14:17:29,857.976934,https://fcsexternal.uspis.gov/fcsexternal/lib/jquery-validation-unobtrusive/jquery.validate.unobtrusive.min.js
0127,128,24735,2026-05-14T03:56:13.369995Z,00:14:17:29,857.976934,https://fcsexternal.uspis.gov/fcsexternal/lib/jquery-validation-unobtrusive/jquery.validate.unobtrusive.min.js
0128,129,24735,2026-05-14T03:56:13.369995Z,00:14:17:29,857.976934,https://fcsexternal.uspis.gov/fcsexternal/lib/jquery-validation-unobtrusive/jquery.validate.unobtrusive.min.js
0110,111,24736,2026-05-14T03:56:13.632119Z,00:14:18:07,858.239058,https://fcsexternal.uspis.gov/fcsexternal/img/logo.png
0111,112,24736,2026-05-14T03:56:13.632119Z,00:14:18:07,858.239058,https://fcsexternal.uspis.gov/fcsexternal/img/logo.png
0112,113,24736,2026-05-14T03:56:13.632119Z,00:14:18:07,858.239058,https://fcsexternal.uspis.gov/fcsexternal/img/logo.png
0113,114,24736,2026-05-14T03:56:13.632119Z,00:14:18:07,858.239058,https://fcsexternal.uspis.gov/fcsexternal/img/logo.png
0114,115,24736,2026-05-14T03:56:13.632119Z,00:14:18:07,858.239058,https://fcsexternal.uspis.gov/fcsexternal/img/logo.png
0115,116,24736,2026-05-14T03:56:13.632119Z,00:14:18:07,858.239058,https://fcsexternal.uspis.gov/fcsexternal/img/logo.png
0116,117,24736,2026-05-14T03:56:13.632119Z,00:14:18:07,858.239058,https://fcsexternal.uspis.gov/fcsexternal/img/logo.png
0117,118,24736,2026-05-14T03:56:13.632119Z,00:14:18:07,858.239058,https://fcsexternal.uspis.gov/fcsexternal/img/logo.png
0118,119,24736,2026-05-14T03:56:13.632119Z,00:14:18:07,858.239058,https://fcsexternal.uspis.gov/fcsexternal/img/logo.png
0119,120,24736,2026-05-14T03:56:13.632119Z,00:14:18:07,858.239058,https://fcsexternal.uspis.gov/fcsexternal/img/logo.png
0120,121,24736,2026-05-14T03:56:13.632119Z,00:14:18:07,858.239058,https://fcsexternal.uspis.gov/fcsexternal/img/logo.png
0121,122,24736,2026-05-14T03:56:13.632119Z,00:14:18:07,858.239058,https://fcsexternal.uspis.gov/fcsexternal/img/logo.png
0122,123,24736,2026-05-14T03:56:13.632119Z,00:14:18:07,858.239058,https://fcsexternal.uspis.gov/fcsexternal/img/logo.png
0123,124,24736,2026-05-14T03:56:13.632119Z,00:14:18:07,858.239058,https://fcsexternal.uspis.gov/fcsexternal/img/logo.png
0124,125,24736,2026-05-14T03:56:13.632119Z,00:14:18:07,858.239058,https://fcsexternal.uspis.gov/fcsexternal/img/logo.png
0125,126,24736,2026-05-14T03:56:13.632119Z,00:14:18:07,858.239058,https://fcsexternal.uspis.gov/fcsexternal/img/logo.png
0126,127,24736,2026-05-14T03:56:13.632119Z,00:14:18:07,858.239058,https://fcsexternal.uspis.gov/fcsexternal/img/logo.png
0127,128,24736,2026-05-14T03:56:13.632119Z,00:14:18:07,858.239058,https://fcsexternal.uspis.gov/fcsexternal/img/logo.png
0128,129,24736,2026-05-14T03:56:13.632119Z,00:14:18:07,858.239058,https://fcsexternal.uspis.gov/fcsexternal/img/logo.png
0129,130,24736,2026-05-14T03:56:13.632119Z,00:14:18:07,858.239058,https://fcsexternal.uspis.gov/fcsexternal/img/logo.png
0110,111,24737,2026-05-14T03:56:15.111483Z,00:14:19:22,859.718422,https://fonts.gstatic.com/s/materialicons/v145/flUhRq6tzZclQEJ-Vdg-IuiaDsNc.woff2
0111,112,24737,2026-05-14T03:56:15.111483Z,00:14:19:22,859.718422,https://fonts.gstatic.com/s/materialicons/v145/flUhRq6tzZclQEJ-Vdg-IuiaDsNc.woff2
0112,113,24737,2026-05-14T03:56:15.111483Z,00:14:19:22,859.718422,https://fonts.gstatic.com/s/materialicons/v145/flUhRq6tzZclQEJ-Vdg-IuiaDsNc.woff2
0113,114,24737,2026-05-14T03:56:15.111483Z,00:14:19:22,859.718422,https://fonts.gstatic.com/s/materialicons/v145/flUhRq6tzZclQEJ-Vdg-IuiaDsNc.woff2
0114,115,24737,2026-05-14T03:56:15.111483Z,00:14:19:22,859.718422,https://fonts.gstatic.com/s/materialicons/v145/flUhRq6tzZclQEJ-Vdg-IuiaDsNc.woff2
0115,116,24737,2026-05-14T03:56:15.111483Z,00:14:19:22,859.718422,https://fonts.gstatic.com/s/materialicons/v145/flUhRq6tzZclQEJ-Vdg-IuiaDsNc.woff2
0116,117,24737,2026-05-14T03:56:15.111483Z,00:14:19:22,859.718422,https://fonts.gstatic.com/s/materialicons/v145/flUhRq6tzZclQEJ-Vdg-IuiaDsNc.woff2
0117,118,24737,2026-05-14T03:56:15.111483Z,00:14:19:22,859.718422,https://fonts.gstatic.com/s/materialicons/v145/flUhRq6tzZclQEJ-Vdg-IuiaDsNc.woff2
0118,119,24737,2026-05-14T03:56:15.111483Z,00:14:19:22,859.718422,https://fonts.gstatic.com/s/materialicons/v145/flUhRq6tzZclQEJ-Vdg-IuiaDsNc.woff2
0119,120,24737,2026-05-14T03:56:15.111483Z,00:14:19:22,859.718422,https://fonts.gstatic.com/s/materialicons/v145/flUhRq6tzZclQEJ-Vdg-IuiaDsNc.woff2
0120,121,24737,2026-05-14T03:56:15.111483Z,00:14:19:22,859.718422,https://fonts.gstatic.com/s/materialicons/v145/flUhRq6tzZclQEJ-Vdg-IuiaDsNc.woff2
0121,122,24737,2026-05-14T03:56:15.111483Z,00:14:19:22,859.718422,https://fonts.gstatic.com/s/materialicons/v145/flUhRq6tzZclQEJ-Vdg-IuiaDsNc.woff2
0122,123,24737,2026-05-14T03:56:15.111483Z,00:14:19:22,859.718422,https://fonts.gstatic.com/s/materialicons/v145/flUhRq6tzZclQEJ-Vdg-IuiaDsNc.woff2
0123,124,24737,2026-05-14T03:56:15.111483Z,00:14:19:22,859.718422,https://fonts.gstatic.com/s/materialicons/v145/flUhRq6tzZclQEJ-Vdg-IuiaDsNc.woff2
0124,125,24737,2026-05-14T03:56:15.111483Z,00:14:19:22,859.718422,https://fonts.gstatic.com/s/materialicons/v145/flUhRq6tzZclQEJ-Vdg-IuiaDsNc.woff2
0125,126,24737,2026-05-14T03:56:15.111483Z,00:14:19:22,859.718422,https://fonts.gstatic.com/s/materialicons/v145/flUhRq6tzZclQEJ-Vdg-IuiaDsNc.woff2
0126,127,24737,2026-05-14T03:56:15.111483Z,00:14:19:22,859.718422,https://fonts.gstatic.com/s/materialicons/v145/flUhRq6tzZclQEJ-Vdg-IuiaDsNc.woff2
0127,128,24737,2026-05-14T03:56:15.111483Z,00:14:19:22,859.718422,https://fonts.gstatic.com/s/materialicons/v145/flUhRq6tzZclQEJ-Vdg-IuiaDsNc.woff2
0128,129,24737,2026-05-14T03:56:15.111483Z,00:14:19:22,859.718422,https://fonts.gstatic.com/s/materialicons/v145/flUhRq6tzZclQEJ-Vdg-IuiaDsNc.woff2
0129,130,24737,2026-05-14T03:56:15.111483Z,00:14:19:22,859.718422,https://fonts.gstatic.com/s/materialicons/v145/flUhRq6tzZclQEJ-Vdg-IuiaDsNc.woff2
0122,123,24738,2026-05-14T03:57:46.196898Z,00:15:50:24,950.803837,https://fcsexternal.uspis.gov/fcsexternal/ExternalCybercrime?handler=PrintForm
0123,124,24738,2026-05-14T03:57:46.196898Z,00:15:50:24,950.803837,https://fcsexternal.uspis.gov/fcsexternal/ExternalCybercrime?handler=PrintForm
0124,125,24738,2026-05-14T03:57:46.196898Z,00:15:50:24,950.803837,https://fcsexternal.uspis.gov/fcsexternal/ExternalCybercrime?handler=PrintForm
0125,126,24738,2026-05-14T03:57:46.196898Z,00:15:50:24,950.803837,https://fcsexternal.uspis.gov/fcsexternal/ExternalCybercrime?handler=PrintForm
0126,127,24738,2026-05-14T03:57:46.196898Z,00:15:50:24,950.803837,https://fcsexternal.uspis.gov/fcsexternal/ExternalCybercrime?handler=PrintForm
0127,128,24738,2026-05-14T03:57:46.196898Z,00:15:50:24,950.803837,https://fcsexternal.uspis.gov/fcsexternal/ExternalCybercrime?handler=PrintForm
0128,129,24738,2026-05-14T03:57:46.196898Z,00:15:50:24,950.803837,https://fcsexternal.uspis.gov/fcsexternal/ExternalCybercrime?handler=PrintForm
0129,130,24738,2026-05-14T03:57:46.196898Z,00:15:50:24,950.803837,https://fcsexternal.uspis.gov/fcsexternal/ExternalCybercrime?handler=PrintForm
0130,131,24738,2026-05-14T03:57:46.196898Z,00:15:50:24,950.803837,https://fcsexternal.uspis.gov/fcsexternal/ExternalCybercrime?handler=PrintForm
0131,132,24738,2026-05-14T03:57:46.196898Z,00:15:50:24,950.803837,https://fcsexternal.uspis.gov/fcsexternal/ExternalCybercrime?handler=PrintForm
0122,123,24739,2026-05-14T03:57:47.515245Z,00:15:52:04,952.122184,https://sb-ssl.google.com/safebrowsing/clientreport/download?key=AIzaSyC7jsptDS3am4tPx4r3nxis7IMjBc5Dovo
0123,124,24739,2026-05-14T03:57:47.515245Z,00:15:52:04,952.122184,https://sb-ssl.google.com/safebrowsing/clientreport/download?key=AIzaSyC7jsptDS3am4tPx4r3nxis7IMjBc5Dovo
0124,125,24739,2026-05-14T03:57:47.515245Z,00:15:52:04,952.122184,https://sb-ssl.google.com/safebrowsing/clientreport/download?key=AIzaSyC7jsptDS3am4tPx4r3nxis7IMjBc5Dovo
0125,126,24739,2026-05-14T03:57:47.515245Z,00:15:52:04,952.122184,https://sb-ssl.google.com/safebrowsing/clientreport/download?key=AIzaSyC7jsptDS3am4tPx4r3nxis7IMjBc5Dovo
0126,127,24739,2026-05-14T03:57:47.515245Z,00:15:52:04,952.122184,https://sb-ssl.google.com/safebrowsing/clientreport/download?key=AIzaSyC7jsptDS3am4tPx4r3nxis7IMjBc5Dovo
0127,128,24739,2026-05-14T03:57:47.515245Z,00:15:52:04,952.122184,https://sb-ssl.google.com/safebrowsing/clientreport/download?key=AIzaSyC7jsptDS3am4tPx4r3nxis7IMjBc5Dovo
0128,129,24739,2026-05-14T03:57:47.515245Z,00:15:52:04,952.122184,https://sb-ssl.google.com/safebrowsing/clientreport/download?key=AIzaSyC7jsptDS3am4tPx4r3nxis7IMjBc5Dovo
0129,130,24739,2026-05-14T03:57:47.515245Z,00:15:52:04,952.122184,https://sb-ssl.google.com/safebrowsing/clientreport/download?key=AIzaSyC7jsptDS3am4tPx4r3nxis7IMjBc5Dovo
0130,131,24739,2026-05-14T03:57:47.515245Z,00:15:52:04,952.122184,https://sb-ssl.google.com/safebrowsing/clientreport/download?key=AIzaSyC7jsptDS3am4tPx4r3nxis7IMjBc5Dovo
0131,132,24739,2026-05-14T03:57:47.515245Z,00:15:52:04,952.122184,https://sb-ssl.google.com/safebrowsing/clientreport/download?key=AIzaSyC7jsptDS3am4tPx4r3nxis7IMjBc5Dovo
0129,130,24740,2026-05-14T03:58:43.958178Z,00:16:48:17,1008.565117,https://fcsexternal.uspis.gov/fcsexternal/ExternalCybercrime?handler=Save
0130,131,24740,2026-05-14T03:58:43.958178Z,00:16:48:17,1008.565117,https://fcsexternal.uspis.gov/fcsexternal/ExternalCybercrime?handler=Save
0131,132,24740,2026-05-14T03:58:43.958178Z,00:16:48:17,1008.565117,https://fcsexternal.uspis.gov/fcsexternal/ExternalCybercrime?handler=Save
0130,131,24741,2026-05-14T03:58:44.915427Z,00:16:49:16,1009.522366,https://fcsexternal.uspis.gov/fcsexternal/RecordSavedCybercrime/2725008
0131,132,24741,2026-05-14T03:58:44.915427Z,00:16:49:16,1009.522366,https://fcsexternal.uspis.gov/fcsexternal/RecordSavedCybercrime/2725008
0130,131,24742,2026-05-14T03:58:45.475302Z,00:16:50:02,1010.082241,https://fcsexternal.uspis.gov/fcsexternal/RecordSavedCybercrimeEx
0131,132,24742,2026-05-14T03:58:45.475302Z,00:16:50:02,1010.082241,https://fcsexternal.uspis.gov/fcsexternal/RecordSavedCybercrimeEx
0132,133,24753,2026-05-14T03:59:06.841505Z,00:17:11:13,1031.448444,https://img-getpocket.cdn.mozilla.net/110x117/smart/filters:format(webp):quality(75):no_upscale():strip_exif()/https%3A%2F%2Fs3.us-east-1.amazonaws.com%2Fpocket-curatedcorpusapi-prod-images%2F22529abc-9a64-4fd9-b9a8-149cdcaf795a.jpeg
0132,133,24754,2026-05-14T03:59:07.075202Z,00:17:11:20,1031.682141,https://img-getpocket.cdn.mozilla.net/110x117/smart/filters:format(webp):quality(75):no_upscale():strip_exif()/https%3A%2F%2Fs3.us-east-1.amazonaws.com%2Fpocket-curatedcorpusapi-prod-images%2F3caab01b-4669-4801-bed4-2db0c7f4593c.jpeg
0132,133,24755,2026-05-14T03:59:07.327090Z,00:17:11:28,1031.934029,https://img-getpocket.cdn.mozilla.net/300x160/smart/filters:format(webp):quality(75):no_upscale():strip_exif()/https%3A%2F%2Fs3.us-east-1.amazonaws.com%2Fpocket-curatedcorpusapi-prod-images%2F3872a18b-623d-48a7-9b03-1f2fb1236a97.jpeg
0132,133,24756,2026-05-14T03:59:07.576633Z,00:17:12:06,1032.183572,https://img-getpocket.cdn.mozilla.net/110x117/smart/filters:format(webp):quality(75):no_upscale():strip_exif()/https%3A%2F%2Fs3.us-east-1.amazonaws.com%2Fpocket-curatedcorpusapi-prod-images%2Fef5d35d2-5db5-4e5a-a400-b071f22345d2.jpeg
0132,133,24757,2026-05-14T03:59:07.982117Z,00:17:12:18,1032.589056,https://img-getpocket.cdn.mozilla.net/300x160/smart/filters:format(webp):quality(75):no_upscale():strip_exif()/https%3A%2F%2Fads-img.mozilla.org%2Fv1%2Fimages%3Fimage_data%3DCrQBCrEBaHR0cHM6Ly9jcmVhdGl2ZXMuc2FzY2RuLmNvbS9kaWZmLzU0MTQvYWR2ZXJ0aXNlci81Mzc0MDIvSWZfWW91X093bl9hX0hvbWVfYW5kX05lZWRfQ2FzaCxfRG9fVGhpc19JbnN0ZWFkX29mX2FfTG9hbl8oSXRfc19TaW1wbGUpX19feWFuYV9hM2JmOTBhZS1lNDRmLTRlZGUtYjIwNi00MmQxZTVlZWE1MzguanBnEiB1m4rGm-tpcwdVpT-y5yU1DBUsqfuUyzlJzrKT_Pg9jw
0133,134,24759,2026-05-14T03:59:08.767274Z,00:17:13:11,1033.374213,https://img-getpocket.cdn.mozilla.net/300x160/smart/filters:format(webp):quality(75):no_upscale():strip_exif()/https%3A%2F%2Fads-img.mozilla.org%2Fv1%2Fimages%3Fimage_data%3DCrkBCrYBaHR0cHM6Ly9jcmVhdGl2ZXMuc2FzY2RuLmNvbS9kaWZmLzU0MTQvYWR2ZXJ0aXNlci81Mzg3NDcvVGhlXzU1X01vc3RfRXhwZW5zaXZlLUxvb2tpbmdfQ2xvdGhlc19XZV9Gb3VuZF9Pbl9BbWF6b25fRm9yX1VuZGVyXyQzNV9fX19fQnVzdGxlXzIzXzAxMTg4YjFlLTFjOTMtNDMwMC04NTIxLTNkNDIyZWRjNTE3NC5wbmcSIPKZ6AWJtrKEWeJlBIAPSrfA_nhW7pcK3JhPpxsEf-AN
0133,134,24760,2026-05-14T03:59:09.158506Z,00:17:13:23,1033.765445,https://img-getpocket.cdn.mozilla.net/300x160/smart/filters:format(webp):quality(75):no_upscale():strip_exif()/https%3A%2F%2Fs3.us-east-1.amazonaws.com%2Fpocket-curatedcorpusapi-prod-images%2F9aa38e28-f8fc-4cc9-97ae-590836302e0d.jpeg
0133,134,24761,2026-05-14T03:59:13.479111Z,00:17:18:03,1038.086050,https://www.auditor.leg.state.mn.us/allegation.htm
0133,134,24762,2026-05-14T03:59:14.336892Z,00:17:18:28,1038.943831,https://mnofficeofthelegislativeauditor.formstack.com/forms/js.php/ola_allegation_form
0133,134,24763,2026-05-14T03:59:15.274688Z,00:17:19:26,1039.881627,https://static.formstack.com/forms/forms-renderer/builds/public/form_b45c48d91e.js
0134,135,24772,2026-05-14T03:59:20.886597Z,00:17:25:15,1045.493536,"https://fonts.googleapis.com/css?family=Merriweather%20Sans:400,700"
0134,135,24773,2026-05-14T03:59:21.158744Z,00:17:25:23,1045.765683,https://mnofficeofthelegislativeauditor.formstack.com/forms-analytics/live-form/analytics/5035665/firstView
0134,135,24774,2026-05-14T03:59:22.231179Z,00:17:26:25,1046.838118,https://mnofficeofthelegislativeauditor.formstack.com/forms-analytics/live-form/analytics/5035665/firstView
0135,136,24774,2026-05-14T03:59:22.231179Z,00:17:26:25,1046.838118,https://mnofficeofthelegislativeauditor.formstack.com/forms-analytics/live-form/analytics/5035665/firstView
0134,135,24775,2026-05-14T03:59:22.632626Z,00:17:27:07,1047.239565,https://fonts.gstatic.com/s/merriweathersans/v28/2-c99IRs1JiJN1FRAMjTN5zd9vgsFHX1QjU.woff2
0135,136,24775,2026-05-14T03:59:22.632626Z,00:17:27:07,1047.239565,https://fonts.gstatic.com/s/merriweathersans/v28/2-c99IRs1JiJN1FRAMjTN5zd9vgsFHX1QjU.woff2
0134,135,24776,2026-05-14T03:59:23.143480Z,00:17:27:23,1047.750419,https://s3.amazonaws.com/files.formstack.com/public/803569/image_OLALogoBLACK.png
0135,136,24776,2026-05-14T03:59:23.143480Z,00:17:27:23,1047.750419,https://s3.amazonaws.com/files.formstack.com/public/803569/image_OLALogoBLACK.png
0135,136,24777,2026-05-14T03:59:24.349925Z,00:17:28:29,1048.956864,https://prod-images.merino.prod.webservices.mozgcp.net/favicons/eb82daaeb0b85a423e75fcf2141845dbca847d5bbe75ba1cd41d17846d7b1cd3_25074.ico
0136,137,24777,2026-05-14T03:59:24.349925Z,00:17:28:29,1048.956864,https://prod-images.merino.prod.webservices.mozgcp.net/favicons/eb82daaeb0b85a423e75fcf2141845dbca847d5bbe75ba1cd41d17846d7b1cd3_25074.ico
0135,136,24778,2026-05-14T03:59:26.768713Z,00:17:31:11,1051.375652,https://prod-images.merino.prod.webservices.mozgcp.net/favicons/4f49fd9797ffc0b4123ce4c9e5e061ede202c7ace26c9f566ca23f426086ce10_904.svg
0136,137,24778,2026-05-14T03:59:26.768713Z,00:17:31:11,1051.375652,https://prod-images.merino.prod.webservices.mozgcp.net/favicons/4f49fd9797ffc0b4123ce4c9e5e061ede202c7ace26c9f566ca23f426086ce10_904.svg
0137,138,24778,2026-05-14T03:59:26.768713Z,00:17:31:11,1051.375652,https://prod-images.merino.prod.webservices.mozgcp.net/favicons/4f49fd9797ffc0b4123ce4c9e5e061ede202c7ace26c9f566ca23f426086ce10_904.svg
0138,139,24778,2026-05-14T03:59:26.768713Z,00:17:31:11,1051.375652,https://prod-images.merino.prod.webservices.mozgcp.net/favicons/4f49fd9797ffc0b4123ce4c9e5e061ede202c7ace26c9f566ca23f426086ce10_904.svg
0139,140,24778,2026-05-14T03:59:26.768713Z,00:17:31:11,1051.375652,https://prod-images.merino.prod.webservices.mozgcp.net/favicons/4f49fd9797ffc0b4123ce4c9e5e061ede202c7ace26c9f566ca23f426086ce10_904.svg
0136,137,24779,2026-05-14T03:59:33.738439Z,00:17:38:10,1058.345378,https://mnofficeofthelegislativeauditor.formstack.com/forms-analytics/live-form/analytics/5035665/touch
0137,138,24779,2026-05-14T03:59:33.738439Z,00:17:38:10,1058.345378,https://mnofficeofthelegislativeauditor.formstack.com/forms-analytics/live-form/analytics/5035665/touch
0138,139,24779,2026-05-14T03:59:33.738439Z,00:17:38:10,1058.345378,https://mnofficeofthelegislativeauditor.formstack.com/forms-analytics/live-form/analytics/5035665/touch
0139,140,24779,2026-05-14T03:59:33.738439Z,00:17:38:10,1058.345378,https://mnofficeofthelegislativeauditor.formstack.com/forms-analytics/live-form/analytics/5035665/touch
0140,141,24779,2026-05-14T03:59:33.738439Z,00:17:38:10,1058.345378,https://mnofficeofthelegislativeauditor.formstack.com/forms-analytics/live-form/analytics/5035665/touch
0136,137,24780,2026-05-14T03:59:34.626320Z,00:17:39:07,1059.233259,https://mnofficeofthelegislativeauditor.formstack.com/forms-analytics/live-form/analytics/5035665/touch
0137,138,24780,2026-05-14T03:59:34.626320Z,00:17:39:07,1059.233259,https://mnofficeofthelegislativeauditor.formstack.com/forms-analytics/live-form/analytics/5035665/touch
0138,139,24780,2026-05-14T03:59:34.626320Z,00:17:39:07,1059.233259,https://mnofficeofthelegislativeauditor.formstack.com/forms-analytics/live-form/analytics/5035665/touch
0139,140,24780,2026-05-14T03:59:34.626320Z,00:17:39:07,1059.233259,https://mnofficeofthelegislativeauditor.formstack.com/forms-analytics/live-form/analytics/5035665/touch
0140,141,24780,2026-05-14T03:59:34.626320Z,00:17:39:07,1059.233259,https://mnofficeofthelegislativeauditor.formstack.com/forms-analytics/live-form/analytics/5035665/touch
0136,137,24781,2026-05-14T03:59:34.868048Z,00:17:39:14,1059.474987,https://prod-images.merino.prod.webservices.mozgcp.net/favicons/db8db023dec282bfe909d41223ea1bad027b24f5008e34cb3e8f3aaa4beba0fd_259167.png
0137,138,24781,2026-05-14T03:59:34.868048Z,00:17:39:14,1059.474987,https://prod-images.merino.prod.webservices.mozgcp.net/favicons/db8db023dec282bfe909d41223ea1bad027b24f5008e34cb3e8f3aaa4beba0fd_259167.png
0138,139,24781,2026-05-14T03:59:34.868048Z,00:17:39:14,1059.474987,https://prod-images.merino.prod.webservices.mozgcp.net/favicons/db8db023dec282bfe909d41223ea1bad027b24f5008e34cb3e8f3aaa4beba0fd_259167.png
0139,140,24781,2026-05-14T03:59:34.868048Z,00:17:39:14,1059.474987,https://prod-images.merino.prod.webservices.mozgcp.net/favicons/db8db023dec282bfe909d41223ea1bad027b24f5008e34cb3e8f3aaa4beba0fd_259167.png
0140,141,24781,2026-05-14T03:59:34.868048Z,00:17:39:14,1059.474987,https://prod-images.merino.prod.webservices.mozgcp.net/favicons/db8db023dec282bfe909d41223ea1bad027b24f5008e34cb3e8f3aaa4beba0fd_259167.png
0141,142,24781,2026-05-14T03:59:34.868048Z,00:17:39:14,1059.474987,https://prod-images.merino.prod.webservices.mozgcp.net/favicons/db8db023dec282bfe909d41223ea1bad027b24f5008e34cb3e8f3aaa4beba0fd_259167.png
0137,138,24782,2026-05-14T03:59:39.045349Z,00:17:43:20,1063.652288,https://prod-images.merino.prod.webservices.mozgcp.net/favicons/5bc956fd289bd0093642406eadf9085bc750b7045e1c3ec45eaa8b39df175b22_7626.png
0138,139,24782,2026-05-14T03:59:39.045349Z,00:17:43:20,1063.652288,https://prod-images.merino.prod.webservices.mozgcp.net/favicons/5bc956fd289bd0093642406eadf9085bc750b7045e1c3ec45eaa8b39df175b22_7626.png
0139,140,24782,2026-05-14T03:59:39.045349Z,00:17:43:20,1063.652288,https://prod-images.merino.prod.webservices.mozgcp.net/favicons/5bc956fd289bd0093642406eadf9085bc750b7045e1c3ec45eaa8b39df175b22_7626.png
0140,141,24782,2026-05-14T03:59:39.045349Z,00:17:43:20,1063.652288,https://prod-images.merino.prod.webservices.mozgcp.net/favicons/5bc956fd289bd0093642406eadf9085bc750b7045e1c3ec45eaa8b39df175b22_7626.png
0141,142,24782,2026-05-14T03:59:39.045349Z,00:17:43:20,1063.652288,https://prod-images.merino.prod.webservices.mozgcp.net/favicons/5bc956fd289bd0093642406eadf9085bc750b7045e1c3ec45eaa8b39df175b22_7626.png
0142,143,24782,2026-05-14T03:59:39.045349Z,00:17:43:20,1063.652288,https://prod-images.merino.prod.webservices.mozgcp.net/favicons/5bc956fd289bd0093642406eadf9085bc750b7045e1c3ec45eaa8b39df175b22_7626.png
0143,144,24782,2026-05-14T03:59:39.045349Z,00:17:43:20,1063.652288,https://prod-images.merino.prod.webservices.mozgcp.net/favicons/5bc956fd289bd0093642406eadf9085bc750b7045e1c3ec45eaa8b39df175b22_7626.png
0140,141,24783,2026-05-14T04:00:08.145945Z,00:18:12:23,1092.752884,https://prod-images.merino.prod.webservices.mozgcp.net/favicons/fcd98351e159761f203879a12b24f8564d3d9dd90bb54400e87ac1405c1f7acc_390.png
0141,142,24783,2026-05-14T04:00:08.145945Z,00:18:12:23,1092.752884,https://prod-images.merino.prod.webservices.mozgcp.net/favicons/fcd98351e159761f203879a12b24f8564d3d9dd90bb54400e87ac1405c1f7acc_390.png
0142,143,24783,2026-05-14T04:00:08.145945Z,00:18:12:23,1092.752884,https://prod-images.merino.prod.webservices.mozgcp.net/favicons/fcd98351e159761f203879a12b24f8564d3d9dd90bb54400e87ac1405c1f7acc_390.png
0143,144,24783,2026-05-14T04:00:08.145945Z,00:18:12:23,1092.752884,https://prod-images.merino.prod.webservices.mozgcp.net/favicons/fcd98351e159761f203879a12b24f8564d3d9dd90bb54400e87ac1405c1f7acc_390.png
0141,142,24784,2026-05-14T04:00:12.262187Z,00:18:16:26,1096.869126,https://prod-images.merino.prod.webservices.mozgcp.net/favicons/be51ae18a8eef2024d43939444d387d010b94cb958609dfe265de46cee3fbaa3_2172.png
0142,143,24784,2026-05-14T04:00:12.262187Z,00:18:16:26,1096.869126,https://prod-images.merino.prod.webservices.mozgcp.net/favicons/be51ae18a8eef2024d43939444d387d010b94cb958609dfe265de46cee3fbaa3_2172.png
0143,144,24784,2026-05-14T04:00:12.262187Z,00:18:16:26,1096.869126,https://prod-images.merino.prod.webservices.mozgcp.net/favicons/be51ae18a8eef2024d43939444d387d010b94cb958609dfe265de46cee3fbaa3_2172.png
0141,142,24785,2026-05-14T04:00:16.321424Z,00:18:20:28,1100.928363,https://prod-images.merino.prod.webservices.mozgcp.net/favicons/5b0496ff46f871cde0e01258f4eeffbe5032c6f4d86a14cc2e9c9ad6d61bfcc5_6473.png
0142,143,24785,2026-05-14T04:00:16.321424Z,00:18:20:28,1100.928363,https://prod-images.merino.prod.webservices.mozgcp.net/favicons/5b0496ff46f871cde0e01258f4eeffbe5032c6f4d86a14cc2e9c9ad6d61bfcc5_6473.png
0143,144,24785,2026-05-14T04:00:16.321424Z,00:18:20:28,1100.928363,https://prod-images.merino.prod.webservices.mozgcp.net/favicons/5b0496ff46f871cde0e01258f4eeffbe5032c6f4d86a14cc2e9c9ad6d61bfcc5_6473.png
0144,145,24785,2026-05-14T04:00:16.321424Z,00:18:20:28,1100.928363,https://prod-images.merino.prod.webservices.mozgcp.net/favicons/5b0496ff46f871cde0e01258f4eeffbe5032c6f4d86a14cc2e9c9ad6d61bfcc5_6473.png
0145,146,24785,2026-05-14T04:00:16.321424Z,00:18:20:28,1100.928363,https://prod-images.merino.prod.webservices.mozgcp.net/favicons/5b0496ff46f871cde0e01258f4eeffbe5032c6f4d86a14cc2e9c9ad6d61bfcc5_6473.png
0146,147,24785,2026-05-14T04:00:16.321424Z,00:18:20:28,1100.928363,https://prod-images.merino.prod.webservices.mozgcp.net/favicons/5b0496ff46f871cde0e01258f4eeffbe5032c6f4d86a14cc2e9c9ad6d61bfcc5_6473.png
0147,148,24785,2026-05-14T04:00:16.321424Z,00:18:20:28,1100.928363,https://prod-images.merino.prod.webservices.mozgcp.net/favicons/5b0496ff46f871cde0e01258f4eeffbe5032c6f4d86a14cc2e9c9ad6d61bfcc5_6473.png
0142,143,24786,2026-05-14T04:00:20.404333Z,00:18:25:00,1105.011272,https://prod-images.merino.prod.webservices.mozgcp.net/favicons/1662fccd0d8d3df1230ebfc35ea26d18455ad24f95e1480394ab08c6d5148b12_8508.png
0143,144,24786,2026-05-14T04:00:20.404333Z,00:18:25:00,1105.011272,https://prod-images.merino.prod.webservices.mozgcp.net/favicons/1662fccd0d8d3df1230ebfc35ea26d18455ad24f95e1480394ab08c6d5148b12_8508.png
0144,145,24786,2026-05-14T04:00:20.404333Z,00:18:25:00,1105.011272,https://prod-images.merino.prod.webservices.mozgcp.net/favicons/1662fccd0d8d3df1230ebfc35ea26d18455ad24f95e1480394ab08c6d5148b12_8508.png
0145,146,24786,2026-05-14T04:00:20.404333Z,00:18:25:00,1105.011272,https://prod-images.merino.prod.webservices.mozgcp.net/favicons/1662fccd0d8d3df1230ebfc35ea26d18455ad24f95e1480394ab08c6d5148b12_8508.png
0146,147,24786,2026-05-14T04:00:20.404333Z,00:18:25:00,1105.011272,https://prod-images.merino.prod.webservices.mozgcp.net/favicons/1662fccd0d8d3df1230ebfc35ea26d18455ad24f95e1480394ab08c6d5148b12_8508.png
0147,148,24786,2026-05-14T04:00:20.404333Z,00:18:25:00,1105.011272,https://prod-images.merino.prod.webservices.mozgcp.net/favicons/1662fccd0d8d3df1230ebfc35ea26d18455ad24f95e1480394ab08c6d5148b12_8508.png
0144,145,24787,2026-05-14T04:00:35.670837Z,00:18:40:08,1120.277776,https://prod-images.merino.prod.webservices.mozgcp.net/favicons/445e2f66618f0c718ce2596a7cc24e9c956604793760e4f8491ff2b179376f5d_10464.png
0145,146,24787,2026-05-14T04:00:35.670837Z,00:18:40:08,1120.277776,https://prod-images.merino.prod.webservices.mozgcp.net/favicons/445e2f66618f0c718ce2596a7cc24e9c956604793760e4f8491ff2b179376f5d_10464.png
0146,147,24787,2026-05-14T04:00:35.670837Z,00:18:40:08,1120.277776,https://prod-images.merino.prod.webservices.mozgcp.net/favicons/445e2f66618f0c718ce2596a7cc24e9c956604793760e4f8491ff2b179376f5d_10464.png
0147,148,24787,2026-05-14T04:00:35.670837Z,00:18:40:08,1120.277776,https://prod-images.merino.prod.webservices.mozgcp.net/favicons/445e2f66618f0c718ce2596a7cc24e9c956604793760e4f8491ff2b179376f5d_10464.png
0148,149,24787,2026-05-14T04:00:35.670837Z,00:18:40:08,1120.277776,https://prod-images.merino.prod.webservices.mozgcp.net/favicons/445e2f66618f0c718ce2596a7cc24e9c956604793760e4f8491ff2b179376f5d_10464.png
0149,150,24787,2026-05-14T04:00:35.670837Z,00:18:40:08,1120.277776,https://prod-images.merino.prod.webservices.mozgcp.net/favicons/445e2f66618f0c718ce2596a7cc24e9c956604793760e4f8491ff2b179376f5d_10464.png
0150,151,24787,2026-05-14T04:00:35.670837Z,00:18:40:08,1120.277776,https://prod-images.merino.prod.webservices.mozgcp.net/favicons/445e2f66618f0c718ce2596a7cc24e9c956604793760e4f8491ff2b179376f5d_10464.png
0144,145,24788,2026-05-14T04:00:37.849695Z,00:18:42:14,1122.456634,https://prod-images.merino.prod.webservices.mozgcp.net/favicons/7c9e86aa79bb0c10762dd30324890e848f9198e51823271ec6aab3bd102099b0_17073.oct
0145,146,24788,2026-05-14T04:00:37.849695Z,00:18:42:14,1122.456634,https://prod-images.merino.prod.webservices.mozgcp.net/favicons/7c9e86aa79bb0c10762dd30324890e848f9198e51823271ec6aab3bd102099b0_17073.oct
0146,147,24788,2026-05-14T04:00:37.849695Z,00:18:42:14,1122.456634,https://prod-images.merino.prod.webservices.mozgcp.net/favicons/7c9e86aa79bb0c10762dd30324890e848f9198e51823271ec6aab3bd102099b0_17073.oct
0147,148,24788,2026-05-14T04:00:37.849695Z,00:18:42:14,1122.456634,https://prod-images.merino.prod.webservices.mozgcp.net/favicons/7c9e86aa79bb0c10762dd30324890e848f9198e51823271ec6aab3bd102099b0_17073.oct
0148,149,24788,2026-05-14T04:00:37.849695Z,00:18:42:14,1122.456634,https://prod-images.merino.prod.webservices.mozgcp.net/favicons/7c9e86aa79bb0c10762dd30324890e848f9198e51823271ec6aab3bd102099b0_17073.oct
0149,150,24788,2026-05-14T04:00:37.849695Z,00:18:42:14,1122.456634,https://prod-images.merino.prod.webservices.mozgcp.net/favicons/7c9e86aa79bb0c10762dd30324890e848f9198e51823271ec6aab3bd102099b0_17073.oct
0150,151,24788,2026-05-14T04:00:37.849695Z,00:18:42:14,1122.456634,https://prod-images.merino.prod.webservices.mozgcp.net/favicons/7c9e86aa79bb0c10762dd30324890e848f9198e51823271ec6aab3bd102099b0_17073.oct
0151,152,24788,2026-05-14T04:00:37.849695Z,00:18:42:14,1122.456634,https://prod-images.merino.prod.webservices.mozgcp.net/favicons/7c9e86aa79bb0c10762dd30324890e848f9198e51823271ec6aab3bd102099b0_17073.oct
0152,153,24788,2026-05-14T04:00:37.849695Z,00:18:42:14,1122.456634,https://prod-images.merino.prod.webservices.mozgcp.net/favicons/7c9e86aa79bb0c10762dd30324890e848f9198e51823271ec6aab3bd102099b0_17073.oct
0153,154,24788,2026-05-14T04:00:37.849695Z,00:18:42:14,1122.456634,https://prod-images.merino.prod.webservices.mozgcp.net/favicons/7c9e86aa79bb0c10762dd30324890e848f9198e51823271ec6aab3bd102099b0_17073.oct
0154,155,24788,2026-05-14T04:00:37.849695Z,00:18:42:14,1122.456634,https://prod-images.merino.prod.webservices.mozgcp.net/favicons/7c9e86aa79bb0c10762dd30324890e848f9198e51823271ec6aab3bd102099b0_17073.oct
0144,145,24789,2026-05-14T04:00:38.641985Z,00:18:43:07,1123.248924,https://prod-images.merino.prod.webservices.mozgcp.net/favicons/c057721bf12af1dc645cd376166665b93a98f10ca9f61c5a2d9dacc08d03b253_22754.webp
0145,146,24789,2026-05-14T04:00:38.641985Z,00:18:43:07,1123.248924,https://prod-images.merino.prod.webservices.mozgcp.net/favicons/c057721bf12af1dc645cd376166665b93a98f10ca9f61c5a2d9dacc08d03b253_22754.webp
0146,147,24789,2026-05-14T04:00:38.641985Z,00:18:43:07,1123.248924,https://prod-images.merino.prod.webservices.mozgcp.net/favicons/c057721bf12af1dc645cd376166665b93a98f10ca9f61c5a2d9dacc08d03b253_22754.webp
0147,148,24789,2026-05-14T04:00:38.641985Z,00:18:43:07,1123.248924,https://prod-images.merino.prod.webservices.mozgcp.net/favicons/c057721bf12af1dc645cd376166665b93a98f10ca9f61c5a2d9dacc08d03b253_22754.webp
0148,149,24789,2026-05-14T04:00:38.641985Z,00:18:43:07,1123.248924,https://prod-images.merino.prod.webservices.mozgcp.net/favicons/c057721bf12af1dc645cd376166665b93a98f10ca9f61c5a2d9dacc08d03b253_22754.webp
0149,150,24789,2026-05-14T04:00:38.641985Z,00:18:43:07,1123.248924,https://prod-images.merino.prod.webservices.mozgcp.net/favicons/c057721bf12af1dc645cd376166665b93a98f10ca9f61c5a2d9dacc08d03b253_22754.webp
0150,151,24789,2026-05-14T04:00:38.641985Z,00:18:43:07,1123.248924,https://prod-images.merino.prod.webservices.mozgcp.net/favicons/c057721bf12af1dc645cd376166665b93a98f10ca9f61c5a2d9dacc08d03b253_22754.webp
0151,152,24789,2026-05-14T04:00:38.641985Z,00:18:43:07,1123.248924,https://prod-images.merino.prod.webservices.mozgcp.net/favicons/c057721bf12af1dc645cd376166665b93a98f10ca9f61c5a2d9dacc08d03b253_22754.webp
0152,153,24789,2026-05-14T04:00:38.641985Z,00:18:43:07,1123.248924,https://prod-images.merino.prod.webservices.mozgcp.net/favicons/c057721bf12af1dc645cd376166665b93a98f10ca9f61c5a2d9dacc08d03b253_22754.webp
0153,154,24789,2026-05-14T04:00:38.641985Z,00:18:43:07,1123.248924,https://prod-images.merino.prod.webservices.mozgcp.net/favicons/c057721bf12af1dc645cd376166665b93a98f10ca9f61c5a2d9dacc08d03b253_22754.webp
0154,155,24789,2026-05-14T04:00:38.641985Z,00:18:43:07,1123.248924,https://prod-images.merino.prod.webservices.mozgcp.net/favicons/c057721bf12af1dc645cd376166665b93a98f10ca9f61c5a2d9dacc08d03b253_22754.webp
0155,156,24789,2026-05-14T04:00:38.641985Z,00:18:43:07,1123.248924,https://prod-images.merino.prod.webservices.mozgcp.net/favicons/c057721bf12af1dc645cd376166665b93a98f10ca9f61c5a2d9dacc08d03b253_22754.webp
0148,149,24790,2026-05-14T04:01:04.259106Z,00:19:08:26,1148.866045,https://merino.services.mozilla.com/api/v1/suggest?q=&providers=accuweather&request_type=weather&source=newtab&country=US&region=IL&city=Chicago&sid=a0e046b8-b73a-4bab-9eb3-052e28fc016e&seq=0
0149,150,24790,2026-05-14T04:01:04.259106Z,00:19:08:26,1148.866045,https://merino.services.mozilla.com/api/v1/suggest?q=&providers=accuweather&request_type=weather&source=newtab&country=US&region=IL&city=Chicago&sid=a0e046b8-b73a-4bab-9eb3-052e28fc016e&seq=0
0150,151,24790,2026-05-14T04:01:04.259106Z,00:19:08:26,1148.866045,https://merino.services.mozilla.com/api/v1/suggest?q=&providers=accuweather&request_type=weather&source=newtab&country=US&region=IL&city=Chicago&sid=a0e046b8-b73a-4bab-9eb3-052e28fc016e&seq=0
0151,152,24790,2026-05-14T04:01:04.259106Z,00:19:08:26,1148.866045,https://merino.services.mozilla.com/api/v1/suggest?q=&providers=accuweather&request_type=weather&source=newtab&country=US&region=IL&city=Chicago&sid=a0e046b8-b73a-4bab-9eb3-052e28fc016e&seq=0
0152,153,24790,2026-05-14T04:01:04.259106Z,00:19:08:26,1148.866045,https://merino.services.mozilla.com/api/v1/suggest?q=&providers=accuweather&request_type=weather&source=newtab&country=US&region=IL&city=Chicago&sid=a0e046b8-b73a-4bab-9eb3-052e28fc016e&seq=0
0153,154,24790,2026-05-14T04:01:04.259106Z,00:19:08:26,1148.866045,https://merino.services.mozilla.com/api/v1/suggest?q=&providers=accuweather&request_type=weather&source=newtab&country=US&region=IL&city=Chicago&sid=a0e046b8-b73a-4bab-9eb3-052e28fc016e&seq=0
0154,155,24790,2026-05-14T04:01:04.259106Z,00:19:08:26,1148.866045,https://merino.services.mozilla.com/api/v1/suggest?q=&providers=accuweather&request_type=weather&source=newtab&country=US&region=IL&city=Chicago&sid=a0e046b8-b73a-4bab-9eb3-052e28fc016e&seq=0
0155,156,24790,2026-05-14T04:01:04.259106Z,00:19:08:26,1148.866045,https://merino.services.mozilla.com/api/v1/suggest?q=&providers=accuweather&request_type=weather&source=newtab&country=US&region=IL&city=Chicago&sid=a0e046b8-b73a-4bab-9eb3-052e28fc016e&seq=0
0148,149,24791,2026-05-14T04:01:07.198512Z,00:19:11:24,1151.805451,https://www.auditor.leg.state.mn.us/allegation.htm
0149,150,24791,2026-05-14T04:01:07.198512Z,00:19:11:24,1151.805451,https://www.auditor.leg.state.mn.us/allegation.htm
0150,151,24791,2026-05-14T04:01:07.198512Z,00:19:11:24,1151.805451,https://www.auditor.leg.state.mn.us/allegation.htm
0151,152,24791,2026-05-14T04:01:07.198512Z,00:19:11:24,1151.805451,https://www.auditor.leg.state.mn.us/allegation.htm
0152,153,24791,2026-05-14T04:01:07.198512Z,00:19:11:24,1151.805451,https://www.auditor.leg.state.mn.us/allegation.htm
0153,154,24791,2026-05-14T04:01:07.198512Z,00:19:11:24,1151.805451,https://www.auditor.leg.state.mn.us/allegation.htm
0154,155,24791,2026-05-14T04:01:07.198512Z,00:19:11:24,1151.805451,https://www.auditor.leg.state.mn.us/allegation.htm
0155,156,24791,2026-05-14T04:01:07.198512Z,00:19:11:24,1151.805451,https://www.auditor.leg.state.mn.us/allegation.htm
0151,152,24792,2026-05-14T04:01:27.443313Z,00:19:32:02,1172.050252,https://mnofficeofthelegislativeauditor.formstack.com/forms/js.php/ola_allegation_form
0152,153,24792,2026-05-14T04:01:27.443313Z,00:19:32:02,1172.050252,https://mnofficeofthelegislativeauditor.formstack.com/forms/js.php/ola_allegation_form
0153,154,24792,2026-05-14T04:01:27.443313Z,00:19:32:02,1172.050252,https://mnofficeofthelegislativeauditor.formstack.com/forms/js.php/ola_allegation_form
0154,155,24792,2026-05-14T04:01:27.443313Z,00:19:32:02,1172.050252,https://mnofficeofthelegislativeauditor.formstack.com/forms/js.php/ola_allegation_form
0155,156,24792,2026-05-14T04:01:27.443313Z,00:19:32:02,1172.050252,https://mnofficeofthelegislativeauditor.formstack.com/forms/js.php/ola_allegation_form
0155,156,24793,2026-05-14T04:02:04.191581Z,00:20:08:24,1208.798520,https://mnofficeofthelegislativeauditor.formstack.com/forms/index.php
0156,157,24798,2026-05-14T04:02:06.754127Z,00:20:11:11,1211.361066,https://static.formstack.com/forms/css/common/dialogs_00a7ec5f05.css
0157,158,24798,2026-05-14T04:02:06.754127Z,00:20:11:11,1211.361066,https://static.formstack.com/forms/css/common/dialogs_00a7ec5f05.css
0158,159,24798,2026-05-14T04:02:06.754127Z,00:20:11:11,1211.361066,https://static.formstack.com/forms/css/common/dialogs_00a7ec5f05.css
0156,157,24799,2026-05-14T04:02:08.775691Z,00:20:13:11,1213.382630,https://ajax.googleapis.com/ajax/libs/webfont/1/webfont.js
0157,158,24799,2026-05-14T04:02:08.775691Z,00:20:13:11,1213.382630,https://ajax.googleapis.com/ajax/libs/webfont/1/webfont.js
0158,159,24799,2026-05-14T04:02:08.775691Z,00:20:13:11,1213.382630,https://ajax.googleapis.com/ajax/libs/webfont/1/webfont.js
0156,157,24800,2026-05-14T04:02:09.345162Z,00:20:13:29,1213.952101,https://www.formstack.com/images/favicon/favicon.ico
0157,158,24800,2026-05-14T04:02:09.345162Z,00:20:13:29,1213.952101,https://www.formstack.com/images/favicon/favicon.ico
0158,159,24800,2026-05-14T04:02:09.345162Z,00:20:13:29,1213.952101,https://www.formstack.com/images/favicon/favicon.ico
0156,157,24801,2026-05-14T04:02:09.770169Z,00:20:14:11,1214.377108,"https://fonts.googleapis.com/css?family=Merriweather+Sans:400,700"
0157,158,24801,2026-05-14T04:02:09.770169Z,00:20:14:11,1214.377108,"https://fonts.googleapis.com/css?family=Merriweather+Sans:400,700"
0158,159,24801,2026-05-14T04:02:09.770169Z,00:20:14:11,1214.377108,"https://fonts.googleapis.com/css?family=Merriweather+Sans:400,700"
0156,157,24802,2026-05-14T04:02:10.736108Z,00:20:15:10,1215.343047,https://fonts.gstatic.com/s/merriweathersans/v28/2-c99IRs1JiJN1FRAMjTN5zd9vgsFHX1QjU.woff2
0157,158,24802,2026-05-14T04:02:10.736108Z,00:20:15:10,1215.343047,https://fonts.gstatic.com/s/merriweathersans/v28/2-c99IRs1JiJN1FRAMjTN5zd9vgsFHX1QjU.woff2
0158,159,24802,2026-05-14T04:02:10.736108Z,00:20:15:10,1215.343047,https://fonts.gstatic.com/s/merriweathersans/v28/2-c99IRs1JiJN1FRAMjTN5zd9vgsFHX1QjU.woff2
0159,160,24816,2026-05-14T04:02:33.560267Z,00:20:38:05,1238.167206,https://img-getpocket.cdn.mozilla.net/300x160/smart/filters:format(webp):quality(75):no_upscale():strip_exif()/https%3A%2F%2Fads-img.mozilla.org%2Fv1%2Fimages%3Fimage_data%3DCrQBCrEBaHR0cHM6Ly9jcmVhdGl2ZXMuc2FzY2RuLmNvbS9kaWZmLzU0MTQvYWR2ZXJ0aXNlci81Mzc0MDIvSWZfWW91X093bl9hX0hvbWVfYW5kX05lZWRfQ2FzaCxfRG9fVGhpc19JbnN0ZWFkX29mX2FfTG9hbl8oSXRfc19TaW1wbGUpX19feWFuYV9hM2JmOTBhZS1lNDRmLTRlZGUtYjIwNi00MmQxZTVlZWE1MzguanBnEiB1m4rGm-tpcwdVpT-y5yU1DBUsqfuUyzlJzrKT_Pg9jw
0159,160,24817,2026-05-14T04:02:33.847954Z,00:20:38:14,1238.454893,https://img-getpocket.cdn.mozilla.net/300x160/smart/filters:format(webp):quality(75):no_upscale():strip_exif()/https%3A%2F%2Fs3.us-east-1.amazonaws.com%2Fpocket-curatedcorpusapi-prod-images%2F97955446-8bfd-4dad-a192-fae3f1edd9cf.jpeg
0159,160,24818,2026-05-14T04:02:34.246748Z,00:20:38:26,1238.853687,https://img-getpocket.cdn.mozilla.net/300x160/smart/filters:format(webp):quality(75):no_upscale():strip_exif()/https%3A%2F%2Fs3.us-east-1.amazonaws.com%2Fpocket-curatedcorpusapi-prod-images%2F9aa38e28-f8fc-4cc9-97ae-590836302e0d.jpeg
0159,160,24819,2026-05-14T04:02:34.617600Z,00:20:39:07,1239.224539,https://img-getpocket.cdn.mozilla.net/110x117/smart/filters:format(webp):quality(75):no_upscale():strip_exif()/https%3A%2F%2Fs3.us-east-1.amazonaws.com%2Fpocket-curatedcorpusapi-prod-images%2Fef5d35d2-5db5-4e5a-a400-b071f22345d2.jpeg
0159,160,24820,2026-05-14T04:02:34.873021Z,00:20:39:14,1239.479960,https://img-getpocket.cdn.mozilla.net/110x117/smart/filters:format(webp):quality(75):no_upscale():strip_exif()/https%3A%2F%2Fs3.us-east-1.amazonaws.com%2Fpocket-curatedcorpusapi-prod-images%2F22529abc-9a64-4fd9-b9a8-149cdcaf795a.jpeg
0160,161,24826,2026-05-14T04:02:40.802628Z,00:20:45:12,1245.409567,https://reportfraud.ftc.gov/assets/images/RF-Hero-1200x467-v3.svg
0160,161,24827,2026-05-14T04:02:41.195713Z,00:20:45:24,1245.802652,https://reportfraud.ftc.gov/styles.febbcf256bc451da.css
0160,161,24828,2026-05-14T04:02:41.448355Z,00:20:46:02,1246.055294,https://reportfraud.ftc.gov/assets/fonts/proximanova_regular/ProximaNova-Reg-webfont.woff
0160,161,24829,2026-05-14T04:02:42.736359Z,00:20:47:10,1247.343298,https://img-getpocket.cdn.mozilla.net/190x250/smart/filters:format(webp):quality(75):no_upscale():strip_exif()/https%3A%2F%2Fs3.us-east-1.amazonaws.com%2Fpocket-curatedcorpusapi-prod-images%2Ffde18280-7bf1-4bfb-8523-1d0a68e85884.jpeg
0160,161,24830,2026-05-14T04:02:42.981788Z,00:20:47:18,1247.588727,https://dap.digitalgov.gov/Universal-Federated-Analytics-Min.js?agency=FTC
0161,162,24840,2026-05-14T04:02:49.346673Z,00:20:53:29,1253.953612,https://reportfraud.ftc.gov/assets/images/lock-icon.png
0161,162,24841,2026-05-14T04:02:49.591043Z,00:20:54:06,1254.197982,https://reportfraud.ftc.gov/assets/images/RF-Logo-Seal-NEW-01.svg
0161,162,24842,2026-05-14T04:02:50.016573Z,00:20:54:19,1254.623512,https://reportfraud.ftc.gov/assets/images/topSplashButtonArrow-white.png
0161,162,24843,2026-05-14T04:02:50.407552Z,00:20:55:00,1255.014491,https://reportfraud.ftc.gov/assets/images/search-solid.svg
0161,162,24844,2026-05-14T04:02:50.765354Z,00:20:55:11,1255.372293,https://reportfraud.ftc.gov/assets/fonts/proximanova_semibold/ProximaNova-Sbold-webfont.woff
0162,163,24855,2026-05-14T04:02:57.326072Z,00:21:01:28,1261.933011,https://reportfraud.ftc.gov/948.a676ef57ae9d8e2e.js
0162,163,24856,2026-05-14T04:02:57.580731Z,00:21:02:06,1262.187670,https://reportfraud.ftc.gov/660.994aebcaa4e58401.js
0162,163,24857,2026-05-14T04:02:57.984560Z,00:21:02:18,1262.591499,https://reportfraud.ftc.gov/assets/images/ftc-dnc-logo.jpg
0162,163,24858,2026-05-14T04:02:58.379876Z,00:21:03:00,1262.986815,https://reportfraud.ftc.gov/assets/images/IDTgov-logo.png
0162,163,24859,2026-05-14T04:02:58.737658Z,00:21:03:10,1263.344597,https://reportfraud.ftc.gov/assets/images/exclamation-triangle-solid.svg
0163,164,24865,2026-05-14T04:03:04.199150Z,00:21:08:24,1268.806089,https://reportfraud.ftc.gov/assets/images/RF-Logo-Seal-244873-KO-v2.svg
0163,164,24866,2026-05-14T04:03:04.494713Z,00:21:09:03,1269.101652,https://js.monitor.azure.com/scripts/b/ai.config.1.cfg.json
0163,164,24867,2026-05-14T04:03:06.055857Z,00:21:10:20,1270.662796,https://www.google-analytics.com/g/collect?v=2&tid=G-CSLL4ZEK4L&gtm=45je65c0v9131934939za200zd9131934939&_p=1778731364862&gcd=13l3l3l3l1l1&npa=0&dma=0&cid=392812509.1778731379&frm=0&pscdl=noapi&rcb=1&sr=2560x1440&ul=en-us&_s=1&tag_exp=0~115938465~115938468&dl=https%3A%2F%2Freportfraud.ftc.gov%2Fform%2Fmain&dt=ReportFraud.ftc.gov&dr=&sid=1778731379&sct=1&seg=0&_tu=wA&en=page_view&_fv=1&_nsi=1&_ss=1&_ee=1&ep.agency=FTC&ep.subagency=REPORTFRAUD.FTC.GOV&ep.site_topic=unspecified%3Areportfraud.ftc.gov&ep.site_platform=unspecified%3Areportfraud.ftc.gov&ep.script_source=https%3A%2F%2Fdap.digitalgov.gov%2Funiversal-federated-analytics-min.js&ep.version=20250702%20v8.7%20-%20ga4&ep.protocol=https%3A&ep.using_parallel_tracker=no&ep.hostname_dimension=reportfraud.ftc.gov&tfd=29336
0163,164,24868,2026-05-14T04:03:06.431748Z,00:21:11:01,1271.038687,https://www.google-analytics.com/g/collect?v=2&tid=G-GWC5V51YNF&gtm=45je65c0v892518181za200zd892518181&_p=1778731367014&gcd=13l3l3l3l2l1&npa=0&dma=0&cid=392812509.1778731379&frm=0&pscdl=noapi&rcb=2&sr=2560x1440&ul=en-us&_s=1&tag_exp=0~115616986~115938465~115938469&dt=ReportFraud.ftc.gov&dl=https%3A%2F%2Freportfraud.ftc.gov&dp=%2F&sid=1778731384&sct=1&seg=0&_tu=QAg&en=page_view&_fv=1&_ss=1&_ee=1&ep.anonymize_ip=false&ep.page_hash=&tfd=35098
0163,164,24869,2026-05-14T04:03:07.633703Z,00:21:12:07,1272.240642,https://dc.services.visualstudio.com/v2/track
0164,165,24871,2026-05-14T04:03:09.558767Z,00:21:14:05,1274.165706,https://reportfraud.ftc.gov/assets/images/topSplashButtonArrow-left.png
0164,165,24872,2026-05-14T04:03:09.800284Z,00:21:14:12,1274.407223,https://reportfraud.ftc.gov/assets/images/circle-regular.svg
0164,165,24873,2026-05-14T04:03:10.345877Z,00:21:14:29,1274.952816,https://www.google-analytics.com/g/collect?v=2&tid=G-GWC5V51YNF&gtm=45je65c0v892518181za200zd892518181&_p=1778731367014&gcd=13l3l3l3l2l1&npa=0&dma=0&_eu=AEAAAAQ&ae=a&cid=392812509.1778731379&frm=0&pscdl=noapi&rcb=2&sr=2560x1440&ul=en-us&_s=2&tag_exp=0~115616986~115938465~115938469&sid=1778731384&sct=1&seg=0&dl=https%3A%2F%2Freportfraud.ftc.gov%2F&dt=ReportFraud.ftc.gov&_tu=QAg&en=scroll&ep.anonymize_ip=false&epn.percent_scrolled=90&_et=7&tfd=39532
0164,165,24874,2026-05-14T04:03:14.602539Z,00:21:19:06,1279.209478,https://reportfraud.ftc.gov/assets/images/check.png
0164,165,24875,2026-05-14T04:03:15.280300Z,00:21:19:27,1279.887239,https://www.google-analytics.com/g/collect?v=2&tid=G-GWC5V51YNF&gtm=45je65c0v892518181za200zd892518181&_p=1778731367014&gcd=13l3l3l3l2l1&npa=0&dma=0&_eu=AAAAAAQ&cid=392812509.1778731379&frm=0&pscdl=noapi&rcb=2&sr=2560x1440&ul=en-us&tag_exp=0~115616986~115938465~115938469&sid=1778731384&sct=1&seg=0&dl=https%3A%2F%2Freportfraud.ftc.gov%2F&dt=ReportFraud.ftc.gov&_tu=QAg&_s=3&tfd=44534
0165,166,24875,2026-05-14T04:03:15.280300Z,00:21:19:27,1279.887239,https://www.google-analytics.com/g/collect?v=2&tid=G-GWC5V51YNF&gtm=45je65c0v892518181za200zd892518181&_p=1778731367014&gcd=13l3l3l3l2l1&npa=0&dma=0&_eu=AAAAAAQ&cid=392812509.1778731379&frm=0&pscdl=noapi&rcb=2&sr=2560x1440&ul=en-us&tag_exp=0~115616986~115938465~115938469&sid=1778731384&sct=1&seg=0&dl=https%3A%2F%2Freportfraud.ftc.gov%2F&dt=ReportFraud.ftc.gov&_tu=QAg&_s=3&tfd=44534
0165,166,24876,2026-05-14T04:03:16.294336Z,00:21:20:27,1280.901275,https://www.google-analytics.com/g/collect?v=2&tid=G-CSLL4ZEK4L&gtm=45je65c0v9131934939za200zd9131934939&_p=1778731364862&gcd=13l3l3l3l1l1&npa=0&dma=0&_eu=AEAAAAQ&ae=a&cid=392812509.1778731379&frm=0&pscdl=noapi&rcb=1&sr=2560x1440&ul=en-us&_s=2&tag_exp=0~115938465~115938468&dl=https%3A%2F%2Freportfraud.ftc.gov%2Fassistant&dt=ReportFraud.ftc.gov&dr=https%3A%2F%2Freportfraud.ftc.gov%2F&sid=1778731379&sct=1&seg=1&_tu=wA&en=page_view&ep.agency=FTC&ep.subagency=REPORTFRAUD.FTC.GOV&ep.site_topic=unspecified%3Areportfraud.ftc.gov&ep.site_platform=unspecified%3Areportfraud.ftc.gov&ep.script_source=https%3A%2F%2Fdap.digitalgov.gov%2Funiversal-federated-analytics-min.js&ep.version=20250702%20v8.7%20-%20ga4&ep.protocol=https%3A&ep.using_parallel_tracker=no&ep.hostname_dimension=reportfraud.ftc.gov&_et=11204&tfd=45545
0166,167,24876,2026-05-14T04:03:16.294336Z,00:21:20:27,1280.901275,https://www.google-analytics.com/g/collect?v=2&tid=G-CSLL4ZEK4L&gtm=45je65c0v9131934939za200zd9131934939&_p=1778731364862&gcd=13l3l3l3l1l1&npa=0&dma=0&_eu=AEAAAAQ&ae=a&cid=392812509.1778731379&frm=0&pscdl=noapi&rcb=1&sr=2560x1440&ul=en-us&_s=2&tag_exp=0~115938465~115938468&dl=https%3A%2F%2Freportfraud.ftc.gov%2Fassistant&dt=ReportFraud.ftc.gov&dr=https%3A%2F%2Freportfraud.ftc.gov%2F&sid=1778731379&sct=1&seg=1&_tu=wA&en=page_view&ep.agency=FTC&ep.subagency=REPORTFRAUD.FTC.GOV&ep.site_topic=unspecified%3Areportfraud.ftc.gov&ep.site_platform=unspecified%3Areportfraud.ftc.gov&ep.script_source=https%3A%2F%2Fdap.digitalgov.gov%2Funiversal-federated-analytics-min.js&ep.version=20250702%20v8.7%20-%20ga4&ep.protocol=https%3A&ep.using_parallel_tracker=no&ep.hostname_dimension=reportfraud.ftc.gov&_et=11204&tfd=45545
0167,168,24876,2026-05-14T04:03:16.294336Z,00:21:20:27,1280.901275,https://www.google-analytics.com/g/collect?v=2&tid=G-CSLL4ZEK4L&gtm=45je65c0v9131934939za200zd9131934939&_p=1778731364862&gcd=13l3l3l3l1l1&npa=0&dma=0&_eu=AEAAAAQ&ae=a&cid=392812509.1778731379&frm=0&pscdl=noapi&rcb=1&sr=2560x1440&ul=en-us&_s=2&tag_exp=0~115938465~115938468&dl=https%3A%2F%2Freportfraud.ftc.gov%2Fassistant&dt=ReportFraud.ftc.gov&dr=https%3A%2F%2Freportfraud.ftc.gov%2F&sid=1778731379&sct=1&seg=1&_tu=wA&en=page_view&ep.agency=FTC&ep.subagency=REPORTFRAUD.FTC.GOV&ep.site_topic=unspecified%3Areportfraud.ftc.gov&ep.site_platform=unspecified%3Areportfraud.ftc.gov&ep.script_source=https%3A%2F%2Fdap.digitalgov.gov%2Funiversal-federated-analytics-min.js&ep.version=20250702%20v8.7%20-%20ga4&ep.protocol=https%3A&ep.using_parallel_tracker=no&ep.hostname_dimension=reportfraud.ftc.gov&_et=11204&tfd=45545
0168,169,24876,2026-05-14T04:03:16.294336Z,00:21:20:27,1280.901275,https://www.google-analytics.com/g/collect?v=2&tid=G-CSLL4ZEK4L&gtm=45je65c0v9131934939za200zd9131934939&_p=1778731364862&gcd=13l3l3l3l1l1&npa=0&dma=0&_eu=AEAAAAQ&ae=a&cid=392812509.1778731379&frm=0&pscdl=noapi&rcb=1&sr=2560x1440&ul=en-us&_s=2&tag_exp=0~115938465~115938468&dl=https%3A%2F%2Freportfraud.ftc.gov%2Fassistant&dt=ReportFraud.ftc.gov&dr=https%3A%2F%2Freportfraud.ftc.gov%2F&sid=1778731379&sct=1&seg=1&_tu=wA&en=page_view&ep.agency=FTC&ep.subagency=REPORTFRAUD.FTC.GOV&ep.site_topic=unspecified%3Areportfraud.ftc.gov&ep.site_platform=unspecified%3Areportfraud.ftc.gov&ep.script_source=https%3A%2F%2Fdap.digitalgov.gov%2Funiversal-federated-analytics-min.js&ep.version=20250702%20v8.7%20-%20ga4&ep.protocol=https%3A&ep.using_parallel_tracker=no&ep.hostname_dimension=reportfraud.ftc.gov&_et=11204&tfd=45545
0169,170,24876,2026-05-14T04:03:16.294336Z,00:21:20:27,1280.901275,https://www.google-analytics.com/g/collect?v=2&tid=G-CSLL4ZEK4L&gtm=45je65c0v9131934939za200zd9131934939&_p=1778731364862&gcd=13l3l3l3l1l1&npa=0&dma=0&_eu=AEAAAAQ&ae=a&cid=392812509.1778731379&frm=0&pscdl=noapi&rcb=1&sr=2560x1440&ul=en-us&_s=2&tag_exp=0~115938465~115938468&dl=https%3A%2F%2Freportfraud.ftc.gov%2Fassistant&dt=ReportFraud.ftc.gov&dr=https%3A%2F%2Freportfraud.ftc.gov%2F&sid=1778731379&sct=1&seg=1&_tu=wA&en=page_view&ep.agency=FTC&ep.subagency=REPORTFRAUD.FTC.GOV&ep.site_topic=unspecified%3Areportfraud.ftc.gov&ep.site_platform=unspecified%3Areportfraud.ftc.gov&ep.script_source=https%3A%2F%2Fdap.digitalgov.gov%2Funiversal-federated-analytics-min.js&ep.version=20250702%20v8.7%20-%20ga4&ep.protocol=https%3A&ep.using_parallel_tracker=no&ep.hostname_dimension=reportfraud.ftc.gov&_et=11204&tfd=45545
0170,171,24876,2026-05-14T04:03:16.294336Z,00:21:20:27,1280.901275,https://www.google-analytics.com/g/collect?v=2&tid=G-CSLL4ZEK4L&gtm=45je65c0v9131934939za200zd9131934939&_p=1778731364862&gcd=13l3l3l3l1l1&npa=0&dma=0&_eu=AEAAAAQ&ae=a&cid=392812509.1778731379&frm=0&pscdl=noapi&rcb=1&sr=2560x1440&ul=en-us&_s=2&tag_exp=0~115938465~115938468&dl=https%3A%2F%2Freportfraud.ftc.gov%2Fassistant&dt=ReportFraud.ftc.gov&dr=https%3A%2F%2Freportfraud.ftc.gov%2F&sid=1778731379&sct=1&seg=1&_tu=wA&en=page_view&ep.agency=FTC&ep.subagency=REPORTFRAUD.FTC.GOV&ep.site_topic=unspecified%3Areportfraud.ftc.gov&ep.site_platform=unspecified%3Areportfraud.ftc.gov&ep.script_source=https%3A%2F%2Fdap.digitalgov.gov%2Funiversal-federated-analytics-min.js&ep.version=20250702%20v8.7%20-%20ga4&ep.protocol=https%3A&ep.using_parallel_tracker=no&ep.hostname_dimension=reportfraud.ftc.gov&_et=11204&tfd=45545
0165,166,24877,2026-05-14T04:03:18.970808Z,00:21:23:17,1283.577747,https://reportfraud.ftc.gov/assets/images/warning-2-24.png
0166,167,24877,2026-05-14T04:03:18.970808Z,00:21:23:17,1283.577747,https://reportfraud.ftc.gov/assets/images/warning-2-24.png
0167,168,24877,2026-05-14T04:03:18.970808Z,00:21:23:17,1283.577747,https://reportfraud.ftc.gov/assets/images/warning-2-24.png
0168,169,24877,2026-05-14T04:03:18.970808Z,00:21:23:17,1283.577747,https://reportfraud.ftc.gov/assets/images/warning-2-24.png
0169,170,24877,2026-05-14T04:03:18.970808Z,00:21:23:17,1283.577747,https://reportfraud.ftc.gov/assets/images/warning-2-24.png
0170,171,24877,2026-05-14T04:03:18.970808Z,00:21:23:17,1283.577747,https://reportfraud.ftc.gov/assets/images/warning-2-24.png
0171,172,24877,2026-05-14T04:03:18.970808Z,00:21:23:17,1283.577747,https://reportfraud.ftc.gov/assets/images/warning-2-24.png
0165,166,24878,2026-05-14T04:03:20.332572Z,00:21:24:28,1284.939511,https://www.google-analytics.com/g/collect?v=2&tid=G-GWC5V51YNF&gtm=45je65c0v892518181za200zd892518181&_p=1778731367014&gcd=13l3l3l3l2l1&npa=0&dma=0&_eu=AAAAAAQ&cid=392812509.1778731379&frm=0&pscdl=noapi&rcb=2&sr=2560x1440&ul=en-us&tag_exp=0~115616986~115938465~115938469&sid=1778731384&sct=1&seg=1&dl=https%3A%2F%2Freportfraud.ftc.gov%2Fassistant&dt=ReportFraud.ftc.gov%20-%20Assistant&_tu=QAg&_s=4&tfd=49652
0166,167,24878,2026-05-14T04:03:20.332572Z,00:21:24:28,1284.939511,https://www.google-analytics.com/g/collect?v=2&tid=G-GWC5V51YNF&gtm=45je65c0v892518181za200zd892518181&_p=1778731367014&gcd=13l3l3l3l2l1&npa=0&dma=0&_eu=AAAAAAQ&cid=392812509.1778731379&frm=0&pscdl=noapi&rcb=2&sr=2560x1440&ul=en-us&tag_exp=0~115616986~115938465~115938469&sid=1778731384&sct=1&seg=1&dl=https%3A%2F%2Freportfraud.ftc.gov%2Fassistant&dt=ReportFraud.ftc.gov%20-%20Assistant&_tu=QAg&_s=4&tfd=49652
0167,168,24878,2026-05-14T04:03:20.332572Z,00:21:24:28,1284.939511,https://www.google-analytics.com/g/collect?v=2&tid=G-GWC5V51YNF&gtm=45je65c0v892518181za200zd892518181&_p=1778731367014&gcd=13l3l3l3l2l1&npa=0&dma=0&_eu=AAAAAAQ&cid=392812509.1778731379&frm=0&pscdl=noapi&rcb=2&sr=2560x1440&ul=en-us&tag_exp=0~115616986~115938465~115938469&sid=1778731384&sct=1&seg=1&dl=https%3A%2F%2Freportfraud.ftc.gov%2Fassistant&dt=ReportFraud.ftc.gov%20-%20Assistant&_tu=QAg&_s=4&tfd=49652
0168,169,24878,2026-05-14T04:03:20.332572Z,00:21:24:28,1284.939511,https://www.google-analytics.com/g/collect?v=2&tid=G-GWC5V51YNF&gtm=45je65c0v892518181za200zd892518181&_p=1778731367014&gcd=13l3l3l3l2l1&npa=0&dma=0&_eu=AAAAAAQ&cid=392812509.1778731379&frm=0&pscdl=noapi&rcb=2&sr=2560x1440&ul=en-us&tag_exp=0~115616986~115938465~115938469&sid=1778731384&sct=1&seg=1&dl=https%3A%2F%2Freportfraud.ftc.gov%2Fassistant&dt=ReportFraud.ftc.gov%20-%20Assistant&_tu=QAg&_s=4&tfd=49652
0169,170,24878,2026-05-14T04:03:20.332572Z,00:21:24:28,1284.939511,https://www.google-analytics.com/g/collect?v=2&tid=G-GWC5V51YNF&gtm=45je65c0v892518181za200zd892518181&_p=1778731367014&gcd=13l3l3l3l2l1&npa=0&dma=0&_eu=AAAAAAQ&cid=392812509.1778731379&frm=0&pscdl=noapi&rcb=2&sr=2560x1440&ul=en-us&tag_exp=0~115616986~115938465~115938469&sid=1778731384&sct=1&seg=1&dl=https%3A%2F%2Freportfraud.ftc.gov%2Fassistant&dt=ReportFraud.ftc.gov%20-%20Assistant&_tu=QAg&_s=4&tfd=49652
0170,171,24878,2026-05-14T04:03:20.332572Z,00:21:24:28,1284.939511,https://www.google-analytics.com/g/collect?v=2&tid=G-GWC5V51YNF&gtm=45je65c0v892518181za200zd892518181&_p=1778731367014&gcd=13l3l3l3l2l1&npa=0&dma=0&_eu=AAAAAAQ&cid=392812509.1778731379&frm=0&pscdl=noapi&rcb=2&sr=2560x1440&ul=en-us&tag_exp=0~115616986~115938465~115938469&sid=1778731384&sct=1&seg=1&dl=https%3A%2F%2Freportfraud.ftc.gov%2Fassistant&dt=ReportFraud.ftc.gov%20-%20Assistant&_tu=QAg&_s=4&tfd=49652
0171,172,24878,2026-05-14T04:03:20.332572Z,00:21:24:28,1284.939511,https://www.google-analytics.com/g/collect?v=2&tid=G-GWC5V51YNF&gtm=45je65c0v892518181za200zd892518181&_p=1778731367014&gcd=13l3l3l3l2l1&npa=0&dma=0&_eu=AAAAAAQ&cid=392812509.1778731379&frm=0&pscdl=noapi&rcb=2&sr=2560x1440&ul=en-us&tag_exp=0~115616986~115938465~115938469&sid=1778731384&sct=1&seg=1&dl=https%3A%2F%2Freportfraud.ftc.gov%2Fassistant&dt=ReportFraud.ftc.gov%20-%20Assistant&_tu=QAg&_s=4&tfd=49652
0172,173,24878,2026-05-14T04:03:20.332572Z,00:21:24:28,1284.939511,https://www.google-analytics.com/g/collect?v=2&tid=G-GWC5V51YNF&gtm=45je65c0v892518181za200zd892518181&_p=1778731367014&gcd=13l3l3l3l2l1&npa=0&dma=0&_eu=AAAAAAQ&cid=392812509.1778731379&frm=0&pscdl=noapi&rcb=2&sr=2560x1440&ul=en-us&tag_exp=0~115616986~115938465~115938469&sid=1778731384&sct=1&seg=1&dl=https%3A%2F%2Freportfraud.ftc.gov%2Fassistant&dt=ReportFraud.ftc.gov%20-%20Assistant&_tu=QAg&_s=4&tfd=49652
0173,174,24878,2026-05-14T04:03:20.332572Z,00:21:24:28,1284.939511,https://www.google-analytics.com/g/collect?v=2&tid=G-GWC5V51YNF&gtm=45je65c0v892518181za200zd892518181&_p=1778731367014&gcd=13l3l3l3l2l1&npa=0&dma=0&_eu=AAAAAAQ&cid=392812509.1778731379&frm=0&pscdl=noapi&rcb=2&sr=2560x1440&ul=en-us&tag_exp=0~115616986~115938465~115938469&sid=1778731384&sct=1&seg=1&dl=https%3A%2F%2Freportfraud.ftc.gov%2Fassistant&dt=ReportFraud.ftc.gov%20-%20Assistant&_tu=QAg&_s=4&tfd=49652
0165,166,24879,2026-05-14T04:03:22.170819Z,00:21:26:23,1286.777758,https://dc.services.visualstudio.com/v2/track
0166,167,24879,2026-05-14T04:03:22.170819Z,00:21:26:23,1286.777758,https://dc.services.visualstudio.com/v2/track
0167,168,24879,2026-05-14T04:03:22.170819Z,00:21:26:23,1286.777758,https://dc.services.visualstudio.com/v2/track
0168,169,24879,2026-05-14T04:03:22.170819Z,00:21:26:23,1286.777758,https://dc.services.visualstudio.com/v2/track
0169,170,24879,2026-05-14T04:03:22.170819Z,00:21:26:23,1286.777758,https://dc.services.visualstudio.com/v2/track
0170,171,24879,2026-05-14T04:03:22.170819Z,00:21:26:23,1286.777758,https://dc.services.visualstudio.com/v2/track
0171,172,24879,2026-05-14T04:03:22.170819Z,00:21:26:23,1286.777758,https://dc.services.visualstudio.com/v2/track
0172,173,24879,2026-05-14T04:03:22.170819Z,00:21:26:23,1286.777758,https://dc.services.visualstudio.com/v2/track
0173,174,24879,2026-05-14T04:03:22.170819Z,00:21:26:23,1286.777758,https://dc.services.visualstudio.com/v2/track
0174,175,24879,2026-05-14T04:03:22.170819Z,00:21:26:23,1286.777758,https://dc.services.visualstudio.com/v2/track
0166,167,24880,2026-05-14T04:03:25.595292Z,00:21:30:06,1290.202231,https://www.google-analytics.com/g/collect?v=2&tid=G-CSLL4ZEK4L&gtm=45je65c0v9131934939za200zd9131934939&_p=1778731364862&gcd=13l3l3l3l1l1&npa=0&dma=0&_eu=AEAAAAQ&ae=a&cid=392812509.1778731379&frm=0&pscdl=noapi&rcb=1&sr=2560x1440&ul=en-us&_s=3&tag_exp=0~115938465~115938468&dl=https%3A%2F%2Freportfraud.ftc.gov%2Fform%2Fmain&dt=ReportFraud.ftc.gov&dr=https%3A%2F%2Freportfraud.ftc.gov%2Fassistant&sid=1778731379&sct=1&seg=1&_tu=wA&en=page_view&ep.agency=FTC&ep.subagency=REPORTFRAUD.FTC.GOV&ep.site_topic=unspecified%3Areportfraud.ftc.gov&ep.site_platform=unspecified%3Areportfraud.ftc.gov&ep.script_source=https%3A%2F%2Fdap.digitalgov.gov%2Funiversal-federated-analytics-min.js&ep.version=20250702%20v8.7%20-%20ga4&ep.protocol=https%3A&ep.using_parallel_tracker=no&ep.hostname_dimension=reportfraud.ftc.gov&_et=9351&tfd=54944
0167,168,24880,2026-05-14T04:03:25.595292Z,00:21:30:06,1290.202231,https://www.google-analytics.com/g/collect?v=2&tid=G-CSLL4ZEK4L&gtm=45je65c0v9131934939za200zd9131934939&_p=1778731364862&gcd=13l3l3l3l1l1&npa=0&dma=0&_eu=AEAAAAQ&ae=a&cid=392812509.1778731379&frm=0&pscdl=noapi&rcb=1&sr=2560x1440&ul=en-us&_s=3&tag_exp=0~115938465~115938468&dl=https%3A%2F%2Freportfraud.ftc.gov%2Fform%2Fmain&dt=ReportFraud.ftc.gov&dr=https%3A%2F%2Freportfraud.ftc.gov%2Fassistant&sid=1778731379&sct=1&seg=1&_tu=wA&en=page_view&ep.agency=FTC&ep.subagency=REPORTFRAUD.FTC.GOV&ep.site_topic=unspecified%3Areportfraud.ftc.gov&ep.site_platform=unspecified%3Areportfraud.ftc.gov&ep.script_source=https%3A%2F%2Fdap.digitalgov.gov%2Funiversal-federated-analytics-min.js&ep.version=20250702%20v8.7%20-%20ga4&ep.protocol=https%3A&ep.using_parallel_tracker=no&ep.hostname_dimension=reportfraud.ftc.gov&_et=9351&tfd=54944
0168,169,24880,2026-05-14T04:03:25.595292Z,00:21:30:06,1290.202231,https://www.google-analytics.com/g/collect?v=2&tid=G-CSLL4ZEK4L&gtm=45je65c0v9131934939za200zd9131934939&_p=1778731364862&gcd=13l3l3l3l1l1&npa=0&dma=0&_eu=AEAAAAQ&ae=a&cid=392812509.1778731379&frm=0&pscdl=noapi&rcb=1&sr=2560x1440&ul=en-us&_s=3&tag_exp=0~115938465~115938468&dl=https%3A%2F%2Freportfraud.ftc.gov%2Fform%2Fmain&dt=ReportFraud.ftc.gov&dr=https%3A%2F%2Freportfraud.ftc.gov%2Fassistant&sid=1778731379&sct=1&seg=1&_tu=wA&en=page_view&ep.agency=FTC&ep.subagency=REPORTFRAUD.FTC.GOV&ep.site_topic=unspecified%3Areportfraud.ftc.gov&ep.site_platform=unspecified%3Areportfraud.ftc.gov&ep.script_source=https%3A%2F%2Fdap.digitalgov.gov%2Funiversal-federated-analytics-min.js&ep.version=20250702%20v8.7%20-%20ga4&ep.protocol=https%3A&ep.using_parallel_tracker=no&ep.hostname_dimension=reportfraud.ftc.gov&_et=9351&tfd=54944
0169,170,24880,2026-05-14T04:03:25.595292Z,00:21:30:06,1290.202231,https://www.google-analytics.com/g/collect?v=2&tid=G-CSLL4ZEK4L&gtm=45je65c0v9131934939za200zd9131934939&_p=1778731364862&gcd=13l3l3l3l1l1&npa=0&dma=0&_eu=AEAAAAQ&ae=a&cid=392812509.1778731379&frm=0&pscdl=noapi&rcb=1&sr=2560x1440&ul=en-us&_s=3&tag_exp=0~115938465~115938468&dl=https%3A%2F%2Freportfraud.ftc.gov%2Fform%2Fmain&dt=ReportFraud.ftc.gov&dr=https%3A%2F%2Freportfraud.ftc.gov%2Fassistant&sid=1778731379&sct=1&seg=1&_tu=wA&en=page_view&ep.agency=FTC&ep.subagency=REPORTFRAUD.FTC.GOV&ep.site_topic=unspecified%3Areportfraud.ftc.gov&ep.site_platform=unspecified%3Areportfraud.ftc.gov&ep.script_source=https%3A%2F%2Fdap.digitalgov.gov%2Funiversal-federated-analytics-min.js&ep.version=20250702%20v8.7%20-%20ga4&ep.protocol=https%3A&ep.using_parallel_tracker=no&ep.hostname_dimension=reportfraud.ftc.gov&_et=9351&tfd=54944
0170,171,24880,2026-05-14T04:03:25.595292Z,00:21:30:06,1290.202231,https://www.google-analytics.com/g/collect?v=2&tid=G-CSLL4ZEK4L&gtm=45je65c0v9131934939za200zd9131934939&_p=1778731364862&gcd=13l3l3l3l1l1&npa=0&dma=0&_eu=AEAAAAQ&ae=a&cid=392812509.1778731379&frm=0&pscdl=noapi&rcb=1&sr=2560x1440&ul=en-us&_s=3&tag_exp=0~115938465~115938468&dl=https%3A%2F%2Freportfraud.ftc.gov%2Fform%2Fmain&dt=ReportFraud.ftc.gov&dr=https%3A%2F%2Freportfraud.ftc.gov%2Fassistant&sid=1778731379&sct=1&seg=1&_tu=wA&en=page_view&ep.agency=FTC&ep.subagency=REPORTFRAUD.FTC.GOV&ep.site_topic=unspecified%3Areportfraud.ftc.gov&ep.site_platform=unspecified%3Areportfraud.ftc.gov&ep.script_source=https%3A%2F%2Fdap.digitalgov.gov%2Funiversal-federated-analytics-min.js&ep.version=20250702%20v8.7%20-%20ga4&ep.protocol=https%3A&ep.using_parallel_tracker=no&ep.hostname_dimension=reportfraud.ftc.gov&_et=9351&tfd=54944
0171,172,24880,2026-05-14T04:03:25.595292Z,00:21:30:06,1290.202231,https://www.google-analytics.com/g/collect?v=2&tid=G-CSLL4ZEK4L&gtm=45je65c0v9131934939za200zd9131934939&_p=1778731364862&gcd=13l3l3l3l1l1&npa=0&dma=0&_eu=AEAAAAQ&ae=a&cid=392812509.1778731379&frm=0&pscdl=noapi&rcb=1&sr=2560x1440&ul=en-us&_s=3&tag_exp=0~115938465~115938468&dl=https%3A%2F%2Freportfraud.ftc.gov%2Fform%2Fmain&dt=ReportFraud.ftc.gov&dr=https%3A%2F%2Freportfraud.ftc.gov%2Fassistant&sid=1778731379&sct=1&seg=1&_tu=wA&en=page_view&ep.agency=FTC&ep.subagency=REPORTFRAUD.FTC.GOV&ep.site_topic=unspecified%3Areportfraud.ftc.gov&ep.site_platform=unspecified%3Areportfraud.ftc.gov&ep.script_source=https%3A%2F%2Fdap.digitalgov.gov%2Funiversal-federated-analytics-min.js&ep.version=20250702%20v8.7%20-%20ga4&ep.protocol=https%3A&ep.using_parallel_tracker=no&ep.hostname_dimension=reportfraud.ftc.gov&_et=9351&tfd=54944
0172,173,24880,2026-05-14T04:03:25.595292Z,00:21:30:06,1290.202231,https://www.google-analytics.com/g/collect?v=2&tid=G-CSLL4ZEK4L&gtm=45je65c0v9131934939za200zd9131934939&_p=1778731364862&gcd=13l3l3l3l1l1&npa=0&dma=0&_eu=AEAAAAQ&ae=a&cid=392812509.1778731379&frm=0&pscdl=noapi&rcb=1&sr=2560x1440&ul=en-us&_s=3&tag_exp=0~115938465~115938468&dl=https%3A%2F%2Freportfraud.ftc.gov%2Fform%2Fmain&dt=ReportFraud.ftc.gov&dr=https%3A%2F%2Freportfraud.ftc.gov%2Fassistant&sid=1778731379&sct=1&seg=1&_tu=wA&en=page_view&ep.agency=FTC&ep.subagency=REPORTFRAUD.FTC.GOV&ep.site_topic=unspecified%3Areportfraud.ftc.gov&ep.site_platform=unspecified%3Areportfraud.ftc.gov&ep.script_source=https%3A%2F%2Fdap.digitalgov.gov%2Funiversal-federated-analytics-min.js&ep.version=20250702%20v8.7%20-%20ga4&ep.protocol=https%3A&ep.using_parallel_tracker=no&ep.hostname_dimension=reportfraud.ftc.gov&_et=9351&tfd=54944
0173,174,24880,2026-05-14T04:03:25.595292Z,00:21:30:06,1290.202231,https://www.google-analytics.com/g/collect?v=2&tid=G-CSLL4ZEK4L&gtm=45je65c0v9131934939za200zd9131934939&_p=1778731364862&gcd=13l3l3l3l1l1&npa=0&dma=0&_eu=AEAAAAQ&ae=a&cid=392812509.1778731379&frm=0&pscdl=noapi&rcb=1&sr=2560x1440&ul=en-us&_s=3&tag_exp=0~115938465~115938468&dl=https%3A%2F%2Freportfraud.ftc.gov%2Fform%2Fmain&dt=ReportFraud.ftc.gov&dr=https%3A%2F%2Freportfraud.ftc.gov%2Fassistant&sid=1778731379&sct=1&seg=1&_tu=wA&en=page_view&ep.agency=FTC&ep.subagency=REPORTFRAUD.FTC.GOV&ep.site_topic=unspecified%3Areportfraud.ftc.gov&ep.site_platform=unspecified%3Areportfraud.ftc.gov&ep.script_source=https%3A%2F%2Fdap.digitalgov.gov%2Funiversal-federated-analytics-min.js&ep.version=20250702%20v8.7%20-%20ga4&ep.protocol=https%3A&ep.using_parallel_tracker=no&ep.hostname_dimension=reportfraud.ftc.gov&_et=9351&tfd=54944
0174,175,24880,2026-05-14T04:03:25.595292Z,00:21:30:06,1290.202231,https://www.google-analytics.com/g/collect?v=2&tid=G-CSLL4ZEK4L&gtm=45je65c0v9131934939za200zd9131934939&_p=1778731364862&gcd=13l3l3l3l1l1&npa=0&dma=0&_eu=AEAAAAQ&ae=a&cid=392812509.1778731379&frm=0&pscdl=noapi&rcb=1&sr=2560x1440&ul=en-us&_s=3&tag_exp=0~115938465~115938468&dl=https%3A%2F%2Freportfraud.ftc.gov%2Fform%2Fmain&dt=ReportFraud.ftc.gov&dr=https%3A%2F%2Freportfraud.ftc.gov%2Fassistant&sid=1778731379&sct=1&seg=1&_tu=wA&en=page_view&ep.agency=FTC&ep.subagency=REPORTFRAUD.FTC.GOV&ep.site_topic=unspecified%3Areportfraud.ftc.gov&ep.site_platform=unspecified%3Areportfraud.ftc.gov&ep.script_source=https%3A%2F%2Fdap.digitalgov.gov%2Funiversal-federated-analytics-min.js&ep.version=20250702%20v8.7%20-%20ga4&ep.protocol=https%3A&ep.using_parallel_tracker=no&ep.hostname_dimension=reportfraud.ftc.gov&_et=9351&tfd=54944
0175,176,24880,2026-05-14T04:03:25.595292Z,00:21:30:06,1290.202231,https://www.google-analytics.com/g/collect?v=2&tid=G-CSLL4ZEK4L&gtm=45je65c0v9131934939za200zd9131934939&_p=1778731364862&gcd=13l3l3l3l1l1&npa=0&dma=0&_eu=AEAAAAQ&ae=a&cid=392812509.1778731379&frm=0&pscdl=noapi&rcb=1&sr=2560x1440&ul=en-us&_s=3&tag_exp=0~115938465~115938468&dl=https%3A%2F%2Freportfraud.ftc.gov%2Fform%2Fmain&dt=ReportFraud.ftc.gov&dr=https%3A%2F%2Freportfraud.ftc.gov%2Fassistant&sid=1778731379&sct=1&seg=1&_tu=wA&en=page_view&ep.agency=FTC&ep.subagency=REPORTFRAUD.FTC.GOV&ep.site_topic=unspecified%3Areportfraud.ftc.gov&ep.site_platform=unspecified%3Areportfraud.ftc.gov&ep.script_source=https%3A%2F%2Fdap.digitalgov.gov%2Funiversal-federated-analytics-min.js&ep.version=20250702%20v8.7%20-%20ga4&ep.protocol=https%3A&ep.using_parallel_tracker=no&ep.hostname_dimension=reportfraud.ftc.gov&_et=9351&tfd=54944
0176,177,24880,2026-05-14T04:03:25.595292Z,00:21:30:06,1290.202231,https://www.google-analytics.com/g/collect?v=2&tid=G-CSLL4ZEK4L&gtm=45je65c0v9131934939za200zd9131934939&_p=1778731364862&gcd=13l3l3l3l1l1&npa=0&dma=0&_eu=AEAAAAQ&ae=a&cid=392812509.1778731379&frm=0&pscdl=noapi&rcb=1&sr=2560x1440&ul=en-us&_s=3&tag_exp=0~115938465~115938468&dl=https%3A%2F%2Freportfraud.ftc.gov%2Fform%2Fmain&dt=ReportFraud.ftc.gov&dr=https%3A%2F%2Freportfraud.ftc.gov%2Fassistant&sid=1778731379&sct=1&seg=1&_tu=wA&en=page_view&ep.agency=FTC&ep.subagency=REPORTFRAUD.FTC.GOV&ep.site_topic=unspecified%3Areportfraud.ftc.gov&ep.site_platform=unspecified%3Areportfraud.ftc.gov&ep.script_source=https%3A%2F%2Fdap.digitalgov.gov%2Funiversal-federated-analytics-min.js&ep.version=20250702%20v8.7%20-%20ga4&ep.protocol=https%3A&ep.using_parallel_tracker=no&ep.hostname_dimension=reportfraud.ftc.gov&_et=9351&tfd=54944
0177,178,24880,2026-05-14T04:03:25.595292Z,00:21:30:06,1290.202231,https://www.google-analytics.com/g/collect?v=2&tid=G-CSLL4ZEK4L&gtm=45je65c0v9131934939za200zd9131934939&_p=1778731364862&gcd=13l3l3l3l1l1&npa=0&dma=0&_eu=AEAAAAQ&ae=a&cid=392812509.1778731379&frm=0&pscdl=noapi&rcb=1&sr=2560x1440&ul=en-us&_s=3&tag_exp=0~115938465~115938468&dl=https%3A%2F%2Freportfraud.ftc.gov%2Fform%2Fmain&dt=ReportFraud.ftc.gov&dr=https%3A%2F%2Freportfraud.ftc.gov%2Fassistant&sid=1778731379&sct=1&seg=1&_tu=wA&en=page_view&ep.agency=FTC&ep.subagency=REPORTFRAUD.FTC.GOV&ep.site_topic=unspecified%3Areportfraud.ftc.gov&ep.site_platform=unspecified%3Areportfraud.ftc.gov&ep.script_source=https%3A%2F%2Fdap.digitalgov.gov%2Funiversal-federated-analytics-min.js&ep.version=20250702%20v8.7%20-%20ga4&ep.protocol=https%3A&ep.using_parallel_tracker=no&ep.hostname_dimension=reportfraud.ftc.gov&_et=9351&tfd=54944
0178,179,24880,2026-05-14T04:03:25.595292Z,00:21:30:06,1290.202231,https://www.google-analytics.com/g/collect?v=2&tid=G-CSLL4ZEK4L&gtm=45je65c0v9131934939za200zd9131934939&_p=1778731364862&gcd=13l3l3l3l1l1&npa=0&dma=0&_eu=AEAAAAQ&ae=a&cid=392812509.1778731379&frm=0&pscdl=noapi&rcb=1&sr=2560x1440&ul=en-us&_s=3&tag_exp=0~115938465~115938468&dl=https%3A%2F%2Freportfraud.ftc.gov%2Fform%2Fmain&dt=ReportFraud.ftc.gov&dr=https%3A%2F%2Freportfraud.ftc.gov%2Fassistant&sid=1778731379&sct=1&seg=1&_tu=wA&en=page_view&ep.agency=FTC&ep.subagency=REPORTFRAUD.FTC.GOV&ep.site_topic=unspecified%3Areportfraud.ftc.gov&ep.site_platform=unspecified%3Areportfraud.ftc.gov&ep.script_source=https%3A%2F%2Fdap.digitalgov.gov%2Funiversal-federated-analytics-min.js&ep.version=20250702%20v8.7%20-%20ga4&ep.protocol=https%3A&ep.using_parallel_tracker=no&ep.hostname_dimension=reportfraud.ftc.gov&_et=9351&tfd=54944
0179,180,24880,2026-05-14T04:03:25.595292Z,00:21:30:06,1290.202231,https://www.google-analytics.com/g/collect?v=2&tid=G-CSLL4ZEK4L&gtm=45je65c0v9131934939za200zd9131934939&_p=1778731364862&gcd=13l3l3l3l1l1&npa=0&dma=0&_eu=AEAAAAQ&ae=a&cid=392812509.1778731379&frm=0&pscdl=noapi&rcb=1&sr=2560x1440&ul=en-us&_s=3&tag_exp=0~115938465~115938468&dl=https%3A%2F%2Freportfraud.ftc.gov%2Fform%2Fmain&dt=ReportFraud.ftc.gov&dr=https%3A%2F%2Freportfraud.ftc.gov%2Fassistant&sid=1778731379&sct=1&seg=1&_tu=wA&en=page_view&ep.agency=FTC&ep.subagency=REPORTFRAUD.FTC.GOV&ep.site_topic=unspecified%3Areportfraud.ftc.gov&ep.site_platform=unspecified%3Areportfraud.ftc.gov&ep.script_source=https%3A%2F%2Fdap.digitalgov.gov%2Funiversal-federated-analytics-min.js&ep.version=20250702%20v8.7%20-%20ga4&ep.protocol=https%3A&ep.using_parallel_tracker=no&ep.hostname_dimension=reportfraud.ftc.gov&_et=9351&tfd=54944
0171,172,24881,2026-05-14T04:04:02.890080Z,00:22:07:15,1327.497019,https://www.google-analytics.com/g/collect?v=2&tid=G-GWC5V51YNF&gtm=45je65c0v892518181za200zd892518181&_p=1778731367014&gcd=13l3l3l3l2l1&npa=0&dma=0&_eu=AAAAAAQ&cid=392812509.1778731379&frm=0&pscdl=noapi&rcb=2&sr=2560x1440&ul=en-us&tag_exp=0~115616986~115938465~115938469&sid=1778731384&sct=1&seg=1&dl=https%3A%2F%2Freportfraud.ftc.gov%2Fform%2Fmain&dt=ReportFraud.ftc.gov%20-%20Forms&_tu=QAg&_s=5&tfd=92328
0172,173,24881,2026-05-14T04:04:02.890080Z,00:22:07:15,1327.497019,https://www.google-analytics.com/g/collect?v=2&tid=G-GWC5V51YNF&gtm=45je65c0v892518181za200zd892518181&_p=1778731367014&gcd=13l3l3l3l2l1&npa=0&dma=0&_eu=AAAAAAQ&cid=392812509.1778731379&frm=0&pscdl=noapi&rcb=2&sr=2560x1440&ul=en-us&tag_exp=0~115616986~115938465~115938469&sid=1778731384&sct=1&seg=1&dl=https%3A%2F%2Freportfraud.ftc.gov%2Fform%2Fmain&dt=ReportFraud.ftc.gov%20-%20Forms&_tu=QAg&_s=5&tfd=92328
0173,174,24881,2026-05-14T04:04:02.890080Z,00:22:07:15,1327.497019,https://www.google-analytics.com/g/collect?v=2&tid=G-GWC5V51YNF&gtm=45je65c0v892518181za200zd892518181&_p=1778731367014&gcd=13l3l3l3l2l1&npa=0&dma=0&_eu=AAAAAAQ&cid=392812509.1778731379&frm=0&pscdl=noapi&rcb=2&sr=2560x1440&ul=en-us&tag_exp=0~115616986~115938465~115938469&sid=1778731384&sct=1&seg=1&dl=https%3A%2F%2Freportfraud.ftc.gov%2Fform%2Fmain&dt=ReportFraud.ftc.gov%20-%20Forms&_tu=QAg&_s=5&tfd=92328
0174,175,24881,2026-05-14T04:04:02.890080Z,00:22:07:15,1327.497019,https://www.google-analytics.com/g/collect?v=2&tid=G-GWC5V51YNF&gtm=45je65c0v892518181za200zd892518181&_p=1778731367014&gcd=13l3l3l3l2l1&npa=0&dma=0&_eu=AAAAAAQ&cid=392812509.1778731379&frm=0&pscdl=noapi&rcb=2&sr=2560x1440&ul=en-us&tag_exp=0~115616986~115938465~115938469&sid=1778731384&sct=1&seg=1&dl=https%3A%2F%2Freportfraud.ftc.gov%2Fform%2Fmain&dt=ReportFraud.ftc.gov%20-%20Forms&_tu=QAg&_s=5&tfd=92328
0175,176,24881,2026-05-14T04:04:02.890080Z,00:22:07:15,1327.497019,https://www.google-analytics.com/g/collect?v=2&tid=G-GWC5V51YNF&gtm=45je65c0v892518181za200zd892518181&_p=1778731367014&gcd=13l3l3l3l2l1&npa=0&dma=0&_eu=AAAAAAQ&cid=392812509.1778731379&frm=0&pscdl=noapi&rcb=2&sr=2560x1440&ul=en-us&tag_exp=0~115616986~115938465~115938469&sid=1778731384&sct=1&seg=1&dl=https%3A%2F%2Freportfraud.ftc.gov%2Fform%2Fmain&dt=ReportFraud.ftc.gov%20-%20Forms&_tu=QAg&_s=5&tfd=92328
0176,177,24881,2026-05-14T04:04:02.890080Z,00:22:07:15,1327.497019,https://www.google-analytics.com/g/collect?v=2&tid=G-GWC5V51YNF&gtm=45je65c0v892518181za200zd892518181&_p=1778731367014&gcd=13l3l3l3l2l1&npa=0&dma=0&_eu=AAAAAAQ&cid=392812509.1778731379&frm=0&pscdl=noapi&rcb=2&sr=2560x1440&ul=en-us&tag_exp=0~115616986~115938465~115938469&sid=1778731384&sct=1&seg=1&dl=https%3A%2F%2Freportfraud.ftc.gov%2Fform%2Fmain&dt=ReportFraud.ftc.gov%20-%20Forms&_tu=QAg&_s=5&tfd=92328
0177,178,24881,2026-05-14T04:04:02.890080Z,00:22:07:15,1327.497019,https://www.google-analytics.com/g/collect?v=2&tid=G-GWC5V51YNF&gtm=45je65c0v892518181za200zd892518181&_p=1778731367014&gcd=13l3l3l3l2l1&npa=0&dma=0&_eu=AAAAAAQ&cid=392812509.1778731379&frm=0&pscdl=noapi&rcb=2&sr=2560x1440&ul=en-us&tag_exp=0~115616986~115938465~115938469&sid=1778731384&sct=1&seg=1&dl=https%3A%2F%2Freportfraud.ftc.gov%2Fform%2Fmain&dt=ReportFraud.ftc.gov%20-%20Forms&_tu=QAg&_s=5&tfd=92328
0178,179,24881,2026-05-14T04:04:02.890080Z,00:22:07:15,1327.497019,https://www.google-analytics.com/g/collect?v=2&tid=G-GWC5V51YNF&gtm=45je65c0v892518181za200zd892518181&_p=1778731367014&gcd=13l3l3l3l2l1&npa=0&dma=0&_eu=AAAAAAQ&cid=392812509.1778731379&frm=0&pscdl=noapi&rcb=2&sr=2560x1440&ul=en-us&tag_exp=0~115616986~115938465~115938469&sid=1778731384&sct=1&seg=1&dl=https%3A%2F%2Freportfraud.ftc.gov%2Fform%2Fmain&dt=ReportFraud.ftc.gov%20-%20Forms&_tu=QAg&_s=5&tfd=92328
0179,180,24881,2026-05-14T04:04:02.890080Z,00:22:07:15,1327.497019,https://www.google-analytics.com/g/collect?v=2&tid=G-GWC5V51YNF&gtm=45je65c0v892518181za200zd892518181&_p=1778731367014&gcd=13l3l3l3l2l1&npa=0&dma=0&_eu=AAAAAAQ&cid=392812509.1778731379&frm=0&pscdl=noapi&rcb=2&sr=2560x1440&ul=en-us&tag_exp=0~115616986~115938465~115938469&sid=1778731384&sct=1&seg=1&dl=https%3A%2F%2Freportfraud.ftc.gov%2Fform%2Fmain&dt=ReportFraud.ftc.gov%20-%20Forms&_tu=QAg&_s=5&tfd=92328
0180,181,24881,2026-05-14T04:04:02.890080Z,00:22:07:15,1327.497019,https://www.google-analytics.com/g/collect?v=2&tid=G-GWC5V51YNF&gtm=45je65c0v892518181za200zd892518181&_p=1778731367014&gcd=13l3l3l3l2l1&npa=0&dma=0&_eu=AAAAAAQ&cid=392812509.1778731379&frm=0&pscdl=noapi&rcb=2&sr=2560x1440&ul=en-us&tag_exp=0~115616986~115938465~115938469&sid=1778731384&sct=1&seg=1&dl=https%3A%2F%2Freportfraud.ftc.gov%2Fform%2Fmain&dt=ReportFraud.ftc.gov%20-%20Forms&_tu=QAg&_s=5&tfd=92328
0181,182,24881,2026-05-14T04:04:02.890080Z,00:22:07:15,1327.497019,https://www.google-analytics.com/g/collect?v=2&tid=G-GWC5V51YNF&gtm=45je65c0v892518181za200zd892518181&_p=1778731367014&gcd=13l3l3l3l2l1&npa=0&dma=0&_eu=AAAAAAQ&cid=392812509.1778731379&frm=0&pscdl=noapi&rcb=2&sr=2560x1440&ul=en-us&tag_exp=0~115616986~115938465~115938469&sid=1778731384&sct=1&seg=1&dl=https%3A%2F%2Freportfraud.ftc.gov%2Fform%2Fmain&dt=ReportFraud.ftc.gov%20-%20Forms&_tu=QAg&_s=5&tfd=92328
0172,173,24882,2026-05-14T04:04:12.250845Z,00:22:16:26,1336.857784,https://www2.reportfraud.ftc.gov/PROD_EAST/breservice
0173,174,24882,2026-05-14T04:04:12.250845Z,00:22:16:26,1336.857784,https://www2.reportfraud.ftc.gov/PROD_EAST/breservice
0174,175,24882,2026-05-14T04:04:12.250845Z,00:22:16:26,1336.857784,https://www2.reportfraud.ftc.gov/PROD_EAST/breservice
0175,176,24882,2026-05-14T04:04:12.250845Z,00:22:16:26,1336.857784,https://www2.reportfraud.ftc.gov/PROD_EAST/breservice
0176,177,24882,2026-05-14T04:04:12.250845Z,00:22:16:26,1336.857784,https://www2.reportfraud.ftc.gov/PROD_EAST/breservice
0177,178,24882,2026-05-14T04:04:12.250845Z,00:22:16:26,1336.857784,https://www2.reportfraud.ftc.gov/PROD_EAST/breservice
0178,179,24882,2026-05-14T04:04:12.250845Z,00:22:16:26,1336.857784,https://www2.reportfraud.ftc.gov/PROD_EAST/breservice
0179,180,24882,2026-05-14T04:04:12.250845Z,00:22:16:26,1336.857784,https://www2.reportfraud.ftc.gov/PROD_EAST/breservice
0180,181,24882,2026-05-14T04:04:12.250845Z,00:22:16:26,1336.857784,https://www2.reportfraud.ftc.gov/PROD_EAST/breservice
0181,182,24882,2026-05-14T04:04:12.250845Z,00:22:16:26,1336.857784,https://www2.reportfraud.ftc.gov/PROD_EAST/breservice
0182,183,24882,2026-05-14T04:04:12.250845Z,00:22:16:26,1336.857784,https://www2.reportfraud.ftc.gov/PROD_EAST/breservice
0174,175,24883,2026-05-14T04:04:27.754313Z,00:22:32:11,1352.361252,https://dc.services.visualstudio.com/v2/track
0175,176,24883,2026-05-14T04:04:27.754313Z,00:22:32:11,1352.361252,https://dc.services.visualstudio.com/v2/track
0176,177,24883,2026-05-14T04:04:27.754313Z,00:22:32:11,1352.361252,https://dc.services.visualstudio.com/v2/track
0177,178,24883,2026-05-14T04:04:27.754313Z,00:22:32:11,1352.361252,https://dc.services.visualstudio.com/v2/track
0178,179,24883,2026-05-14T04:04:27.754313Z,00:22:32:11,1352.361252,https://dc.services.visualstudio.com/v2/track
0179,180,24883,2026-05-14T04:04:27.754313Z,00:22:32:11,1352.361252,https://dc.services.visualstudio.com/v2/track
0180,181,24883,2026-05-14T04:04:27.754313Z,00:22:32:11,1352.361252,https://dc.services.visualstudio.com/v2/track
0181,182,24883,2026-05-14T04:04:27.754313Z,00:22:32:11,1352.361252,https://dc.services.visualstudio.com/v2/track
0182,183,24883,2026-05-14T04:04:27.754313Z,00:22:32:11,1352.361252,https://dc.services.visualstudio.com/v2/track
0183,184,24883,2026-05-14T04:04:27.754313Z,00:22:32:11,1352.361252,https://dc.services.visualstudio.com/v2/track
0175,176,24884,2026-05-14T04:04:32.906609Z,00:22:37:15,1357.513548,https://www.google-analytics.com/g/collect?v=2&tid=G-GWC5V51YNF&gtm=45je65c0v892518181za200zd892518181&_p=1778731367014&gcd=13l3l3l3l2l1&npa=0&dma=0&_eu=AAAAAAQ&cid=392812509.1778731379&frm=0&pscdl=noapi&rcb=2&sr=2560x1440&ul=en-us&_s=6&tag_exp=0~115616986~115938465~115938469&sid=1778731384&sct=1&seg=1&dl=https%3A%2F%2Freportfraud.ftc.gov%2Fform%2Fmain&dt=ReportFraud.ftc.gov%20-%20Forms&_tu=QAg&en=en-US%3AOther%3A129%20selected%20in%20(How%20did%20you%20first%20hear%20about%20it%3F)%20dropdown&_ee=1&ep.anonymize_ip=false&ep.category=Long%20Form&ep.label=en-US%3AOther%3A129%20selected%20in%20(How%20did%20you%20first%20hear%20about%20it%3F)%20dropdown&_et=29864&tfd=122205
0176,177,24884,2026-05-14T04:04:32.906609Z,00:22:37:15,1357.513548,https://www.google-analytics.com/g/collect?v=2&tid=G-GWC5V51YNF&gtm=45je65c0v892518181za200zd892518181&_p=1778731367014&gcd=13l3l3l3l2l1&npa=0&dma=0&_eu=AAAAAAQ&cid=392812509.1778731379&frm=0&pscdl=noapi&rcb=2&sr=2560x1440&ul=en-us&_s=6&tag_exp=0~115616986~115938465~115938469&sid=1778731384&sct=1&seg=1&dl=https%3A%2F%2Freportfraud.ftc.gov%2Fform%2Fmain&dt=ReportFraud.ftc.gov%20-%20Forms&_tu=QAg&en=en-US%3AOther%3A129%20selected%20in%20(How%20did%20you%20first%20hear%20about%20it%3F)%20dropdown&_ee=1&ep.anonymize_ip=false&ep.category=Long%20Form&ep.label=en-US%3AOther%3A129%20selected%20in%20(How%20did%20you%20first%20hear%20about%20it%3F)%20dropdown&_et=29864&tfd=122205
0177,178,24884,2026-05-14T04:04:32.906609Z,00:22:37:15,1357.513548,https://www.google-analytics.com/g/collect?v=2&tid=G-GWC5V51YNF&gtm=45je65c0v892518181za200zd892518181&_p=1778731367014&gcd=13l3l3l3l2l1&npa=0&dma=0&_eu=AAAAAAQ&cid=392812509.1778731379&frm=0&pscdl=noapi&rcb=2&sr=2560x1440&ul=en-us&_s=6&tag_exp=0~115616986~115938465~115938469&sid=1778731384&sct=1&seg=1&dl=https%3A%2F%2Freportfraud.ftc.gov%2Fform%2Fmain&dt=ReportFraud.ftc.gov%20-%20Forms&_tu=QAg&en=en-US%3AOther%3A129%20selected%20in%20(How%20did%20you%20first%20hear%20about%20it%3F)%20dropdown&_ee=1&ep.anonymize_ip=false&ep.category=Long%20Form&ep.label=en-US%3AOther%3A129%20selected%20in%20(How%20did%20you%20first%20hear%20about%20it%3F)%20dropdown&_et=29864&tfd=122205
0178,179,24884,2026-05-14T04:04:32.906609Z,00:22:37:15,1357.513548,https://www.google-analytics.com/g/collect?v=2&tid=G-GWC5V51YNF&gtm=45je65c0v892518181za200zd892518181&_p=1778731367014&gcd=13l3l3l3l2l1&npa=0&dma=0&_eu=AAAAAAQ&cid=392812509.1778731379&frm=0&pscdl=noapi&rcb=2&sr=2560x1440&ul=en-us&_s=6&tag_exp=0~115616986~115938465~115938469&sid=1778731384&sct=1&seg=1&dl=https%3A%2F%2Freportfraud.ftc.gov%2Fform%2Fmain&dt=ReportFraud.ftc.gov%20-%20Forms&_tu=QAg&en=en-US%3AOther%3A129%20selected%20in%20(How%20did%20you%20first%20hear%20about%20it%3F)%20dropdown&_ee=1&ep.anonymize_ip=false&ep.category=Long%20Form&ep.label=en-US%3AOther%3A129%20selected%20in%20(How%20did%20you%20first%20hear%20about%20it%3F)%20dropdown&_et=29864&tfd=122205
0179,180,24884,2026-05-14T04:04:32.906609Z,00:22:37:15,1357.513548,https://www.google-analytics.com/g/collect?v=2&tid=G-GWC5V51YNF&gtm=45je65c0v892518181za200zd892518181&_p=1778731367014&gcd=13l3l3l3l2l1&npa=0&dma=0&_eu=AAAAAAQ&cid=392812509.1778731379&frm=0&pscdl=noapi&rcb=2&sr=2560x1440&ul=en-us&_s=6&tag_exp=0~115616986~115938465~115938469&sid=1778731384&sct=1&seg=1&dl=https%3A%2F%2Freportfraud.ftc.gov%2Fform%2Fmain&dt=ReportFraud.ftc.gov%20-%20Forms&_tu=QAg&en=en-US%3AOther%3A129%20selected%20in%20(How%20did%20you%20first%20hear%20about%20it%3F)%20dropdown&_ee=1&ep.anonymize_ip=false&ep.category=Long%20Form&ep.label=en-US%3AOther%3A129%20selected%20in%20(How%20did%20you%20first%20hear%20about%20it%3F)%20dropdown&_et=29864&tfd=122205
0180,181,24884,2026-05-14T04:04:32.906609Z,00:22:37:15,1357.513548,https://www.google-analytics.com/g/collect?v=2&tid=G-GWC5V51YNF&gtm=45je65c0v892518181za200zd892518181&_p=1778731367014&gcd=13l3l3l3l2l1&npa=0&dma=0&_eu=AAAAAAQ&cid=392812509.1778731379&frm=0&pscdl=noapi&rcb=2&sr=2560x1440&ul=en-us&_s=6&tag_exp=0~115616986~115938465~115938469&sid=1778731384&sct=1&seg=1&dl=https%3A%2F%2Freportfraud.ftc.gov%2Fform%2Fmain&dt=ReportFraud.ftc.gov%20-%20Forms&_tu=QAg&en=en-US%3AOther%3A129%20selected%20in%20(How%20did%20you%20first%20hear%20about%20it%3F)%20dropdown&_ee=1&ep.anonymize_ip=false&ep.category=Long%20Form&ep.label=en-US%3AOther%3A129%20selected%20in%20(How%20did%20you%20first%20hear%20about%20it%3F)%20dropdown&_et=29864&tfd=122205
0181,182,24884,2026-05-14T04:04:32.906609Z,00:22:37:15,1357.513548,https://www.google-analytics.com/g/collect?v=2&tid=G-GWC5V51YNF&gtm=45je65c0v892518181za200zd892518181&_p=1778731367014&gcd=13l3l3l3l2l1&npa=0&dma=0&_eu=AAAAAAQ&cid=392812509.1778731379&frm=0&pscdl=noapi&rcb=2&sr=2560x1440&ul=en-us&_s=6&tag_exp=0~115616986~115938465~115938469&sid=1778731384&sct=1&seg=1&dl=https%3A%2F%2Freportfraud.ftc.gov%2Fform%2Fmain&dt=ReportFraud.ftc.gov%20-%20Forms&_tu=QAg&en=en-US%3AOther%3A129%20selected%20in%20(How%20did%20you%20first%20hear%20about%20it%3F)%20dropdown&_ee=1&ep.anonymize_ip=false&ep.category=Long%20Form&ep.label=en-US%3AOther%3A129%20selected%20in%20(How%20did%20you%20first%20hear%20about%20it%3F)%20dropdown&_et=29864&tfd=122205
0182,183,24884,2026-05-14T04:04:32.906609Z,00:22:37:15,1357.513548,https://www.google-analytics.com/g/collect?v=2&tid=G-GWC5V51YNF&gtm=45je65c0v892518181za200zd892518181&_p=1778731367014&gcd=13l3l3l3l2l1&npa=0&dma=0&_eu=AAAAAAQ&cid=392812509.1778731379&frm=0&pscdl=noapi&rcb=2&sr=2560x1440&ul=en-us&_s=6&tag_exp=0~115616986~115938465~115938469&sid=1778731384&sct=1&seg=1&dl=https%3A%2F%2Freportfraud.ftc.gov%2Fform%2Fmain&dt=ReportFraud.ftc.gov%20-%20Forms&_tu=QAg&en=en-US%3AOther%3A129%20selected%20in%20(How%20did%20you%20first%20hear%20about%20it%3F)%20dropdown&_ee=1&ep.anonymize_ip=false&ep.category=Long%20Form&ep.label=en-US%3AOther%3A129%20selected%20in%20(How%20did%20you%20first%20hear%20about%20it%3F)%20dropdown&_et=29864&tfd=122205
0183,184,24884,2026-05-14T04:04:32.906609Z,00:22:37:15,1357.513548,https://www.google-analytics.com/g/collect?v=2&tid=G-GWC5V51YNF&gtm=45je65c0v892518181za200zd892518181&_p=1778731367014&gcd=13l3l3l3l2l1&npa=0&dma=0&_eu=AAAAAAQ&cid=392812509.1778731379&frm=0&pscdl=noapi&rcb=2&sr=2560x1440&ul=en-us&_s=6&tag_exp=0~115616986~115938465~115938469&sid=1778731384&sct=1&seg=1&dl=https%3A%2F%2Freportfraud.ftc.gov%2Fform%2Fmain&dt=ReportFraud.ftc.gov%20-%20Forms&_tu=QAg&en=en-US%3AOther%3A129%20selected%20in%20(How%20did%20you%20first%20hear%20about%20it%3F)%20dropdown&_ee=1&ep.anonymize_ip=false&ep.category=Long%20Form&ep.label=en-US%3AOther%3A129%20selected%20in%20(How%20did%20you%20first%20hear%20about%20it%3F)%20dropdown&_et=29864&tfd=122205
0184,185,24884,2026-05-14T04:04:32.906609Z,00:22:37:15,1357.513548,https://www.google-analytics.com/g/collect?v=2&tid=G-GWC5V51YNF&gtm=45je65c0v892518181za200zd892518181&_p=1778731367014&gcd=13l3l3l3l2l1&npa=0&dma=0&_eu=AAAAAAQ&cid=392812509.1778731379&frm=0&pscdl=noapi&rcb=2&sr=2560x1440&ul=en-us&_s=6&tag_exp=0~115616986~115938465~115938469&sid=1778731384&sct=1&seg=1&dl=https%3A%2F%2Freportfraud.ftc.gov%2Fform%2Fmain&dt=ReportFraud.ftc.gov%20-%20Forms&_tu=QAg&en=en-US%3AOther%3A129%20selected%20in%20(How%20did%20you%20first%20hear%20about%20it%3F)%20dropdown&_ee=1&ep.anonymize_ip=false&ep.category=Long%20Form&ep.label=en-US%3AOther%3A129%20selected%20in%20(How%20did%20you%20first%20hear%20about%20it%3F)%20dropdown&_et=29864&tfd=122205
0185,186,24884,2026-05-14T04:04:32.906609Z,00:22:37:15,1357.513548,https://www.google-analytics.com/g/collect?v=2&tid=G-GWC5V51YNF&gtm=45je65c0v892518181za200zd892518181&_p=1778731367014&gcd=13l3l3l3l2l1&npa=0&dma=0&_eu=AAAAAAQ&cid=392812509.1778731379&frm=0&pscdl=noapi&rcb=2&sr=2560x1440&ul=en-us&_s=6&tag_exp=0~115616986~115938465~115938469&sid=1778731384&sct=1&seg=1&dl=https%3A%2F%2Freportfraud.ftc.gov%2Fform%2Fmain&dt=ReportFraud.ftc.gov%20-%20Forms&_tu=QAg&en=en-US%3AOther%3A129%20selected%20in%20(How%20did%20you%20first%20hear%20about%20it%3F)%20dropdown&_ee=1&ep.anonymize_ip=false&ep.category=Long%20Form&ep.label=en-US%3AOther%3A129%20selected%20in%20(How%20did%20you%20first%20hear%20about%20it%3F)%20dropdown&_et=29864&tfd=122205
0186,187,24884,2026-05-14T04:04:32.906609Z,00:22:37:15,1357.513548,https://www.google-analytics.com/g/collect?v=2&tid=G-GWC5V51YNF&gtm=45je65c0v892518181za200zd892518181&_p=1778731367014&gcd=13l3l3l3l2l1&npa=0&dma=0&_eu=AAAAAAQ&cid=392812509.1778731379&frm=0&pscdl=noapi&rcb=2&sr=2560x1440&ul=en-us&_s=6&tag_exp=0~115616986~115938465~115938469&sid=1778731384&sct=1&seg=1&dl=https%3A%2F%2Freportfraud.ftc.gov%2Fform%2Fmain&dt=ReportFraud.ftc.gov%20-%20Forms&_tu=QAg&en=en-US%3AOther%3A129%20selected%20in%20(How%20did%20you%20first%20hear%20about%20it%3F)%20dropdown&_ee=1&ep.anonymize_ip=false&ep.category=Long%20Form&ep.label=en-US%3AOther%3A129%20selected%20in%20(How%20did%20you%20first%20hear%20about%20it%3F)%20dropdown&_et=29864&tfd=122205
0180,181,24885,2026-05-14T04:05:16.125079Z,00:23:20:22,1400.732018,https://reportfraud.ftc.gov/assets/images/RF-Hero-1200x467-v3.svg
0181,182,24885,2026-05-14T04:05:16.125079Z,00:23:20:22,1400.732018,https://reportfraud.ftc.gov/assets/images/RF-Hero-1200x467-v3.svg
0182,183,24885,2026-05-14T04:05:16.125079Z,00:23:20:22,1400.732018,https://reportfraud.ftc.gov/assets/images/RF-Hero-1200x467-v3.svg
0183,184,24885,2026-05-14T04:05:16.125079Z,00:23:20:22,1400.732018,https://reportfraud.ftc.gov/assets/images/RF-Hero-1200x467-v3.svg
0184,185,24885,2026-05-14T04:05:16.125079Z,00:23:20:22,1400.732018,https://reportfraud.ftc.gov/assets/images/RF-Hero-1200x467-v3.svg
0185,186,24885,2026-05-14T04:05:16.125079Z,00:23:20:22,1400.732018,https://reportfraud.ftc.gov/assets/images/RF-Hero-1200x467-v3.svg
0186,187,24885,2026-05-14T04:05:16.125079Z,00:23:20:22,1400.732018,https://reportfraud.ftc.gov/assets/images/RF-Hero-1200x467-v3.svg
0182,183,24886,2026-05-14T04:05:28.409382Z,00:23:33:00,1413.016321,https://reportfraud.ftc.gov/assets/images/topSplashButtonArrow-white.png
0183,184,24886,2026-05-14T04:05:28.409382Z,00:23:33:00,1413.016321,https://reportfraud.ftc.gov/assets/images/topSplashButtonArrow-white.png
0184,185,24886,2026-05-14T04:05:28.409382Z,00:23:33:00,1413.016321,https://reportfraud.ftc.gov/assets/images/topSplashButtonArrow-white.png
0185,186,24886,2026-05-14T04:05:28.409382Z,00:23:33:00,1413.016321,https://reportfraud.ftc.gov/assets/images/topSplashButtonArrow-white.png
0186,187,24886,2026-05-14T04:05:28.409382Z,00:23:33:00,1413.016321,https://reportfraud.ftc.gov/assets/images/topSplashButtonArrow-white.png
0183,184,24887,2026-05-14T04:05:34.008169Z,00:23:38:18,1418.615108,https://www.google-analytics.com/g/collect?v=2&tid=G-GWC5V51YNF&gtm=45je65c0v892518181za200zd892518181&_p=1778731367014&gcd=13l3l3l3l2l1&npa=0&dma=0&_eu=AAAAAAQ&cid=392812509.1778731379&frm=0&pscdl=noapi&rcb=2&sr=2560x1440&ul=en-us&_s=7&tag_exp=0~115616986~115938465~115938469&sid=1778731384&sct=1&seg=1&dl=https%3A%2F%2Freportfraud.ftc.gov%2Fform%2Fmain&dt=ReportFraud.ftc.gov%20-%20Forms&_tu=QAg&en=Clicked%20Continue%20Button&_ee=1&ep.anonymize_ip=false&ep.category=Long%20Form&ep.label=User%20clicked%20continue%20on%20the%20Main%20Form%20page&_et=50372&tfd=183419
0184,185,24887,2026-05-14T04:05:34.008169Z,00:23:38:18,1418.615108,https://www.google-analytics.com/g/collect?v=2&tid=G-GWC5V51YNF&gtm=45je65c0v892518181za200zd892518181&_p=1778731367014&gcd=13l3l3l3l2l1&npa=0&dma=0&_eu=AAAAAAQ&cid=392812509.1778731379&frm=0&pscdl=noapi&rcb=2&sr=2560x1440&ul=en-us&_s=7&tag_exp=0~115616986~115938465~115938469&sid=1778731384&sct=1&seg=1&dl=https%3A%2F%2Freportfraud.ftc.gov%2Fform%2Fmain&dt=ReportFraud.ftc.gov%20-%20Forms&_tu=QAg&en=Clicked%20Continue%20Button&_ee=1&ep.anonymize_ip=false&ep.category=Long%20Form&ep.label=User%20clicked%20continue%20on%20the%20Main%20Form%20page&_et=50372&tfd=183419
0185,186,24887,2026-05-14T04:05:34.008169Z,00:23:38:18,1418.615108,https://www.google-analytics.com/g/collect?v=2&tid=G-GWC5V51YNF&gtm=45je65c0v892518181za200zd892518181&_p=1778731367014&gcd=13l3l3l3l2l1&npa=0&dma=0&_eu=AAAAAAQ&cid=392812509.1778731379&frm=0&pscdl=noapi&rcb=2&sr=2560x1440&ul=en-us&_s=7&tag_exp=0~115616986~115938465~115938469&sid=1778731384&sct=1&seg=1&dl=https%3A%2F%2Freportfraud.ftc.gov%2Fform%2Fmain&dt=ReportFraud.ftc.gov%20-%20Forms&_tu=QAg&en=Clicked%20Continue%20Button&_ee=1&ep.anonymize_ip=false&ep.category=Long%20Form&ep.label=User%20clicked%20continue%20on%20the%20Main%20Form%20page&_et=50372&tfd=183419
0186,187,24887,2026-05-14T04:05:34.008169Z,00:23:38:18,1418.615108,https://www.google-analytics.com/g/collect?v=2&tid=G-GWC5V51YNF&gtm=45je65c0v892518181za200zd892518181&_p=1778731367014&gcd=13l3l3l3l2l1&npa=0&dma=0&_eu=AAAAAAQ&cid=392812509.1778731379&frm=0&pscdl=noapi&rcb=2&sr=2560x1440&ul=en-us&_s=7&tag_exp=0~115616986~115938465~115938469&sid=1778731384&sct=1&seg=1&dl=https%3A%2F%2Freportfraud.ftc.gov%2Fform%2Fmain&dt=ReportFraud.ftc.gov%20-%20Forms&_tu=QAg&en=Clicked%20Continue%20Button&_ee=1&ep.anonymize_ip=false&ep.category=Long%20Form&ep.label=User%20clicked%20continue%20on%20the%20Main%20Form%20page&_et=50372&tfd=183419
0184,185,24888,2026-05-14T04:05:48.791157Z,00:23:53:12,1433.398096,https://www2.reportfraud.ftc.gov/PROD_EAST/melissaservice
0185,186,24888,2026-05-14T04:05:48.791157Z,00:23:53:12,1433.398096,https://www2.reportfraud.ftc.gov/PROD_EAST/melissaservice
0186,187,24888,2026-05-14T04:05:48.791157Z,00:23:53:12,1433.398096,https://www2.reportfraud.ftc.gov/PROD_EAST/melissaservice
0187,188,24895,2026-05-14T04:06:08.892297Z,00:24:13:15,1453.499236,https://reportfraud.ftc.gov/scripts.8ac388750eb88a2f.js
0187,188,24896,2026-05-14T04:06:09.261513Z,00:24:13:26,1453.868452,https://reportfraud.ftc.gov/main.7b351a19682fd84d.js
0187,188,24897,2026-05-14T04:06:09.516280Z,00:24:14:04,1454.123219,https://reportfraud.ftc.gov/styles.febbcf256bc451da.css
0187,188,24898,2026-05-14T04:06:09.766076Z,00:24:14:11,1454.373015,https://reportfraud.ftc.gov/assets/fonts/proximanova_regular/ProximaNova-Reg-webfont.woff
0187,188,24899,2026-05-14T04:06:12.436558Z,00:24:17:01,1457.043497,https://reportfraud.ftc.gov/config/config.json
0188,189,24910,2026-05-14T04:06:18.752896Z,00:24:23:11,1463.359835,https://www.google-analytics.com/g/collect?v=2&tid=G-GWC5V51YNF&gtm=45je65c0v892518181za200zd892518181&_p=1778731367014&gcd=13l3l3l3l2l1&npa=0&dma=0&_eu=AAAAAAQ&cid=392812509.1778731379&frm=0&pscdl=noapi&rcb=2&sr=2560x1440&ul=en-us&_s=8&tag_exp=0~115616986~115938465~115938469&sid=1778731384&sct=1&seg=1&dl=https%3A%2F%2Freportfraud.ftc.gov%2Fform%2Fmain&dt=ReportFraud.ftc.gov%20-%20Forms&_tu=QAg&en=en-US%3ACell%20phone%3A0%20selected%20in%20(Phone%20Type)%20dropdown&_ee=1&ep.anonymize_ip=false&ep.category=Long%20Form&ep.label=en-US%3ACell%20phone%3A0%20selected%20in%20(Phone%20Type)%20dropdown&_et=42064&tfd=225487
0188,189,24911,2026-05-14T04:06:19.270618Z,00:24:23:26,1463.877557,https://reportfraud.ftc.gov/833.1e79d94ef22cebb8.js
0188,189,24912,2026-05-14T04:06:19.520513Z,00:24:24:04,1464.127452,https://reportfraud.ftc.gov/132.ed638bed843eec16.js
0188,189,24913,2026-05-14T04:06:19.772832Z,00:24:24:11,1464.379771,https://reportfraud.ftc.gov/common.4ad6210a5ed1832d.js
0188,189,24914,2026-05-14T04:06:20.019630Z,00:24:24:19,1464.626569,https://reportfraud.ftc.gov/324.34b2ba1f4145b06c.js
0189,190,24922,2026-05-14T04:06:24.126631Z,00:24:28:22,1468.733570,https://reportfraud.ftc.gov/assets/images/IDTgov-logo.png
0189,190,24923,2026-05-14T04:06:24.384744Z,00:24:29:00,1468.991683,https://reportfraud.ftc.gov/assets/images/exclamation-triangle-solid.svg
0189,190,24924,2026-05-14T04:06:27.002619Z,00:24:31:18,1471.609558,https://www.google-analytics.com/g/collect?v=2&tid=G-GWC5V51YNF&gtm=45je65c0v892518181za200zd892518181&_p=1778731367014&gcd=13l3l3l3l2l1&npa=0&dma=0&_eu=AAAAAAQ&cid=392812509.1778731379&frm=0&pscdl=noapi&rcb=2&sr=2560x1440&ul=en-us&tag_exp=0~115616986~115938465~115938469&sid=1778731384&sct=1&seg=1&dl=https%3A%2F%2Freportfraud.ftc.gov%2Fform%2Fmain&dt=ReportFraud.ftc.gov%20-%20Forms&_tu=QAg&_s=9&tfd=232748
0189,190,24925,2026-05-14T04:06:27.252751Z,00:24:31:26,1471.859690,https://www.googletagmanager.com/gtag/js?id=G-CSLL4ZEK4L
0189,190,24926,2026-05-14T04:06:28.032858Z,00:24:32:19,1472.639797,https://js.monitor.azure.com/scripts/b/ai.config.1.cfg.json
0190,191,24928,2026-05-14T04:06:29.909248Z,00:24:34:15,1474.516187,https://reportfraud.ftc.gov/assets/images/arrow-11-64.png
0190,191,24929,2026-05-14T04:06:30.169238Z,00:24:34:23,1474.776177,https://reportfraud.ftc.gov/assets/images/To-Do.svg
0190,191,24930,2026-05-14T04:06:30.412400Z,00:24:35:01,1475.019339,https://reportfraud.ftc.gov/assets/images/helpStopFraud.svg
0190,191,24931,2026-05-14T04:06:31.793102Z,00:24:36:12,1476.400041,https://www.google-analytics.com/g/collect?v=2&tid=G-CSLL4ZEK4L&gtm=45je65c0v9131934939za200zd9131934939&_p=1778731576404&gcd=13l3l3l3l1l1&npa=0&dma=0&cid=825282582.1778731589&frm=0&pscdl=noapi&rcb=0&sr=2560x1440&ul=en-us&_s=1&tag_exp=0~115616986~115938466~115938469~119013244&dl=https%3A%2F%2Freportfraud.ftc.gov%2Fform%2Fmain&dt=ReportFraud.ftc.gov&dr=&sid=1778731590&sct=1&seg=0&_tu=wA&en=page_view&_fv=1&_ss=1&_ee=1&ep.agency=FTC&ep.subagency=REPORTFRAUD.FTC.GOV&ep.site_topic=unspecified%3Areportfraud.ftc.gov&ep.site_platform=unspecified%3Areportfraud.ftc.gov&ep.script_source=https%3A%2F%2Fdap.digitalgov.gov%2Funiversal-federated-analytics-min.js&ep.version=20250702%20v8.7%20-%20ga4&ep.protocol=https%3A&ep.using_parallel_tracker=no&ep.hostname_dimension=reportfraud.ftc.gov&tfd=23785
0190,191,24932,2026-05-14T04:06:32.037262Z,00:24:36:19,1476.644201,https://www.google-analytics.com/g/collect?v=2&tid=G-GWC5V51YNF&gtm=45je65c0v892518181za200zd892518181&_p=1778731367014&gcd=13l3l3l3l2l1&npa=0&dma=0&_eu=AAAAAAQ&cid=392812509.1778731379&frm=0&pscdl=noapi&rcb=2&sr=2560x1440&ul=en-us&_s=10&tag_exp=0~115616986~115938465~115938469&sid=1778731384&sct=1&seg=1&dl=https%3A%2F%2Freportfraud.ftc.gov%2Fform%2Fmain&dt=ReportFraud.ftc.gov%20-%20Forms&_tu=QAg&en=Clicked%20Yes%20Radio%20(Are%20you%20filing%20on%20behalf%20of%20your%20small%20business%20or%20organization%3F)&_ee=1&ep.anonymize_ip=false&ep.category=Long%20Form&ep.label=User%20clicked%20the%20Yes%20radio%20button%20for%20Are%20you%20filing%20on%20behalf%20of%20your%20small%20business%20or%20organization%3F&_et=4612&tfd=240902
0191,192,24938,2026-05-14T04:06:42.949590Z,00:24:47:17,1487.556529,https://reportfraud.ftc.gov/assets/images/helpStopFraud2.svg
0191,192,24939,2026-05-14T04:06:43.198042Z,00:24:47:24,1487.804981,https://reportfraud.ftc.gov/assets/images/BlogVideo-Icon.svg
0191,192,24940,2026-05-14T04:06:43.484061Z,00:24:48:03,1488.091000,https://reportfraud.ftc.gov/assets/images/To-Do2.svg
0191,192,24941,2026-05-14T04:06:44.235688Z,00:24:48:25,1488.842627,https://www.google-analytics.com/g/collect?v=2&tid=G-GWC5V51YNF&gtm=45je65c0v892518181za200zd892518181&_p=1778731367014&gcd=13l3l3l3l2l1&npa=0&dma=0&_eu=AgAAAAQ&cid=392812509.1778731379&frm=0&pscdl=noapi&rcb=2&sr=2560x1440&ul=en-us&_s=13&tag_exp=0~115616986~115938465~115938469&dt=ReportFraud.ftc.gov%20-%20Confirmation&dl=https%3A%2F%2Freportfraud.ftc.gov&dp=%2Fform%2Fconfirmation&sid=1778731384&sct=1&seg=1&_tu=QAg&en=page_view&_ee=1&ep.anonymize_ip=false&ep.page_hash=&_et=1243&tfd=252262
0191,192,24942,2026-05-14T04:06:44.480466Z,00:24:49:03,1489.087405,https://www.google-analytics.com/g/collect?v=2&tid=G-GWC5V51YNF&gtm=45je65c0v892518181za200zd892518181&_p=1778731367014&gcd=13l3l3l3l2l1&npa=0&dma=0&_eu=AAgAAAQ&cid=392812509.1778731379&frm=0&pscdl=noapi&rcb=2&sr=2560x1440&ul=en-us&_s=14&tag_exp=0~115616986~115938465~115938469&dt=ReportFraud.ftc.gov%20-%20Confirmation&dl=https%3A%2F%2Freportfraud.ftc.gov&dp=%2Fform%2Fconfirmation&sid=1778731384&sct=1&seg=1&_tu=QAg&en=rf_report_now_completed&_c=1&ep.anonymize_ip=false&ep.page_hash=&_et=1&tfd=252262
0192,193,24944,2026-05-14T04:06:48.788462Z,00:24:53:12,1493.395401,https://reportfraud.ftc.gov/assets/images/To-Do2.svg
0192,193,24945,2026-05-14T04:06:49.177816Z,00:24:53:24,1493.784755,https://reportfraud.ftc.gov/assets/images/helpStopFraud2.svg
0193,194,24945,2026-05-14T04:06:49.177816Z,00:24:53:24,1493.784755,https://reportfraud.ftc.gov/assets/images/helpStopFraud2.svg
0192,193,24946,2026-05-14T04:06:49.584847Z,00:24:54:06,1494.191786,https://reportfraud.ftc.gov/assets/images/RF-Logo-Seal-NEW-01.svg
0193,194,24946,2026-05-14T04:06:49.584847Z,00:24:54:06,1494.191786,https://reportfraud.ftc.gov/assets/images/RF-Logo-Seal-NEW-01.svg
0194,195,24946,2026-05-14T04:06:49.584847Z,00:24:54:06,1494.191786,https://reportfraud.ftc.gov/assets/images/RF-Logo-Seal-NEW-01.svg
0192,193,24947,2026-05-14T04:06:49.958893Z,00:24:54:17,1494.565832,https://reportfraud.ftc.gov/assets/images/RF-Logo-Seal-244873-KO-v2.svg
0193,194,24947,2026-05-14T04:06:49.958893Z,00:24:54:17,1494.565832,https://reportfraud.ftc.gov/assets/images/RF-Logo-Seal-244873-KO-v2.svg
0194,195,24947,2026-05-14T04:06:49.958893Z,00:24:54:17,1494.565832,https://reportfraud.ftc.gov/assets/images/RF-Logo-Seal-244873-KO-v2.svg
0192,193,24948,2026-05-14T04:06:51.251659Z,00:24:55:26,1495.858598,https://www.google-analytics.com/g/collect?v=2&tid=G-CSLL4ZEK4L&gtm=45je65c0v9131934939za200zd9131934939&_p=1778731364862&gcd=13l3l3l3l1l1&npa=0&dma=0&_eu=AEAAAAQ&ae=a&cid=392812509.1778731379&frm=0&pscdl=noapi&rcb=1&sr=2560x1440&ul=en-us&_s=4&tag_exp=0~115938465~115938468&dl=https%3A%2F%2Freportfraud.ftc.gov%2Fform%2Fconfirmation&dt=ReportFraud.ftc.gov&dr=https%3A%2F%2Freportfraud.ftc.gov%2Fform%2Fmain&sid=1778731379&sct=1&seg=1&_tu=wA&en=page_view&ep.agency=FTC&ep.subagency=REPORTFRAUD.FTC.GOV&ep.site_topic=unspecified%3Areportfraud.ftc.gov&ep.site_platform=unspecified%3Areportfraud.ftc.gov&ep.script_source=https%3A%2F%2Fdap.digitalgov.gov%2Funiversal-federated-analytics-min.js&ep.version=20250702%20v8.7%20-%20ga4&ep.protocol=https%3A&ep.using_parallel_tracker=no&ep.hostname_dimension=reportfraud.ftc.gov&_et=184564&tfd=258311
0193,194,24948,2026-05-14T04:06:51.251659Z,00:24:55:26,1495.858598,https://www.google-analytics.com/g/collect?v=2&tid=G-CSLL4ZEK4L&gtm=45je65c0v9131934939za200zd9131934939&_p=1778731364862&gcd=13l3l3l3l1l1&npa=0&dma=0&_eu=AEAAAAQ&ae=a&cid=392812509.1778731379&frm=0&pscdl=noapi&rcb=1&sr=2560x1440&ul=en-us&_s=4&tag_exp=0~115938465~115938468&dl=https%3A%2F%2Freportfraud.ftc.gov%2Fform%2Fconfirmation&dt=ReportFraud.ftc.gov&dr=https%3A%2F%2Freportfraud.ftc.gov%2Fform%2Fmain&sid=1778731379&sct=1&seg=1&_tu=wA&en=page_view&ep.agency=FTC&ep.subagency=REPORTFRAUD.FTC.GOV&ep.site_topic=unspecified%3Areportfraud.ftc.gov&ep.site_platform=unspecified%3Areportfraud.ftc.gov&ep.script_source=https%3A%2F%2Fdap.digitalgov.gov%2Funiversal-federated-analytics-min.js&ep.version=20250702%20v8.7%20-%20ga4&ep.protocol=https%3A&ep.using_parallel_tracker=no&ep.hostname_dimension=reportfraud.ftc.gov&_et=184564&tfd=258311
0194,195,24948,2026-05-14T04:06:51.251659Z,00:24:55:26,1495.858598,https://www.google-analytics.com/g/collect?v=2&tid=G-CSLL4ZEK4L&gtm=45je65c0v9131934939za200zd9131934939&_p=1778731364862&gcd=13l3l3l3l1l1&npa=0&dma=0&_eu=AEAAAAQ&ae=a&cid=392812509.1778731379&frm=0&pscdl=noapi&rcb=1&sr=2560x1440&ul=en-us&_s=4&tag_exp=0~115938465~115938468&dl=https%3A%2F%2Freportfraud.ftc.gov%2Fform%2Fconfirmation&dt=ReportFraud.ftc.gov&dr=https%3A%2F%2Freportfraud.ftc.gov%2Fform%2Fmain&sid=1778731379&sct=1&seg=1&_tu=wA&en=page_view&ep.agency=FTC&ep.subagency=REPORTFRAUD.FTC.GOV&ep.site_topic=unspecified%3Areportfraud.ftc.gov&ep.site_platform=unspecified%3Areportfraud.ftc.gov&ep.script_source=https%3A%2F%2Fdap.digitalgov.gov%2Funiversal-federated-analytics-min.js&ep.version=20250702%20v8.7%20-%20ga4&ep.protocol=https%3A&ep.using_parallel_tracker=no&ep.hostname_dimension=reportfraud.ftc.gov&_et=184564&tfd=258311
0193,194,24949,2026-05-14T04:06:58.684883Z,00:25:03:09,1503.291822,https://dc.services.visualstudio.com/v2/track
0194,195,24949,2026-05-14T04:06:58.684883Z,00:25:03:09,1503.291822,https://dc.services.visualstudio.com/v2/track
0195,196,24949,2026-05-14T04:06:58.684883Z,00:25:03:09,1503.291822,https://dc.services.visualstudio.com/v2/track
0194,195,24950,2026-05-14T04:06:59.493823Z,00:25:04:03,1504.100762,https://www.google-analytics.com/g/collect?v=2&tid=G-GWC5V51YNF&gtm=45je65c0v892518181za200zd892518181&_p=1778731367014&gcd=13l3l3l3l2l1&npa=0&dma=0&_eu=AAAAAAQ&cid=392812509.1778731379&frm=0&pscdl=noapi&rcb=2&sr=2560x1440&ul=en-us&_s=15&tag_exp=0~115616986~115938465~115938469&sid=1778731384&sct=1&seg=1&dl=https%3A%2F%2Freportfraud.ftc.gov%2Fform%2Fconfirmation&dt=ReportFraud.ftc.gov%20-%20Confirmation&_tu=QAg&en=Clicked%20Print%20Button&_ee=1&ep.anonymize_ip=false&ep.category=Confirmation&ep.label=User%20clicked%20Print%20Button%20on%20the%20Confirmation%20Page&_et=3393&tfd=268767
0195,196,24950,2026-05-14T04:06:59.493823Z,00:25:04:03,1504.100762,https://www.google-analytics.com/g/collect?v=2&tid=G-GWC5V51YNF&gtm=45je65c0v892518181za200zd892518181&_p=1778731367014&gcd=13l3l3l3l2l1&npa=0&dma=0&_eu=AAAAAAQ&cid=392812509.1778731379&frm=0&pscdl=noapi&rcb=2&sr=2560x1440&ul=en-us&_s=15&tag_exp=0~115616986~115938465~115938469&sid=1778731384&sct=1&seg=1&dl=https%3A%2F%2Freportfraud.ftc.gov%2Fform%2Fconfirmation&dt=ReportFraud.ftc.gov%20-%20Confirmation&_tu=QAg&en=Clicked%20Print%20Button&_ee=1&ep.anonymize_ip=false&ep.category=Confirmation&ep.label=User%20clicked%20Print%20Button%20on%20the%20Confirmation%20Page&_et=3393&tfd=268767
0195,196,24951,2026-05-14T04:07:13.735139Z,00:25:18:10,1518.342078,https://mozilla-ohttp.fastly-edge.com/
0195,196,24952,2026-05-14T04:07:14.005293Z,00:25:18:18,1518.612232,https://mozilla-ohttp.fastly-edge.com/
0195,196,24953,2026-05-14T04:07:14.373297Z,00:25:18:29,1518.980236,https://mozilla-ohttp.fastly-edge.com/
0196,197,24965,2026-05-14T04:07:19.134875Z,00:25:23:22,1523.741814,https://img-getpocket.cdn.mozilla.net/300x160/smart/filters:format(webp):quality(75):no_upscale():strip_exif()/https%3A%2F%2Fads-img.mozilla.org%2Fv1%2Fimages%3Fimage_data%3DCrkBCrYBaHR0cHM6Ly9jcmVhdGl2ZXMuc2FzY2RuLmNvbS9kaWZmLzU0MTQvYWR2ZXJ0aXNlci81Mzg3NDcvVGhlXzU1X01vc3RfRXhwZW5zaXZlLUxvb2tpbmdfQ2xvdGhlc19XZV9Gb3VuZF9Pbl9BbWF6b25fRm9yX1VuZGVyXyQzNV9fX19fQnVzdGxlXzIzXzAxMTg4YjFlLTFjOTMtNDMwMC04NTIxLTNkNDIyZWRjNTE3NC5wbmcSIPKZ6AWJtrKEWeJlBIAPSrfA_nhW7pcK3JhPpxsEf-AN
0196,197,24966,2026-05-14T04:07:19.498323Z,00:25:24:03,1524.105262,https://img-getpocket.cdn.mozilla.net/110x117/smart/filters:format(webp):quality(75):no_upscale():strip_exif()/https%3A%2F%2Fs3.us-east-1.amazonaws.com%2Fpocket-curatedcorpusapi-prod-images%2Faa35d23f-f31a-474d-823c-942f0b4b073f.jpeg
0196,197,24967,2026-05-14T04:07:19.750378Z,00:25:24:11,1524.357317,https://img-getpocket.cdn.mozilla.net/110x117/smart/filters:format(webp):quality(75):no_upscale():strip_exif()/https%3A%2F%2Fs3.us-east-1.amazonaws.com%2Fpocket-curatedcorpusapi-prod-images%2F3caab01b-4669-4801-bed4-2db0c7f4593c.jpeg
0196,197,24968,2026-05-14T04:07:20.043192Z,00:25:24:20,1524.650131,https://img-getpocket.cdn.mozilla.net/110x117/smart/filters:format(webp):quality(75):no_upscale():strip_exif()/https%3A%2F%2Fs3.us-east-1.amazonaws.com%2Fpocket-curatedcorpusapi-prod-images%2F22529abc-9a64-4fd9-b9a8-149cdcaf795a.jpeg
0197,198,24968,2026-05-14T04:07:20.043192Z,00:25:24:20,1524.650131,https://img-getpocket.cdn.mozilla.net/110x117/smart/filters:format(webp):quality(75):no_upscale():strip_exif()/https%3A%2F%2Fs3.us-east-1.amazonaws.com%2Fpocket-curatedcorpusapi-prod-images%2F22529abc-9a64-4fd9-b9a8-149cdcaf795a.jpeg
0196,197,24969,2026-05-14T04:07:20.456151Z,00:25:25:02,1525.063090,https://img-getpocket.cdn.mozilla.net/110x117/smart/filters:format(webp):quality(75):no_upscale():strip_exif()/https%3A%2F%2Fs3.us-east-1.amazonaws.com%2Fpocket-curatedcorpusapi-prod-images%2Fef5d35d2-5db5-4e5a-a400-b071f22345d2.jpeg
0197,198,24969,2026-05-14T04:07:20.456151Z,00:25:25:02,1525.063090,https://img-getpocket.cdn.mozilla.net/110x117/smart/filters:format(webp):quality(75):no_upscale():strip_exif()/https%3A%2F%2Fs3.us-east-1.amazonaws.com%2Fpocket-curatedcorpusapi-prod-images%2Fef5d35d2-5db5-4e5a-a400-b071f22345d2.jpeg
0197,198,24970,2026-05-14T04:07:28.334119Z,00:25:32:28,1532.941058,https://img-getpocket.cdn.mozilla.net/190x250/smart/filters:format(webp):quality(75):no_upscale():strip_exif()/https%3A%2F%2Fs3.us-east-1.amazonaws.com%2Fpocket-curatedcorpusapi-prod-images%2Ffde18280-7bf1-4bfb-8523-1d0a68e85884.jpeg
0198,199,24970,2026-05-14T04:07:28.334119Z,00:25:32:28,1532.941058,https://img-getpocket.cdn.mozilla.net/190x250/smart/filters:format(webp):quality(75):no_upscale():strip_exif()/https%3A%2F%2Fs3.us-east-1.amazonaws.com%2Fpocket-curatedcorpusapi-prod-images%2Ffde18280-7bf1-4bfb-8523-1d0a68e85884.jpeg
0199,200,24970,2026-05-14T04:07:28.334119Z,00:25:32:28,1532.941058,https://img-getpocket.cdn.mozilla.net/190x250/smart/filters:format(webp):quality(75):no_upscale():strip_exif()/https%3A%2F%2Fs3.us-east-1.amazonaws.com%2Fpocket-curatedcorpusapi-prod-images%2Ffde18280-7bf1-4bfb-8523-1d0a68e85884.jpeg
0200,201,24970,2026-05-14T04:07:28.334119Z,00:25:32:28,1532.941058,https://img-getpocket.cdn.mozilla.net/190x250/smart/filters:format(webp):quality(75):no_upscale():strip_exif()/https%3A%2F%2Fs3.us-east-1.amazonaws.com%2Fpocket-curatedcorpusapi-prod-images%2Ffde18280-7bf1-4bfb-8523-1d0a68e85884.jpeg
0197,198,24971,2026-05-14T04:07:29.296849Z,00:25:33:27,1533.903788,https://img-getpocket.cdn.mozilla.net/300x160/smart/filters:format(webp):quality(75):no_upscale():strip_exif()/https%3A%2F%2Fads-img.mozilla.org%2Fv1%2Fimages%3Fimage_data%3DCskBCsYBaHR0cHM6Ly9jcmVhdGl2ZXMuc2FzY2RuLmNvbS9kaWZmLzU0MTQvYWR2ZXJ0aXNlci81Mzg3NDcvNTVfQ2hlYXBfVGhpbmdzX1lvdV9OZXZlcl9LbmV3X0V4aXN0ZWRfVGhhdF9GaXhfdGhlX0Fubm95aW5nX1Byb2JsZW1zX0Fyb3VuZF9Zb3VyX0hvbWVfX19fX0ludmVyc2VfM19jZGYzNzViZC04MzZkLTRjYzEtYjYxMS1hYjUyYzA0YzUzMDYucG5nEiAqWm6X2dSxyeWTDwkQdz6EpkpojK5pS98lywmIYZraAg
0198,199,24971,2026-05-14T04:07:29.296849Z,00:25:33:27,1533.903788,https://img-getpocket.cdn.mozilla.net/300x160/smart/filters:format(webp):quality(75):no_upscale():strip_exif()/https%3A%2F%2Fads-img.mozilla.org%2Fv1%2Fimages%3Fimage_data%3DCskBCsYBaHR0cHM6Ly9jcmVhdGl2ZXMuc2FzY2RuLmNvbS9kaWZmLzU0MTQvYWR2ZXJ0aXNlci81Mzg3NDcvNTVfQ2hlYXBfVGhpbmdzX1lvdV9OZXZlcl9LbmV3X0V4aXN0ZWRfVGhhdF9GaXhfdGhlX0Fubm95aW5nX1Byb2JsZW1zX0Fyb3VuZF9Zb3VyX0hvbWVfX19fX0ludmVyc2VfM19jZGYzNzViZC04MzZkLTRjYzEtYjYxMS1hYjUyYzA0YzUzMDYucG5nEiAqWm6X2dSxyeWTDwkQdz6EpkpojK5pS98lywmIYZraAg
0199,200,24971,2026-05-14T04:07:29.296849Z,00:25:33:27,1533.903788,https://img-getpocket.cdn.mozilla.net/300x160/smart/filters:format(webp):quality(75):no_upscale():strip_exif()/https%3A%2F%2Fads-img.mozilla.org%2Fv1%2Fimages%3Fimage_data%3DCskBCsYBaHR0cHM6Ly9jcmVhdGl2ZXMuc2FzY2RuLmNvbS9kaWZmLzU0MTQvYWR2ZXJ0aXNlci81Mzg3NDcvNTVfQ2hlYXBfVGhpbmdzX1lvdV9OZXZlcl9LbmV3X0V4aXN0ZWRfVGhhdF9GaXhfdGhlX0Fubm95aW5nX1Byb2JsZW1zX0Fyb3VuZF9Zb3VyX0hvbWVfX19fX0ludmVyc2VfM19jZGYzNzViZC04MzZkLTRjYzEtYjYxMS1hYjUyYzA0YzUzMDYucG5nEiAqWm6X2dSxyeWTDwkQdz6EpkpojK5pS98lywmIYZraAg
0200,201,24971,2026-05-14T04:07:29.296849Z,00:25:33:27,1533.903788,https://img-getpocket.cdn.mozilla.net/300x160/smart/filters:format(webp):quality(75):no_upscale():strip_exif()/https%3A%2F%2Fads-img.mozilla.org%2Fv1%2Fimages%3Fimage_data%3DCskBCsYBaHR0cHM6Ly9jcmVhdGl2ZXMuc2FzY2RuLmNvbS9kaWZmLzU0MTQvYWR2ZXJ0aXNlci81Mzg3NDcvNTVfQ2hlYXBfVGhpbmdzX1lvdV9OZXZlcl9LbmV3X0V4aXN0ZWRfVGhhdF9GaXhfdGhlX0Fubm95aW5nX1Byb2JsZW1zX0Fyb3VuZF9Zb3VyX0hvbWVfX19fX0ludmVyc2VfM19jZGYzNzViZC04MzZkLTRjYzEtYjYxMS1hYjUyYzA0YzUzMDYucG5nEiAqWm6X2dSxyeWTDwkQdz6EpkpojK5pS98lywmIYZraAg
0197,198,24972,2026-05-14T04:07:30.237231Z,00:25:34:25,1534.844170,https://img-getpocket.cdn.mozilla.net/110x117/smart/filters:format(webp):quality(75):no_upscale():strip_exif()/https%3A%2F%2Fs3.us-east-1.amazonaws.com%2Fpocket-curatedcorpusapi-prod-images%2F19c701a8-40d8-4033-9c6f-8eba64257cd8.jpeg
0198,199,24972,2026-05-14T04:07:30.237231Z,00:25:34:25,1534.844170,https://img-getpocket.cdn.mozilla.net/110x117/smart/filters:format(webp):quality(75):no_upscale():strip_exif()/https%3A%2F%2Fs3.us-east-1.amazonaws.com%2Fpocket-curatedcorpusapi-prod-images%2F19c701a8-40d8-4033-9c6f-8eba64257cd8.jpeg
0199,200,24972,2026-05-14T04:07:30.237231Z,00:25:34:25,1534.844170,https://img-getpocket.cdn.mozilla.net/110x117/smart/filters:format(webp):quality(75):no_upscale():strip_exif()/https%3A%2F%2Fs3.us-east-1.amazonaws.com%2Fpocket-curatedcorpusapi-prod-images%2F19c701a8-40d8-4033-9c6f-8eba64257cd8.jpeg
0200,201,24972,2026-05-14T04:07:30.237231Z,00:25:34:25,1534.844170,https://img-getpocket.cdn.mozilla.net/110x117/smart/filters:format(webp):quality(75):no_upscale():strip_exif()/https%3A%2F%2Fs3.us-east-1.amazonaws.com%2Fpocket-curatedcorpusapi-prod-images%2F19c701a8-40d8-4033-9c6f-8eba64257cd8.jpeg
0198,199,24973,2026-05-14T04:07:31.433506Z,00:25:36:01,1536.040445,https://img-getpocket.cdn.mozilla.net/110x117/smart/filters:format(webp):quality(75):no_upscale():strip_exif()/https%3A%2F%2Fs3.us-east-1.amazonaws.com%2Fpocket-curatedcorpusapi-prod-images%2Fffa1472f-2d5e-4921-abf7-29253d34bfe7.webp
0199,200,24973,2026-05-14T04:07:31.433506Z,00:25:36:01,1536.040445,https://img-getpocket.cdn.mozilla.net/110x117/smart/filters:format(webp):quality(75):no_upscale():strip_exif()/https%3A%2F%2Fs3.us-east-1.amazonaws.com%2Fpocket-curatedcorpusapi-prod-images%2Fffa1472f-2d5e-4921-abf7-29253d34bfe7.webp
0200,201,24973,2026-05-14T04:07:31.433506Z,00:25:36:01,1536.040445,https://img-getpocket.cdn.mozilla.net/110x117/smart/filters:format(webp):quality(75):no_upscale():strip_exif()/https%3A%2F%2Fs3.us-east-1.amazonaws.com%2Fpocket-curatedcorpusapi-prod-images%2Fffa1472f-2d5e-4921-abf7-29253d34bfe7.webp
0198,199,24974,2026-05-14T04:07:34.917842Z,00:25:39:16,1539.524781,https://incoming.telemetry.mozilla.org/submit/firefox-desktop/usage-reporting/1/f52d76a2-158d-467b-97a6-67611b280890
0199,200,24974,2026-05-14T04:07:34.917842Z,00:25:39:16,1539.524781,https://incoming.telemetry.mozilla.org/submit/firefox-desktop/usage-reporting/1/f52d76a2-158d-467b-97a6-67611b280890
0200,201,24974,2026-05-14T04:07:34.917842Z,00:25:39:16,1539.524781,https://incoming.telemetry.mozilla.org/submit/firefox-desktop/usage-reporting/1/f52d76a2-158d-467b-97a6-67611b280890
0201,202,24986,2026-05-14T04:07:58.009172Z,00:26:02:18,1562.616111,https://www.ic3.gov/assets/img/icon-https.svg
0201,202,24987,2026-05-14T04:07:58.256576Z,00:26:02:26,1562.863515,https://www.ic3.gov/img/ic3_logo.webp
0201,202,24988,2026-05-14T04:07:58.494443Z,00:26:03:03,1563.101382,https://www.ic3.gov/assets/img/usa-icons-bg/search--white.svg
0201,202,24989,2026-05-14T04:07:59.885371Z,00:26:04:15,1564.492310,https://www.ic3.gov/css/site.css
0201,202,24990,2026-05-14T04:08:00.164522Z,00:26:04:23,1564.771461,https://www.ic3.gov/assets/css/uswds.min.css
0202,203,24996,2026-05-14T04:08:05.549733Z,00:26:10:05,1570.156672,https://www.gstatic.com/recaptcha/releases/U5VsmTDhJM1iOJUyw4DEUTYv/recaptcha__en.js
0202,203,24997,2026-05-14T04:08:05.956955Z,00:26:10:17,1570.563894,https://prod-images.merino.prod.webservices.mozgcp.net/favicons/27511f86d806a498a9707910c48055c1254a5bb05b9f1f10770a1285270a8913_4225.png
0202,203,24998,2026-05-14T04:08:07.063400Z,00:26:11:20,1571.670339,https://www.google.com/recaptcha/api2/anchor?ar=1&k=6LfaXhUTAAAAAAvKw_sNVIyc7f7wmqPdxd6p1hO9&co=aHR0cHM6Ly9jb21wbGFpbnQuaWMzLmdvdjo0NDM.&hl=en&v=U5VsmTDhJM1iOJUyw4DEUTYv&size=normal&anchor-ms=20000&execute-ms=30000&cb=e62fianrqn7d
0202,203,24999,2026-05-14T04:08:07.903933Z,00:26:12:15,1572.510872,https://www.gstatic.com/recaptcha/releases/U5VsmTDhJM1iOJUyw4DEUTYv/styles__ltr.css
0202,203,25000,2026-05-14T04:08:08.177771Z,00:26:12:24,1572.784710,https://www.gstatic.com/recaptcha/releases/U5VsmTDhJM1iOJUyw4DEUTYv/recaptcha__en.js
0203,204,25000,2026-05-14T04:08:08.177771Z,00:26:12:24,1572.784710,https://www.gstatic.com/recaptcha/releases/U5VsmTDhJM1iOJUyw4DEUTYv/recaptcha__en.js
0204,205,25000,2026-05-14T04:08:08.177771Z,00:26:12:24,1572.784710,https://www.gstatic.com/recaptcha/releases/U5VsmTDhJM1iOJUyw4DEUTYv/recaptcha__en.js
0205,206,25000,2026-05-14T04:08:08.177771Z,00:26:12:24,1572.784710,https://www.gstatic.com/recaptcha/releases/U5VsmTDhJM1iOJUyw4DEUTYv/recaptcha__en.js
0206,207,25000,2026-05-14T04:08:08.177771Z,00:26:12:24,1572.784710,https://www.gstatic.com/recaptcha/releases/U5VsmTDhJM1iOJUyw4DEUTYv/recaptcha__en.js
0207,208,25000,2026-05-14T04:08:08.177771Z,00:26:12:24,1572.784710,https://www.gstatic.com/recaptcha/releases/U5VsmTDhJM1iOJUyw4DEUTYv/recaptcha__en.js
0208,209,25000,2026-05-14T04:08:08.177771Z,00:26:12:24,1572.784710,https://www.gstatic.com/recaptcha/releases/U5VsmTDhJM1iOJUyw4DEUTYv/recaptcha__en.js
0209,210,25000,2026-05-14T04:08:08.177771Z,00:26:12:24,1572.784710,https://www.gstatic.com/recaptcha/releases/U5VsmTDhJM1iOJUyw4DEUTYv/recaptcha__en.js
0210,211,25000,2026-05-14T04:08:08.177771Z,00:26:12:24,1572.784710,https://www.gstatic.com/recaptcha/releases/U5VsmTDhJM1iOJUyw4DEUTYv/recaptcha__en.js
0211,212,25000,2026-05-14T04:08:08.177771Z,00:26:12:24,1572.784710,https://www.gstatic.com/recaptcha/releases/U5VsmTDhJM1iOJUyw4DEUTYv/recaptcha__en.js
0212,213,25000,2026-05-14T04:08:08.177771Z,00:26:12:24,1572.784710,https://www.gstatic.com/recaptcha/releases/U5VsmTDhJM1iOJUyw4DEUTYv/recaptcha__en.js
0213,214,25000,2026-05-14T04:08:08.177771Z,00:26:12:24,1572.784710,https://www.gstatic.com/recaptcha/releases/U5VsmTDhJM1iOJUyw4DEUTYv/recaptcha__en.js
0214,215,25000,2026-05-14T04:08:08.177771Z,00:26:12:24,1572.784710,https://www.gstatic.com/recaptcha/releases/U5VsmTDhJM1iOJUyw4DEUTYv/recaptcha__en.js
0203,204,25001,2026-05-14T04:08:09.423304Z,00:26:14:01,1574.030243,https://www.gstatic.com/recaptcha/api2/logo_48.png
0204,205,25001,2026-05-14T04:08:09.423304Z,00:26:14:01,1574.030243,https://www.gstatic.com/recaptcha/api2/logo_48.png
0205,206,25001,2026-05-14T04:08:09.423304Z,00:26:14:01,1574.030243,https://www.gstatic.com/recaptcha/api2/logo_48.png
0206,207,25001,2026-05-14T04:08:09.423304Z,00:26:14:01,1574.030243,https://www.gstatic.com/recaptcha/api2/logo_48.png
0207,208,25001,2026-05-14T04:08:09.423304Z,00:26:14:01,1574.030243,https://www.gstatic.com/recaptcha/api2/logo_48.png
0208,209,25001,2026-05-14T04:08:09.423304Z,00:26:14:01,1574.030243,https://www.gstatic.com/recaptcha/api2/logo_48.png
0209,210,25001,2026-05-14T04:08:09.423304Z,00:26:14:01,1574.030243,https://www.gstatic.com/recaptcha/api2/logo_48.png
0210,211,25001,2026-05-14T04:08:09.423304Z,00:26:14:01,1574.030243,https://www.gstatic.com/recaptcha/api2/logo_48.png
0211,212,25001,2026-05-14T04:08:09.423304Z,00:26:14:01,1574.030243,https://www.gstatic.com/recaptcha/api2/logo_48.png
0212,213,25001,2026-05-14T04:08:09.423304Z,00:26:14:01,1574.030243,https://www.gstatic.com/recaptcha/api2/logo_48.png
0213,214,25001,2026-05-14T04:08:09.423304Z,00:26:14:01,1574.030243,https://www.gstatic.com/recaptcha/api2/logo_48.png
0214,215,25001,2026-05-14T04:08:09.423304Z,00:26:14:01,1574.030243,https://www.gstatic.com/recaptcha/api2/logo_48.png
0203,204,25002,2026-05-14T04:08:09.788725Z,00:26:14:12,1574.395664,https://www.google.com/recaptcha/api2/webworker.js?hl=en&v=U5VsmTDhJM1iOJUyw4DEUTYv
0204,205,25002,2026-05-14T04:08:09.788725Z,00:26:14:12,1574.395664,https://www.google.com/recaptcha/api2/webworker.js?hl=en&v=U5VsmTDhJM1iOJUyw4DEUTYv
0205,206,25002,2026-05-14T04:08:09.788725Z,00:26:14:12,1574.395664,https://www.google.com/recaptcha/api2/webworker.js?hl=en&v=U5VsmTDhJM1iOJUyw4DEUTYv
0206,207,25002,2026-05-14T04:08:09.788725Z,00:26:14:12,1574.395664,https://www.google.com/recaptcha/api2/webworker.js?hl=en&v=U5VsmTDhJM1iOJUyw4DEUTYv
0207,208,25002,2026-05-14T04:08:09.788725Z,00:26:14:12,1574.395664,https://www.google.com/recaptcha/api2/webworker.js?hl=en&v=U5VsmTDhJM1iOJUyw4DEUTYv
0208,209,25002,2026-05-14T04:08:09.788725Z,00:26:14:12,1574.395664,https://www.google.com/recaptcha/api2/webworker.js?hl=en&v=U5VsmTDhJM1iOJUyw4DEUTYv
0209,210,25002,2026-05-14T04:08:09.788725Z,00:26:14:12,1574.395664,https://www.google.com/recaptcha/api2/webworker.js?hl=en&v=U5VsmTDhJM1iOJUyw4DEUTYv
0210,211,25002,2026-05-14T04:08:09.788725Z,00:26:14:12,1574.395664,https://www.google.com/recaptcha/api2/webworker.js?hl=en&v=U5VsmTDhJM1iOJUyw4DEUTYv
0211,212,25002,2026-05-14T04:08:09.788725Z,00:26:14:12,1574.395664,https://www.google.com/recaptcha/api2/webworker.js?hl=en&v=U5VsmTDhJM1iOJUyw4DEUTYv
0212,213,25002,2026-05-14T04:08:09.788725Z,00:26:14:12,1574.395664,https://www.google.com/recaptcha/api2/webworker.js?hl=en&v=U5VsmTDhJM1iOJUyw4DEUTYv
0213,214,25002,2026-05-14T04:08:09.788725Z,00:26:14:12,1574.395664,https://www.google.com/recaptcha/api2/webworker.js?hl=en&v=U5VsmTDhJM1iOJUyw4DEUTYv
0214,215,25002,2026-05-14T04:08:09.788725Z,00:26:14:12,1574.395664,https://www.google.com/recaptcha/api2/webworker.js?hl=en&v=U5VsmTDhJM1iOJUyw4DEUTYv
0203,204,25003,2026-05-14T04:08:10.865110Z,00:26:15:14,1575.472049,https://fonts.gstatic.com/s/roboto/v48/KFO7CnqEu92Fr1ME7kSn66aGLdTylUAMa3yUBA.woff2
0204,205,25003,2026-05-14T04:08:10.865110Z,00:26:15:14,1575.472049,https://fonts.gstatic.com/s/roboto/v48/KFO7CnqEu92Fr1ME7kSn66aGLdTylUAMa3yUBA.woff2
0205,206,25003,2026-05-14T04:08:10.865110Z,00:26:15:14,1575.472049,https://fonts.gstatic.com/s/roboto/v48/KFO7CnqEu92Fr1ME7kSn66aGLdTylUAMa3yUBA.woff2
0206,207,25003,2026-05-14T04:08:10.865110Z,00:26:15:14,1575.472049,https://fonts.gstatic.com/s/roboto/v48/KFO7CnqEu92Fr1ME7kSn66aGLdTylUAMa3yUBA.woff2
0207,208,25003,2026-05-14T04:08:10.865110Z,00:26:15:14,1575.472049,https://fonts.gstatic.com/s/roboto/v48/KFO7CnqEu92Fr1ME7kSn66aGLdTylUAMa3yUBA.woff2
0208,209,25003,2026-05-14T04:08:10.865110Z,00:26:15:14,1575.472049,https://fonts.gstatic.com/s/roboto/v48/KFO7CnqEu92Fr1ME7kSn66aGLdTylUAMa3yUBA.woff2
0209,210,25003,2026-05-14T04:08:10.865110Z,00:26:15:14,1575.472049,https://fonts.gstatic.com/s/roboto/v48/KFO7CnqEu92Fr1ME7kSn66aGLdTylUAMa3yUBA.woff2
0210,211,25003,2026-05-14T04:08:10.865110Z,00:26:15:14,1575.472049,https://fonts.gstatic.com/s/roboto/v48/KFO7CnqEu92Fr1ME7kSn66aGLdTylUAMa3yUBA.woff2
0211,212,25003,2026-05-14T04:08:10.865110Z,00:26:15:14,1575.472049,https://fonts.gstatic.com/s/roboto/v48/KFO7CnqEu92Fr1ME7kSn66aGLdTylUAMa3yUBA.woff2
0212,213,25003,2026-05-14T04:08:10.865110Z,00:26:15:14,1575.472049,https://fonts.gstatic.com/s/roboto/v48/KFO7CnqEu92Fr1ME7kSn66aGLdTylUAMa3yUBA.woff2
0213,214,25003,2026-05-14T04:08:10.865110Z,00:26:15:14,1575.472049,https://fonts.gstatic.com/s/roboto/v48/KFO7CnqEu92Fr1ME7kSn66aGLdTylUAMa3yUBA.woff2
0214,215,25003,2026-05-14T04:08:10.865110Z,00:26:15:14,1575.472049,https://fonts.gstatic.com/s/roboto/v48/KFO7CnqEu92Fr1ME7kSn66aGLdTylUAMa3yUBA.woff2
0203,204,25004,2026-05-14T04:08:11.142511Z,00:26:15:22,1575.749450,https://www.google.com/recaptcha/api2/bframe?hl=en&v=U5VsmTDhJM1iOJUyw4DEUTYv&k=6LfaXhUTAAAAAAvKw_sNVIyc7f7wmqPdxd6p1hO9&bft=0dAFcWeA4IZnCEThRQy0CpPmf5vlW8U7Gmllg_NxnURg_ttI5S4sscg9tmNrLTLUWs-XtvMYo9XiUvPcFupgsIBPc-SFpIbUtBmg
0204,205,25004,2026-05-14T04:08:11.142511Z,00:26:15:22,1575.749450,https://www.google.com/recaptcha/api2/bframe?hl=en&v=U5VsmTDhJM1iOJUyw4DEUTYv&k=6LfaXhUTAAAAAAvKw_sNVIyc7f7wmqPdxd6p1hO9&bft=0dAFcWeA4IZnCEThRQy0CpPmf5vlW8U7Gmllg_NxnURg_ttI5S4sscg9tmNrLTLUWs-XtvMYo9XiUvPcFupgsIBPc-SFpIbUtBmg
0205,206,25004,2026-05-14T04:08:11.142511Z,00:26:15:22,1575.749450,https://www.google.com/recaptcha/api2/bframe?hl=en&v=U5VsmTDhJM1iOJUyw4DEUTYv&k=6LfaXhUTAAAAAAvKw_sNVIyc7f7wmqPdxd6p1hO9&bft=0dAFcWeA4IZnCEThRQy0CpPmf5vlW8U7Gmllg_NxnURg_ttI5S4sscg9tmNrLTLUWs-XtvMYo9XiUvPcFupgsIBPc-SFpIbUtBmg
0206,207,25004,2026-05-14T04:08:11.142511Z,00:26:15:22,1575.749450,https://www.google.com/recaptcha/api2/bframe?hl=en&v=U5VsmTDhJM1iOJUyw4DEUTYv&k=6LfaXhUTAAAAAAvKw_sNVIyc7f7wmqPdxd6p1hO9&bft=0dAFcWeA4IZnCEThRQy0CpPmf5vlW8U7Gmllg_NxnURg_ttI5S4sscg9tmNrLTLUWs-XtvMYo9XiUvPcFupgsIBPc-SFpIbUtBmg
0207,208,25004,2026-05-14T04:08:11.142511Z,00:26:15:22,1575.749450,https://www.google.com/recaptcha/api2/bframe?hl=en&v=U5VsmTDhJM1iOJUyw4DEUTYv&k=6LfaXhUTAAAAAAvKw_sNVIyc7f7wmqPdxd6p1hO9&bft=0dAFcWeA4IZnCEThRQy0CpPmf5vlW8U7Gmllg_NxnURg_ttI5S4sscg9tmNrLTLUWs-XtvMYo9XiUvPcFupgsIBPc-SFpIbUtBmg
0208,209,25004,2026-05-14T04:08:11.142511Z,00:26:15:22,1575.749450,https://www.google.com/recaptcha/api2/bframe?hl=en&v=U5VsmTDhJM1iOJUyw4DEUTYv&k=6LfaXhUTAAAAAAvKw_sNVIyc7f7wmqPdxd6p1hO9&bft=0dAFcWeA4IZnCEThRQy0CpPmf5vlW8U7Gmllg_NxnURg_ttI5S4sscg9tmNrLTLUWs-XtvMYo9XiUvPcFupgsIBPc-SFpIbUtBmg
0209,210,25004,2026-05-14T04:08:11.142511Z,00:26:15:22,1575.749450,https://www.google.com/recaptcha/api2/bframe?hl=en&v=U5VsmTDhJM1iOJUyw4DEUTYv&k=6LfaXhUTAAAAAAvKw_sNVIyc7f7wmqPdxd6p1hO9&bft=0dAFcWeA4IZnCEThRQy0CpPmf5vlW8U7Gmllg_NxnURg_ttI5S4sscg9tmNrLTLUWs-XtvMYo9XiUvPcFupgsIBPc-SFpIbUtBmg
0210,211,25004,2026-05-14T04:08:11.142511Z,00:26:15:22,1575.749450,https://www.google.com/recaptcha/api2/bframe?hl=en&v=U5VsmTDhJM1iOJUyw4DEUTYv&k=6LfaXhUTAAAAAAvKw_sNVIyc7f7wmqPdxd6p1hO9&bft=0dAFcWeA4IZnCEThRQy0CpPmf5vlW8U7Gmllg_NxnURg_ttI5S4sscg9tmNrLTLUWs-XtvMYo9XiUvPcFupgsIBPc-SFpIbUtBmg
0211,212,25004,2026-05-14T04:08:11.142511Z,00:26:15:22,1575.749450,https://www.google.com/recaptcha/api2/bframe?hl=en&v=U5VsmTDhJM1iOJUyw4DEUTYv&k=6LfaXhUTAAAAAAvKw_sNVIyc7f7wmqPdxd6p1hO9&bft=0dAFcWeA4IZnCEThRQy0CpPmf5vlW8U7Gmllg_NxnURg_ttI5S4sscg9tmNrLTLUWs-XtvMYo9XiUvPcFupgsIBPc-SFpIbUtBmg
0212,213,25004,2026-05-14T04:08:11.142511Z,00:26:15:22,1575.749450,https://www.google.com/recaptcha/api2/bframe?hl=en&v=U5VsmTDhJM1iOJUyw4DEUTYv&k=6LfaXhUTAAAAAAvKw_sNVIyc7f7wmqPdxd6p1hO9&bft=0dAFcWeA4IZnCEThRQy0CpPmf5vlW8U7Gmllg_NxnURg_ttI5S4sscg9tmNrLTLUWs-XtvMYo9XiUvPcFupgsIBPc-SFpIbUtBmg
0213,214,25004,2026-05-14T04:08:11.142511Z,00:26:15:22,1575.749450,https://www.google.com/recaptcha/api2/bframe?hl=en&v=U5VsmTDhJM1iOJUyw4DEUTYv&k=6LfaXhUTAAAAAAvKw_sNVIyc7f7wmqPdxd6p1hO9&bft=0dAFcWeA4IZnCEThRQy0CpPmf5vlW8U7Gmllg_NxnURg_ttI5S4sscg9tmNrLTLUWs-XtvMYo9XiUvPcFupgsIBPc-SFpIbUtBmg
0214,215,25004,2026-05-14T04:08:11.142511Z,00:26:15:22,1575.749450,https://www.google.com/recaptcha/api2/bframe?hl=en&v=U5VsmTDhJM1iOJUyw4DEUTYv&k=6LfaXhUTAAAAAAvKw_sNVIyc7f7wmqPdxd6p1hO9&bft=0dAFcWeA4IZnCEThRQy0CpPmf5vlW8U7Gmllg_NxnURg_ttI5S4sscg9tmNrLTLUWs-XtvMYo9XiUvPcFupgsIBPc-SFpIbUtBmg
0215,216,25017,2026-05-14T04:09:47.473101Z,00:27:52:02,1672.080040,https://www.ic3.gov/assets/fonts/merriweather/Latin-Merriweather-Bold.woff2
0216,217,25017,2026-05-14T04:09:47.473101Z,00:27:52:02,1672.080040,https://www.ic3.gov/assets/fonts/merriweather/Latin-Merriweather-Bold.woff2
0217,218,25017,2026-05-14T04:09:47.473101Z,00:27:52:02,1672.080040,https://www.ic3.gov/assets/fonts/merriweather/Latin-Merriweather-Bold.woff2
0218,219,25017,2026-05-14T04:09:47.473101Z,00:27:52:02,1672.080040,https://www.ic3.gov/assets/fonts/merriweather/Latin-Merriweather-Bold.woff2
0219,220,25017,2026-05-14T04:09:47.473101Z,00:27:52:02,1672.080040,https://www.ic3.gov/assets/fonts/merriweather/Latin-Merriweather-Bold.woff2
0220,221,25017,2026-05-14T04:09:47.473101Z,00:27:52:02,1672.080040,https://www.ic3.gov/assets/fonts/merriweather/Latin-Merriweather-Bold.woff2
0221,222,25017,2026-05-14T04:09:47.473101Z,00:27:52:02,1672.080040,https://www.ic3.gov/assets/fonts/merriweather/Latin-Merriweather-Bold.woff2
0222,223,25017,2026-05-14T04:09:47.473101Z,00:27:52:02,1672.080040,https://www.ic3.gov/assets/fonts/merriweather/Latin-Merriweather-Bold.woff2
0223,224,25017,2026-05-14T04:09:47.473101Z,00:27:52:02,1672.080040,https://www.ic3.gov/assets/fonts/merriweather/Latin-Merriweather-Bold.woff2
0224,225,25017,2026-05-14T04:09:47.473101Z,00:27:52:02,1672.080040,https://www.ic3.gov/assets/fonts/merriweather/Latin-Merriweather-Bold.woff2
0225,226,25017,2026-05-14T04:09:47.473101Z,00:27:52:02,1672.080040,https://www.ic3.gov/assets/fonts/merriweather/Latin-Merriweather-Bold.woff2
0215,216,25018,2026-05-14T04:09:47.837714Z,00:27:52:13,1672.444653,https://www.ic3.gov/assets/fonts/roboto-mono/roboto-mono-v5-latin-regular.woff2
0216,217,25018,2026-05-14T04:09:47.837714Z,00:27:52:13,1672.444653,https://www.ic3.gov/assets/fonts/roboto-mono/roboto-mono-v5-latin-regular.woff2
0217,218,25018,2026-05-14T04:09:47.837714Z,00:27:52:13,1672.444653,https://www.ic3.gov/assets/fonts/roboto-mono/roboto-mono-v5-latin-regular.woff2
0218,219,25018,2026-05-14T04:09:47.837714Z,00:27:52:13,1672.444653,https://www.ic3.gov/assets/fonts/roboto-mono/roboto-mono-v5-latin-regular.woff2
0219,220,25018,2026-05-14T04:09:47.837714Z,00:27:52:13,1672.444653,https://www.ic3.gov/assets/fonts/roboto-mono/roboto-mono-v5-latin-regular.woff2
0220,221,25018,2026-05-14T04:09:47.837714Z,00:27:52:13,1672.444653,https://www.ic3.gov/assets/fonts/roboto-mono/roboto-mono-v5-latin-regular.woff2
0221,222,25018,2026-05-14T04:09:47.837714Z,00:27:52:13,1672.444653,https://www.ic3.gov/assets/fonts/roboto-mono/roboto-mono-v5-latin-regular.woff2
0222,223,25018,2026-05-14T04:09:47.837714Z,00:27:52:13,1672.444653,https://www.ic3.gov/assets/fonts/roboto-mono/roboto-mono-v5-latin-regular.woff2
0223,224,25018,2026-05-14T04:09:47.837714Z,00:27:52:13,1672.444653,https://www.ic3.gov/assets/fonts/roboto-mono/roboto-mono-v5-latin-regular.woff2
0224,225,25018,2026-05-14T04:09:47.837714Z,00:27:52:13,1672.444653,https://www.ic3.gov/assets/fonts/roboto-mono/roboto-mono-v5-latin-regular.woff2
0225,226,25018,2026-05-14T04:09:47.837714Z,00:27:52:13,1672.444653,https://www.ic3.gov/assets/fonts/roboto-mono/roboto-mono-v5-latin-regular.woff2
0226,227,25018,2026-05-14T04:09:47.837714Z,00:27:52:13,1672.444653,https://www.ic3.gov/assets/fonts/roboto-mono/roboto-mono-v5-latin-regular.woff2
0227,228,25018,2026-05-14T04:09:47.837714Z,00:27:52:13,1672.444653,https://www.ic3.gov/assets/fonts/roboto-mono/roboto-mono-v5-latin-regular.woff2
0228,229,25018,2026-05-14T04:09:47.837714Z,00:27:52:13,1672.444653,https://www.ic3.gov/assets/fonts/roboto-mono/roboto-mono-v5-latin-regular.woff2
0229,230,25018,2026-05-14T04:09:47.837714Z,00:27:52:13,1672.444653,https://www.ic3.gov/assets/fonts/roboto-mono/roboto-mono-v5-latin-regular.woff2
0230,231,25018,2026-05-14T04:09:47.837714Z,00:27:52:13,1672.444653,https://www.ic3.gov/assets/fonts/roboto-mono/roboto-mono-v5-latin-regular.woff2
0231,232,25018,2026-05-14T04:09:47.837714Z,00:27:52:13,1672.444653,https://www.ic3.gov/assets/fonts/roboto-mono/roboto-mono-v5-latin-regular.woff2
0232,233,25018,2026-05-14T04:09:47.837714Z,00:27:52:13,1672.444653,https://www.ic3.gov/assets/fonts/roboto-mono/roboto-mono-v5-latin-regular.woff2
0233,234,25018,2026-05-14T04:09:47.837714Z,00:27:52:13,1672.444653,https://www.ic3.gov/assets/fonts/roboto-mono/roboto-mono-v5-latin-regular.woff2
0234,235,25018,2026-05-14T04:09:47.837714Z,00:27:52:13,1672.444653,https://www.ic3.gov/assets/fonts/roboto-mono/roboto-mono-v5-latin-regular.woff2
0215,216,25019,2026-05-14T04:09:48.094888Z,00:27:52:21,1672.701827,https://www.ic3.gov/assets/fonts/merriweather/Latin-Merriweather-Regular.woff2
0216,217,25019,2026-05-14T04:09:48.094888Z,00:27:52:21,1672.701827,https://www.ic3.gov/assets/fonts/merriweather/Latin-Merriweather-Regular.woff2
0217,218,25019,2026-05-14T04:09:48.094888Z,00:27:52:21,1672.701827,https://www.ic3.gov/assets/fonts/merriweather/Latin-Merriweather-Regular.woff2
0218,219,25019,2026-05-14T04:09:48.094888Z,00:27:52:21,1672.701827,https://www.ic3.gov/assets/fonts/merriweather/Latin-Merriweather-Regular.woff2
0219,220,25019,2026-05-14T04:09:48.094888Z,00:27:52:21,1672.701827,https://www.ic3.gov/assets/fonts/merriweather/Latin-Merriweather-Regular.woff2
0220,221,25019,2026-05-14T04:09:48.094888Z,00:27:52:21,1672.701827,https://www.ic3.gov/assets/fonts/merriweather/Latin-Merriweather-Regular.woff2
0221,222,25019,2026-05-14T04:09:48.094888Z,00:27:52:21,1672.701827,https://www.ic3.gov/assets/fonts/merriweather/Latin-Merriweather-Regular.woff2
0222,223,25019,2026-05-14T04:09:48.094888Z,00:27:52:21,1672.701827,https://www.ic3.gov/assets/fonts/merriweather/Latin-Merriweather-Regular.woff2
0223,224,25019,2026-05-14T04:09:48.094888Z,00:27:52:21,1672.701827,https://www.ic3.gov/assets/fonts/merriweather/Latin-Merriweather-Regular.woff2
0224,225,25019,2026-05-14T04:09:48.094888Z,00:27:52:21,1672.701827,https://www.ic3.gov/assets/fonts/merriweather/Latin-Merriweather-Regular.woff2
0225,226,25019,2026-05-14T04:09:48.094888Z,00:27:52:21,1672.701827,https://www.ic3.gov/assets/fonts/merriweather/Latin-Merriweather-Regular.woff2
0226,227,25019,2026-05-14T04:09:48.094888Z,00:27:52:21,1672.701827,https://www.ic3.gov/assets/fonts/merriweather/Latin-Merriweather-Regular.woff2
0227,228,25019,2026-05-14T04:09:48.094888Z,00:27:52:21,1672.701827,https://www.ic3.gov/assets/fonts/merriweather/Latin-Merriweather-Regular.woff2
0228,229,25019,2026-05-14T04:09:48.094888Z,00:27:52:21,1672.701827,https://www.ic3.gov/assets/fonts/merriweather/Latin-Merriweather-Regular.woff2
0229,230,25019,2026-05-14T04:09:48.094888Z,00:27:52:21,1672.701827,https://www.ic3.gov/assets/fonts/merriweather/Latin-Merriweather-Regular.woff2
0230,231,25019,2026-05-14T04:09:48.094888Z,00:27:52:21,1672.701827,https://www.ic3.gov/assets/fonts/merriweather/Latin-Merriweather-Regular.woff2
0231,232,25019,2026-05-14T04:09:48.094888Z,00:27:52:21,1672.701827,https://www.ic3.gov/assets/fonts/merriweather/Latin-Merriweather-Regular.woff2
0232,233,25019,2026-05-14T04:09:48.094888Z,00:27:52:21,1672.701827,https://www.ic3.gov/assets/fonts/merriweather/Latin-Merriweather-Regular.woff2
0233,234,25019,2026-05-14T04:09:48.094888Z,00:27:52:21,1672.701827,https://www.ic3.gov/assets/fonts/merriweather/Latin-Merriweather-Regular.woff2
0234,235,25019,2026-05-14T04:09:48.094888Z,00:27:52:21,1672.701827,https://www.ic3.gov/assets/fonts/merriweather/Latin-Merriweather-Regular.woff2
0235,236,25019,2026-05-14T04:09:48.094888Z,00:27:52:21,1672.701827,https://www.ic3.gov/assets/fonts/merriweather/Latin-Merriweather-Regular.woff2
0236,237,25019,2026-05-14T04:09:48.094888Z,00:27:52:21,1672.701827,https://www.ic3.gov/assets/fonts/merriweather/Latin-Merriweather-Regular.woff2
0237,238,25019,2026-05-14T04:09:48.094888Z,00:27:52:21,1672.701827,https://www.ic3.gov/assets/fonts/merriweather/Latin-Merriweather-Regular.woff2
0238,239,25019,2026-05-14T04:09:48.094888Z,00:27:52:21,1672.701827,https://www.ic3.gov/assets/fonts/merriweather/Latin-Merriweather-Regular.woff2
0239,240,25019,2026-05-14T04:09:48.094888Z,00:27:52:21,1672.701827,https://www.ic3.gov/assets/fonts/merriweather/Latin-Merriweather-Regular.woff2
0240,241,25019,2026-05-14T04:09:48.094888Z,00:27:52:21,1672.701827,https://www.ic3.gov/assets/fonts/merriweather/Latin-Merriweather-Regular.woff2
0241,242,25019,2026-05-14T04:09:48.094888Z,00:27:52:21,1672.701827,https://www.ic3.gov/assets/fonts/merriweather/Latin-Merriweather-Regular.woff2
0242,243,25019,2026-05-14T04:09:48.094888Z,00:27:52:21,1672.701827,https://www.ic3.gov/assets/fonts/merriweather/Latin-Merriweather-Regular.woff2
0243,244,25019,2026-05-14T04:09:48.094888Z,00:27:52:21,1672.701827,https://www.ic3.gov/assets/fonts/merriweather/Latin-Merriweather-Regular.woff2
0244,245,25019,2026-05-14T04:09:48.094888Z,00:27:52:21,1672.701827,https://www.ic3.gov/assets/fonts/merriweather/Latin-Merriweather-Regular.woff2
0245,246,25019,2026-05-14T04:09:48.094888Z,00:27:52:21,1672.701827,https://www.ic3.gov/assets/fonts/merriweather/Latin-Merriweather-Regular.woff2
0246,247,25019,2026-05-14T04:09:48.094888Z,00:27:52:21,1672.701827,https://www.ic3.gov/assets/fonts/merriweather/Latin-Merriweather-Regular.woff2
0247,248,25019,2026-05-14T04:09:48.094888Z,00:27:52:21,1672.701827,https://www.ic3.gov/assets/fonts/merriweather/Latin-Merriweather-Regular.woff2
0248,249,25019,2026-05-14T04:09:48.094888Z,00:27:52:21,1672.701827,https://www.ic3.gov/assets/fonts/merriweather/Latin-Merriweather-Regular.woff2
0249,250,25019,2026-05-14T04:09:48.094888Z,00:27:52:21,1672.701827,https://www.ic3.gov/assets/fonts/merriweather/Latin-Merriweather-Regular.woff2
0250,251,25019,2026-05-14T04:09:48.094888Z,00:27:52:21,1672.701827,https://www.ic3.gov/assets/fonts/merriweather/Latin-Merriweather-Regular.woff2
0251,252,25019,2026-05-14T04:09:48.094888Z,00:27:52:21,1672.701827,https://www.ic3.gov/assets/fonts/merriweather/Latin-Merriweather-Regular.woff2
0252,253,25019,2026-05-14T04:09:48.094888Z,00:27:52:21,1672.701827,https://www.ic3.gov/assets/fonts/merriweather/Latin-Merriweather-Regular.woff2
0253,254,25019,2026-05-14T04:09:48.094888Z,00:27:52:21,1672.701827,https://www.ic3.gov/assets/fonts/merriweather/Latin-Merriweather-Regular.woff2
0254,255,25019,2026-05-14T04:09:48.094888Z,00:27:52:21,1672.701827,https://www.ic3.gov/assets/fonts/merriweather/Latin-Merriweather-Regular.woff2
0255,256,25019,2026-05-14T04:09:48.094888Z,00:27:52:21,1672.701827,https://www.ic3.gov/assets/fonts/merriweather/Latin-Merriweather-Regular.woff2
0256,257,25019,2026-05-14T04:09:48.094888Z,00:27:52:21,1672.701827,https://www.ic3.gov/assets/fonts/merriweather/Latin-Merriweather-Regular.woff2
0257,258,25019,2026-05-14T04:09:48.094888Z,00:27:52:21,1672.701827,https://www.ic3.gov/assets/fonts/merriweather/Latin-Merriweather-Regular.woff2
0258,259,25019,2026-05-14T04:09:48.094888Z,00:27:52:21,1672.701827,https://www.ic3.gov/assets/fonts/merriweather/Latin-Merriweather-Regular.woff2
0259,260,25019,2026-05-14T04:09:48.094888Z,00:27:52:21,1672.701827,https://www.ic3.gov/assets/fonts/merriweather/Latin-Merriweather-Regular.woff2
0260,261,25019,2026-05-14T04:09:48.094888Z,00:27:52:21,1672.701827,https://www.ic3.gov/assets/fonts/merriweather/Latin-Merriweather-Regular.woff2
0261,262,25019,2026-05-14T04:09:48.094888Z,00:27:52:21,1672.701827,https://www.ic3.gov/assets/fonts/merriweather/Latin-Merriweather-Regular.woff2
0262,263,25019,2026-05-14T04:09:48.094888Z,00:27:52:21,1672.701827,https://www.ic3.gov/assets/fonts/merriweather/Latin-Merriweather-Regular.woff2
0263,264,25019,2026-05-14T04:09:48.094888Z,00:27:52:21,1672.701827,https://www.ic3.gov/assets/fonts/merriweather/Latin-Merriweather-Regular.woff2
0264,265,25019,2026-05-14T04:09:48.094888Z,00:27:52:21,1672.701827,https://www.ic3.gov/assets/fonts/merriweather/Latin-Merriweather-Regular.woff2
0215,216,25020,2026-05-14T04:09:48.348207Z,00:27:52:29,1672.955146,https://www.ic3.gov/assets/fonts/source-sans-pro/sourcesanspro-light-webfont.woff2
0216,217,25020,2026-05-14T04:09:48.348207Z,00:27:52:29,1672.955146,https://www.ic3.gov/assets/fonts/source-sans-pro/sourcesanspro-light-webfont.woff2
0217,218,25020,2026-05-14T04:09:48.348207Z,00:27:52:29,1672.955146,https://www.ic3.gov/assets/fonts/source-sans-pro/sourcesanspro-light-webfont.woff2
0218,219,25020,2026-05-14T04:09:48.348207Z,00:27:52:29,1672.955146,https://www.ic3.gov/assets/fonts/source-sans-pro/sourcesanspro-light-webfont.woff2
0219,220,25020,2026-05-14T04:09:48.348207Z,00:27:52:29,1672.955146,https://www.ic3.gov/assets/fonts/source-sans-pro/sourcesanspro-light-webfont.woff2
0220,221,25020,2026-05-14T04:09:48.348207Z,00:27:52:29,1672.955146,https://www.ic3.gov/assets/fonts/source-sans-pro/sourcesanspro-light-webfont.woff2
0221,222,25020,2026-05-14T04:09:48.348207Z,00:27:52:29,1672.955146,https://www.ic3.gov/assets/fonts/source-sans-pro/sourcesanspro-light-webfont.woff2
0222,223,25020,2026-05-14T04:09:48.348207Z,00:27:52:29,1672.955146,https://www.ic3.gov/assets/fonts/source-sans-pro/sourcesanspro-light-webfont.woff2
0223,224,25020,2026-05-14T04:09:48.348207Z,00:27:52:29,1672.955146,https://www.ic3.gov/assets/fonts/source-sans-pro/sourcesanspro-light-webfont.woff2
0224,225,25020,2026-05-14T04:09:48.348207Z,00:27:52:29,1672.955146,https://www.ic3.gov/assets/fonts/source-sans-pro/sourcesanspro-light-webfont.woff2
0225,226,25020,2026-05-14T04:09:48.348207Z,00:27:52:29,1672.955146,https://www.ic3.gov/assets/fonts/source-sans-pro/sourcesanspro-light-webfont.woff2
0226,227,25020,2026-05-14T04:09:48.348207Z,00:27:52:29,1672.955146,https://www.ic3.gov/assets/fonts/source-sans-pro/sourcesanspro-light-webfont.woff2
0227,228,25020,2026-05-14T04:09:48.348207Z,00:27:52:29,1672.955146,https://www.ic3.gov/assets/fonts/source-sans-pro/sourcesanspro-light-webfont.woff2
0228,229,25020,2026-05-14T04:09:48.348207Z,00:27:52:29,1672.955146,https://www.ic3.gov/assets/fonts/source-sans-pro/sourcesanspro-light-webfont.woff2
0229,230,25020,2026-05-14T04:09:48.348207Z,00:27:52:29,1672.955146,https://www.ic3.gov/assets/fonts/source-sans-pro/sourcesanspro-light-webfont.woff2
0230,231,25020,2026-05-14T04:09:48.348207Z,00:27:52:29,1672.955146,https://www.ic3.gov/assets/fonts/source-sans-pro/sourcesanspro-light-webfont.woff2
0231,232,25020,2026-05-14T04:09:48.348207Z,00:27:52:29,1672.955146,https://www.ic3.gov/assets/fonts/source-sans-pro/sourcesanspro-light-webfont.woff2
0232,233,25020,2026-05-14T04:09:48.348207Z,00:27:52:29,1672.955146,https://www.ic3.gov/assets/fonts/source-sans-pro/sourcesanspro-light-webfont.woff2
0233,234,25020,2026-05-14T04:09:48.348207Z,00:27:52:29,1672.955146,https://www.ic3.gov/assets/fonts/source-sans-pro/sourcesanspro-light-webfont.woff2
0234,235,25020,2026-05-14T04:09:48.348207Z,00:27:52:29,1672.955146,https://www.ic3.gov/assets/fonts/source-sans-pro/sourcesanspro-light-webfont.woff2
0235,236,25020,2026-05-14T04:09:48.348207Z,00:27:52:29,1672.955146,https://www.ic3.gov/assets/fonts/source-sans-pro/sourcesanspro-light-webfont.woff2
0236,237,25020,2026-05-14T04:09:48.348207Z,00:27:52:29,1672.955146,https://www.ic3.gov/assets/fonts/source-sans-pro/sourcesanspro-light-webfont.woff2
0237,238,25020,2026-05-14T04:09:48.348207Z,00:27:52:29,1672.955146,https://www.ic3.gov/assets/fonts/source-sans-pro/sourcesanspro-light-webfont.woff2
0238,239,25020,2026-05-14T04:09:48.348207Z,00:27:52:29,1672.955146,https://www.ic3.gov/assets/fonts/source-sans-pro/sourcesanspro-light-webfont.woff2
0239,240,25020,2026-05-14T04:09:48.348207Z,00:27:52:29,1672.955146,https://www.ic3.gov/assets/fonts/source-sans-pro/sourcesanspro-light-webfont.woff2
0240,241,25020,2026-05-14T04:09:48.348207Z,00:27:52:29,1672.955146,https://www.ic3.gov/assets/fonts/source-sans-pro/sourcesanspro-light-webfont.woff2
0241,242,25020,2026-05-14T04:09:48.348207Z,00:27:52:29,1672.955146,https://www.ic3.gov/assets/fonts/source-sans-pro/sourcesanspro-light-webfont.woff2
0242,243,25020,2026-05-14T04:09:48.348207Z,00:27:52:29,1672.955146,https://www.ic3.gov/assets/fonts/source-sans-pro/sourcesanspro-light-webfont.woff2
0243,244,25020,2026-05-14T04:09:48.348207Z,00:27:52:29,1672.955146,https://www.ic3.gov/assets/fonts/source-sans-pro/sourcesanspro-light-webfont.woff2
0244,245,25020,2026-05-14T04:09:48.348207Z,00:27:52:29,1672.955146,https://www.ic3.gov/assets/fonts/source-sans-pro/sourcesanspro-light-webfont.woff2
0245,246,25020,2026-05-14T04:09:48.348207Z,00:27:52:29,1672.955146,https://www.ic3.gov/assets/fonts/source-sans-pro/sourcesanspro-light-webfont.woff2
0246,247,25020,2026-05-14T04:09:48.348207Z,00:27:52:29,1672.955146,https://www.ic3.gov/assets/fonts/source-sans-pro/sourcesanspro-light-webfont.woff2
0247,248,25020,2026-05-14T04:09:48.348207Z,00:27:52:29,1672.955146,https://www.ic3.gov/assets/fonts/source-sans-pro/sourcesanspro-light-webfont.woff2
0248,249,25020,2026-05-14T04:09:48.348207Z,00:27:52:29,1672.955146,https://www.ic3.gov/assets/fonts/source-sans-pro/sourcesanspro-light-webfont.woff2
0249,250,25020,2026-05-14T04:09:48.348207Z,00:27:52:29,1672.955146,https://www.ic3.gov/assets/fonts/source-sans-pro/sourcesanspro-light-webfont.woff2
0250,251,25020,2026-05-14T04:09:48.348207Z,00:27:52:29,1672.955146,https://www.ic3.gov/assets/fonts/source-sans-pro/sourcesanspro-light-webfont.woff2
0251,252,25020,2026-05-14T04:09:48.348207Z,00:27:52:29,1672.955146,https://www.ic3.gov/assets/fonts/source-sans-pro/sourcesanspro-light-webfont.woff2
0252,253,25020,2026-05-14T04:09:48.348207Z,00:27:52:29,1672.955146,https://www.ic3.gov/assets/fonts/source-sans-pro/sourcesanspro-light-webfont.woff2
0253,254,25020,2026-05-14T04:09:48.348207Z,00:27:52:29,1672.955146,https://www.ic3.gov/assets/fonts/source-sans-pro/sourcesanspro-light-webfont.woff2
0254,255,25020,2026-05-14T04:09:48.348207Z,00:27:52:29,1672.955146,https://www.ic3.gov/assets/fonts/source-sans-pro/sourcesanspro-light-webfont.woff2
0255,256,25020,2026-05-14T04:09:48.348207Z,00:27:52:29,1672.955146,https://www.ic3.gov/assets/fonts/source-sans-pro/sourcesanspro-light-webfont.woff2
0256,257,25020,2026-05-14T04:09:48.348207Z,00:27:52:29,1672.955146,https://www.ic3.gov/assets/fonts/source-sans-pro/sourcesanspro-light-webfont.woff2
0257,258,25020,2026-05-14T04:09:48.348207Z,00:27:52:29,1672.955146,https://www.ic3.gov/assets/fonts/source-sans-pro/sourcesanspro-light-webfont.woff2
0258,259,25020,2026-05-14T04:09:48.348207Z,00:27:52:29,1672.955146,https://www.ic3.gov/assets/fonts/source-sans-pro/sourcesanspro-light-webfont.woff2
0259,260,25020,2026-05-14T04:09:48.348207Z,00:27:52:29,1672.955146,https://www.ic3.gov/assets/fonts/source-sans-pro/sourcesanspro-light-webfont.woff2
0260,261,25020,2026-05-14T04:09:48.348207Z,00:27:52:29,1672.955146,https://www.ic3.gov/assets/fonts/source-sans-pro/sourcesanspro-light-webfont.woff2
0261,262,25020,2026-05-14T04:09:48.348207Z,00:27:52:29,1672.955146,https://www.ic3.gov/assets/fonts/source-sans-pro/sourcesanspro-light-webfont.woff2
0262,263,25020,2026-05-14T04:09:48.348207Z,00:27:52:29,1672.955146,https://www.ic3.gov/assets/fonts/source-sans-pro/sourcesanspro-light-webfont.woff2
0263,264,25020,2026-05-14T04:09:48.348207Z,00:27:52:29,1672.955146,https://www.ic3.gov/assets/fonts/source-sans-pro/sourcesanspro-light-webfont.woff2
0264,265,25020,2026-05-14T04:09:48.348207Z,00:27:52:29,1672.955146,https://www.ic3.gov/assets/fonts/source-sans-pro/sourcesanspro-light-webfont.woff2
0215,216,25021,2026-05-14T04:09:48.659425Z,00:27:53:08,1673.266364,https://www.ic3.gov/assets/img/usa-icons/unfold_more.svg
0216,217,25021,2026-05-14T04:09:48.659425Z,00:27:53:08,1673.266364,https://www.ic3.gov/assets/img/usa-icons/unfold_more.svg
0217,218,25021,2026-05-14T04:09:48.659425Z,00:27:53:08,1673.266364,https://www.ic3.gov/assets/img/usa-icons/unfold_more.svg
0218,219,25021,2026-05-14T04:09:48.659425Z,00:27:53:08,1673.266364,https://www.ic3.gov/assets/img/usa-icons/unfold_more.svg
0219,220,25021,2026-05-14T04:09:48.659425Z,00:27:53:08,1673.266364,https://www.ic3.gov/assets/img/usa-icons/unfold_more.svg
0220,221,25021,2026-05-14T04:09:48.659425Z,00:27:53:08,1673.266364,https://www.ic3.gov/assets/img/usa-icons/unfold_more.svg
0221,222,25021,2026-05-14T04:09:48.659425Z,00:27:53:08,1673.266364,https://www.ic3.gov/assets/img/usa-icons/unfold_more.svg
0222,223,25021,2026-05-14T04:09:48.659425Z,00:27:53:08,1673.266364,https://www.ic3.gov/assets/img/usa-icons/unfold_more.svg
0223,224,25021,2026-05-14T04:09:48.659425Z,00:27:53:08,1673.266364,https://www.ic3.gov/assets/img/usa-icons/unfold_more.svg
0224,225,25021,2026-05-14T04:09:48.659425Z,00:27:53:08,1673.266364,https://www.ic3.gov/assets/img/usa-icons/unfold_more.svg
0225,226,25021,2026-05-14T04:09:48.659425Z,00:27:53:08,1673.266364,https://www.ic3.gov/assets/img/usa-icons/unfold_more.svg
0226,227,25021,2026-05-14T04:09:48.659425Z,00:27:53:08,1673.266364,https://www.ic3.gov/assets/img/usa-icons/unfold_more.svg
0227,228,25021,2026-05-14T04:09:48.659425Z,00:27:53:08,1673.266364,https://www.ic3.gov/assets/img/usa-icons/unfold_more.svg
0228,229,25021,2026-05-14T04:09:48.659425Z,00:27:53:08,1673.266364,https://www.ic3.gov/assets/img/usa-icons/unfold_more.svg
0229,230,25021,2026-05-14T04:09:48.659425Z,00:27:53:08,1673.266364,https://www.ic3.gov/assets/img/usa-icons/unfold_more.svg
0230,231,25021,2026-05-14T04:09:48.659425Z,00:27:53:08,1673.266364,https://www.ic3.gov/assets/img/usa-icons/unfold_more.svg
0231,232,25021,2026-05-14T04:09:48.659425Z,00:27:53:08,1673.266364,https://www.ic3.gov/assets/img/usa-icons/unfold_more.svg
0232,233,25021,2026-05-14T04:09:48.659425Z,00:27:53:08,1673.266364,https://www.ic3.gov/assets/img/usa-icons/unfold_more.svg
0233,234,25021,2026-05-14T04:09:48.659425Z,00:27:53:08,1673.266364,https://www.ic3.gov/assets/img/usa-icons/unfold_more.svg
0234,235,25021,2026-05-14T04:09:48.659425Z,00:27:53:08,1673.266364,https://www.ic3.gov/assets/img/usa-icons/unfold_more.svg
0235,236,25021,2026-05-14T04:09:48.659425Z,00:27:53:08,1673.266364,https://www.ic3.gov/assets/img/usa-icons/unfold_more.svg
0236,237,25021,2026-05-14T04:09:48.659425Z,00:27:53:08,1673.266364,https://www.ic3.gov/assets/img/usa-icons/unfold_more.svg
0237,238,25021,2026-05-14T04:09:48.659425Z,00:27:53:08,1673.266364,https://www.ic3.gov/assets/img/usa-icons/unfold_more.svg
0238,239,25021,2026-05-14T04:09:48.659425Z,00:27:53:08,1673.266364,https://www.ic3.gov/assets/img/usa-icons/unfold_more.svg
0239,240,25021,2026-05-14T04:09:48.659425Z,00:27:53:08,1673.266364,https://www.ic3.gov/assets/img/usa-icons/unfold_more.svg
0240,241,25021,2026-05-14T04:09:48.659425Z,00:27:53:08,1673.266364,https://www.ic3.gov/assets/img/usa-icons/unfold_more.svg
0241,242,25021,2026-05-14T04:09:48.659425Z,00:27:53:08,1673.266364,https://www.ic3.gov/assets/img/usa-icons/unfold_more.svg
0242,243,25021,2026-05-14T04:09:48.659425Z,00:27:53:08,1673.266364,https://www.ic3.gov/assets/img/usa-icons/unfold_more.svg
0243,244,25021,2026-05-14T04:09:48.659425Z,00:27:53:08,1673.266364,https://www.ic3.gov/assets/img/usa-icons/unfold_more.svg
0244,245,25021,2026-05-14T04:09:48.659425Z,00:27:53:08,1673.266364,https://www.ic3.gov/assets/img/usa-icons/unfold_more.svg
0245,246,25021,2026-05-14T04:09:48.659425Z,00:27:53:08,1673.266364,https://www.ic3.gov/assets/img/usa-icons/unfold_more.svg
0246,247,25021,2026-05-14T04:09:48.659425Z,00:27:53:08,1673.266364,https://www.ic3.gov/assets/img/usa-icons/unfold_more.svg
0247,248,25021,2026-05-14T04:09:48.659425Z,00:27:53:08,1673.266364,https://www.ic3.gov/assets/img/usa-icons/unfold_more.svg
0248,249,25021,2026-05-14T04:09:48.659425Z,00:27:53:08,1673.266364,https://www.ic3.gov/assets/img/usa-icons/unfold_more.svg
0249,250,25021,2026-05-14T04:09:48.659425Z,00:27:53:08,1673.266364,https://www.ic3.gov/assets/img/usa-icons/unfold_more.svg
0250,251,25021,2026-05-14T04:09:48.659425Z,00:27:53:08,1673.266364,https://www.ic3.gov/assets/img/usa-icons/unfold_more.svg
0251,252,25021,2026-05-14T04:09:48.659425Z,00:27:53:08,1673.266364,https://www.ic3.gov/assets/img/usa-icons/unfold_more.svg
0252,253,25021,2026-05-14T04:09:48.659425Z,00:27:53:08,1673.266364,https://www.ic3.gov/assets/img/usa-icons/unfold_more.svg
0253,254,25021,2026-05-14T04:09:48.659425Z,00:27:53:08,1673.266364,https://www.ic3.gov/assets/img/usa-icons/unfold_more.svg
0254,255,25021,2026-05-14T04:09:48.659425Z,00:27:53:08,1673.266364,https://www.ic3.gov/assets/img/usa-icons/unfold_more.svg
0255,256,25021,2026-05-14T04:09:48.659425Z,00:27:53:08,1673.266364,https://www.ic3.gov/assets/img/usa-icons/unfold_more.svg
0256,257,25021,2026-05-14T04:09:48.659425Z,00:27:53:08,1673.266364,https://www.ic3.gov/assets/img/usa-icons/unfold_more.svg
0257,258,25021,2026-05-14T04:09:48.659425Z,00:27:53:08,1673.266364,https://www.ic3.gov/assets/img/usa-icons/unfold_more.svg
0258,259,25021,2026-05-14T04:09:48.659425Z,00:27:53:08,1673.266364,https://www.ic3.gov/assets/img/usa-icons/unfold_more.svg
0259,260,25021,2026-05-14T04:09:48.659425Z,00:27:53:08,1673.266364,https://www.ic3.gov/assets/img/usa-icons/unfold_more.svg
0260,261,25021,2026-05-14T04:09:48.659425Z,00:27:53:08,1673.266364,https://www.ic3.gov/assets/img/usa-icons/unfold_more.svg
0261,262,25021,2026-05-14T04:09:48.659425Z,00:27:53:08,1673.266364,https://www.ic3.gov/assets/img/usa-icons/unfold_more.svg
0262,263,25021,2026-05-14T04:09:48.659425Z,00:27:53:08,1673.266364,https://www.ic3.gov/assets/img/usa-icons/unfold_more.svg
0263,264,25021,2026-05-14T04:09:48.659425Z,00:27:53:08,1673.266364,https://www.ic3.gov/assets/img/usa-icons/unfold_more.svg
0264,265,25021,2026-05-14T04:09:48.659425Z,00:27:53:08,1673.266364,https://www.ic3.gov/assets/img/usa-icons/unfold_more.svg
0226,227,25022,2026-05-14T04:11:07.131735Z,00:29:11:22,1751.738674,https://mozilla-ohttp.fastly-edge.com/
0227,228,25022,2026-05-14T04:11:07.131735Z,00:29:11:22,1751.738674,https://mozilla-ohttp.fastly-edge.com/
0228,229,25022,2026-05-14T04:11:07.131735Z,00:29:11:22,1751.738674,https://mozilla-ohttp.fastly-edge.com/
0229,230,25022,2026-05-14T04:11:07.131735Z,00:29:11:22,1751.738674,https://mozilla-ohttp.fastly-edge.com/
0230,231,25022,2026-05-14T04:11:07.131735Z,00:29:11:22,1751.738674,https://mozilla-ohttp.fastly-edge.com/
0231,232,25022,2026-05-14T04:11:07.131735Z,00:29:11:22,1751.738674,https://mozilla-ohttp.fastly-edge.com/
0232,233,25022,2026-05-14T04:11:07.131735Z,00:29:11:22,1751.738674,https://mozilla-ohttp.fastly-edge.com/
0233,234,25022,2026-05-14T04:11:07.131735Z,00:29:11:22,1751.738674,https://mozilla-ohttp.fastly-edge.com/
0234,235,25022,2026-05-14T04:11:07.131735Z,00:29:11:22,1751.738674,https://mozilla-ohttp.fastly-edge.com/
0235,236,25022,2026-05-14T04:11:07.131735Z,00:29:11:22,1751.738674,https://mozilla-ohttp.fastly-edge.com/
0236,237,25022,2026-05-14T04:11:07.131735Z,00:29:11:22,1751.738674,https://mozilla-ohttp.fastly-edge.com/
0237,238,25022,2026-05-14T04:11:07.131735Z,00:29:11:22,1751.738674,https://mozilla-ohttp.fastly-edge.com/
0238,239,25022,2026-05-14T04:11:07.131735Z,00:29:11:22,1751.738674,https://mozilla-ohttp.fastly-edge.com/
0239,240,25022,2026-05-14T04:11:07.131735Z,00:29:11:22,1751.738674,https://mozilla-ohttp.fastly-edge.com/
0240,241,25022,2026-05-14T04:11:07.131735Z,00:29:11:22,1751.738674,https://mozilla-ohttp.fastly-edge.com/
0241,242,25022,2026-05-14T04:11:07.131735Z,00:29:11:22,1751.738674,https://mozilla-ohttp.fastly-edge.com/
0242,243,25022,2026-05-14T04:11:07.131735Z,00:29:11:22,1751.738674,https://mozilla-ohttp.fastly-edge.com/
0243,244,25022,2026-05-14T04:11:07.131735Z,00:29:11:22,1751.738674,https://mozilla-ohttp.fastly-edge.com/
0244,245,25022,2026-05-14T04:11:07.131735Z,00:29:11:22,1751.738674,https://mozilla-ohttp.fastly-edge.com/
0245,246,25022,2026-05-14T04:11:07.131735Z,00:29:11:22,1751.738674,https://mozilla-ohttp.fastly-edge.com/
0246,247,25022,2026-05-14T04:11:07.131735Z,00:29:11:22,1751.738674,https://mozilla-ohttp.fastly-edge.com/
0247,248,25022,2026-05-14T04:11:07.131735Z,00:29:11:22,1751.738674,https://mozilla-ohttp.fastly-edge.com/
0248,249,25022,2026-05-14T04:11:07.131735Z,00:29:11:22,1751.738674,https://mozilla-ohttp.fastly-edge.com/
0249,250,25022,2026-05-14T04:11:07.131735Z,00:29:11:22,1751.738674,https://mozilla-ohttp.fastly-edge.com/
0250,251,25022,2026-05-14T04:11:07.131735Z,00:29:11:22,1751.738674,https://mozilla-ohttp.fastly-edge.com/
0251,252,25022,2026-05-14T04:11:07.131735Z,00:29:11:22,1751.738674,https://mozilla-ohttp.fastly-edge.com/
0252,253,25022,2026-05-14T04:11:07.131735Z,00:29:11:22,1751.738674,https://mozilla-ohttp.fastly-edge.com/
0253,254,25022,2026-05-14T04:11:07.131735Z,00:29:11:22,1751.738674,https://mozilla-ohttp.fastly-edge.com/
0254,255,25022,2026-05-14T04:11:07.131735Z,00:29:11:22,1751.738674,https://mozilla-ohttp.fastly-edge.com/
0255,256,25022,2026-05-14T04:11:07.131735Z,00:29:11:22,1751.738674,https://mozilla-ohttp.fastly-edge.com/
0256,257,25022,2026-05-14T04:11:07.131735Z,00:29:11:22,1751.738674,https://mozilla-ohttp.fastly-edge.com/
0257,258,25022,2026-05-14T04:11:07.131735Z,00:29:11:22,1751.738674,https://mozilla-ohttp.fastly-edge.com/
0258,259,25022,2026-05-14T04:11:07.131735Z,00:29:11:22,1751.738674,https://mozilla-ohttp.fastly-edge.com/
0259,260,25022,2026-05-14T04:11:07.131735Z,00:29:11:22,1751.738674,https://mozilla-ohttp.fastly-edge.com/
0260,261,25022,2026-05-14T04:11:07.131735Z,00:29:11:22,1751.738674,https://mozilla-ohttp.fastly-edge.com/
0261,262,25022,2026-05-14T04:11:07.131735Z,00:29:11:22,1751.738674,https://mozilla-ohttp.fastly-edge.com/
0262,263,25022,2026-05-14T04:11:07.131735Z,00:29:11:22,1751.738674,https://mozilla-ohttp.fastly-edge.com/
0263,264,25022,2026-05-14T04:11:07.131735Z,00:29:11:22,1751.738674,https://mozilla-ohttp.fastly-edge.com/
0264,265,25022,2026-05-14T04:11:07.131735Z,00:29:11:22,1751.738674,https://mozilla-ohttp.fastly-edge.com/
0235,236,25023,2026-05-14T04:12:19.548189Z,00:30:24:05,1824.155128,https://incoming.telemetry.mozilla.org/submit/firefox-desktop/usage-reporting/1/8793fc55-bf65-44be-b7f3-185b61bf13b1
0236,237,25023,2026-05-14T04:12:19.548189Z,00:30:24:05,1824.155128,https://incoming.telemetry.mozilla.org/submit/firefox-desktop/usage-reporting/1/8793fc55-bf65-44be-b7f3-185b61bf13b1
0237,238,25023,2026-05-14T04:12:19.548189Z,00:30:24:05,1824.155128,https://incoming.telemetry.mozilla.org/submit/firefox-desktop/usage-reporting/1/8793fc55-bf65-44be-b7f3-185b61bf13b1
0238,239,25023,2026-05-14T04:12:19.548189Z,00:30:24:05,1824.155128,https://incoming.telemetry.mozilla.org/submit/firefox-desktop/usage-reporting/1/8793fc55-bf65-44be-b7f3-185b61bf13b1
0239,240,25023,2026-05-14T04:12:19.548189Z,00:30:24:05,1824.155128,https://incoming.telemetry.mozilla.org/submit/firefox-desktop/usage-reporting/1/8793fc55-bf65-44be-b7f3-185b61bf13b1
0240,241,25023,2026-05-14T04:12:19.548189Z,00:30:24:05,1824.155128,https://incoming.telemetry.mozilla.org/submit/firefox-desktop/usage-reporting/1/8793fc55-bf65-44be-b7f3-185b61bf13b1
0241,242,25023,2026-05-14T04:12:19.548189Z,00:30:24:05,1824.155128,https://incoming.telemetry.mozilla.org/submit/firefox-desktop/usage-reporting/1/8793fc55-bf65-44be-b7f3-185b61bf13b1
0242,243,25023,2026-05-14T04:12:19.548189Z,00:30:24:05,1824.155128,https://incoming.telemetry.mozilla.org/submit/firefox-desktop/usage-reporting/1/8793fc55-bf65-44be-b7f3-185b61bf13b1
0243,244,25023,2026-05-14T04:12:19.548189Z,00:30:24:05,1824.155128,https://incoming.telemetry.mozilla.org/submit/firefox-desktop/usage-reporting/1/8793fc55-bf65-44be-b7f3-185b61bf13b1
0244,245,25023,2026-05-14T04:12:19.548189Z,00:30:24:05,1824.155128,https://incoming.telemetry.mozilla.org/submit/firefox-desktop/usage-reporting/1/8793fc55-bf65-44be-b7f3-185b61bf13b1
0245,246,25023,2026-05-14T04:12:19.548189Z,00:30:24:05,1824.155128,https://incoming.telemetry.mozilla.org/submit/firefox-desktop/usage-reporting/1/8793fc55-bf65-44be-b7f3-185b61bf13b1
0246,247,25023,2026-05-14T04:12:19.548189Z,00:30:24:05,1824.155128,https://incoming.telemetry.mozilla.org/submit/firefox-desktop/usage-reporting/1/8793fc55-bf65-44be-b7f3-185b61bf13b1
0247,248,25023,2026-05-14T04:12:19.548189Z,00:30:24:05,1824.155128,https://incoming.telemetry.mozilla.org/submit/firefox-desktop/usage-reporting/1/8793fc55-bf65-44be-b7f3-185b61bf13b1
0248,249,25023,2026-05-14T04:12:19.548189Z,00:30:24:05,1824.155128,https://incoming.telemetry.mozilla.org/submit/firefox-desktop/usage-reporting/1/8793fc55-bf65-44be-b7f3-185b61bf13b1
0249,250,25023,2026-05-14T04:12:19.548189Z,00:30:24:05,1824.155128,https://incoming.telemetry.mozilla.org/submit/firefox-desktop/usage-reporting/1/8793fc55-bf65-44be-b7f3-185b61bf13b1
0250,251,25023,2026-05-14T04:12:19.548189Z,00:30:24:05,1824.155128,https://incoming.telemetry.mozilla.org/submit/firefox-desktop/usage-reporting/1/8793fc55-bf65-44be-b7f3-185b61bf13b1
0251,252,25023,2026-05-14T04:12:19.548189Z,00:30:24:05,1824.155128,https://incoming.telemetry.mozilla.org/submit/firefox-desktop/usage-reporting/1/8793fc55-bf65-44be-b7f3-185b61bf13b1
0252,253,25023,2026-05-14T04:12:19.548189Z,00:30:24:05,1824.155128,https://incoming.telemetry.mozilla.org/submit/firefox-desktop/usage-reporting/1/8793fc55-bf65-44be-b7f3-185b61bf13b1
0253,254,25023,2026-05-14T04:12:19.548189Z,00:30:24:05,1824.155128,https://incoming.telemetry.mozilla.org/submit/firefox-desktop/usage-reporting/1/8793fc55-bf65-44be-b7f3-185b61bf13b1
0254,255,25023,2026-05-14T04:12:19.548189Z,00:30:24:05,1824.155128,https://incoming.telemetry.mozilla.org/submit/firefox-desktop/usage-reporting/1/8793fc55-bf65-44be-b7f3-185b61bf13b1
0255,256,25023,2026-05-14T04:12:19.548189Z,00:30:24:05,1824.155128,https://incoming.telemetry.mozilla.org/submit/firefox-desktop/usage-reporting/1/8793fc55-bf65-44be-b7f3-185b61bf13b1
0256,257,25023,2026-05-14T04:12:19.548189Z,00:30:24:05,1824.155128,https://incoming.telemetry.mozilla.org/submit/firefox-desktop/usage-reporting/1/8793fc55-bf65-44be-b7f3-185b61bf13b1
0257,258,25023,2026-05-14T04:12:19.548189Z,00:30:24:05,1824.155128,https://incoming.telemetry.mozilla.org/submit/firefox-desktop/usage-reporting/1/8793fc55-bf65-44be-b7f3-185b61bf13b1
0258,259,25023,2026-05-14T04:12:19.548189Z,00:30:24:05,1824.155128,https://incoming.telemetry.mozilla.org/submit/firefox-desktop/usage-reporting/1/8793fc55-bf65-44be-b7f3-185b61bf13b1
0259,260,25023,2026-05-14T04:12:19.548189Z,00:30:24:05,1824.155128,https://incoming.telemetry.mozilla.org/submit/firefox-desktop/usage-reporting/1/8793fc55-bf65-44be-b7f3-185b61bf13b1
0260,261,25023,2026-05-14T04:12:19.548189Z,00:30:24:05,1824.155128,https://incoming.telemetry.mozilla.org/submit/firefox-desktop/usage-reporting/1/8793fc55-bf65-44be-b7f3-185b61bf13b1
0261,262,25023,2026-05-14T04:12:19.548189Z,00:30:24:05,1824.155128,https://incoming.telemetry.mozilla.org/submit/firefox-desktop/usage-reporting/1/8793fc55-bf65-44be-b7f3-185b61bf13b1
0262,263,25023,2026-05-14T04:12:19.548189Z,00:30:24:05,1824.155128,https://incoming.telemetry.mozilla.org/submit/firefox-desktop/usage-reporting/1/8793fc55-bf65-44be-b7f3-185b61bf13b1
0263,264,25023,2026-05-14T04:12:19.548189Z,00:30:24:05,1824.155128,https://incoming.telemetry.mozilla.org/submit/firefox-desktop/usage-reporting/1/8793fc55-bf65-44be-b7f3-185b61bf13b1
0264,265,25023,2026-05-14T04:12:19.548189Z,00:30:24:05,1824.155128,https://incoming.telemetry.mozilla.org/submit/firefox-desktop/usage-reporting/1/8793fc55-bf65-44be-b7f3-185b61bf13b1
0265,266,25025,2026-05-14T04:16:09.071080Z,00:34:13:20,2053.678019,https://www.google.com/recaptcha/api2/payload?p=06AFcWeA4Te94e7G7sCuaLbGvuSR6tc2fqw7PqR0FI6zwAuWrQF1hJCuzu81l25FqwwNa2FgjTfhrnC3yayfdv0Z2dSR1DELwBdlNL-iATcjLNTUXYs2Q5dBCiSVjXPNDFJ9DdODXLwxefIQqaEcUptBA8R0XW8kzIJQe0rwG1of1gCcKNunGaVXV_KMvPZFikW1ZnQO68nqXv&k=6LfaXhUTAAAAAAvKw_sNVIyc7f7wmqPdxd6p1hO9
0265,266,25026,2026-05-14T04:16:09.441715Z,00:34:14:01,2054.048654,https://www.gstatic.com/recaptcha/api2/canonical_bridge.png
0266,267,25026,2026-05-14T04:16:09.441715Z,00:34:14:01,2054.048654,https://www.gstatic.com/recaptcha/api2/canonical_bridge.png
0267,268,25026,2026-05-14T04:16:09.441715Z,00:34:14:01,2054.048654,https://www.gstatic.com/recaptcha/api2/canonical_bridge.png
0265,266,25027,2026-05-14T04:16:09.693735Z,00:34:14:09,2054.300674,https://www.gstatic.com/recaptcha/api2/refresh_2x.png
0266,267,25027,2026-05-14T04:16:09.693735Z,00:34:14:09,2054.300674,https://www.gstatic.com/recaptcha/api2/refresh_2x.png
0267,268,25027,2026-05-14T04:16:09.693735Z,00:34:14:09,2054.300674,https://www.gstatic.com/recaptcha/api2/refresh_2x.png
0265,266,25028,2026-05-14T04:16:09.960693Z,00:34:14:17,2054.567632,https://www.gstatic.com/recaptcha/api2/audio_2x.png
0266,267,25028,2026-05-14T04:16:09.960693Z,00:34:14:17,2054.567632,https://www.gstatic.com/recaptcha/api2/audio_2x.png
0267,268,25028,2026-05-14T04:16:09.960693Z,00:34:14:17,2054.567632,https://www.gstatic.com/recaptcha/api2/audio_2x.png
0265,266,25029,2026-05-14T04:16:10.246682Z,00:34:14:26,2054.853621,https://www.gstatic.com/recaptcha/api2/info_2x.png
0266,267,25029,2026-05-14T04:16:10.246682Z,00:34:14:26,2054.853621,https://www.gstatic.com/recaptcha/api2/info_2x.png
0267,268,25029,2026-05-14T04:16:10.246682Z,00:34:14:26,2054.853621,https://www.gstatic.com/recaptcha/api2/info_2x.png
0266,267,25030,2026-05-14T04:16:18.272950Z,00:34:22:26,2062.879889,https://www.google.com/recaptcha/api2/userverify?k=6LfaXhUTAAAAAAvKw_sNVIyc7f7wmqPdxd6p1hO9
0267,268,25030,2026-05-14T04:16:18.272950Z,00:34:22:26,2062.879889,https://www.google.com/recaptcha/api2/userverify?k=6LfaXhUTAAAAAAvKw_sNVIyc7f7wmqPdxd6p1hO9
0268,269,25032,2026-05-14T04:16:34.106551Z,00:34:38:21,2078.713490,https://complaint.ic3.gov/
0268,269,25033,2026-05-14T04:16:35.168025Z,00:34:39:23,2079.774964,https://www.ic3.gov/assets/js/uswds-init.min.js
0268,269,25034,2026-05-14T04:16:35.456826Z,00:34:40:02,2080.063765,https://www.ic3.gov/assets/js/uswds.min.js
0268,269,25035,2026-05-14T04:16:35.747073Z,00:34:40:11,2080.354012,https://www.ic3.gov/assets/css/uswds.min.css
0268,269,25036,2026-05-14T04:16:36.037317Z,00:34:40:19,2080.644256,https://www.ic3.gov/css/site.css
0269,270,25044,2026-05-14T04:16:40.047323Z,00:34:44:20,2084.654262,https://www.ic3.gov/assets/img/usa-icons/expand_more.svg
0270,271,25044,2026-05-14T04:16:40.047323Z,00:34:44:20,2084.654262,https://www.ic3.gov/assets/img/usa-icons/expand_more.svg
0271,272,25044,2026-05-14T04:16:40.047323Z,00:34:44:20,2084.654262,https://www.ic3.gov/assets/img/usa-icons/expand_more.svg
0269,270,25045,2026-05-14T04:16:40.470530Z,00:34:45:02,2085.077469,https://www.ic3.gov/assets/img/usa-icons/warning.svg
0270,271,25045,2026-05-14T04:16:40.470530Z,00:34:45:02,2085.077469,https://www.ic3.gov/assets/img/usa-icons/warning.svg
0271,272,25045,2026-05-14T04:16:40.470530Z,00:34:45:02,2085.077469,https://www.ic3.gov/assets/img/usa-icons/warning.svg
0269,270,25046,2026-05-14T04:16:40.757321Z,00:34:45:11,2085.364260,https://www.ic3.gov/assets/fonts/source-sans-pro/sourcesanspro-bold-webfont.woff2
0270,271,25046,2026-05-14T04:16:40.757321Z,00:34:45:11,2085.364260,https://www.ic3.gov/assets/fonts/source-sans-pro/sourcesanspro-bold-webfont.woff2
0271,272,25046,2026-05-14T04:16:40.757321Z,00:34:45:11,2085.364260,https://www.ic3.gov/assets/fonts/source-sans-pro/sourcesanspro-bold-webfont.woff2
0272,273,25046,2026-05-14T04:16:40.757321Z,00:34:45:11,2085.364260,https://www.ic3.gov/assets/fonts/source-sans-pro/sourcesanspro-bold-webfont.woff2
0273,274,25046,2026-05-14T04:16:40.757321Z,00:34:45:11,2085.364260,https://www.ic3.gov/assets/fonts/source-sans-pro/sourcesanspro-bold-webfont.woff2
0274,275,25046,2026-05-14T04:16:40.757321Z,00:34:45:11,2085.364260,https://www.ic3.gov/assets/fonts/source-sans-pro/sourcesanspro-bold-webfont.woff2
0275,276,25046,2026-05-14T04:16:40.757321Z,00:34:45:11,2085.364260,https://www.ic3.gov/assets/fonts/source-sans-pro/sourcesanspro-bold-webfont.woff2
0276,277,25046,2026-05-14T04:16:40.757321Z,00:34:45:11,2085.364260,https://www.ic3.gov/assets/fonts/source-sans-pro/sourcesanspro-bold-webfont.woff2
0277,278,25046,2026-05-14T04:16:40.757321Z,00:34:45:11,2085.364260,https://www.ic3.gov/assets/fonts/source-sans-pro/sourcesanspro-bold-webfont.woff2
0278,279,25046,2026-05-14T04:16:40.757321Z,00:34:45:11,2085.364260,https://www.ic3.gov/assets/fonts/source-sans-pro/sourcesanspro-bold-webfont.woff2
0269,270,25047,2026-05-14T04:16:41.095798Z,00:34:45:21,2085.702737,https://www.ic3.gov/assets/fonts/merriweather/Latin-Merriweather-Regular.woff2
0270,271,25047,2026-05-14T04:16:41.095798Z,00:34:45:21,2085.702737,https://www.ic3.gov/assets/fonts/merriweather/Latin-Merriweather-Regular.woff2
0271,272,25047,2026-05-14T04:16:41.095798Z,00:34:45:21,2085.702737,https://www.ic3.gov/assets/fonts/merriweather/Latin-Merriweather-Regular.woff2
0272,273,25047,2026-05-14T04:16:41.095798Z,00:34:45:21,2085.702737,https://www.ic3.gov/assets/fonts/merriweather/Latin-Merriweather-Regular.woff2
0273,274,25047,2026-05-14T04:16:41.095798Z,00:34:45:21,2085.702737,https://www.ic3.gov/assets/fonts/merriweather/Latin-Merriweather-Regular.woff2
0274,275,25047,2026-05-14T04:16:41.095798Z,00:34:45:21,2085.702737,https://www.ic3.gov/assets/fonts/merriweather/Latin-Merriweather-Regular.woff2
0275,276,25047,2026-05-14T04:16:41.095798Z,00:34:45:21,2085.702737,https://www.ic3.gov/assets/fonts/merriweather/Latin-Merriweather-Regular.woff2
0276,277,25047,2026-05-14T04:16:41.095798Z,00:34:45:21,2085.702737,https://www.ic3.gov/assets/fonts/merriweather/Latin-Merriweather-Regular.woff2
0277,278,25047,2026-05-14T04:16:41.095798Z,00:34:45:21,2085.702737,https://www.ic3.gov/assets/fonts/merriweather/Latin-Merriweather-Regular.woff2
0278,279,25047,2026-05-14T04:16:41.095798Z,00:34:45:21,2085.702737,https://www.ic3.gov/assets/fonts/merriweather/Latin-Merriweather-Regular.woff2
0269,270,25048,2026-05-14T04:16:41.386763Z,00:34:46:00,2085.993702,https://www.ic3.gov/assets/fonts/source-sans-pro/sourcesanspro-light-webfont.woff2
0270,271,25048,2026-05-14T04:16:41.386763Z,00:34:46:00,2085.993702,https://www.ic3.gov/assets/fonts/source-sans-pro/sourcesanspro-light-webfont.woff2
0271,272,25048,2026-05-14T04:16:41.386763Z,00:34:46:00,2085.993702,https://www.ic3.gov/assets/fonts/source-sans-pro/sourcesanspro-light-webfont.woff2
0272,273,25048,2026-05-14T04:16:41.386763Z,00:34:46:00,2085.993702,https://www.ic3.gov/assets/fonts/source-sans-pro/sourcesanspro-light-webfont.woff2
0273,274,25048,2026-05-14T04:16:41.386763Z,00:34:46:00,2085.993702,https://www.ic3.gov/assets/fonts/source-sans-pro/sourcesanspro-light-webfont.woff2
0274,275,25048,2026-05-14T04:16:41.386763Z,00:34:46:00,2085.993702,https://www.ic3.gov/assets/fonts/source-sans-pro/sourcesanspro-light-webfont.woff2
0275,276,25048,2026-05-14T04:16:41.386763Z,00:34:46:00,2085.993702,https://www.ic3.gov/assets/fonts/source-sans-pro/sourcesanspro-light-webfont.woff2
0276,277,25048,2026-05-14T04:16:41.386763Z,00:34:46:00,2085.993702,https://www.ic3.gov/assets/fonts/source-sans-pro/sourcesanspro-light-webfont.woff2
0277,278,25048,2026-05-14T04:16:41.386763Z,00:34:46:00,2085.993702,https://www.ic3.gov/assets/fonts/source-sans-pro/sourcesanspro-light-webfont.woff2
0278,279,25048,2026-05-14T04:16:41.386763Z,00:34:46:00,2085.993702,https://www.ic3.gov/assets/fonts/source-sans-pro/sourcesanspro-light-webfont.woff2
0272,273,25049,2026-05-14T04:17:06.380324Z,00:35:11:00,2110.987263,https://www.ic3.gov/img/fbi_seal_new.png
0273,274,25049,2026-05-14T04:17:06.380324Z,00:35:11:00,2110.987263,https://www.ic3.gov/img/fbi_seal_new.png
0274,275,25049,2026-05-14T04:17:06.380324Z,00:35:11:00,2110.987263,https://www.ic3.gov/img/fbi_seal_new.png
0275,276,25049,2026-05-14T04:17:06.380324Z,00:35:11:00,2110.987263,https://www.ic3.gov/img/fbi_seal_new.png
0276,277,25049,2026-05-14T04:17:06.380324Z,00:35:11:00,2110.987263,https://www.ic3.gov/img/fbi_seal_new.png
0277,278,25049,2026-05-14T04:17:06.380324Z,00:35:11:00,2110.987263,https://www.ic3.gov/img/fbi_seal_new.png
0278,279,25049,2026-05-14T04:17:06.380324Z,00:35:11:00,2110.987263,https://www.ic3.gov/img/fbi_seal_new.png
0272,273,25050,2026-05-14T04:17:06.686893Z,00:35:11:09,2111.293832,https://www.ic3.gov/img/ic3_logo.png
0273,274,25050,2026-05-14T04:17:06.686893Z,00:35:11:09,2111.293832,https://www.ic3.gov/img/ic3_logo.png
0274,275,25050,2026-05-14T04:17:06.686893Z,00:35:11:09,2111.293832,https://www.ic3.gov/img/ic3_logo.png
0275,276,25050,2026-05-14T04:17:06.686893Z,00:35:11:09,2111.293832,https://www.ic3.gov/img/ic3_logo.png
0276,277,25050,2026-05-14T04:17:06.686893Z,00:35:11:09,2111.293832,https://www.ic3.gov/img/ic3_logo.png
0277,278,25050,2026-05-14T04:17:06.686893Z,00:35:11:09,2111.293832,https://www.ic3.gov/img/ic3_logo.png
0278,279,25050,2026-05-14T04:17:06.686893Z,00:35:11:09,2111.293832,https://www.ic3.gov/img/ic3_logo.png
