bundle_id,base_filename,file_kind,ots_original_filename,ots_original_sha256,rt_ots_bundle_filename,rt_ots_midp_utc,rt_ots_radius_us,rt_ots_mint_utc,rt_ots_maxt_utc,rt_ots_bind_sha256_hex,rt_ots_bind_matches_ots_sha256,rt_ots_nonce_match,rt_ots_merkle_ok,rt_ots_cert_sig_ok,rt_ots_srep_sig_ok,rt_ots_window_ok,rt_ots_all_ok
0000,0000.json,bundle_json,0000.json.ots,0f12047182699bb76678966d0ff6c44197b3068a3a083f85b95c3bfa221e904b,0000.json.ots__time-stamp.json,2026-05-14T03:42:01.545000+00:00,1000000,2026-05-13T07:35:20.866000+00:00,2026-05-14T07:35:20.866000+00:00,0f12047182699bb76678966d0ff6c44197b3068a3a083f85b95c3bfa221e904b,yes,yes,yes,yes,yes,yes,yes
0001,0001.json,bundle_json,0001.json.ots,4581371288def4a57e6112213c26a958deb0dee15131136e35c215a90a967b77,0001.json.ots__time-stamp.json,2026-05-14T03:42:17.024000+00:00,1000000,2026-05-13T07:20:03.388000+00:00,2026-05-14T07:20:03.388000+00:00,4581371288def4a57e6112213c26a958deb0dee15131136e35c215a90a967b77,yes,yes,yes,yes,yes,yes,yes
0001,0001.png,bundle_png,0001.png.ots,c7eea25f5fbdd6a2b1af19edf8e0633d7688161a0145dec7419b9ee2e9a596d0,0001.png.ots__time-stamp.json,2026-05-14T03:42:14.005000+00:00,1000000,2026-05-13T07:50:12.083000+00:00,2026-05-14T07:50:12.083000+00:00,c7eea25f5fbdd6a2b1af19edf8e0633d7688161a0145dec7419b9ee2e9a596d0,yes,yes,yes,yes,yes,yes,yes
0002,0002.json,bundle_json,0002.json.ots,9009e9f52affeaefa28a3e317ac4b689d47932e813bd3c91c3a6879a86f17447,0002.json.ots__time-stamp.json,2026-05-14T03:42:24.049000+00:00,1000000,2026-05-13T09:43:31.882000+00:00,2026-05-14T09:43:31.882000+00:00,9009e9f52affeaefa28a3e317ac4b689d47932e813bd3c91c3a6879a86f17447,yes,yes,yes,yes,yes,yes,yes
0002,0002.png,bundle_png,0002.png.ots,4569c8042dc1be345db77b98a0c80abb0b5fe1607d7512e718057ff292dfebc2,0002.png.ots__time-stamp.json,2026-05-14T03:42:21.525000+00:00,1000000,2026-05-13T06:14:03.236000+00:00,2026-05-14T06:14:03.236000+00:00,4569c8042dc1be345db77b98a0c80abb0b5fe1607d7512e718057ff292dfebc2,yes,yes,yes,yes,yes,yes,yes
0003,0003.json,bundle_json,0003.json.ots,17cd8ac6fb9830117ca14bc49b7f9efa24647b72e1a5ea8e416c4fac94988c09,0003.json.ots__time-stamp.json,2026-05-14T03:42:31.744000+00:00,1000000,2026-05-13T06:40:25.129000+00:00,2026-05-14T06:40:25.129000+00:00,17cd8ac6fb9830117ca14bc49b7f9efa24647b72e1a5ea8e416c4fac94988c09,yes,yes,yes,yes,yes,yes,yes
0003,0003.png,bundle_png,0003.png.ots,2ed46e0ae4de3b85aaa3b7a93651c9d8c184857405c317a1f8d6ed096645a245,0003.png.ots__time-stamp.json,2026-05-14T03:42:29.045000+00:00,1000000,2026-05-13T07:50:12.083000+00:00,2026-05-14T07:50:12.083000+00:00,2ed46e0ae4de3b85aaa3b7a93651c9d8c184857405c317a1f8d6ed096645a245,yes,yes,yes,yes,yes,yes,yes
0004,0004.json,bundle_json,0004.json.ots,ca1e21e4ade77ef91a31a7a6a63f6c7bebdcb6ee766f7020233c8b08656ad640,0004.json.ots__time-stamp.json,2026-05-14T03:42:40.065000+00:00,1000000,2026-05-13T07:20:03.388000+00:00,2026-05-14T07:20:03.388000+00:00,ca1e21e4ade77ef91a31a7a6a63f6c7bebdcb6ee766f7020233c8b08656ad640,yes,yes,yes,yes,yes,yes,yes
0004,0004.png,bundle_png,0004.png.ots,d4d7fc13edb38218ab59781c1a0c1929b7b98c4af909146ea2c9bdb78b367092,0004.png.ots__time-stamp.json,2026-05-14T03:42:37.064000+00:00,1000000,2026-05-13T07:20:03.388000+00:00,2026-05-14T07:20:03.388000+00:00,d4d7fc13edb38218ab59781c1a0c1929b7b98c4af909146ea2c9bdb78b367092,yes,yes,yes,yes,yes,yes,yes
0005,0005.json,bundle_json,0005.json.ots,f55e41f365f090b1194426f4918d1d508f98ba76f410ce4714f58a736546d9c7,0005.json.ots__time-stamp.json,2026-05-14T03:42:48.085000+00:00,1000000,2026-05-13T23:25:23.999000+00:00,2026-05-14T23:25:23.999000+00:00,f55e41f365f090b1194426f4918d1d508f98ba76f410ce4714f58a736546d9c7,yes,yes,yes,yes,yes,yes,yes
0005,0005.png,bundle_png,0005.png.ots,2d132ea3e8e669ac6ead0008b2f30fd629bfb0bb4203395546ea2d07be39994d,0005.png.ots__time-stamp.json,2026-05-14T03:42:45.135000+00:00,1000000,2026-05-13T10:49:29.465000+00:00,2026-05-14T10:49:29.465000+00:00,2d132ea3e8e669ac6ead0008b2f30fd629bfb0bb4203395546ea2d07be39994d,yes,yes,yes,yes,yes,yes,yes
0006,0006.json,bundle_json,0006.json.ots,413f13c1f9f666a256a01d6ac74c6449da03a6d009a1d50798256068f723fae3,0006.json.ots__time-stamp.json,2026-05-14T03:42:56.146000+00:00,1000000,2026-05-13T10:01:43.892000+00:00,2026-05-14T10:01:43.892000+00:00,413f13c1f9f666a256a01d6ac74c6449da03a6d009a1d50798256068f723fae3,yes,yes,yes,yes,yes,yes,yes
0006,0006.png,bundle_png,0006.png.ots,65464fdc2858b8c874482da9bf99b25acc68f7e711fcb6568a2396fd2f0b685a,0006.png.ots__time-stamp.json,2026-05-14T03:42:53.105000+00:00,1000000,2026-05-13T10:58:02.074000+00:00,2026-05-14T10:58:02.074000+00:00,65464fdc2858b8c874482da9bf99b25acc68f7e711fcb6568a2396fd2f0b685a,yes,yes,yes,yes,yes,yes,yes
0007,0007.json,bundle_json,0007.json.ots,e51af87a1047d14702ca084f5b09bd90738ac1722d40793093723ab0ee99e476,0007.json.ots__time-stamp.json,2026-05-14T03:43:04.145000+00:00,1000000,2026-05-13T10:01:43.892000+00:00,2026-05-14T10:01:43.892000+00:00,e51af87a1047d14702ca084f5b09bd90738ac1722d40793093723ab0ee99e476,yes,yes,yes,yes,yes,yes,yes
0007,0007.png,bundle_png,0007.png.ots,f9deb7bd03950160d0464e29f8e9003cf2595cf4c8fc532cb01d5fd4dc2f3893,0007.png.ots__time-stamp.json,2026-05-14T03:43:01.225000+00:00,1000000,2026-05-13T10:01:43.892000+00:00,2026-05-14T10:01:43.892000+00:00,f9deb7bd03950160d0464e29f8e9003cf2595cf4c8fc532cb01d5fd4dc2f3893,yes,yes,yes,yes,yes,yes,yes
0008,0008.json,bundle_json,0008.json.ots,78c484ba1161759cd7aa5c25fef3e0ef47de5bf11dfbd1c5d4b11a32c682a9b3,0008.json.ots__time-stamp.json,2026-05-14T03:43:12.160000+00:00,1000000,2026-05-13T06:14:03.236000+00:00,2026-05-14T06:14:03.236000+00:00,78c484ba1161759cd7aa5c25fef3e0ef47de5bf11dfbd1c5d4b11a32c682a9b3,yes,yes,yes,yes,yes,yes,yes
0008,0008.png,bundle_png,0008.png.ots,b02dddde501bc8ebb864cadca6b4ca232f371317d225b232645c1d8a2839b4cc,0008.png.ots__time-stamp.json,2026-05-14T03:43:09.245000+00:00,1000000,2026-05-13T06:31:59.305000+00:00,2026-05-14T06:31:59.305000+00:00,b02dddde501bc8ebb864cadca6b4ca232f371317d225b232645c1d8a2839b4cc,yes,yes,yes,yes,yes,yes,yes
0009,0009.json,bundle_json,0009.json.ots,ad042356b2ed2deb824c9e0490007b38b4e9bc234e54d1a78baaf36eb9be34db,0009.json.ots__time-stamp.json,2026-05-14T03:43:20.285000+00:00,1000000,2026-05-13T08:23:50.532000+00:00,2026-05-14T08:23:50.532000+00:00,ad042356b2ed2deb824c9e0490007b38b4e9bc234e54d1a78baaf36eb9be34db,yes,yes,yes,yes,yes,yes,yes
0009,0009.png,bundle_png,0009.png.ots,1a65f2c8ad6e68156be6f92e1f966cbd7127d44ec051d26000b2cea979af4d2e,0009.png.ots__time-stamp.json,2026-05-14T03:43:17.255000+00:00,1000000,2026-05-13T10:01:43.892000+00:00,2026-05-14T10:01:43.892000+00:00,1a65f2c8ad6e68156be6f92e1f966cbd7127d44ec051d26000b2cea979af4d2e,yes,yes,yes,yes,yes,yes,yes
0010,0010.json,bundle_json,0010.json.ots,6a357af062e699e457b0f1d25ae44f78b4929d528733e6337521e1f538008f94,0010.json.ots__time-stamp.json,2026-05-14T03:43:28.229000+00:00,1000000,2026-05-13T10:01:43.892000+00:00,2026-05-14T10:01:43.892000+00:00,6a357af062e699e457b0f1d25ae44f78b4929d528733e6337521e1f538008f94,yes,yes,yes,yes,yes,yes,yes
0010,0010.png,bundle_png,0010.png.ots,72e4573b493496bfdaab4257fb63bd755cd02469f5e244302105709d49996ed9,0010.png.ots__time-stamp.json,2026-05-14T03:43:25.285000+00:00,1000000,2026-05-13T09:16:05.223000+00:00,2026-05-14T09:16:05.223000+00:00,72e4573b493496bfdaab4257fb63bd755cd02469f5e244302105709d49996ed9,yes,yes,yes,yes,yes,yes,yes
0011,0011.json,bundle_json,0011.json.ots,b24c5de688bd6a9e70711674ffe9480ce21fc61a5625245456a9474c2e753914,0011.json.ots__time-stamp.json,2026-05-14T03:43:36.025000+00:00,1000000,2026-05-13T07:42:55.719000+00:00,2026-05-14T07:42:55.719000+00:00,b24c5de688bd6a9e70711674ffe9480ce21fc61a5625245456a9474c2e753914,yes,yes,yes,yes,yes,yes,yes
0011,0011.png,bundle_png,0011.png.ots,5dfa093b96ae9ae2e8172b22a19e1f5dcbc3482ee6de8ae71f8b0b1c406f1f9b,0011.png.ots__time-stamp.json,2026-05-14T03:43:33.244000+00:00,1000000,2026-05-13T07:20:03.388000+00:00,2026-05-14T07:20:03.388000+00:00,5dfa093b96ae9ae2e8172b22a19e1f5dcbc3482ee6de8ae71f8b0b1c406f1f9b,yes,yes,yes,yes,yes,yes,yes
0012,0012.json,bundle_json,0012.json.ots,0c77b1e720719250a950e51bc373af3655d9d80b629af7f265e758e44591dd71,0012.json.ots__time-stamp.json,2026-05-14T03:43:44.064000+00:00,1000000,2026-05-13T07:35:20.866000+00:00,2026-05-14T07:35:20.866000+00:00,0c77b1e720719250a950e51bc373af3655d9d80b629af7f265e758e44591dd71,yes,yes,yes,yes,yes,yes,yes
0012,0012.png,bundle_png,0012.png.ots,22bc402caf0a4dc44493ab240a897b8e0dd220eb2c11ea1b019ba0ae446fe33b,0012.png.ots__time-stamp.json,2026-05-14T03:43:41.290000+00:00,1000000,2026-05-13T06:14:03.236000+00:00,2026-05-14T06:14:03.236000+00:00,22bc402caf0a4dc44493ab240a897b8e0dd220eb2c11ea1b019ba0ae446fe33b,yes,yes,yes,yes,yes,yes,yes
0013,0013.json,bundle_json,0013.json.ots,6f36ed5700e6782f5a0100893073c6fa6cbf6a82f06e177158be2e5f2d5eb202,0013.json.ots__time-stamp.json,2026-05-14T03:43:51.349000+00:00,1000000,2026-05-13T09:43:31.882000+00:00,2026-05-14T09:43:31.882000+00:00,6f36ed5700e6782f5a0100893073c6fa6cbf6a82f06e177158be2e5f2d5eb202,yes,yes,yes,yes,yes,yes,yes
0013,0013.png,bundle_png,0013.png.ots,28bcf79a8b91f47fe867c720656e5b221b03f26dee152333217dc8c0275e46c1,0013.png.ots__time-stamp.json,2026-05-14T03:43:48.485000+00:00,1000000,2026-05-13T10:58:02.074000+00:00,2026-05-14T10:58:02.074000+00:00,28bcf79a8b91f47fe867c720656e5b221b03f26dee152333217dc8c0275e46c1,yes,yes,yes,yes,yes,yes,yes
0014,0014.json,bundle_json,0014.json.ots,9bad12b51a0b266fe53e9f8c3fd3dbd36e623a964205db718c1155f3278510c5,0014.json.ots__time-stamp.json,2026-05-14T03:43:59.360000+00:00,1000000,2026-05-13T07:42:55.719000+00:00,2026-05-14T07:42:55.719000+00:00,9bad12b51a0b266fe53e9f8c3fd3dbd36e623a964205db718c1155f3278510c5,yes,yes,yes,yes,yes,yes,yes
0014,0014.png,bundle_png,0014.png.ots,1b9cce4ea5ef8b789219c928de080d0b2b8abecda4bf245f8e35674728088d9f,0014.png.ots__time-stamp.json,2026-05-14T03:43:56.364000+00:00,1000000,2026-05-13T11:50:24.007000+00:00,2026-05-14T11:50:24.007000+00:00,1b9cce4ea5ef8b789219c928de080d0b2b8abecda4bf245f8e35674728088d9f,yes,yes,yes,yes,yes,yes,yes
0015,0015.json,bundle_json,0015.json.ots,e826cf0235ac999a93d62e4c2318745a8c3b0f462b056d8bdae3641b5f6a8bbb,0015.json.ots__time-stamp.json,2026-05-14T03:44:07.392000+00:00,1000000,2026-05-13T09:43:31.882000+00:00,2026-05-14T09:43:31.882000+00:00,e826cf0235ac999a93d62e4c2318745a8c3b0f462b056d8bdae3641b5f6a8bbb,yes,yes,yes,yes,yes,yes,yes
0015,0015.png,bundle_png,0015.png.ots,1cfed8af6210c212c6acbacfb6a172f4ee0900a0a75f895fc97c38e9d5f7d936,0015.png.ots__time-stamp.json,2026-05-14T03:44:04.529000+00:00,1000000,2026-05-13T07:26:49.378000+00:00,2026-05-14T07:26:49.378000+00:00,1cfed8af6210c212c6acbacfb6a172f4ee0900a0a75f895fc97c38e9d5f7d936,yes,yes,yes,yes,yes,yes,yes
0016,0016.json,bundle_json,0016.json.ots,a9b3b4b81819580e47fea3202b854e27e83030e53efdc31e6ad573a7597577b2,0016.json.ots__time-stamp.json,2026-05-14T03:44:14.944000+00:00,1000000,2026-05-13T07:35:20.866000+00:00,2026-05-14T07:35:20.866000+00:00,a9b3b4b81819580e47fea3202b854e27e83030e53efdc31e6ad573a7597577b2,yes,yes,yes,yes,yes,yes,yes
0016,0016.png,bundle_png,0016.png.ots,e2f95c2859c8c614bc85a14ab77a2146785f1197c30a1143aa1b334789974f89,0016.png.ots__time-stamp.json,2026-05-14T03:44:11.970000+00:00,1000000,2026-05-13T07:42:55.719000+00:00,2026-05-14T07:42:55.719000+00:00,e2f95c2859c8c614bc85a14ab77a2146785f1197c30a1143aa1b334789974f89,yes,yes,yes,yes,yes,yes,yes
0017,0017.json,bundle_json,0017.json.ots,db160f4ffc0246057e8645fbf8e1f9d2f07aa9910cd9922c15f1a37a425f2843,0017.json.ots__time-stamp.json,2026-05-14T03:44:22.165000+00:00,1000000,2026-05-13T10:49:29.465000+00:00,2026-05-14T10:49:29.465000+00:00,db160f4ffc0246057e8645fbf8e1f9d2f07aa9910cd9922c15f1a37a425f2843,yes,yes,yes,yes,yes,yes,yes
0017,0017.png,bundle_png,0017.png.ots,d84e18a6b12869e2d77e092f74e1a2685d33b3fc4ae1104d1fa2c3bf39df0915,0017.png.ots__time-stamp.json,2026-05-14T03:44:19.425000+00:00,1000000,2026-05-13T07:42:55.719000+00:00,2026-05-14T07:42:55.719000+00:00,d84e18a6b12869e2d77e092f74e1a2685d33b3fc4ae1104d1fa2c3bf39df0915,yes,yes,yes,yes,yes,yes,yes
0018,0018.json,bundle_json,0018.json.ots,e457c52d44e6865d82004f8abee786f26c920eb6ffaf03b1b79acd76387c214f,0018.json.ots__time-stamp.json,2026-05-14T03:44:30.444000+00:00,1000000,2026-05-13T09:43:31.882000+00:00,2026-05-14T09:43:31.882000+00:00,e457c52d44e6865d82004f8abee786f26c920eb6ffaf03b1b79acd76387c214f,yes,yes,yes,yes,yes,yes,yes
0018,0018.png,bundle_png,0018.png.ots,9ba9d3a561b1b86e4a847c7eaaba73fc8bba7258ce0ea021dc846d91d97dd961,0018.png.ots__time-stamp.json,2026-05-14T03:44:27.424000+00:00,1000000,2026-05-13T11:50:24.007000+00:00,2026-05-14T11:50:24.007000+00:00,9ba9d3a561b1b86e4a847c7eaaba73fc8bba7258ce0ea021dc846d91d97dd961,yes,yes,yes,yes,yes,yes,yes
0019,0019.json,bundle_json,0019.json.ots,a02fb40bede16912eeb88bc0f735dcb072588c84c6624bc5a787e1ae23eec5d9,0019.json.ots__time-stamp.json,2026-05-14T03:44:37.630000+00:00,1000000,2026-05-13T11:50:24.007000+00:00,2026-05-14T11:50:24.007000+00:00,a02fb40bede16912eeb88bc0f735dcb072588c84c6624bc5a787e1ae23eec5d9,yes,yes,yes,yes,yes,yes,yes
0019,0019.png,bundle_png,0019.png.ots,b651f83ef318246b67a04fb95f67a8b5083bcc594bb9a6b7e3db2dd9526cd172,0019.png.ots__time-stamp.json,2026-05-14T03:44:35.044000+00:00,1000000,2026-05-13T06:31:59.305000+00:00,2026-05-14T06:31:59.305000+00:00,b651f83ef318246b67a04fb95f67a8b5083bcc594bb9a6b7e3db2dd9526cd172,yes,yes,yes,yes,yes,yes,yes
0020,0020.json,bundle_json,0020.json.ots,a14e68674f2ddb304471622ea66a1327c275c1449f1bb46a557baeeb74105628,0020.json.ots__time-stamp.json,2026-05-14T03:44:45.345000+00:00,1000000,2026-05-13T07:42:55.719000+00:00,2026-05-14T07:42:55.719000+00:00,a14e68674f2ddb304471622ea66a1327c275c1449f1bb46a557baeeb74105628,yes,yes,yes,yes,yes,yes,yes
0020,0020.png,bundle_png,0020.png.ots,a9a7f3ca210af5f3178b1ffb1a3c8564e26e88c4e914e43b7fa4232cd1322b25,0020.png.ots__time-stamp.json,2026-05-14T03:44:42.644000+00:00,1000000,2026-05-13T07:26:49.378000+00:00,2026-05-14T07:26:49.378000+00:00,a9a7f3ca210af5f3178b1ffb1a3c8564e26e88c4e914e43b7fa4232cd1322b25,yes,yes,yes,yes,yes,yes,yes
0021,0021.json,bundle_json,0021.json.ots,8a871ecc705acc4a42074535c7a4e7d5747cc2e6b1b3954d9161d28475ebd4c1,0021.json.ots__time-stamp.json,2026-05-14T03:44:53.605000+00:00,1000000,2026-05-13T10:01:43.892000+00:00,2026-05-14T10:01:43.892000+00:00,8a871ecc705acc4a42074535c7a4e7d5747cc2e6b1b3954d9161d28475ebd4c1,yes,yes,yes,yes,yes,yes,yes
0021,0021.png,bundle_png,0021.png.ots,6d602ee9b8d04b238b369db2204de6dccd30d385f0a2a0a0d44b8b4cb0a25bd3,0021.png.ots__time-stamp.json,2026-05-14T03:44:50.585000+00:00,1000000,2026-05-13T07:50:12.083000+00:00,2026-05-14T07:50:12.083000+00:00,6d602ee9b8d04b238b369db2204de6dccd30d385f0a2a0a0d44b8b4cb0a25bd3,yes,yes,yes,yes,yes,yes,yes
0022,0022.json,bundle_json,0022.json.ots,39b42f9bd2290aa4a24b6630271b4ddf16077107f5f4e50cb4bf410061266ef1,0022.json.ots__time-stamp.json,2026-05-14T03:45:01.294000+00:00,1000000,2026-05-13T06:31:59.305000+00:00,2026-05-14T06:31:59.305000+00:00,39b42f9bd2290aa4a24b6630271b4ddf16077107f5f4e50cb4bf410061266ef1,yes,yes,yes,yes,yes,yes,yes
0022,0022.png,bundle_png,0022.png.ots,2bb619a8fab5d3ce3de4ca04be3577940faededcd180749252af55f57dc0a5a8,0022.png.ots__time-stamp.json,2026-05-14T03:44:58.370000+00:00,1000000,2026-05-13T09:16:05.223000+00:00,2026-05-14T09:16:05.223000+00:00,2bb619a8fab5d3ce3de4ca04be3577940faededcd180749252af55f57dc0a5a8,yes,yes,yes,yes,yes,yes,yes
0023,0023.json,bundle_json,0023.json.ots,fcecfb386241c383e155fb75255ebc2ffd2f1ec9ad29ccab80de634e86a58de2,0023.json.ots__time-stamp.json,2026-05-14T03:45:08.392000+00:00,1000000,2026-05-13T07:35:20.866000+00:00,2026-05-14T07:35:20.866000+00:00,fcecfb386241c383e155fb75255ebc2ffd2f1ec9ad29ccab80de634e86a58de2,yes,yes,yes,yes,yes,yes,yes
0023,0023.png,bundle_png,0023.png.ots,d9cb8ee213f33a47943f2e7f558354ea70f6f056b4c5eb7203fca9266830ce41,0023.png.ots__time-stamp.json,2026-05-14T03:45:05.665000+00:00,1000000,2026-05-13T06:34:59.170000+00:00,2026-05-14T06:34:59.170000+00:00,d9cb8ee213f33a47943f2e7f558354ea70f6f056b4c5eb7203fca9266830ce41,yes,yes,yes,yes,yes,yes,yes
0024,0024.json,bundle_json,0024.json.ots,f3a98679714d26ce87e44bb7c54569bcfcac1018f1951c768f295170ad8e2cae,0024.json.ots__time-stamp.json,2026-05-14T03:45:16.704000+00:00,1000000,2026-05-13T09:43:31.882000+00:00,2026-05-14T09:43:31.882000+00:00,f3a98679714d26ce87e44bb7c54569bcfcac1018f1951c768f295170ad8e2cae,yes,yes,yes,yes,yes,yes,yes
0024,0024.png,bundle_png,0024.png.ots,ba8774da0eefb8441f1b6bd103e4f6bb9c8343ebb0bbd8a99b1cf31d22ceb7a0,0024.png.ots__time-stamp.json,2026-05-14T03:45:13.721000+00:00,1000000,2026-05-13T09:16:05.223000+00:00,2026-05-14T09:16:05.223000+00:00,ba8774da0eefb8441f1b6bd103e4f6bb9c8343ebb0bbd8a99b1cf31d22ceb7a0,yes,yes,yes,yes,yes,yes,yes
0025,0025.json,bundle_json,0025.json.ots,01710c1c6ec303084d7b1a2c47e1e1277e502140fe6dbbf3cc570c1d75797590,0025.json.ots__time-stamp.json,2026-05-14T03:45:23.769000+00:00,1000000,2026-05-13T10:49:29.465000+00:00,2026-05-14T10:49:29.465000+00:00,01710c1c6ec303084d7b1a2c47e1e1277e502140fe6dbbf3cc570c1d75797590,yes,yes,yes,yes,yes,yes,yes
0025,0025.png,bundle_png,0025.png.ots,cd1a6fa47a557bbc69fbd8db5a14dced14f3eacd3fc4538c65d7874ae79ff4c9,0025.png.ots__time-stamp.json,2026-05-14T03:45:21.220000+00:00,1000000,2026-05-13T09:43:31.882000+00:00,2026-05-14T09:43:31.882000+00:00,cd1a6fa47a557bbc69fbd8db5a14dced14f3eacd3fc4538c65d7874ae79ff4c9,yes,yes,yes,yes,yes,yes,yes
0026,0026.json,bundle_json,0026.json.ots,f978ba0d1e660ce1e768c4fccd0d5e9e26480d50e41f78cb9a2b88967a339eec,0026.json.ots__time-stamp.json,2026-05-14T03:45:31.385000+00:00,1000000,2026-05-13T10:58:02.074000+00:00,2026-05-14T10:58:02.074000+00:00,f978ba0d1e660ce1e768c4fccd0d5e9e26480d50e41f78cb9a2b88967a339eec,yes,yes,yes,yes,yes,yes,yes
0026,0026.png,bundle_png,0026.png.ots,bf6b5b2a0dd2d158741cdf6a03a74158b428085d3bd7f6655428b75004257a9a,0026.png.ots__time-stamp.json,2026-05-14T03:45:28.745000+00:00,1000000,2026-05-13T09:43:31.882000+00:00,2026-05-14T09:43:31.882000+00:00,bf6b5b2a0dd2d158741cdf6a03a74158b428085d3bd7f6655428b75004257a9a,yes,yes,yes,yes,yes,yes,yes
0027,0027.json,bundle_json,0027.json.ots,d40b67f54f44b8af9eace56f6ec197e6ccbc6fa3f4c168eba58d23cbf67e35fc,0027.json.ots__time-stamp.json,2026-05-14T03:45:39.444000+00:00,1000000,2026-05-13T06:40:25.129000+00:00,2026-05-14T06:40:25.129000+00:00,d40b67f54f44b8af9eace56f6ec197e6ccbc6fa3f4c168eba58d23cbf67e35fc,yes,yes,yes,yes,yes,yes,yes
0027,0027.png,bundle_png,0027.png.ots,737636d98bfd2e75827210bcb8210542b96dfe6ffb36f5ac237f5c511f08185c,0027.png.ots__time-stamp.json,2026-05-14T03:45:36.744000+00:00,1000000,2026-05-13T23:25:23.999000+00:00,2026-05-14T23:25:23.999000+00:00,737636d98bfd2e75827210bcb8210542b96dfe6ffb36f5ac237f5c511f08185c,yes,yes,yes,yes,yes,yes,yes
0028,0028.json,bundle_json,0028.json.ots,2ca23c6e90be6f7363f9d568abc6c68d266b03f1bc005d2171ade01307364bc4,0028.json.ots__time-stamp.json,2026-05-14T03:45:46.790000+00:00,1000000,2026-05-13T11:50:24.007000+00:00,2026-05-14T11:50:24.007000+00:00,2ca23c6e90be6f7363f9d568abc6c68d266b03f1bc005d2171ade01307364bc4,yes,yes,yes,yes,yes,yes,yes
0028,0028.png,bundle_png,0028.png.ots,fa8c08e56e2f032ea90d7bd0c63675e21fffb437b698b8a82b7b76e6e4cf7b2a,0028.png.ots__time-stamp.json,2026-05-14T03:45:43.790000+00:00,1000000,2026-05-13T09:16:05.223000+00:00,2026-05-14T09:16:05.223000+00:00,fa8c08e56e2f032ea90d7bd0c63675e21fffb437b698b8a82b7b76e6e4cf7b2a,yes,yes,yes,yes,yes,yes,yes
0029,0029.json,bundle_json,0029.json.ots,a6d867bf0f4132d9633bfb8b10fb235cdc3af08673fe0f493e942abad746880e,0029.json.ots__time-stamp.json,2026-05-14T03:45:55.544000+00:00,1000000,2026-05-13T07:32:13.637000+00:00,2026-05-14T07:32:13.637000+00:00,a6d867bf0f4132d9633bfb8b10fb235cdc3af08673fe0f493e942abad746880e,yes,yes,yes,yes,yes,yes,yes
0029,0029.png,bundle_png,0029.png.ots,e5bb17abf74e697684143774e0851c66f68c411f0bf48dafe4571c620c7a1312,0029.png.ots__time-stamp.json,2026-05-14T03:45:51.862000+00:00,1000000,2026-05-13T06:34:59.170000+00:00,2026-05-14T06:34:59.170000+00:00,e5bb17abf74e697684143774e0851c66f68c411f0bf48dafe4571c620c7a1312,yes,yes,yes,yes,yes,yes,yes
0030,0030.json,bundle_json,0030.json.ots,616c50ff459be132a4569c9f7af2982422f69849bf1e99674b12fe3326c280c0,0030.json.ots__time-stamp.json,2026-05-14T03:46:02.866000+00:00,1000000,2026-05-13T07:35:20.866000+00:00,2026-05-14T07:35:20.866000+00:00,616c50ff459be132a4569c9f7af2982422f69849bf1e99674b12fe3326c280c0,yes,yes,yes,yes,yes,yes,yes
0030,0030.png,bundle_png,0030.png.ots,5f7920c5580b31818bfafbbcf1eb861a7a6ca413e3db95b20784e1aac2cef56b,0030.png.ots__time-stamp.json,2026-05-14T03:45:59.844000+00:00,1000000,2026-05-13T07:26:49.378000+00:00,2026-05-14T07:26:49.378000+00:00,5f7920c5580b31818bfafbbcf1eb861a7a6ca413e3db95b20784e1aac2cef56b,yes,yes,yes,yes,yes,yes,yes
0031,0031.json,bundle_json,0031.json.ots,a6d539d14260f7b4d58b6e5a5129c5c793350316180c2af60d00a6fd2da35f35,0031.json.ots__time-stamp.json,2026-05-14T03:46:09.845000+00:00,1000000,2026-05-13T09:43:31.882000+00:00,2026-05-14T09:43:31.882000+00:00,a6d539d14260f7b4d58b6e5a5129c5c793350316180c2af60d00a6fd2da35f35,yes,yes,yes,yes,yes,yes,yes
0031,0031.png,bundle_png,0031.png.ots,c02aac5bee243f019bac01394482f18eeab7fe8e9fcbcfaa55a876f23c22354b,0031.png.ots__time-stamp.json,2026-05-14T03:46:06.865000+00:00,1000000,2026-05-13T10:01:43.892000+00:00,2026-05-14T10:01:43.892000+00:00,c02aac5bee243f019bac01394482f18eeab7fe8e9fcbcfaa55a876f23c22354b,yes,yes,yes,yes,yes,yes,yes
0032,0032.json,bundle_json,0032.json.ots,95b31b3ff35f5962b033764d6b8d083977bc46422b07c77538fb3221cf344418,0032.json.ots__time-stamp.json,2026-05-14T03:46:17.645000+00:00,1000000,2026-05-13T06:14:03.236000+00:00,2026-05-14T06:14:03.236000+00:00,95b31b3ff35f5962b033764d6b8d083977bc46422b07c77538fb3221cf344418,yes,yes,yes,yes,yes,yes,yes
0032,0032.png,bundle_png,0032.png.ots,c50e39efbddde818e9c5991b0ddaec420aed051c623d605f5598b26bfef547da,0032.png.ots__time-stamp.json,2026-05-14T03:46:14.884000+00:00,1000000,2026-05-13T23:25:23.999000+00:00,2026-05-14T23:25:23.999000+00:00,c50e39efbddde818e9c5991b0ddaec420aed051c623d605f5598b26bfef547da,yes,yes,yes,yes,yes,yes,yes
0033,0033.json,bundle_json,0033.json.ots,77fb1867aed0c5c91395838661de387888bc408ec6c89f20ab8893b29459aa39,0033.json.ots__time-stamp.json,2026-05-14T03:46:25.470000+00:00,1000000,2026-05-13T10:58:02.074000+00:00,2026-05-14T10:58:02.074000+00:00,77fb1867aed0c5c91395838661de387888bc408ec6c89f20ab8893b29459aa39,yes,yes,yes,yes,yes,yes,yes
0033,0033.png,bundle_png,0033.png.ots,626227c6f25bf422bf35bfc3249c534460f3974c45f410e81694c9ba1f02b197,0033.png.ots__time-stamp.json,2026-05-14T03:46:22.930000+00:00,1000000,2026-05-13T07:50:12.083000+00:00,2026-05-14T07:50:12.083000+00:00,626227c6f25bf422bf35bfc3249c534460f3974c45f410e81694c9ba1f02b197,yes,yes,yes,yes,yes,yes,yes
0034,0034.json,bundle_json,0034.json.ots,0cf285ba943e3e71faa24b1c43bc69ac92270a01374870f16c66e52b455a221d,0034.json.ots__time-stamp.json,2026-05-14T03:46:33.949000+00:00,1000000,2026-05-13T06:34:59.170000+00:00,2026-05-14T06:34:59.170000+00:00,0cf285ba943e3e71faa24b1c43bc69ac92270a01374870f16c66e52b455a221d,yes,yes,yes,yes,yes,yes,yes
0034,0034.png,bundle_png,0034.png.ots,4ca416b5d5945170621e2840ec193991a5611576927046d6880a34859fe05465,0034.png.ots__time-stamp.json,2026-05-14T03:46:30.794000+00:00,1000000,2026-05-13T23:25:23.999000+00:00,2026-05-14T23:25:23.999000+00:00,4ca416b5d5945170621e2840ec193991a5611576927046d6880a34859fe05465,yes,yes,yes,yes,yes,yes,yes
0035,0035.json,bundle_json,0035.json.ots,9cde2d1eb116ed0b7c6028e8108a059a23101d4b13b7eb3af88f9ba2323204e8,0035.json.ots__time-stamp.json,2026-05-14T03:46:40.705000+00:00,1000000,2026-05-13T07:42:55.719000+00:00,2026-05-14T07:42:55.719000+00:00,9cde2d1eb116ed0b7c6028e8108a059a23101d4b13b7eb3af88f9ba2323204e8,yes,yes,yes,yes,yes,yes,yes
0035,0035.png,bundle_png,0035.png.ots,73bb52bd0a00710029fc436b6d95fc5ef98762a654fda846cd8137f3179f4ed1,0035.png.ots__time-stamp.json,2026-05-14T03:46:37.945000+00:00,1000000,2026-05-13T06:14:03.236000+00:00,2026-05-14T06:14:03.236000+00:00,73bb52bd0a00710029fc436b6d95fc5ef98762a654fda846cd8137f3179f4ed1,yes,yes,yes,yes,yes,yes,yes
0036,0036.json,bundle_json,0036.json.ots,7bd6633435ac79119f349cd484504e4318cb4be3be4147c71215715374d7f015,0036.json.ots__time-stamp.json,2026-05-14T03:46:48.549000+00:00,1000000,2026-05-13T07:35:20.866000+00:00,2026-05-14T07:35:20.866000+00:00,7bd6633435ac79119f349cd484504e4318cb4be3be4147c71215715374d7f015,yes,yes,yes,yes,yes,yes,yes
0036,0036.png,bundle_png,0036.png.ots,852465edda3a3435a98f2b28ab7b48c27041e362fca5accc28daa8580938d4a2,0036.png.ots__time-stamp.json,2026-05-14T03:46:46.004000+00:00,1000000,2026-05-13T11:50:24.007000+00:00,2026-05-14T11:50:24.007000+00:00,852465edda3a3435a98f2b28ab7b48c27041e362fca5accc28daa8580938d4a2,yes,yes,yes,yes,yes,yes,yes
0037,0037.json,bundle_json,0037.json.ots,374ec0afcf594e075d665fa28e5cbcb2a68d4842b47420e67f3f1503ab4c7d62,0037.json.ots__time-stamp.json,2026-05-14T03:46:55.564000+00:00,1000000,2026-05-13T07:32:13.637000+00:00,2026-05-14T07:32:13.637000+00:00,374ec0afcf594e075d665fa28e5cbcb2a68d4842b47420e67f3f1503ab4c7d62,yes,yes,yes,yes,yes,yes,yes
0037,0037.png,bundle_png,0037.png.ots,65c3d34f35b8f6738254f5c5f859bb246c45d872b99cf63afc2a12da96e56ea3,0037.png.ots__time-stamp.json,2026-05-14T03:46:53.050000+00:00,1000000,2026-05-13T10:58:02.074000+00:00,2026-05-14T10:58:02.074000+00:00,65c3d34f35b8f6738254f5c5f859bb246c45d872b99cf63afc2a12da96e56ea3,yes,yes,yes,yes,yes,yes,yes
0038,0038.json,bundle_json,0038.json.ots,0705263e78ca3ee341355adb4d3e42da86da3e2433457f1309f09c919b39b4dc,0038.json.ots__time-stamp.json,2026-05-14T03:47:04.100000+00:00,1000000,2026-05-13T10:49:29.465000+00:00,2026-05-14T10:49:29.465000+00:00,0705263e78ca3ee341355adb4d3e42da86da3e2433457f1309f09c919b39b4dc,yes,yes,yes,yes,yes,yes,yes
0038,0038.png,bundle_png,0038.png.ots,39272732bfec0a215d7e06b2ea0c492aa5e5d59dbd4fcabdc558168ac8064260,0038.png.ots__time-stamp.json,2026-05-14T03:47:01.080000+00:00,1000000,2026-05-13T06:34:59.170000+00:00,2026-05-14T06:34:59.170000+00:00,39272732bfec0a215d7e06b2ea0c492aa5e5d59dbd4fcabdc558168ac8064260,yes,yes,yes,yes,yes,yes,yes
0039,0039.json,bundle_json,0039.json.ots,0f3376001cf8360142c8a57e9e9cbc4e8e3c58c4bf55a28774debe5a781d6cb9,0039.json.ots__time-stamp.json,2026-05-14T03:47:11.684000+00:00,1000000,2026-05-13T23:25:23.999000+00:00,2026-05-14T23:25:23.999000+00:00,0f3376001cf8360142c8a57e9e9cbc4e8e3c58c4bf55a28774debe5a781d6cb9,yes,yes,yes,yes,yes,yes,yes
0039,0039.png,bundle_png,0039.png.ots,dff2ebeeac12b56229b0b05b30e2c36dcc7c8fa2d17d6ed553e5c0cf23eeee24,0039.png.ots__time-stamp.json,2026-05-14T03:47:09.125000+00:00,1000000,2026-05-13T07:35:20.866000+00:00,2026-05-14T07:35:20.866000+00:00,dff2ebeeac12b56229b0b05b30e2c36dcc7c8fa2d17d6ed553e5c0cf23eeee24,yes,yes,yes,yes,yes,yes,yes
0040,0040.json,bundle_json,0040.json.ots,de013e775ad768b643b17c5ccbf7ca17cd34d348fb3915b12a5336563b890c9d,0040.json.ots__time-stamp.json,2026-05-14T03:47:19.164000+00:00,1000000,2026-05-13T07:35:20.866000+00:00,2026-05-14T07:35:20.866000+00:00,de013e775ad768b643b17c5ccbf7ca17cd34d348fb3915b12a5336563b890c9d,yes,yes,yes,yes,yes,yes,yes
0040,0040.png,bundle_png,0040.png.ots,03944786ba1b610765f38d9a4f81e05df8a77f02bf444904acd4e5f438ac9d9e,0040.png.ots__time-stamp.json,2026-05-14T03:47:16.900000+00:00,1000000,2026-05-13T09:43:31.882000+00:00,2026-05-14T09:43:31.882000+00:00,03944786ba1b610765f38d9a4f81e05df8a77f02bf444904acd4e5f438ac9d9e,yes,yes,yes,yes,yes,yes,yes
0041,0041.json,bundle_json,0041.json.ots,06e8e2a15e37b6477af6eb6750cbfe751d26ad028742dad1fdbecfa8e4dd9847,0041.json.ots__time-stamp.json,2026-05-14T03:47:27.641000+00:00,1000000,2026-05-13T11:50:24.007000+00:00,2026-05-14T11:50:24.007000+00:00,06e8e2a15e37b6477af6eb6750cbfe751d26ad028742dad1fdbecfa8e4dd9847,yes,yes,yes,yes,yes,yes,yes
0041,0041.png,bundle_png,0041.png.ots,8ec1655e1a372ed0650e4f8b22f657a6dca8ed53fa98d5a6e804aba998ad7f5a,0041.png.ots__time-stamp.json,2026-05-14T03:47:24.449000+00:00,1000000,2026-05-13T07:32:13.637000+00:00,2026-05-14T07:32:13.637000+00:00,8ec1655e1a372ed0650e4f8b22f657a6dca8ed53fa98d5a6e804aba998ad7f5a,yes,yes,yes,yes,yes,yes,yes
0042,0042.json,bundle_json,0042.json.ots,4ef14c561f5798beb35272c0d4d7a39d792dd889423040a910fdfea667174a02,0042.json.ots__time-stamp.json,2026-05-14T03:47:36.224000+00:00,1000000,2026-05-13T07:50:12.083000+00:00,2026-05-14T07:50:12.083000+00:00,4ef14c561f5798beb35272c0d4d7a39d792dd889423040a910fdfea667174a02,yes,yes,yes,yes,yes,yes,yes
0042,0042.png,bundle_png,0042.png.ots,8b3085352b4b3621c26bdb5edbbe672a7bba8ba9f560dcd667a9ca6d44f14328,0042.png.ots__time-stamp.json,2026-05-14T03:47:33.225000+00:00,1000000,2026-05-13T07:50:12.083000+00:00,2026-05-14T07:50:12.083000+00:00,8b3085352b4b3621c26bdb5edbbe672a7bba8ba9f560dcd667a9ca6d44f14328,yes,yes,yes,yes,yes,yes,yes
0043,0043.json,bundle_json,0043.json.ots,ed21992080cd6da464eb950e9b3622b9b8be56fc549abcf71f952b464b58da1b,0043.json.ots__time-stamp.json,2026-05-14T03:47:44.824000+00:00,1000000,2026-05-13T09:43:31.882000+00:00,2026-05-14T09:43:31.882000+00:00,ed21992080cd6da464eb950e9b3622b9b8be56fc549abcf71f952b464b58da1b,yes,yes,yes,yes,yes,yes,yes
0043,0043.png,bundle_png,0043.png.ots,c1a65279c870c6d6a80b02c0260e459b209d3555285572fe8e0e7acf88da9b9f,0043.png.ots__time-stamp.json,2026-05-14T03:47:41.239000+00:00,1000000,2026-05-13T07:26:49.378000+00:00,2026-05-14T07:26:49.378000+00:00,c1a65279c870c6d6a80b02c0260e459b209d3555285572fe8e0e7acf88da9b9f,yes,yes,yes,yes,yes,yes,yes
0044,0044.json,bundle_json,0044.json.ots,0fb9a459447a514df9a24a80e6536c5bfb965c91d6e86d79133bafcc25fe2e6c,0044.json.ots__time-stamp.json,2026-05-14T03:47:52.885000+00:00,1000000,2026-05-13T10:01:43.892000+00:00,2026-05-14T10:01:43.892000+00:00,0fb9a459447a514df9a24a80e6536c5bfb965c91d6e86d79133bafcc25fe2e6c,yes,yes,yes,yes,yes,yes,yes
0044,0044.png,bundle_png,0044.png.ots,1661cccffa04fc617d4648d8eb6b90a6c15cd74ea1ce4eea641a8615f9cbf92b,0044.png.ots__time-stamp.json,2026-05-14T03:47:49.269000+00:00,1000000,2026-05-13T07:35:20.866000+00:00,2026-05-14T07:35:20.866000+00:00,1661cccffa04fc617d4648d8eb6b90a6c15cd74ea1ce4eea641a8615f9cbf92b,yes,yes,yes,yes,yes,yes,yes
0045,0045.json,bundle_json,0045.json.ots,9ab066739d1d9f3bb5058f2012578bbf52a36045f24c83e0a6b8dbee176b467f,0045.json.ots__time-stamp.json,2026-05-14T03:48:00.285000+00:00,1000000,2026-05-13T06:40:25.129000+00:00,2026-05-14T06:40:25.129000+00:00,9ab066739d1d9f3bb5058f2012578bbf52a36045f24c83e0a6b8dbee176b467f,yes,yes,yes,yes,yes,yes,yes
0045,0045.png,bundle_png,0045.png.ots,ec7a5cd6b706b13f0d22911f93b15cf7b17ae123e7d267943ac3da1b2ee17cdc,0045.png.ots__time-stamp.json,2026-05-14T03:47:57.305000+00:00,1000000,2026-05-13T10:01:43.892000+00:00,2026-05-14T10:01:43.892000+00:00,ec7a5cd6b706b13f0d22911f93b15cf7b17ae123e7d267943ac3da1b2ee17cdc,yes,yes,yes,yes,yes,yes,yes
0046,0046.json,bundle_json,0046.json.ots,f792775caae1efdddadeb1e90feb4060d2c61f83ff777c4b715ee62180194b70,0046.json.ots__time-stamp.json,2026-05-14T03:48:08.341000+00:00,1000000,2026-05-13T10:58:02.074000+00:00,2026-05-14T10:58:02.074000+00:00,f792775caae1efdddadeb1e90feb4060d2c61f83ff777c4b715ee62180194b70,yes,yes,yes,yes,yes,yes,yes
0046,0046.png,bundle_png,0046.png.ots,deabd076129de7f28c7439e7e99d785b1124baa97885ac1c86c31e2b2915dd1e,0046.png.ots__time-stamp.json,2026-05-14T03:48:05.317000+00:00,1000000,2026-05-13T06:31:59.305000+00:00,2026-05-14T06:31:59.305000+00:00,deabd076129de7f28c7439e7e99d785b1124baa97885ac1c86c31e2b2915dd1e,yes,yes,yes,yes,yes,yes,yes
0047,0047.json,bundle_json,0047.json.ots,bf6bbd2ca59f044c2d7311e66fc83b05f057022e7731d6694febf671698b8fdd,0047.json.ots__time-stamp.json,2026-05-14T03:48:16.550000+00:00,1000000,2026-05-13T10:49:29.465000+00:00,2026-05-14T10:49:29.465000+00:00,bf6bbd2ca59f044c2d7311e66fc83b05f057022e7731d6694febf671698b8fdd,yes,yes,yes,yes,yes,yes,yes
0047,0047.png,bundle_png,0047.png.ots,5f43f9df36971446c0abd1b6ec2600a2b8d23d207e24916a7312f74c509948cb,0047.png.ots__time-stamp.json,2026-05-14T03:48:12.345000+00:00,1000000,2026-05-13T09:43:31.882000+00:00,2026-05-14T09:43:31.882000+00:00,5f43f9df36971446c0abd1b6ec2600a2b8d23d207e24916a7312f74c509948cb,yes,yes,yes,yes,yes,yes,yes
0048,0048.json,bundle_json,0048.json.ots,36e6b238998230c5da38e7a9dbfe777764e65d72e52b2c2a5d529e222c03fee8,0048.json.ots__time-stamp.json,2026-05-14T03:48:24.065000+00:00,1000000,2026-05-13T07:32:13.637000+00:00,2026-05-14T07:32:13.637000+00:00,36e6b238998230c5da38e7a9dbfe777764e65d72e52b2c2a5d529e222c03fee8,yes,yes,yes,yes,yes,yes,yes
0048,0048.png,bundle_png,0048.png.ots,f5022d76cd4013522f0b171a0ccff2f458d464fab9c0019db383e4cfa2c284de,0048.png.ots__time-stamp.json,2026-05-14T03:48:20.624000+00:00,1000000,2026-05-13T07:32:13.637000+00:00,2026-05-14T07:32:13.637000+00:00,f5022d76cd4013522f0b171a0ccff2f458d464fab9c0019db383e4cfa2c284de,yes,yes,yes,yes,yes,yes,yes
0049,0049.json,bundle_json,0049.json.ots,db4ec0293c3c79105e27742b111b16131057f8ec27c43d8cadd4f31d18e7cf85,0049.json.ots__time-stamp.json,2026-05-14T03:48:29.405000+00:00,1000000,2026-05-13T07:50:12.083000+00:00,2026-05-14T07:50:12.083000+00:00,db4ec0293c3c79105e27742b111b16131057f8ec27c43d8cadd4f31d18e7cf85,yes,yes,yes,yes,yes,yes,yes
0049,0049.png,bundle_png,0049.png.ots,99de09be2c3ded90f0c421052120fda961de265052bacf57f07e9a15d2342fd5,0049.png.ots__time-stamp.json,2026-05-14T03:48:27.405000+00:00,1000000,2026-05-13T09:16:05.223000+00:00,2026-05-14T09:16:05.223000+00:00,99de09be2c3ded90f0c421052120fda961de265052bacf57f07e9a15d2342fd5,yes,yes,yes,yes,yes,yes,yes
0050,0050.json,bundle_json,0050.json.ots,61a96aa43272abd39b49824ed7ab45c8db52b8df6115e83c225063efb301a381,0050.json.ots__time-stamp.json,2026-05-14T03:48:38.484000+00:00,1000000,2026-05-13T06:31:59.305000+00:00,2026-05-14T06:31:59.305000+00:00,61a96aa43272abd39b49824ed7ab45c8db52b8df6115e83c225063efb301a381,yes,yes,yes,yes,yes,yes,yes
0050,0050.png,bundle_png,0050.png.ots,4a2b6c74490e18a9c692d1ae536ae31cfd14a5482f2174c9c2e20fb614c83be0,0050.png.ots__time-stamp.json,2026-05-14T03:48:35.427000+00:00,1000000,2026-05-13T06:14:03.236000+00:00,2026-05-14T06:14:03.236000+00:00,4a2b6c74490e18a9c692d1ae536ae31cfd14a5482f2174c9c2e20fb614c83be0,yes,yes,yes,yes,yes,yes,yes
0051,0051.json,bundle_json,0051.json.ots,8fcf6de68e118cdf0e0b95d908edf9b576ec28f7a3ccfa24587144684537c8df,0051.json.ots__time-stamp.json,2026-05-14T03:48:45.465000+00:00,1000000,2026-05-13T07:42:55.719000+00:00,2026-05-14T07:42:55.719000+00:00,8fcf6de68e118cdf0e0b95d908edf9b576ec28f7a3ccfa24587144684537c8df,yes,yes,yes,yes,yes,yes,yes
0051,0051.png,bundle_png,0051.png.ots,ac9e5b190fb0f1ebb4efbb5e430158062ad38972671155c89c0b38074a7c9667,0051.png.ots__time-stamp.json,2026-05-14T03:48:43.465000+00:00,1000000,2026-05-13T06:14:03.236000+00:00,2026-05-14T06:14:03.236000+00:00,ac9e5b190fb0f1ebb4efbb5e430158062ad38972671155c89c0b38074a7c9667,yes,yes,yes,yes,yes,yes,yes
0052,0052.json,bundle_json,0052.json.ots,6cb3036437b8dbd26007e4b8cb96e5ee4dad103e96b441800b6648b3bcef66d7,0052.json.ots__time-stamp.json,2026-05-14T03:48:52.544000+00:00,1000000,2026-05-13T07:26:49.378000+00:00,2026-05-14T07:26:49.378000+00:00,6cb3036437b8dbd26007e4b8cb96e5ee4dad103e96b441800b6648b3bcef66d7,yes,yes,yes,yes,yes,yes,yes
0052,0052.png,bundle_png,0052.png.ots,ee15b2ada56334549912684beb8ce7dc213fe508d01cf37f3f5ffe9140fb46e5,0052.png.ots__time-stamp.json,2026-05-14T03:48:50.504000+00:00,1000000,2026-05-13T23:25:23.999000+00:00,2026-05-14T23:25:23.999000+00:00,ee15b2ada56334549912684beb8ce7dc213fe508d01cf37f3f5ffe9140fb46e5,yes,yes,yes,yes,yes,yes,yes
0053,0053.json,bundle_json,0053.json.ots,a8039c5f55abc236771abaa6e7be8f6bfc115d257a5114f89eb2aad9511e9013,0053.json.ots__time-stamp.json,2026-05-14T03:49:00.545000+00:00,1000000,2026-05-13T09:16:05.223000+00:00,2026-05-14T09:16:05.223000+00:00,a8039c5f55abc236771abaa6e7be8f6bfc115d257a5114f89eb2aad9511e9013,yes,yes,yes,yes,yes,yes,yes
0053,0053.png,bundle_png,0053.png.ots,7a3c1371858c5d2911485eaa8ecbe858a05aef8a618e0455105c91cd975fdadc,0053.png.ots__time-stamp.json,2026-05-14T03:48:58.525000+00:00,1000000,2026-05-13T06:40:25.129000+00:00,2026-05-14T06:40:25.129000+00:00,7a3c1371858c5d2911485eaa8ecbe858a05aef8a618e0455105c91cd975fdadc,yes,yes,yes,yes,yes,yes,yes
0054,0054.json,bundle_json,0054.json.ots,f80f4ed52a02a0a5733bccc053aab9513cc2f60212006409452802bc75adc987,0054.json.ots__time-stamp.json,2026-05-14T03:49:09.605000+00:00,1000000,2026-05-13T07:50:12.083000+00:00,2026-05-14T07:50:12.083000+00:00,f80f4ed52a02a0a5733bccc053aab9513cc2f60212006409452802bc75adc987,yes,yes,yes,yes,yes,yes,yes
0054,0054.png,bundle_png,0054.png.ots,ee43ebf467d0e3197165393f2de3762e646b73212b4a2b35d9a77016739499e2,0054.png.ots__time-stamp.json,2026-05-14T03:49:07.065000+00:00,1000000,2026-05-13T10:58:02.074000+00:00,2026-05-14T10:58:02.074000+00:00,ee43ebf467d0e3197165393f2de3762e646b73212b4a2b35d9a77016739499e2,yes,yes,yes,yes,yes,yes,yes
0055,0055.json,bundle_json,0055.json.ots,f8053a362ffac4d55f21776fe5c7667c4543f0be4cba8d25c446b01743198e72,0055.json.ots__time-stamp.json,2026-05-14T03:49:16.605000+00:00,1000000,2026-05-13T06:14:03.236000+00:00,2026-05-14T06:14:03.236000+00:00,f8053a362ffac4d55f21776fe5c7667c4543f0be4cba8d25c446b01743198e72,yes,yes,yes,yes,yes,yes,yes
0055,0055.png,bundle_png,0055.png.ots,5d5929a3904dc502f456708c2adabbfd68e85ad539fa71100dce05f8022ae443,0055.png.ots__time-stamp.json,2026-05-14T03:49:14.144000+00:00,1000000,2026-05-13T07:50:12.083000+00:00,2026-05-14T07:50:12.083000+00:00,5d5929a3904dc502f456708c2adabbfd68e85ad539fa71100dce05f8022ae443,yes,yes,yes,yes,yes,yes,yes
0056,0056.json,bundle_json,0056.json.ots,62c03ea33c1beac95ee16b1a994664738f658929738e1ca2bb79812864e99f2e,0056.json.ots__time-stamp.json,2026-05-14T03:49:23.645000+00:00,1000000,2026-05-13T06:34:59.170000+00:00,2026-05-14T06:34:59.170000+00:00,62c03ea33c1beac95ee16b1a994664738f658929738e1ca2bb79812864e99f2e,yes,yes,yes,yes,yes,yes,yes
0056,0056.png,bundle_png,0056.png.ots,54c1392db0df1b428ad65499de0b931cf2c1d4ba18daec6f5095f36763df5426,0056.png.ots__time-stamp.json,2026-05-14T03:49:21.644000+00:00,1000000,2026-05-13T07:26:49.378000+00:00,2026-05-14T07:26:49.378000+00:00,54c1392db0df1b428ad65499de0b931cf2c1d4ba18daec6f5095f36763df5426,yes,yes,yes,yes,yes,yes,yes
0057,0057.json,bundle_json,0057.json.ots,25d545312c8dffd3bb1a022b4c6ca679d4cdc0a311cb822365494bfb817fabd5,0057.json.ots__time-stamp.json,2026-05-14T03:49:30.669000+00:00,1000000,2026-05-13T09:43:31.882000+00:00,2026-05-14T09:43:31.882000+00:00,25d545312c8dffd3bb1a022b4c6ca679d4cdc0a311cb822365494bfb817fabd5,yes,yes,yes,yes,yes,yes,yes
0057,0057.png,bundle_png,0057.png.ots,182a05cea28e28f2065fe302f72a7d25ec141214d9ba4405d594efe6f579973b,0057.png.ots__time-stamp.json,2026-05-14T03:49:28.670000+00:00,1000000,2026-05-13T10:01:43.892000+00:00,2026-05-14T10:01:43.892000+00:00,182a05cea28e28f2065fe302f72a7d25ec141214d9ba4405d594efe6f579973b,yes,yes,yes,yes,yes,yes,yes
0058,0058.json,bundle_json,0058.json.ots,3a5de74ab0ec5c021bf79de73558bef2b28d39cbfc114e0d267b10abe9989395,0058.json.ots__time-stamp.json,2026-05-14T03:49:38.690000+00:00,1000000,2026-05-13T07:35:20.866000+00:00,2026-05-14T07:35:20.866000+00:00,3a5de74ab0ec5c021bf79de73558bef2b28d39cbfc114e0d267b10abe9989395,yes,yes,yes,yes,yes,yes,yes
0058,0058.png,bundle_png,0058.png.ots,93a10a038728e3df83acc7502bdbdca3ff0ae8f581d4d244b426cb79aa84216f,0058.png.ots__time-stamp.json,2026-05-14T03:49:36.690000+00:00,1000000,2026-05-13T10:58:02.074000+00:00,2026-05-14T10:58:02.074000+00:00,93a10a038728e3df83acc7502bdbdca3ff0ae8f581d4d244b426cb79aa84216f,yes,yes,yes,yes,yes,yes,yes
0059,0059.json,bundle_json,0059.json.ots,9d24f4ab4ea474ef7c5afc2f0007929e69f43861052dfabdda0c3c071e611d35,0059.json.ots__time-stamp.json,2026-05-14T03:49:47.084000+00:00,1000000,2026-05-13T07:20:03.388000+00:00,2026-05-14T07:20:03.388000+00:00,9d24f4ab4ea474ef7c5afc2f0007929e69f43861052dfabdda0c3c071e611d35,yes,yes,yes,yes,yes,yes,yes
0059,0059.png,bundle_png,0059.png.ots,cb4e145347567a06b168b0599958f32c5715e8dd2c4b83f25ee5e6a4ae6998f4,0059.png.ots__time-stamp.json,2026-05-14T03:49:44.685000+00:00,1000000,2026-05-13T07:50:12.083000+00:00,2026-05-14T07:50:12.083000+00:00,cb4e145347567a06b168b0599958f32c5715e8dd2c4b83f25ee5e6a4ae6998f4,yes,yes,yes,yes,yes,yes,yes
0060,0060.json,bundle_json,0060.json.ots,dbb5b5c4bd6cba3152533b49559fd12a6fc0b578e5143118722a42879a67c25a,0060.json.ots__time-stamp.json,2026-05-14T03:49:53.729000+00:00,1000000,2026-05-13T09:43:31.882000+00:00,2026-05-14T09:43:31.882000+00:00,dbb5b5c4bd6cba3152533b49559fd12a6fc0b578e5143118722a42879a67c25a,yes,yes,yes,yes,yes,yes,yes
0060,0060.png,bundle_png,0060.png.ots,6bb179ac0747062149491c81956825cbec7c3a97030ee4df5b9e1a16d2a436c2,0060.png.ots__time-stamp.json,2026-05-14T03:49:51.704000+00:00,1000000,2026-05-13T11:50:24.007000+00:00,2026-05-14T11:50:24.007000+00:00,6bb179ac0747062149491c81956825cbec7c3a97030ee4df5b9e1a16d2a436c2,yes,yes,yes,yes,yes,yes,yes
0061,0061.json,bundle_json,0061.json.ots,671c19b288fcef10fb020e61c94f75cba81af716396628738f59ea59625a40ed,0061.json.ots__time-stamp.json,2026-05-14T03:50:01.764000+00:00,1000000,2026-05-13T06:31:59.305000+00:00,2026-05-14T06:31:59.305000+00:00,671c19b288fcef10fb020e61c94f75cba81af716396628738f59ea59625a40ed,yes,yes,yes,yes,yes,yes,yes
0061,0061.png,bundle_png,0061.png.ots,e80bc23dbe949cd208a761989b862e9d604b8992a13556b7e5b00a86828f4e2b,0061.png.ots__time-stamp.json,2026-05-14T03:49:59.750000+00:00,1000000,2026-05-13T10:49:29.465000+00:00,2026-05-14T10:49:29.465000+00:00,e80bc23dbe949cd208a761989b862e9d604b8992a13556b7e5b00a86828f4e2b,yes,yes,yes,yes,yes,yes,yes
0062,0062.json,bundle_json,0062.json.ots,3ef1cffddd9bb792ffbbdda2cb2ecbddbdbb7a92ff06ba94378807bcc038094c,0062.json.ots__time-stamp.json,2026-05-14T03:50:08.789000+00:00,1000000,2026-05-13T07:26:49.378000+00:00,2026-05-14T07:26:49.378000+00:00,3ef1cffddd9bb792ffbbdda2cb2ecbddbdbb7a92ff06ba94378807bcc038094c,yes,yes,yes,yes,yes,yes,yes
0062,0062.png,bundle_png,0062.png.ots,6a23aaae717b34a68b21b7327209a7cc92fc42220080cabce0ea7d27fe6e84d7,0062.png.ots__time-stamp.json,2026-05-14T03:50:06.785000+00:00,1000000,2026-05-13T07:50:12.083000+00:00,2026-05-14T07:50:12.083000+00:00,6a23aaae717b34a68b21b7327209a7cc92fc42220080cabce0ea7d27fe6e84d7,yes,yes,yes,yes,yes,yes,yes
0063,0063.json,bundle_json,0063.json.ots,bfadf91e5b4a267dfe5b004c9dd15775f86976b63d250ec2a25520d0119f0b4b,0063.json.ots__time-stamp.json,2026-05-14T03:50:16.845000+00:00,1000000,2026-05-13T10:49:29.465000+00:00,2026-05-14T10:49:29.465000+00:00,bfadf91e5b4a267dfe5b004c9dd15775f86976b63d250ec2a25520d0119f0b4b,yes,yes,yes,yes,yes,yes,yes
0063,0063.png,bundle_png,0063.png.ots,0ff8ff3e618ece16c264a835e0e816049ca461775c18825b43547f2ed16314dc,0063.png.ots__time-stamp.json,2026-05-14T03:50:14.825000+00:00,1000000,2026-05-13T08:23:50.532000+00:00,2026-05-14T08:23:50.532000+00:00,0ff8ff3e618ece16c264a835e0e816049ca461775c18825b43547f2ed16314dc,yes,yes,yes,yes,yes,yes,yes
0064,0064.json,bundle_json,0064.json.ots,b3b6ed9f66a80f2e31e74a97c522c04230b05409683b174a9622df41f2c4c7bd,0064.json.ots__time-stamp.json,2026-05-14T03:50:25.865000+00:00,1000000,2026-05-13T07:50:12.083000+00:00,2026-05-14T07:50:12.083000+00:00,b3b6ed9f66a80f2e31e74a97c522c04230b05409683b174a9622df41f2c4c7bd,yes,yes,yes,yes,yes,yes,yes
0064,0064.png,bundle_png,0064.png.ots,cc6f20712b637679e25417ba76cd29a3010a73f2f8dafe242d0e3a170fcdbabd,0064.png.ots__time-stamp.json,2026-05-14T03:50:23.645000+00:00,1000000,2026-05-13T06:14:03.236000+00:00,2026-05-14T06:14:03.236000+00:00,cc6f20712b637679e25417ba76cd29a3010a73f2f8dafe242d0e3a170fcdbabd,yes,yes,yes,yes,yes,yes,yes
0065,0065.json,bundle_json,0065.json.ots,f6fc1d44f1cdc735646acf9f36aaa5359c5ffdacc2c4ab168b852a08179d795c,0065.json.ots__time-stamp.json,2026-05-14T03:50:34.185000+00:00,1000000,2026-05-13T11:50:24.007000+00:00,2026-05-14T11:50:24.007000+00:00,f6fc1d44f1cdc735646acf9f36aaa5359c5ffdacc2c4ab168b852a08179d795c,yes,yes,yes,yes,yes,yes,yes
0065,0065.png,bundle_png,0065.png.ots,82a335684070f0ba78db4aec925416ccce10a4ac090b0248c1114f3d663fd0df,0065.png.ots__time-stamp.json,2026-05-14T03:50:30.865000+00:00,1000000,2026-05-13T09:16:05.223000+00:00,2026-05-14T09:16:05.223000+00:00,82a335684070f0ba78db4aec925416ccce10a4ac090b0248c1114f3d663fd0df,yes,yes,yes,yes,yes,yes,yes
0066,0066.json,bundle_json,0066.json.ots,06eb97e72877c63d066cacea2b42bad325f78c1ffbcf094d4e230617fa09ea45,0066.json.ots__time-stamp.json,2026-05-14T03:50:40.645000+00:00,1000000,2026-05-13T09:16:05.223000+00:00,2026-05-14T09:16:05.223000+00:00,06eb97e72877c63d066cacea2b42bad325f78c1ffbcf094d4e230617fa09ea45,yes,yes,yes,yes,yes,yes,yes
0066,0066.png,bundle_png,0066.png.ots,cda767f94aaa72611afcb6aeca548fc63ee6197e7d249ae17870d993f6d5dd65,0066.png.ots__time-stamp.json,2026-05-14T03:50:37.964000+00:00,1000000,2026-05-13T11:50:24.007000+00:00,2026-05-14T11:50:24.007000+00:00,cda767f94aaa72611afcb6aeca548fc63ee6197e7d249ae17870d993f6d5dd65,yes,yes,yes,yes,yes,yes,yes
0067,0067.json,bundle_json,0067.json.ots,627c89fec19cc0c08a26e493b05148286a5c359d62a1477f02c16a31e00f5a9c,0067.json.ots__time-stamp.json,2026-05-14T03:50:48.244000+00:00,1000000,2026-05-13T06:31:59.305000+00:00,2026-05-14T06:31:59.305000+00:00,627c89fec19cc0c08a26e493b05148286a5c359d62a1477f02c16a31e00f5a9c,yes,yes,yes,yes,yes,yes,yes
0067,0067.png,bundle_png,0067.png.ots,3a5d18914af3f4111b523ee4aa2cd1ef1fd67491bb0e62ff8db979948badb484,0067.png.ots__time-stamp.json,2026-05-14T03:50:45.924000+00:00,1000000,2026-05-13T07:35:20.866000+00:00,2026-05-14T07:35:20.866000+00:00,3a5d18914af3f4111b523ee4aa2cd1ef1fd67491bb0e62ff8db979948badb484,yes,yes,yes,yes,yes,yes,yes
0068,0068.json,bundle_json,0068.json.ots,7ab55e63791c1703e3e68a4450525881cfa8672ee713626c6af698e10650c1eb,0068.json.ots__time-stamp.json,2026-05-14T03:50:55.924000+00:00,1000000,2026-05-13T09:43:31.882000+00:00,2026-05-14T09:43:31.882000+00:00,7ab55e63791c1703e3e68a4450525881cfa8672ee713626c6af698e10650c1eb,yes,yes,yes,yes,yes,yes,yes
0068,0068.png,bundle_png,0068.png.ots,deb1762651e07e5b2a0a7a7c300cb6a8f362852fb6abd01b7d1f8848d4ae2921,0068.png.ots__time-stamp.json,2026-05-14T03:50:53.250000+00:00,1000000,2026-05-13T10:58:02.074000+00:00,2026-05-14T10:58:02.074000+00:00,deb1762651e07e5b2a0a7a7c300cb6a8f362852fb6abd01b7d1f8848d4ae2921,yes,yes,yes,yes,yes,yes,yes
0069,0069.json,bundle_json,0069.json.ots,22f42f914ac33499ea87e8431f42c5c3598f01d9a1c4b2935f5a083443789e6f,0069.json.ots__time-stamp.json,2026-05-14T03:51:03.284000+00:00,1000000,2026-05-13T07:26:49.378000+00:00,2026-05-14T07:26:49.378000+00:00,22f42f914ac33499ea87e8431f42c5c3598f01d9a1c4b2935f5a083443789e6f,yes,yes,yes,yes,yes,yes,yes
0069,0069.png,bundle_png,0069.png.ots,1380b6354e4feaced7c8877a0104b24070a143e8b1b7bc61a49106a7236ea5b7,0069.png.ots__time-stamp.json,2026-05-14T03:51:00.965000+00:00,1000000,2026-05-13T06:14:03.236000+00:00,2026-05-14T06:14:03.236000+00:00,1380b6354e4feaced7c8877a0104b24070a143e8b1b7bc61a49106a7236ea5b7,yes,yes,yes,yes,yes,yes,yes
0070,0070.json,bundle_json,0070.json.ots,53903dcfa6e7ca544fc615413db15606eac160c7beeb31b52e493226b3dff33b,0070.json.ots__time-stamp.json,2026-05-14T03:51:11.989000+00:00,1000000,2026-05-13T07:26:49.378000+00:00,2026-05-14T07:26:49.378000+00:00,53903dcfa6e7ca544fc615413db15606eac160c7beeb31b52e493226b3dff33b,yes,yes,yes,yes,yes,yes,yes
0070,0070.png,bundle_png,0070.png.ots,e6e59783948a0790623ef81f7e283554dc7990e1dc2ed87a4c23c12b67b26a45,0070.png.ots__time-stamp.json,2026-05-14T03:51:08.965000+00:00,1000000,2026-05-13T07:50:12.083000+00:00,2026-05-14T07:50:12.083000+00:00,e6e59783948a0790623ef81f7e283554dc7990e1dc2ed87a4c23c12b67b26a45,yes,yes,yes,yes,yes,yes,yes
0071,0071.json,bundle_json,0071.json.ots,674f88d08e6724ea2d0d9dd7587b659836211be56423dcf7bbb634273eccba06,0071.json.ots__time-stamp.json,2026-05-14T03:51:22.485000+00:00,1000000,2026-05-13T08:23:50.532000+00:00,2026-05-14T08:23:50.532000+00:00,674f88d08e6724ea2d0d9dd7587b659836211be56423dcf7bbb634273eccba06,yes,yes,yes,yes,yes,yes,yes
0071,0071.png,bundle_png,0071.png.ots,3fcc5360f10569b0161747df5a57a30a89533a6ded10da4eaf89700b8cd41339,0071.png.ots__time-stamp.json,2026-05-14T03:51:17.010000+00:00,1000000,2026-05-13T07:42:55.719000+00:00,2026-05-14T07:42:55.719000+00:00,3fcc5360f10569b0161747df5a57a30a89533a6ded10da4eaf89700b8cd41339,yes,yes,yes,yes,yes,yes,yes
0072,0072.json,bundle_json,0072.json.ots,f1eff00d7254cbd6b8130724451c407b77649f302d95b6ac7db94d761badfc9e,0072.json.ots__time-stamp.json,2026-05-14T03:51:28.044000+00:00,1000000,2026-05-13T07:50:12.083000+00:00,2026-05-14T07:50:12.083000+00:00,f1eff00d7254cbd6b8130724451c407b77649f302d95b6ac7db94d761badfc9e,yes,yes,yes,yes,yes,yes,yes
0072,0072.png,bundle_png,0072.png.ots,1410a9c146a3bf131ab8ed900af574ac20c1cd10c009c25a01f00b8f6baeac99,0072.png.ots__time-stamp.json,2026-05-14T03:51:25.044000+00:00,1000000,2026-05-13T07:26:49.378000+00:00,2026-05-14T07:26:49.378000+00:00,1410a9c146a3bf131ab8ed900af574ac20c1cd10c009c25a01f00b8f6baeac99,yes,yes,yes,yes,yes,yes,yes
0073,0073.json,bundle_json,0073.json.ots,0fc7194e86625a3a7455e7e1dfeb607ebf45a0af3cc18268e7b6cfaacffa92f7,0073.json.ots__time-stamp.json,2026-05-14T03:51:35.084000+00:00,1000000,2026-05-13T11:50:24.007000+00:00,2026-05-14T11:50:24.007000+00:00,0fc7194e86625a3a7455e7e1dfeb607ebf45a0af3cc18268e7b6cfaacffa92f7,yes,yes,yes,yes,yes,yes,yes
0073,0073.png,bundle_png,0073.png.ots,176e466715bc46323b838f983dbb673c0c743f07f5ef5b89256e3b5875c5c3be,0073.png.ots__time-stamp.json,2026-05-14T03:51:32.090000+00:00,1000000,2026-05-13T10:49:29.465000+00:00,2026-05-14T10:49:29.465000+00:00,176e466715bc46323b838f983dbb673c0c743f07f5ef5b89256e3b5875c5c3be,yes,yes,yes,yes,yes,yes,yes
0074,0074.json,bundle_json,0074.json.ots,433800032f73642a43caa4a7d79c39d9713e45126385bb85ea6f0b1d96a1499e,0074.json.ots__time-stamp.json,2026-05-14T03:51:43.785000+00:00,1000000,2026-05-13T09:16:05.223000+00:00,2026-05-14T09:16:05.223000+00:00,433800032f73642a43caa4a7d79c39d9713e45126385bb85ea6f0b1d96a1499e,yes,yes,yes,yes,yes,yes,yes
0074,0074.png,bundle_png,0074.png.ots,e074f2ca4d5921e60e1c1f4fe9ce84f5c3800385d74529bafd19644a61e3ee97,0074.png.ots__time-stamp.json,2026-05-14T03:51:40.084000+00:00,1000000,2026-05-13T06:34:59.170000+00:00,2026-05-14T06:34:59.170000+00:00,e074f2ca4d5921e60e1c1f4fe9ce84f5c3800385d74529bafd19644a61e3ee97,yes,yes,yes,yes,yes,yes,yes
0075,0075.json,bundle_json,0075.json.ots,dfe51e09ea156e8aae2b71619806e8a57f41a95113b0fa5b05715bd7b1c7ec04,0075.json.ots__time-stamp.json,2026-05-14T03:51:49.825000+00:00,1000000,2026-05-13T06:34:59.170000+00:00,2026-05-14T06:34:59.170000+00:00,dfe51e09ea156e8aae2b71619806e8a57f41a95113b0fa5b05715bd7b1c7ec04,yes,yes,yes,yes,yes,yes,yes
0075,0075.png,bundle_png,0075.png.ots,b3e2aebd46e47a7913f435652b8060950a4b3ec1a42b4ef663ca4f768c937e6b,0075.png.ots__time-stamp.json,2026-05-14T03:51:47.105000+00:00,1000000,2026-05-13T07:42:55.719000+00:00,2026-05-14T07:42:55.719000+00:00,b3e2aebd46e47a7913f435652b8060950a4b3ec1a42b4ef663ca4f768c937e6b,yes,yes,yes,yes,yes,yes,yes
0076,0076.json,bundle_json,0076.json.ots,ce5b62154dc18da9e0facdbd111ac6f636d390d0491c43c0488833ec33fe335c,0076.json.ots__time-stamp.json,2026-05-14T03:51:57.885000+00:00,1000000,2026-05-13T06:14:03.236000+00:00,2026-05-14T06:14:03.236000+00:00,ce5b62154dc18da9e0facdbd111ac6f636d390d0491c43c0488833ec33fe335c,yes,yes,yes,yes,yes,yes,yes
0076,0076.png,bundle_png,0076.png.ots,8acf2a02dc0dea447e24badb0de2be89d57ce9d636c378d17916c2b2be8a1aeb,0076.png.ots__time-stamp.json,2026-05-14T03:51:55.124000+00:00,1000000,2026-05-13T11:50:24.007000+00:00,2026-05-14T11:50:24.007000+00:00,8acf2a02dc0dea447e24badb0de2be89d57ce9d636c378d17916c2b2be8a1aeb,yes,yes,yes,yes,yes,yes,yes
0077,0077.json,bundle_json,0077.json.ots,cb9c5dbc14313ae744443d7f4dd16cdb2753d0bffde0ac6b05938fdb5f8e21ba,0077.json.ots__time-stamp.json,2026-05-14T03:52:06.185000+00:00,1000000,2026-05-13T07:35:20.866000+00:00,2026-05-14T07:35:20.866000+00:00,cb9c5dbc14313ae744443d7f4dd16cdb2753d0bffde0ac6b05938fdb5f8e21ba,yes,yes,yes,yes,yes,yes,yes
0077,0077.png,bundle_png,0077.png.ots,549536269cdee7b60fe7ba2bea435664c3263d1a02bc2c997d61af75c553baee,0077.png.ots__time-stamp.json,2026-05-14T03:52:03.205000+00:00,1000000,2026-05-13T09:16:05.223000+00:00,2026-05-14T09:16:05.223000+00:00,549536269cdee7b60fe7ba2bea435664c3263d1a02bc2c997d61af75c553baee,yes,yes,yes,yes,yes,yes,yes
0078,0078.json,bundle_json,0078.json.ots,592f364513556fe41fc061fb18d09249177bccb1c25769ea2fb67a86616a04c6,0078.json.ots__time-stamp.json,2026-05-14T03:52:12.184000+00:00,1000000,2026-05-13T06:40:25.129000+00:00,2026-05-14T06:40:25.129000+00:00,592f364513556fe41fc061fb18d09249177bccb1c25769ea2fb67a86616a04c6,yes,yes,yes,yes,yes,yes,yes
0078,0078.png,bundle_png,0078.png.ots,4eecd2157ea03c80147466829f8c1a73f1c8b83a51e42f964717de89978b966c,0078.png.ots__time-stamp.json,2026-05-14T03:52:10.190000+00:00,1000000,2026-05-13T06:34:59.170000+00:00,2026-05-14T06:34:59.170000+00:00,4eecd2157ea03c80147466829f8c1a73f1c8b83a51e42f964717de89978b966c,yes,yes,yes,yes,yes,yes,yes
0079,0079.json,bundle_json,0079.json.ots,4161c534613d28c3e9a8e10e11f9957161cdb233c754183b08e962a810679bd4,0079.json.ots__time-stamp.json,2026-05-14T03:52:20.190000+00:00,1000000,2026-05-13T07:50:12.083000+00:00,2026-05-14T07:50:12.083000+00:00,4161c534613d28c3e9a8e10e11f9957161cdb233c754183b08e962a810679bd4,yes,yes,yes,yes,yes,yes,yes
0079,0079.png,bundle_png,0079.png.ots,54d072c609fa347685eaf799a36203bda3305fe99185c37267ea39bd7891da2c,0079.png.ots__time-stamp.json,2026-05-14T03:52:18.184000+00:00,1000000,2026-05-13T06:34:59.170000+00:00,2026-05-14T06:34:59.170000+00:00,54d072c609fa347685eaf799a36203bda3305fe99185c37267ea39bd7891da2c,yes,yes,yes,yes,yes,yes,yes
0080,0080.json,bundle_json,0080.json.ots,213ccdeaf002fb73dfdb9b3b05ae7c8606699d0b6cbd5bf6774aca754ddf992b,0080.json.ots__time-stamp.json,2026-05-14T03:52:27.224000+00:00,1000000,2026-05-13T07:32:13.637000+00:00,2026-05-14T07:32:13.637000+00:00,213ccdeaf002fb73dfdb9b3b05ae7c8606699d0b6cbd5bf6774aca754ddf992b,yes,yes,yes,yes,yes,yes,yes
0080,0080.png,bundle_png,0080.png.ots,86b9e8672e1bf9b961fc6c769c8f15ad195c39145a5b07b2a2da5e9bbe7dd5f3,0080.png.ots__time-stamp.json,2026-05-14T03:52:25.253000+00:00,1000000,2026-05-13T07:26:49.378000+00:00,2026-05-14T07:26:49.378000+00:00,86b9e8672e1bf9b961fc6c769c8f15ad195c39145a5b07b2a2da5e9bbe7dd5f3,yes,yes,yes,yes,yes,yes,yes
0081,0081.json,bundle_json,0081.json.ots,f7cf4ea062c13486e2cf0a4f463541bdb51d044c612e517b8321b79eb92eda6e,0081.json.ots__time-stamp.json,2026-05-14T03:52:35.230000+00:00,1000000,2026-05-13T07:35:20.866000+00:00,2026-05-14T07:35:20.866000+00:00,f7cf4ea062c13486e2cf0a4f463541bdb51d044c612e517b8321b79eb92eda6e,yes,yes,yes,yes,yes,yes,yes
0081,0081.png,bundle_png,0081.png.ots,012c16feba71d58ab90518164586f0db10c8c89f4fb2edc8fddb4d3a7e9e7d90,0081.png.ots__time-stamp.json,2026-05-14T03:52:33.242000+00:00,1000000,2026-05-13T07:35:20.866000+00:00,2026-05-14T07:35:20.866000+00:00,012c16feba71d58ab90518164586f0db10c8c89f4fb2edc8fddb4d3a7e9e7d90,yes,yes,yes,yes,yes,yes,yes
0082,0082.json,bundle_json,0082.json.ots,92db88dbfce5313a0076cf15deb65711fd87dc33e7da9863c9095c70291594aa,0082.json.ots__time-stamp.json,2026-05-14T03:52:43.305000+00:00,1000000,2026-05-13T07:20:03.388000+00:00,2026-05-14T07:20:03.388000+00:00,92db88dbfce5313a0076cf15deb65711fd87dc33e7da9863c9095c70291594aa,yes,yes,yes,yes,yes,yes,yes
0082,0082.png,bundle_png,0082.png.ots,caaf2a859ecb0d5fff38db6cc9f15ccd1ab1d733e04c1dc5e558b678b74c0944,0082.png.ots__time-stamp.json,2026-05-14T03:52:41.290000+00:00,1000000,2026-05-13T07:42:55.719000+00:00,2026-05-14T07:42:55.719000+00:00,caaf2a859ecb0d5fff38db6cc9f15ccd1ab1d733e04c1dc5e558b678b74c0944,yes,yes,yes,yes,yes,yes,yes
0083,0083.json,bundle_json,0083.json.ots,e389bf6f1fc0223a38167f3b30a0175c1fd0962e6a83a89b0be38a14fe1d65ad,0083.json.ots__time-stamp.json,2026-05-14T03:52:51.550000+00:00,1000000,2026-05-13T06:14:03.236000+00:00,2026-05-14T06:14:03.236000+00:00,e389bf6f1fc0223a38167f3b30a0175c1fd0962e6a83a89b0be38a14fe1d65ad,yes,yes,yes,yes,yes,yes,yes
0083,0083.png,bundle_png,0083.png.ots,13e30432509cdc95c98e76531531de93dbd82927fa809f66ce7ab96504eaaddd,0083.png.ots__time-stamp.json,2026-05-14T03:52:49.327000+00:00,1000000,2026-05-13T07:26:49.378000+00:00,2026-05-14T07:26:49.378000+00:00,13e30432509cdc95c98e76531531de93dbd82927fa809f66ce7ab96504eaaddd,yes,yes,yes,yes,yes,yes,yes
0084,0084.json,bundle_json,0084.json.ots,4229d354aef4ff161797c204198cca56580f9106b18abeb9aaafa931065118ee,0084.json.ots__time-stamp.json,2026-05-14T03:53:00.345000+00:00,1000000,2026-05-13T10:58:02.074000+00:00,2026-05-14T10:58:02.074000+00:00,4229d354aef4ff161797c204198cca56580f9106b18abeb9aaafa931065118ee,yes,yes,yes,yes,yes,yes,yes
0084,0084.png,bundle_png,0084.png.ots,8514db4918b7d89b41c4df662cc2ad121a22b459db0a059e0212950b8e6fc651,0084.png.ots__time-stamp.json,2026-05-14T03:52:57.330000+00:00,1000000,2026-05-13T10:58:02.074000+00:00,2026-05-14T10:58:02.074000+00:00,8514db4918b7d89b41c4df662cc2ad121a22b459db0a059e0212950b8e6fc651,yes,yes,yes,yes,yes,yes,yes
0085,0085.json,bundle_json,0085.json.ots,8cf9cfa90767b6854054a45a13c4b7c8264a5a1eea5730b0c051e1b4c78023a2,0085.json.ots__time-stamp.json,2026-05-14T03:53:07.685000+00:00,1000000,2026-05-13T10:01:43.892000+00:00,2026-05-14T10:01:43.892000+00:00,8cf9cfa90767b6854054a45a13c4b7c8264a5a1eea5730b0c051e1b4c78023a2,yes,yes,yes,yes,yes,yes,yes
0085,0085.png,bundle_png,0085.png.ots,49c835525890b67bc958787624b960818b6da2b5d22ec5ba4c0f35276c7032ee,0085.png.ots__time-stamp.json,2026-05-14T03:53:05.345000+00:00,1000000,2026-05-13T10:49:29.465000+00:00,2026-05-14T10:49:29.465000+00:00,49c835525890b67bc958787624b960818b6da2b5d22ec5ba4c0f35276c7032ee,yes,yes,yes,yes,yes,yes,yes
0086,0086.json,bundle_json,0086.json.ots,314fc29104790226bf9df20f5de49dae44bf17081efb1edb0d5a1387c9bb02b0,0086.json.ots__time-stamp.json,2026-05-14T03:53:15.365000+00:00,1000000,2026-05-13T07:50:12.083000+00:00,2026-05-14T07:50:12.083000+00:00,314fc29104790226bf9df20f5de49dae44bf17081efb1edb0d5a1387c9bb02b0,yes,yes,yes,yes,yes,yes,yes
0086,0086.png,bundle_png,0086.png.ots,8b80614885a9148c826a9f31a9792e6d1d8c6a75754936e3f35cb82590a41c51,0086.png.ots__time-stamp.json,2026-05-14T03:53:12.685000+00:00,1000000,2026-05-13T06:40:25.129000+00:00,2026-05-14T06:40:25.129000+00:00,8b80614885a9148c826a9f31a9792e6d1d8c6a75754936e3f35cb82590a41c51,yes,yes,yes,yes,yes,yes,yes
0087,0087.json,bundle_json,0087.json.ots,ad89b04189af32b033f69f8e353b7bdf1470a476111272f03372a61db3eb4c14,0087.json.ots__time-stamp.json,2026-05-14T03:53:23.390000+00:00,1000000,2026-05-13T07:32:13.637000+00:00,2026-05-14T07:32:13.637000+00:00,ad89b04189af32b033f69f8e353b7bdf1470a476111272f03372a61db3eb4c14,yes,yes,yes,yes,yes,yes,yes
0087,0087.png,bundle_png,0087.png.ots,c345642939ba04a088ba415d5f2cec1e5422f2fa81caced7107a71f54ae53b90,0087.png.ots__time-stamp.json,2026-05-14T03:53:20.359000+00:00,1000000,2026-05-13T06:34:59.170000+00:00,2026-05-14T06:34:59.170000+00:00,c345642939ba04a088ba415d5f2cec1e5422f2fa81caced7107a71f54ae53b90,yes,yes,yes,yes,yes,yes,yes
0088,0088.json,bundle_json,0088.json.ots,b48026cdbf424b535b20c6c07b4b2d5b12c8c943065eabff458316101c2e7518,0088.json.ots__time-stamp.json,2026-05-14T03:53:31.410000+00:00,1000000,2026-05-13T07:42:55.719000+00:00,2026-05-14T07:42:55.719000+00:00,b48026cdbf424b535b20c6c07b4b2d5b12c8c943065eabff458316101c2e7518,yes,yes,yes,yes,yes,yes,yes
0088,0088.png,bundle_png,0088.png.ots,956ac564b0c4e086750ba4ed7ea4663e11b204f8d2a205aa194845774026a141,0088.png.ots__time-stamp.json,2026-05-14T03:53:28.404000+00:00,1000000,2026-05-13T06:31:59.305000+00:00,2026-05-14T06:31:59.305000+00:00,956ac564b0c4e086750ba4ed7ea4663e11b204f8d2a205aa194845774026a141,yes,yes,yes,yes,yes,yes,yes
0089,0089.json,bundle_json,0089.json.ots,26b96ee7bd967cde873041f443a708c90d3c4c9f8703e3d6b2c23d2ce9e39d40,0089.json.ots__time-stamp.json,2026-05-14T03:53:38.425000+00:00,1000000,2026-05-13T07:32:13.637000+00:00,2026-05-14T07:32:13.637000+00:00,26b96ee7bd967cde873041f443a708c90d3c4c9f8703e3d6b2c23d2ce9e39d40,yes,yes,yes,yes,yes,yes,yes
0089,0089.png,bundle_png,0089.png.ots,75cf82500d27bb3c3c2c6fe2f4052ebfd1997bab66f6f12e8ce0facb90bf7922,0089.png.ots__time-stamp.json,2026-05-14T03:53:35.745000+00:00,1000000,2026-05-13T10:49:29.465000+00:00,2026-05-14T10:49:29.465000+00:00,75cf82500d27bb3c3c2c6fe2f4052ebfd1997bab66f6f12e8ce0facb90bf7922,yes,yes,yes,yes,yes,yes,yes
0090,0090.json,bundle_json,0090.json.ots,5e5ececdf940cb3af141f127d09972e6b3ec77b12a2c27b1f3eed1fade2cd062,0090.json.ots__time-stamp.json,2026-05-14T03:53:45.750000+00:00,1000000,2026-05-13T07:42:55.719000+00:00,2026-05-14T07:42:55.719000+00:00,5e5ececdf940cb3af141f127d09972e6b3ec77b12a2c27b1f3eed1fade2cd062,yes,yes,yes,yes,yes,yes,yes
0090,0090.png,bundle_png,0090.png.ots,55670f836892b3a0c7abc4ad488e632a500520754fbd8e5a9f9733611109cef9,0090.png.ots__time-stamp.json,2026-05-14T03:53:43.425000+00:00,1000000,2026-05-13T10:49:29.465000+00:00,2026-05-14T10:49:29.465000+00:00,55670f836892b3a0c7abc4ad488e632a500520754fbd8e5a9f9733611109cef9,yes,yes,yes,yes,yes,yes,yes
0091,0091.json,bundle_json,0091.json.ots,2e3249acdff4fdbcdce70edc295faf84d50687d9ac66c868f00750891ca16253,0091.json.ots__time-stamp.json,2026-05-14T03:53:53.469000+00:00,1000000,2026-05-13T07:32:13.637000+00:00,2026-05-14T07:32:13.637000+00:00,2e3249acdff4fdbcdce70edc295faf84d50687d9ac66c868f00750891ca16253,yes,yes,yes,yes,yes,yes,yes
0091,0091.png,bundle_png,0091.png.ots,046258c42a62985dade01070f80bc274f2a248477a90b16183b3deb1b610df32,0091.png.ots__time-stamp.json,2026-05-14T03:53:50.769000+00:00,1000000,2026-05-13T08:23:50.532000+00:00,2026-05-14T08:23:50.532000+00:00,046258c42a62985dade01070f80bc274f2a248477a90b16183b3deb1b610df32,yes,yes,yes,yes,yes,yes,yes
0092,0092.json,bundle_json,0092.json.ots,fb4ea21839819c9086597aa02cbdd8baa4c3157984f5d47bcfc5c36d1211d767,0092.json.ots__time-stamp.json,2026-05-14T03:54:01.490000+00:00,1000000,2026-05-13T23:25:23.999000+00:00,2026-05-14T23:25:23.999000+00:00,fb4ea21839819c9086597aa02cbdd8baa4c3157984f5d47bcfc5c36d1211d767,yes,yes,yes,yes,yes,yes,yes
0092,0092.png,bundle_png,0092.png.ots,cc8d7e2bc16bb8109edc126fd90a94e18678f3ee59b7d1530decef8176cda73e,0092.png.ots__time-stamp.json,2026-05-14T03:53:58.770000+00:00,1000000,2026-05-13T07:50:12.083000+00:00,2026-05-14T07:50:12.083000+00:00,cc8d7e2bc16bb8109edc126fd90a94e18678f3ee59b7d1530decef8176cda73e,yes,yes,yes,yes,yes,yes,yes
0093,0093.json,bundle_json,0093.json.ots,2c3545f16fcb7734d0205fc31dacaf4b6e290be425226008aaadc14e81aa4c9e,0093.json.ots__time-stamp.json,2026-05-14T03:54:09.525000+00:00,1000000,2026-05-13T06:14:03.236000+00:00,2026-05-14T06:14:03.236000+00:00,2c3545f16fcb7734d0205fc31dacaf4b6e290be425226008aaadc14e81aa4c9e,yes,yes,yes,yes,yes,yes,yes
0093,0093.png,bundle_png,0093.png.ots,22bb3a4e83c8c685a58ce49782f501126f8401e2550a3c907cc26b94e12ba9dd,0093.png.ots__time-stamp.json,2026-05-14T03:54:06.505000+00:00,1000000,2026-05-13T11:50:24.007000+00:00,2026-05-14T11:50:24.007000+00:00,22bb3a4e83c8c685a58ce49782f501126f8401e2550a3c907cc26b94e12ba9dd,yes,yes,yes,yes,yes,yes,yes
0094,0094.json,bundle_json,0094.json.ots,df39581f22007fad7035cb622cfb4e380095b300c787aee9bc869084a93a8c51,0094.json.ots__time-stamp.json,2026-05-14T03:54:16.565000+00:00,1000000,2026-05-13T07:42:55.719000+00:00,2026-05-14T07:42:55.719000+00:00,df39581f22007fad7035cb622cfb4e380095b300c787aee9bc869084a93a8c51,yes,yes,yes,yes,yes,yes,yes
0094,0094.png,bundle_png,0094.png.ots,2ddfe4ea0a4cbb2295b6865efe324334f6dd93e4a3e72f3c6c206ff5718acea3,0094.png.ots__time-stamp.json,2026-05-14T03:54:13.884000+00:00,1000000,2026-05-13T07:20:03.388000+00:00,2026-05-14T07:20:03.388000+00:00,2ddfe4ea0a4cbb2295b6865efe324334f6dd93e4a3e72f3c6c206ff5718acea3,yes,yes,yes,yes,yes,yes,yes
0095,0095.json,bundle_json,0095.json.ots,315745fc432b7dd89a48aa47e7f9c020ab2000528dd2501877c31bea88ca9e57,0095.json.ots__time-stamp.json,2026-05-14T03:54:24.605000+00:00,1000000,2026-05-13T06:14:03.236000+00:00,2026-05-14T06:14:03.236000+00:00,315745fc432b7dd89a48aa47e7f9c020ab2000528dd2501877c31bea88ca9e57,yes,yes,yes,yes,yes,yes,yes
0095,0095.png,bundle_png,0095.png.ots,fa41e5974858ad8af35cc66c27720a776dc187339cd619525ee246458ff4ab29,0095.png.ots__time-stamp.json,2026-05-14T03:54:21.565000+00:00,1000000,2026-05-13T07:42:55.719000+00:00,2026-05-14T07:42:55.719000+00:00,fa41e5974858ad8af35cc66c27720a776dc187339cd619525ee246458ff4ab29,yes,yes,yes,yes,yes,yes,yes
0096,0096.json,bundle_json,0096.json.ots,f3a4645791cc65d322990002188fef7e1911df750ae287ed19edf07c95f815f2,0096.json.ots__time-stamp.json,2026-05-14T03:54:31.730000+00:00,1000000,2026-05-13T08:23:50.532000+00:00,2026-05-14T08:23:50.532000+00:00,f3a4645791cc65d322990002188fef7e1911df750ae287ed19edf07c95f815f2,yes,yes,yes,yes,yes,yes,yes
0096,0096.png,bundle_png,0096.png.ots,40166646c0914cc7af421ca3f5949814cd1f66b3a3380b158279feaea4022634,0096.png.ots__time-stamp.json,2026-05-14T03:54:29.625000+00:00,1000000,2026-05-13T10:58:02.074000+00:00,2026-05-14T10:58:02.074000+00:00,40166646c0914cc7af421ca3f5949814cd1f66b3a3380b158279feaea4022634,yes,yes,yes,yes,yes,yes,yes
0097,0097.json,bundle_json,0097.json.ots,b6c6ee83be56fb152951826a18bdc04c51ae98d05d5f1dd1bdd9272e92570408,0097.json.ots__time-stamp.json,2026-05-14T03:54:38.745000+00:00,1000000,2026-05-13T07:32:13.637000+00:00,2026-05-14T07:32:13.637000+00:00,b6c6ee83be56fb152951826a18bdc04c51ae98d05d5f1dd1bdd9272e92570408,yes,yes,yes,yes,yes,yes,yes
0097,0097.png,bundle_png,0097.png.ots,98efd8d1e29f437a487f070b4413889d2b32e274c791a1e6c3a32baa459e65d3,0097.png.ots__time-stamp.json,2026-05-14T03:54:36.745000+00:00,1000000,2026-05-13T06:34:59.170000+00:00,2026-05-14T06:34:59.170000+00:00,98efd8d1e29f437a487f070b4413889d2b32e274c791a1e6c3a32baa459e65d3,yes,yes,yes,yes,yes,yes,yes
0098,0098.json,bundle_json,0098.json.ots,fb300a11163e225bf77c28e09690eb563365fe1ce2813ad7cb151abe2476e001,0098.json.ots__time-stamp.json,2026-05-14T03:54:46.765000+00:00,1000000,2026-05-13T07:32:13.637000+00:00,2026-05-14T07:32:13.637000+00:00,fb300a11163e225bf77c28e09690eb563365fe1ce2813ad7cb151abe2476e001,yes,yes,yes,yes,yes,yes,yes
0098,0098.png,bundle_png,0098.png.ots,c7ae8242f26366f5cd50505e0e240183771beebbf68f423186369aa82af34114,0098.png.ots__time-stamp.json,2026-05-14T03:54:44.744000+00:00,1000000,2026-05-13T11:50:24.007000+00:00,2026-05-14T11:50:24.007000+00:00,c7ae8242f26366f5cd50505e0e240183771beebbf68f423186369aa82af34114,yes,yes,yes,yes,yes,yes,yes
0099,0099.json,bundle_json,0099.json.ots,7d3795f0a831b515c1b93a04f2dec1b11dd439414e2f5a2bb85fa2e80431078c,0099.json.ots__time-stamp.json,2026-05-14T03:54:54.704000+00:00,1000000,2026-05-13T06:31:59.305000+00:00,2026-05-14T06:31:59.305000+00:00,7d3795f0a831b515c1b93a04f2dec1b11dd439414e2f5a2bb85fa2e80431078c,yes,yes,yes,yes,yes,yes,yes
0099,0099.png,bundle_png,0099.png.ots,15da71a774cc58abf4db1c8bad569739f5c8cd76f8e9f085f765329d3284f82a,0099.png.ots__time-stamp.json,2026-05-14T03:54:52.115000+00:00,1000000,2026-05-13T07:20:03.388000+00:00,2026-05-14T07:20:03.388000+00:00,15da71a774cc58abf4db1c8bad569739f5c8cd76f8e9f085f765329d3284f82a,yes,yes,yes,yes,yes,yes,yes
0100,0100.json,bundle_json,0100.json.ots,7f2975f9cc07a67fe1323d2fa0cb2cad39917e6dea973119e4439c16bd8bb187,0100.json.ots__time-stamp.json,2026-05-14T03:55:01.750000+00:00,1000000,2026-05-13T07:42:55.719000+00:00,2026-05-14T07:42:55.719000+00:00,7f2975f9cc07a67fe1323d2fa0cb2cad39917e6dea973119e4439c16bd8bb187,yes,yes,yes,yes,yes,yes,yes
0100,0100.png,bundle_png,0100.png.ots,2f3f0e67d9bac632f14891e598a699f6e3ae879b93ae28ca6e1f3d13f4b63942,0100.png.ots__time-stamp.json,2026-05-14T03:54:59.744000+00:00,1000000,2026-05-13T07:20:03.388000+00:00,2026-05-14T07:20:03.388000+00:00,2f3f0e67d9bac632f14891e598a699f6e3ae879b93ae28ca6e1f3d13f4b63942,yes,yes,yes,yes,yes,yes,yes
0101,0101.json,bundle_json,0101.json.ots,422c66b22d29298892e6d2c6c56a8cad97f2bf3418405dde478950247a6e70e1,0101.json.ots__time-stamp.json,2026-05-14T03:55:09.784000+00:00,1000000,2026-05-13T06:34:59.170000+00:00,2026-05-14T06:34:59.170000+00:00,422c66b22d29298892e6d2c6c56a8cad97f2bf3418405dde478950247a6e70e1,yes,yes,yes,yes,yes,yes,yes
0101,0101.png,bundle_png,0101.png.ots,ea83010da0902746664dd88abcd9e771320c609740b6919133bd7b6885cfe3b1,0101.png.ots__time-stamp.json,2026-05-14T03:55:07.764000+00:00,1000000,2026-05-13T09:43:31.882000+00:00,2026-05-14T09:43:31.882000+00:00,ea83010da0902746664dd88abcd9e771320c609740b6919133bd7b6885cfe3b1,yes,yes,yes,yes,yes,yes,yes
0102,0102.json,bundle_json,0102.json.ots,7bd2045a3262890c711d08eec76138eececab704a382882f26b78103d8ff2ed1,0102.json.ots__time-stamp.json,2026-05-14T03:55:16.805000+00:00,1000000,2026-05-13T08:10:30.590000+00:00,2026-05-14T08:10:30.590000+00:00,7bd2045a3262890c711d08eec76138eececab704a382882f26b78103d8ff2ed1,yes,yes,yes,yes,yes,yes,yes
0102,0102.png,bundle_png,0102.png.ots,50a1ef4b62e9c9a58022399595b21b39acfdd7fd4b95ff392e183c76786894f3,0102.png.ots__time-stamp.json,2026-05-14T03:55:14.774000+00:00,1000000,2026-05-13T09:43:31.882000+00:00,2026-05-14T09:43:31.882000+00:00,50a1ef4b62e9c9a58022399595b21b39acfdd7fd4b95ff392e183c76786894f3,yes,yes,yes,yes,yes,yes,yes
0103,0103.json,bundle_json,0103.json.ots,7573debb851406377df6a132518521cc6e71b4453efe414900b2799b5e64522a,0103.json.ots__time-stamp.json,2026-05-14T03:55:24.829000+00:00,1000000,2026-05-13T11:50:24.007000+00:00,2026-05-14T11:50:24.007000+00:00,7573debb851406377df6a132518521cc6e71b4453efe414900b2799b5e64522a,yes,yes,yes,yes,yes,yes,yes
0103,0103.png,bundle_png,0103.png.ots,c40c88f86e4fe0320081f326b8c3279f37ec67c72cb42db4adb65e126d21a62f,0103.png.ots__time-stamp.json,2026-05-14T03:55:22.825000+00:00,1000000,2026-05-13T10:58:02.074000+00:00,2026-05-14T10:58:02.074000+00:00,c40c88f86e4fe0320081f326b8c3279f37ec67c72cb42db4adb65e126d21a62f,yes,yes,yes,yes,yes,yes,yes
0104,0104.json,bundle_json,0104.json.ots,f7dddb3c83c62bbdfc71faff1f2ecf1167fb694521f505d5589e87739f48a27a,0104.json.ots__time-stamp.json,2026-05-14T03:55:32.850000+00:00,1000000,2026-05-13T10:49:29.465000+00:00,2026-05-14T10:49:29.465000+00:00,f7dddb3c83c62bbdfc71faff1f2ecf1167fb694521f505d5589e87739f48a27a,yes,yes,yes,yes,yes,yes,yes
0104,0104.png,bundle_png,0104.png.ots,6283610fa512a5506609d94e278a4b93ba1408e562d7c6a318e8b6613ab58c32,0104.png.ots__time-stamp.json,2026-05-14T03:55:30.845000+00:00,1000000,2026-05-13T07:50:12.083000+00:00,2026-05-14T07:50:12.083000+00:00,6283610fa512a5506609d94e278a4b93ba1408e562d7c6a318e8b6613ab58c32,yes,yes,yes,yes,yes,yes,yes
0105,0105.json,bundle_json,0105.json.ots,7b2290e03d1f11740e1b10c4a171ab5a5b9869beaf5bfb2e36d5e511e9681972,0105.json.ots__time-stamp.json,2026-05-14T03:55:39.972000+00:00,1000000,2026-05-13T09:43:31.882000+00:00,2026-05-14T09:43:31.882000+00:00,7b2290e03d1f11740e1b10c4a171ab5a5b9869beaf5bfb2e36d5e511e9681972,yes,yes,yes,yes,yes,yes,yes
0105,0105.png,bundle_png,0105.png.ots,03252000d013228a846b73800794d755c365785c94830d401a097709fad23c3d,0105.png.ots__time-stamp.json,2026-05-14T03:55:37.870000+00:00,1000000,2026-05-13T08:23:50.532000+00:00,2026-05-14T08:23:50.532000+00:00,03252000d013228a846b73800794d755c365785c94830d401a097709fad23c3d,yes,yes,yes,yes,yes,yes,yes
0106,0106.json,bundle_json,0106.json.ots,3c5b5faa5a3f4f0def989ee9c9dc57b7dd55c7d6c8189e3831a2e6e2d0dd3286,0106.json.ots__time-stamp.json,2026-05-14T03:55:48.230000+00:00,1000000,2026-05-13T07:50:12.083000+00:00,2026-05-14T07:50:12.083000+00:00,3c5b5faa5a3f4f0def989ee9c9dc57b7dd55c7d6c8189e3831a2e6e2d0dd3286,yes,yes,yes,yes,yes,yes,yes
0106,0106.png,bundle_png,0106.png.ots,bb60706f57d30a206a3ff12b119ff40dbe725f8d9e1920dddfc0df5883bf646f,0106.png.ots__time-stamp.json,2026-05-14T03:55:45.885000+00:00,1000000,2026-05-13T08:23:50.532000+00:00,2026-05-14T08:23:50.532000+00:00,bb60706f57d30a206a3ff12b119ff40dbe725f8d9e1920dddfc0df5883bf646f,yes,yes,yes,yes,yes,yes,yes
0107,0107.json,bundle_json,0107.json.ots,d6e326520fe18ec1be1c78b8bb3bc72d17f5a8fe044e0486e66911241c3556ad,0107.json.ots__time-stamp.json,2026-05-14T03:55:56.244000+00:00,1000000,2026-05-13T07:26:49.378000+00:00,2026-05-14T07:26:49.378000+00:00,d6e326520fe18ec1be1c78b8bb3bc72d17f5a8fe044e0486e66911241c3556ad,yes,yes,yes,yes,yes,yes,yes
0107,0107.png,bundle_png,0107.png.ots,8c0dc7052fa5b9bfe960c237086a54ecc4109a71e154da2fc19ac635b39e2638,0107.png.ots__time-stamp.json,2026-05-14T03:55:53.825000+00:00,1000000,2026-05-13T07:42:55.719000+00:00,2026-05-14T07:42:55.719000+00:00,8c0dc7052fa5b9bfe960c237086a54ecc4109a71e154da2fc19ac635b39e2638,yes,yes,yes,yes,yes,yes,yes
0108,0108.json,bundle_json,0108.json.ots,6495ff4d48fd5ecf9835095c595bdd1533495f09fc198deae4c79d6d3d4a8023,0108.json.ots__time-stamp.json,2026-05-14T03:56:03.950000+00:00,1000000,2026-05-13T08:23:50.532000+00:00,2026-05-14T08:23:50.532000+00:00,6495ff4d48fd5ecf9835095c595bdd1533495f09fc198deae4c79d6d3d4a8023,yes,yes,yes,yes,yes,yes,yes
0108,0108.png,bundle_png,0108.png.ots,869f4f37acae57240bdf15e63989fde81c25840ba96b8f2a8fd268c947457c04,0108.png.ots__time-stamp.json,2026-05-14T03:56:01.259000+00:00,1000000,2026-05-13T23:25:23.999000+00:00,2026-05-14T23:25:23.999000+00:00,869f4f37acae57240bdf15e63989fde81c25840ba96b8f2a8fd268c947457c04,yes,yes,yes,yes,yes,yes,yes
0109,0109.json,bundle_json,0109.json.ots,2883efafa2bad3ff2be32b91891cc96e54bb9d0404c46f67edc6d5e27f6dd6ab,0109.json.ots__time-stamp.json,2026-05-14T03:56:11.990000+00:00,1000000,2026-05-13T07:50:12.083000+00:00,2026-05-14T07:50:12.083000+00:00,2883efafa2bad3ff2be32b91891cc96e54bb9d0404c46f67edc6d5e27f6dd6ab,yes,yes,yes,yes,yes,yes,yes
0109,0109.png,bundle_png,0109.png.ots,87559e6cd5840a67aab6e9d1bed5fe9b280c735b1908cc2de01f75d1d4a7d57c,0109.png.ots__time-stamp.json,2026-05-14T03:56:08.949000+00:00,1000000,2026-05-13T09:43:31.882000+00:00,2026-05-14T09:43:31.882000+00:00,87559e6cd5840a67aab6e9d1bed5fe9b280c735b1908cc2de01f75d1d4a7d57c,yes,yes,yes,yes,yes,yes,yes
0110,0110.json,bundle_json,0110.json.ots,b72b3754c593b95905e16f9610280d84131a54a4c7150fab5a72a859f27d82ef,0110.json.ots__time-stamp.json,2026-05-14T03:56:19.985000+00:00,1000000,2026-05-13T10:58:02.074000+00:00,2026-05-14T10:58:02.074000+00:00,b72b3754c593b95905e16f9610280d84131a54a4c7150fab5a72a859f27d82ef,yes,yes,yes,yes,yes,yes,yes
0110,0110.png,bundle_png,0110.png.ots,0c852ce9168b6aba536e4fd9ab4e8d066020827055cbe7a76885791a76901886,0110.png.ots__time-stamp.json,2026-05-14T03:56:16.985000+00:00,1000000,2026-05-13T10:01:43.892000+00:00,2026-05-14T10:01:43.892000+00:00,0c852ce9168b6aba536e4fd9ab4e8d066020827055cbe7a76885791a76901886,yes,yes,yes,yes,yes,yes,yes
0111,0111.json,bundle_json,0111.json.ots,303677236f6baacf4a29d66625a8b9b09f598e22d5cf38c576342ff1cb1d9424,0111.json.ots__time-stamp.json,2026-05-14T03:56:26.244000+00:00,1000000,2026-05-13T23:25:23.999000+00:00,2026-05-14T23:25:23.999000+00:00,303677236f6baacf4a29d66625a8b9b09f598e22d5cf38c576342ff1cb1d9424,yes,yes,yes,yes,yes,yes,yes
0111,0111.png,bundle_png,0111.png.ots,8faf24813eae02f94564e3e45a2f2e8cb70600c70c94cba8f9ee7c147a1a8eb1,0111.png.ots__time-stamp.json,2026-05-14T03:56:24.150000+00:00,1000000,2026-05-13T09:16:05.223000+00:00,2026-05-14T09:16:05.223000+00:00,8faf24813eae02f94564e3e45a2f2e8cb70600c70c94cba8f9ee7c147a1a8eb1,yes,yes,yes,yes,yes,yes,yes
0112,0112.json,bundle_json,0112.json.ots,beabcd4bcac0aa499265a89039c6b5b6d9a6f85a1ec1615bec407dbf24e0dacc,0112.json.ots__time-stamp.json,2026-05-14T03:56:34.465000+00:00,1000000,2026-05-13T10:01:43.892000+00:00,2026-05-14T10:01:43.892000+00:00,beabcd4bcac0aa499265a89039c6b5b6d9a6f85a1ec1615bec407dbf24e0dacc,yes,yes,yes,yes,yes,yes,yes
0112,0112.png,bundle_png,0112.png.ots,fc2bffd238f89a4ba71b06964b0943855b8ac86a8c58951e62c5765a586356ff,0112.png.ots__time-stamp.json,2026-05-14T03:56:32.057000+00:00,1000000,2026-05-13T10:49:29.465000+00:00,2026-05-14T10:49:29.465000+00:00,fc2bffd238f89a4ba71b06964b0943855b8ac86a8c58951e62c5765a586356ff,yes,yes,yes,yes,yes,yes,yes
0113,0113.json,bundle_json,0113.json.ots,ad220bba51002cabc4dce2999f491a8444df6e91e1505630da2979e2ec305723,0113.json.ots__time-stamp.json,2026-05-14T03:56:42.465000+00:00,1000000,2026-05-13T10:49:29.465000+00:00,2026-05-14T10:49:29.465000+00:00,ad220bba51002cabc4dce2999f491a8444df6e91e1505630da2979e2ec305723,yes,yes,yes,yes,yes,yes,yes
0113,0113.png,bundle_png,0113.png.ots,14e98eca26aec349cf9efde08f883192f9234084ccbdcda2619ac50120b25f32,0113.png.ots__time-stamp.json,2026-05-14T03:56:40.044000+00:00,1000000,2026-05-13T07:35:20.866000+00:00,2026-05-14T07:35:20.866000+00:00,14e98eca26aec349cf9efde08f883192f9234084ccbdcda2619ac50120b25f32,yes,yes,yes,yes,yes,yes,yes
0114,0114.json,bundle_json,0114.json.ots,d55851220357bb2704bf583f46148ec5406dfa637fe0ae5e9012af5cecfed4b6,0114.json.ots__time-stamp.json,2026-05-14T03:56:50.125000+00:00,1000000,2026-05-13T07:42:55.719000+00:00,2026-05-14T07:42:55.719000+00:00,d55851220357bb2704bf583f46148ec5406dfa637fe0ae5e9012af5cecfed4b6,yes,yes,yes,yes,yes,yes,yes
0114,0114.png,bundle_png,0114.png.ots,6803e5eda36ef529c553f00d7e738c2fbca3dda95cb7aa040ebebb532cd323e0,0114.png.ots__time-stamp.json,2026-05-14T03:56:47.644000+00:00,1000000,2026-05-13T11:50:24.007000+00:00,2026-05-14T11:50:24.007000+00:00,6803e5eda36ef529c553f00d7e738c2fbca3dda95cb7aa040ebebb532cd323e0,yes,yes,yes,yes,yes,yes,yes
0115,0115.json,bundle_json,0115.json.ots,3f912dbbba9691651f3d080ce14ba2d5764420558820370f5443a818ab0da4a4,0115.json.ots__time-stamp.json,2026-05-14T03:56:57.165000+00:00,1000000,2026-05-13T07:42:55.719000+00:00,2026-05-14T07:42:55.719000+00:00,3f912dbbba9691651f3d080ce14ba2d5764420558820370f5443a818ab0da4a4,yes,yes,yes,yes,yes,yes,yes
0115,0115.png,bundle_png,0115.png.ots,15475c0d683ab6a32da1a81dda4368c0f66924d5defb750c9d0493b6b5b95041,0115.png.ots__time-stamp.json,2026-05-14T03:56:55.165000+00:00,1000000,2026-05-13T10:49:29.465000+00:00,2026-05-14T10:49:29.465000+00:00,15475c0d683ab6a32da1a81dda4368c0f66924d5defb750c9d0493b6b5b95041,yes,yes,yes,yes,yes,yes,yes
0116,0116.json,bundle_json,0116.json.ots,591e5e9d17d7caf565699d184928f805588b4638bf0df0815261c647431bc501,0116.json.ots__time-stamp.json,2026-05-14T03:57:06.125000+00:00,1000000,2026-05-13T10:49:29.465000+00:00,2026-05-14T10:49:29.465000+00:00,591e5e9d17d7caf565699d184928f805588b4638bf0df0815261c647431bc501,yes,yes,yes,yes,yes,yes,yes
0116,0116.png,bundle_png,0116.png.ots,908d2fd427f5c80e92a085b5a41c97193cecda046a177175e362153f9b9de83f,0116.png.ots__time-stamp.json,2026-05-14T03:57:03.205000+00:00,1000000,2026-05-13T09:43:31.882000+00:00,2026-05-14T09:43:31.882000+00:00,908d2fd427f5c80e92a085b5a41c97193cecda046a177175e362153f9b9de83f,yes,yes,yes,yes,yes,yes,yes
0117,0117.json,bundle_json,0117.json.ots,03a7cf06f753c755a62fbc8b7665bb14ca3f473f739fab71732287acd7698c94,0117.json.ots__time-stamp.json,2026-05-14T03:57:13.365000+00:00,1000000,2026-05-13T10:01:43.892000+00:00,2026-05-14T10:01:43.892000+00:00,03a7cf06f753c755a62fbc8b7665bb14ca3f473f739fab71732287acd7698c94,yes,yes,yes,yes,yes,yes,yes
0117,0117.png,bundle_png,0117.png.ots,d8e2c2d049d50dacfff7c90b7dcbbbb3f82e40dccfbb466dc95bf370cd64cc7a,0117.png.ots__time-stamp.json,2026-05-14T03:57:10.705000+00:00,1000000,2026-05-13T11:50:24.007000+00:00,2026-05-14T11:50:24.007000+00:00,d8e2c2d049d50dacfff7c90b7dcbbbb3f82e40dccfbb466dc95bf370cd64cc7a,yes,yes,yes,yes,yes,yes,yes
0118,0118.json,bundle_json,0118.json.ots,463e756f995b999904fab98c374063c7b2fc133b69efe4f82b5e9d9ef0ae258b,0118.json.ots__time-stamp.json,2026-05-14T03:57:21.145000+00:00,1000000,2026-05-13T07:32:13.637000+00:00,2026-05-14T07:32:13.637000+00:00,463e756f995b999904fab98c374063c7b2fc133b69efe4f82b5e9d9ef0ae258b,yes,yes,yes,yes,yes,yes,yes
0118,0118.png,bundle_png,0118.png.ots,442f2a9092ca97199a546ee18c27b39f884d6398f7a2899f2c954f432ee54d73,0118.png.ots__time-stamp.json,2026-05-14T03:57:18.544000+00:00,1000000,2026-05-13T07:20:03.388000+00:00,2026-05-14T07:20:03.388000+00:00,442f2a9092ca97199a546ee18c27b39f884d6398f7a2899f2c954f432ee54d73,yes,yes,yes,yes,yes,yes,yes
0119,0119.json,bundle_json,0119.json.ots,344514a2f215eeef614e331f47d9edd1f18d09642aa2fb80cc258a54365cb452,0119.json.ots__time-stamp.json,2026-05-14T03:57:29.170000+00:00,1000000,2026-05-13T07:35:20.866000+00:00,2026-05-14T07:35:20.866000+00:00,344514a2f215eeef614e331f47d9edd1f18d09642aa2fb80cc258a54365cb452,yes,yes,yes,yes,yes,yes,yes
0119,0119.png,bundle_png,0119.png.ots,40a7aeb9a90cefc47e52d5ba542f068a6ee0067fa22cb129aa987f1dbbf3cdab,0119.png.ots__time-stamp.json,2026-05-14T03:57:26.245000+00:00,1000000,2026-05-13T10:58:02.074000+00:00,2026-05-14T10:58:02.074000+00:00,40a7aeb9a90cefc47e52d5ba542f068a6ee0067fa22cb129aa987f1dbbf3cdab,yes,yes,yes,yes,yes,yes,yes
0120,0120.json,bundle_json,0120.json.ots,e583c469fbbf0dfed5eee8868b74d7b96d3027c0495e15a4329370d4f0731165,0120.json.ots__time-stamp.json,2026-05-14T03:57:36.225000+00:00,1000000,2026-05-13T09:43:31.882000+00:00,2026-05-14T09:43:31.882000+00:00,e583c469fbbf0dfed5eee8868b74d7b96d3027c0495e15a4329370d4f0731165,yes,yes,yes,yes,yes,yes,yes
0120,0120.png,bundle_png,0120.png.ots,70acb590d6213dc495d68941b425bf0e96f22b12b9af4d3cd14a98f35a18efad,0120.png.ots__time-stamp.json,2026-05-14T03:57:33.584000+00:00,1000000,2026-05-13T11:50:24.007000+00:00,2026-05-14T11:50:24.007000+00:00,70acb590d6213dc495d68941b425bf0e96f22b12b9af4d3cd14a98f35a18efad,yes,yes,yes,yes,yes,yes,yes
0121,0121.json,bundle_json,0121.json.ots,2948a8625206a24f09823cd378046e9b645edb504c4e0d119ccda6335d567aaf,0121.json.ots__time-stamp.json,2026-05-14T03:57:43.604000+00:00,1000000,2026-05-13T07:32:13.637000+00:00,2026-05-14T07:32:13.637000+00:00,2948a8625206a24f09823cd378046e9b645edb504c4e0d119ccda6335d567aaf,yes,yes,yes,yes,yes,yes,yes
0121,0121.png,bundle_png,0121.png.ots,d72d3fda6094176dcae6560d1eaa1002744288f8dd6623db85bcc6de6d812572,0121.png.ots__time-stamp.json,2026-05-14T03:57:41.350000+00:00,1000000,2026-05-13T08:23:50.532000+00:00,2026-05-14T08:23:50.532000+00:00,d72d3fda6094176dcae6560d1eaa1002744288f8dd6623db85bcc6de6d812572,yes,yes,yes,yes,yes,yes,yes
0122,0122.json,bundle_json,0122.json.ots,a315aedebc7a182d645dc21f6a7d3e6ee816877a4e70c3971da4cc68bc37d018,0122.json.ots__time-stamp.json,2026-05-14T03:57:52.245000+00:00,1000000,2026-05-13T09:16:05.223000+00:00,2026-05-14T09:16:05.223000+00:00,a315aedebc7a182d645dc21f6a7d3e6ee816877a4e70c3971da4cc68bc37d018,yes,yes,yes,yes,yes,yes,yes
0122,0122.png,bundle_png,0122.png.ots,e55fc4a4c27359460fbaaea12df2a0289c89197a25e2494df40151285de03d51,0122.png.ots__time-stamp.json,2026-05-14T03:57:49.605000+00:00,1000000,2026-05-13T11:50:24.007000+00:00,2026-05-14T11:50:24.007000+00:00,e55fc4a4c27359460fbaaea12df2a0289c89197a25e2494df40151285de03d51,yes,yes,yes,yes,yes,yes,yes
0123,0123.json,bundle_json,0123.json.ots,088c8a9cdedac98b73d72a15ee47826af53bbd9245921430c1a7ae8bb257c882,0123.json.ots__time-stamp.json,2026-05-14T03:57:59.424000+00:00,1000000,2026-05-13T06:31:59.305000+00:00,2026-05-14T06:31:59.305000+00:00,088c8a9cdedac98b73d72a15ee47826af53bbd9245921430c1a7ae8bb257c882,yes,yes,yes,yes,yes,yes,yes
0123,0123.png,bundle_png,0123.png.ots,d151a2177efa13d667ae1cff7596abb9fdfe58f8bc9877c5037363e1fc825e55,0123.png.ots__time-stamp.json,2026-05-14T03:57:57.269000+00:00,1000000,2026-05-13T23:25:23.999000+00:00,2026-05-14T23:25:23.999000+00:00,d151a2177efa13d667ae1cff7596abb9fdfe58f8bc9877c5037363e1fc825e55,yes,yes,yes,yes,yes,yes,yes
0124,0124.json,bundle_json,0124.json.ots,8292c816b36403f4dfb5af7f89d7bff1f80846a7d8cc94e2bc39d9c88c19d222,0124.json.ots__time-stamp.json,2026-05-14T03:58:07.485000+00:00,1000000,2026-05-13T07:20:03.388000+00:00,2026-05-14T07:20:03.388000+00:00,8292c816b36403f4dfb5af7f89d7bff1f80846a7d8cc94e2bc39d9c88c19d222,yes,yes,yes,yes,yes,yes,yes
0124,0124.png,bundle_png,0124.png.ots,3590e03e0f7b16212e12ec0c8b7b3f1e9f086a57a6227344a947332baa3c57df,0124.png.ots__time-stamp.json,2026-05-14T03:58:05.289000+00:00,1000000,2026-05-13T07:35:20.866000+00:00,2026-05-14T07:35:20.866000+00:00,3590e03e0f7b16212e12ec0c8b7b3f1e9f086a57a6227344a947332baa3c57df,yes,yes,yes,yes,yes,yes,yes
0125,0125.json,bundle_json,0125.json.ots,1c83af280c2e33641f86cd9f6ba539ed2c44b70615da4b85d941388235fdedd2,0125.json.ots__time-stamp.json,2026-05-14T03:58:16.504000+00:00,1000000,2026-05-13T06:34:59.170000+00:00,2026-05-14T06:34:59.170000+00:00,1c83af280c2e33641f86cd9f6ba539ed2c44b70615da4b85d941388235fdedd2,yes,yes,yes,yes,yes,yes,yes
0125,0125.png,bundle_png,0125.png.ots,34accfb284532084f8319c2849c1aa5d3bbcc5f178388809cac1471d142cb10f,0125.png.ots__time-stamp.json,2026-05-14T03:58:14.284000+00:00,1000000,2026-05-13T07:35:20.866000+00:00,2026-05-14T07:35:20.866000+00:00,34accfb284532084f8319c2849c1aa5d3bbcc5f178388809cac1471d142cb10f,yes,yes,yes,yes,yes,yes,yes
0126,0126.json,bundle_json,0126.json.ots,2a3dc084b556d5bca2b16c5f20190824a288e204da832c73fcd2f81c1f2461f6,0126.json.ots__time-stamp.json,2026-05-14T03:58:22.545000+00:00,1000000,2026-05-13T07:50:12.083000+00:00,2026-05-14T07:50:12.083000+00:00,2a3dc084b556d5bca2b16c5f20190824a288e204da832c73fcd2f81c1f2461f6,yes,yes,yes,yes,yes,yes,yes
0126,0126.png,bundle_png,0126.png.ots,801be8a109f1ae69e3069e81bf4f7e2fff3b209a88114d37866f4d1c6a6b21dc,0126.png.ots__time-stamp.json,2026-05-14T03:58:20.525000+00:00,1000000,2026-05-13T07:50:12.083000+00:00,2026-05-14T07:50:12.083000+00:00,801be8a109f1ae69e3069e81bf4f7e2fff3b209a88114d37866f4d1c6a6b21dc,yes,yes,yes,yes,yes,yes,yes
0127,0127.json,bundle_json,0127.json.ots,2b347870bef3502f2553f62ee21213911335937eb41f7f6610d5075593d65613,0127.json.ots__time-stamp.json,2026-05-14T03:58:30.564000+00:00,1000000,2026-05-13T07:26:49.378000+00:00,2026-05-14T07:26:49.378000+00:00,2b347870bef3502f2553f62ee21213911335937eb41f7f6610d5075593d65613,yes,yes,yes,yes,yes,yes,yes
0127,0127.png,bundle_png,0127.png.ots,cf71b3ada7a01f3614e13176bc778cc1fba192531e832f72ce4be4c75c6ae5e1,0127.png.ots__time-stamp.json,2026-05-14T03:58:28.345000+00:00,1000000,2026-05-13T07:50:12.083000+00:00,2026-05-14T07:50:12.083000+00:00,cf71b3ada7a01f3614e13176bc778cc1fba192531e832f72ce4be4c75c6ae5e1,yes,yes,yes,yes,yes,yes,yes
0128,0128.json,bundle_json,0128.json.ots,da7ce154002660cb0ba6a5118805e83c1c3640f203b1c6be53924938d5f92fd0,0128.json.ots__time-stamp.json,2026-05-14T03:58:37.605000+00:00,1000000,2026-05-13T07:35:20.866000+00:00,2026-05-14T07:35:20.866000+00:00,da7ce154002660cb0ba6a5118805e83c1c3640f203b1c6be53924938d5f92fd0,yes,yes,yes,yes,yes,yes,yes
0128,0128.png,bundle_png,0128.png.ots,e5b76adc56e7f618eb30658db9f780e8b9062fea46878d95e0e6ba60812d1bc1,0128.png.ots__time-stamp.json,2026-05-14T03:58:35.585000+00:00,1000000,2026-05-13T06:31:59.305000+00:00,2026-05-14T06:31:59.305000+00:00,e5b76adc56e7f618eb30658db9f780e8b9062fea46878d95e0e6ba60812d1bc1,yes,yes,yes,yes,yes,yes,yes
0129,0129.json,bundle_json,0129.json.ots,245dcb681c649dde3e9b318ea4d4622f219ce33d5486e9708564e4b94fb459e4,0129.json.ots__time-stamp.json,2026-05-14T03:58:46.385000+00:00,1000000,2026-05-13T09:16:05.223000+00:00,2026-05-14T09:16:05.223000+00:00,245dcb681c649dde3e9b318ea4d4622f219ce33d5486e9708564e4b94fb459e4,yes,yes,yes,yes,yes,yes,yes
0129,0129.png,bundle_png,0129.png.ots,9380eea6a2bf0693649a167757e9db9741ac1461a5b9f372ad15d321cba09aaa,0129.png.ots__time-stamp.json,2026-05-14T03:58:43.629000+00:00,1000000,2026-05-13T09:43:31.882000+00:00,2026-05-14T09:43:31.882000+00:00,9380eea6a2bf0693649a167757e9db9741ac1461a5b9f372ad15d321cba09aaa,yes,yes,yes,yes,yes,yes,yes
0130,0130.json,bundle_json,0130.json.ots,84345ca563a0467f5518a215b23664d0f0cc39abf6dce2e66b9a0ed4069d4762,0130.json.ots__time-stamp.json,2026-05-14T03:58:54.405000+00:00,1000000,2026-05-13T08:10:30.590000+00:00,2026-05-14T08:10:30.590000+00:00,84345ca563a0467f5518a215b23664d0f0cc39abf6dce2e66b9a0ed4069d4762,yes,yes,yes,yes,yes,yes,yes
0130,0130.png,bundle_png,0130.png.ots,cf2cf99add964d09cd566ddf65a484f924b0993ae50b2938a9e2c07e838f7980,0130.png.ots__time-stamp.json,2026-05-14T03:58:51.425000+00:00,1000000,2026-05-13T10:01:43.892000+00:00,2026-05-14T10:01:43.892000+00:00,cf2cf99add964d09cd566ddf65a484f924b0993ae50b2938a9e2c07e838f7980,yes,yes,yes,yes,yes,yes,yes
0131,0131.json,bundle_json,0131.json.ots,8bd1937a11f24cce9813185daaeadffd6ab6ba87254075e3b1b76864b477b72f,0131.json.ots__time-stamp.json,2026-05-14T03:59:01.420000+00:00,1000000,2026-05-13T07:42:55.719000+00:00,2026-05-14T07:42:55.719000+00:00,8bd1937a11f24cce9813185daaeadffd6ab6ba87254075e3b1b76864b477b72f,yes,yes,yes,yes,yes,yes,yes
0131,0131.png,bundle_png,0131.png.ots,6897abc0702203eb9210c14278ecb19f99fa19a116d0398d26f2f2bf57866dab,0131.png.ots__time-stamp.json,2026-05-14T03:58:58.805000+00:00,1000000,2026-05-13T10:49:29.465000+00:00,2026-05-14T10:49:29.465000+00:00,6897abc0702203eb9210c14278ecb19f99fa19a116d0398d26f2f2bf57866dab,yes,yes,yes,yes,yes,yes,yes
0132,0132.json,bundle_json,0132.json.ots,05b2ce253c765045120d06d13b44a32ac9049382e3615abdb8c8c83a687c2c15,0132.json.ots__time-stamp.json,2026-05-14T03:59:10.465000+00:00,1000000,2026-05-13T10:49:29.465000+00:00,2026-05-14T10:49:29.465000+00:00,05b2ce253c765045120d06d13b44a32ac9049382e3615abdb8c8c83a687c2c15,yes,yes,yes,yes,yes,yes,yes
0132,0132.png,bundle_png,0132.png.ots,4822ca666d4258f2b0c3bc0b1736c0c6550339864a3c1ed74fc4d6d50591f64c,0132.png.ots__time-stamp.json,2026-05-14T03:59:07.464000+00:00,1000000,2026-05-13T06:40:25.129000+00:00,2026-05-14T06:40:25.129000+00:00,4822ca666d4258f2b0c3bc0b1736c0c6550339864a3c1ed74fc4d6d50591f64c,yes,yes,yes,yes,yes,yes,yes
0133,0133.json,bundle_json,0133.json.ots,7e3c287a1aaacadaeb6c4c44ab0178ca6b522f45e63fc6aa955d711ac5d25bcd,0133.json.ots__time-stamp.json,2026-05-14T03:59:17.870000+00:00,1000000,2026-05-13T10:58:02.074000+00:00,2026-05-14T10:58:02.074000+00:00,7e3c287a1aaacadaeb6c4c44ab0178ca6b522f45e63fc6aa955d711ac5d25bcd,yes,yes,yes,yes,yes,yes,yes
0133,0133.png,bundle_png,0133.png.ots,617ec2c8b70772087e40aa024fa099fb449d449573d9ec6b7e89548150c73598,0133.png.ots__time-stamp.json,2026-05-14T03:59:15.454000+00:00,1000000,2026-05-13T10:01:43.892000+00:00,2026-05-14T10:01:43.892000+00:00,617ec2c8b70772087e40aa024fa099fb449d449573d9ec6b7e89548150c73598,yes,yes,yes,yes,yes,yes,yes
0134,0134.json,bundle_json,0134.json.ots,106e82fa98c5480532caee60db9576919b18dc0f71af6cc86c34d732427338cc,0134.json.ots__time-stamp.json,2026-05-14T03:59:25.905000+00:00,1000000,2026-05-13T08:23:50.532000+00:00,2026-05-14T08:23:50.532000+00:00,106e82fa98c5480532caee60db9576919b18dc0f71af6cc86c34d732427338cc,yes,yes,yes,yes,yes,yes,yes
0134,0134.png,bundle_png,0134.png.ots,980477ad7a1f7bff55da0529c841eaad0231a4421296b61f86088658a55f8f0e,0134.png.ots__time-stamp.json,2026-05-14T03:59:23.485000+00:00,1000000,2026-05-13T10:49:29.465000+00:00,2026-05-14T10:49:29.465000+00:00,980477ad7a1f7bff55da0529c841eaad0231a4421296b61f86088658a55f8f0e,yes,yes,yes,yes,yes,yes,yes
0135,0135.json,bundle_json,0135.json.ots,ab1e4b7f4b80cfc7bd2d9c11f926686767dfb74bd590f46642b80984ed15fe9a,0135.json.ots__time-stamp.json,2026-05-14T03:59:32.905000+00:00,1000000,2026-05-13T10:58:02.074000+00:00,2026-05-14T10:58:02.074000+00:00,ab1e4b7f4b80cfc7bd2d9c11f926686767dfb74bd590f46642b80984ed15fe9a,yes,yes,yes,yes,yes,yes,yes
0135,0135.png,bundle_png,0135.png.ots,5a029997307069e8de0338dea48a84a7a9675267053215e75533a2c047725b28,0135.png.ots__time-stamp.json,2026-05-14T03:59:30.525000+00:00,1000000,2026-05-13T07:42:55.719000+00:00,2026-05-14T07:42:55.719000+00:00,5a029997307069e8de0338dea48a84a7a9675267053215e75533a2c047725b28,yes,yes,yes,yes,yes,yes,yes
0136,0136.json,bundle_json,0136.json.ots,ca34aaa25579251acc6a7e02eab120101283bda1446926b7145d271b8f88f11b,0136.json.ots__time-stamp.json,2026-05-14T03:59:42.025000+00:00,1000000,2026-05-13T23:25:23.999000+00:00,2026-05-14T23:25:23.999000+00:00,ca34aaa25579251acc6a7e02eab120101283bda1446926b7145d271b8f88f11b,yes,yes,yes,yes,yes,yes,yes
0136,0136.png,bundle_png,0136.png.ots,6c41f2ad1584a4924cdec17856a13acf7a5d9a8733df3a2f6755c5f27b8a54aa,0136.png.ots__time-stamp.json,2026-05-14T03:59:38.550000+00:00,1000000,2026-05-13T10:01:43.892000+00:00,2026-05-14T10:01:43.892000+00:00,6c41f2ad1584a4924cdec17856a13acf7a5d9a8733df3a2f6755c5f27b8a54aa,yes,yes,yes,yes,yes,yes,yes
0137,0137.json,bundle_json,0137.json.ots,d2217c84271da54ef884698677c20fc445ae06b7531bd8c94ce749f9bc10db00,0137.json.ots__time-stamp.json,2026-05-14T03:59:48.585000+00:00,1000000,2026-05-13T07:42:55.719000+00:00,2026-05-14T07:42:55.719000+00:00,d2217c84271da54ef884698677c20fc445ae06b7531bd8c94ce749f9bc10db00,yes,yes,yes,yes,yes,yes,yes
0137,0137.png,bundle_png,0137.png.ots,995ff1b1ac08414287275f5ab203d4468e21025904d2beb6a8bc738704633db3,0137.png.ots__time-stamp.json,2026-05-14T03:59:46.044000+00:00,1000000,2026-05-13T07:35:20.866000+00:00,2026-05-14T07:35:20.866000+00:00,995ff1b1ac08414287275f5ab203d4468e21025904d2beb6a8bc738704633db3,yes,yes,yes,yes,yes,yes,yes
0138,0138.json,bundle_json,0138.json.ots,846725563f320c1685a86ac07fbc6ff5bb9280186c98ff71e5ab99ccfc07de5f,0138.json.ots__time-stamp.json,2026-05-14T03:59:56.120000+00:00,1000000,2026-05-13T10:58:02.074000+00:00,2026-05-14T10:58:02.074000+00:00,846725563f320c1685a86ac07fbc6ff5bb9280186c98ff71e5ab99ccfc07de5f,yes,yes,yes,yes,yes,yes,yes
0138,0138.png,bundle_png,0138.png.ots,767b31e008435c419f6f79ad4a670050c340ff3c191b31c19019668ab3b6ec06,0138.png.ots__time-stamp.json,2026-05-14T03:59:53.585000+00:00,1000000,2026-05-13T08:23:50.532000+00:00,2026-05-14T08:23:50.532000+00:00,767b31e008435c419f6f79ad4a670050c340ff3c191b31c19019668ab3b6ec06,yes,yes,yes,yes,yes,yes,yes
0139,0139.json,bundle_json,0139.json.ots,7aec819470ee2cda8598081ed3bc44d709af5854279fe9f596316ed68f36edf7,0139.json.ots__time-stamp.json,2026-05-14T04:00:03.664000+00:00,1000000,2026-05-13T06:31:59.305000+00:00,2026-05-14T06:31:59.305000+00:00,7aec819470ee2cda8598081ed3bc44d709af5854279fe9f596316ed68f36edf7,yes,yes,yes,yes,yes,yes,yes
0139,0139.png,bundle_png,0139.png.ots,ce06a286635b695e2190e73dcf6c6935f47c927f0134af1956d4325bd0c0d1ce,0139.png.ots__time-stamp.json,2026-05-14T04:00:01.385000+00:00,1000000,2026-05-13T10:58:02.074000+00:00,2026-05-14T10:58:02.074000+00:00,ce06a286635b695e2190e73dcf6c6935f47c927f0134af1956d4325bd0c0d1ce,yes,yes,yes,yes,yes,yes,yes
0140,0140.json,bundle_json,0140.json.ots,07d6a3b05ff1e9a1f8c3bc1509539be9d313c0ad3a6a090e7a10c6b01132f9d2,0140.json.ots__time-stamp.json,2026-05-14T04:00:11.665000+00:00,1000000,2026-05-13T11:50:24.007000+00:00,2026-05-14T11:50:24.007000+00:00,07d6a3b05ff1e9a1f8c3bc1509539be9d313c0ad3a6a090e7a10c6b01132f9d2,yes,yes,yes,yes,yes,yes,yes
0140,0140.png,bundle_png,0140.png.ots,d9aea51d279a79b3bb310fd75f3b793869463bbb79e8d969fb04180ad1f2c329,0140.png.ots__time-stamp.json,2026-05-14T04:00:09.004000+00:00,1000000,2026-05-13T09:43:31.882000+00:00,2026-05-14T09:43:31.882000+00:00,d9aea51d279a79b3bb310fd75f3b793869463bbb79e8d969fb04180ad1f2c329,yes,yes,yes,yes,yes,yes,yes
0141,0141.json,bundle_json,0141.json.ots,289f52068402fb0ca753d99973e3182ecfbb1bf41ebdacbf08e7691cf6136b38,0141.json.ots__time-stamp.json,2026-05-14T04:00:19.028000+00:00,1000000,2026-05-13T07:32:13.637000+00:00,2026-05-14T07:32:13.637000+00:00,289f52068402fb0ca753d99973e3182ecfbb1bf41ebdacbf08e7691cf6136b38,yes,yes,yes,yes,yes,yes,yes
0141,0141.png,bundle_png,0141.png.ots,8235780112e8d864c5e8e3c322157206e2d64182c27da4376b2338689666ef8f,0141.png.ots__time-stamp.json,2026-05-14T04:00:16.785000+00:00,1000000,2026-05-13T10:01:43.892000+00:00,2026-05-14T10:01:43.892000+00:00,8235780112e8d864c5e8e3c322157206e2d64182c27da4376b2338689666ef8f,yes,yes,yes,yes,yes,yes,yes
0142,0142.json,bundle_json,0142.json.ots,1ef05625f9d0a5959bf00d0024dfbe3f196849e6792d74366d348c6986b48845,0142.json.ots__time-stamp.json,2026-05-14T04:00:26.705000+00:00,1000000,2026-05-13T11:50:24.007000+00:00,2026-05-14T11:50:24.007000+00:00,1ef05625f9d0a5959bf00d0024dfbe3f196849e6792d74366d348c6986b48845,yes,yes,yes,yes,yes,yes,yes
0142,0142.png,bundle_png,0142.png.ots,5df0a31745cb7f12e886c836108a10cb770c8133f514d0fcf40d7b583937238d,0142.png.ots__time-stamp.json,2026-05-14T04:00:24.064000+00:00,1000000,2026-05-13T07:35:20.866000+00:00,2026-05-14T07:35:20.866000+00:00,5df0a31745cb7f12e886c836108a10cb770c8133f514d0fcf40d7b583937238d,yes,yes,yes,yes,yes,yes,yes
0143,0143.json,bundle_json,0143.json.ots,1b515cb1f461f50884f7c84e0039bbc0ccc03688e7794b957e4fa73bfe0009a3,0143.json.ots__time-stamp.json,2026-05-14T04:00:34.117000+00:00,1000000,2026-05-13T07:26:49.378000+00:00,2026-05-14T07:26:49.378000+00:00,1b515cb1f461f50884f7c84e0039bbc0ccc03688e7794b957e4fa73bfe0009a3,yes,yes,yes,yes,yes,yes,yes
0143,0143.png,bundle_png,0143.png.ots,0beaa3cc2d7766872b04b7371183449b9a11c3dd50d687a4c2f9e2289b411ec1,0143.png.ots__time-stamp.json,2026-05-14T04:00:31.885000+00:00,1000000,2026-05-13T07:32:13.637000+00:00,2026-05-14T07:32:13.637000+00:00,0beaa3cc2d7766872b04b7371183449b9a11c3dd50d687a4c2f9e2289b411ec1,yes,yes,yes,yes,yes,yes,yes
0144,0144.json,bundle_json,0144.json.ots,753d2898b3afdf4900ba70ccafb3385877d615e1b093dd4148f8331140b3b601,0144.json.ots__time-stamp.json,2026-05-14T04:00:42.245000+00:00,1000000,2026-05-13T07:50:12.083000+00:00,2026-05-14T07:50:12.083000+00:00,753d2898b3afdf4900ba70ccafb3385877d615e1b093dd4148f8331140b3b601,yes,yes,yes,yes,yes,yes,yes
0144,0144.png,bundle_png,0144.png.ots,4af8576e9fae49dab3bb38af5af8703c8bab89cd407e6545636157cfc968befc,0144.png.ots__time-stamp.json,2026-05-14T04:00:39.909000+00:00,1000000,2026-05-13T06:31:59.305000+00:00,2026-05-14T06:31:59.305000+00:00,4af8576e9fae49dab3bb38af5af8703c8bab89cd407e6545636157cfc968befc,yes,yes,yes,yes,yes,yes,yes
0145,0145.json,bundle_json,0145.json.ots,f9932bf3d47b8ded36dfeedd9f204de7796b1c8fd04fe39f8e2920fcedc5a550,0145.json.ots__time-stamp.json,2026-05-14T04:00:50.185000+00:00,1000000,2026-05-13T07:35:20.866000+00:00,2026-05-14T07:35:20.866000+00:00,f9932bf3d47b8ded36dfeedd9f204de7796b1c8fd04fe39f8e2920fcedc5a550,yes,yes,yes,yes,yes,yes,yes
0145,0145.png,bundle_png,0145.png.ots,d33638655fcbd333ed7ea54917f90840b9a205bd2d830ed31afde64e2e64b481,0145.png.ots__time-stamp.json,2026-05-14T04:00:47.922000+00:00,1000000,2026-05-13T06:40:25.129000+00:00,2026-05-14T06:40:25.129000+00:00,d33638655fcbd333ed7ea54917f90840b9a205bd2d830ed31afde64e2e64b481,yes,yes,yes,yes,yes,yes,yes
0146,0146.json,bundle_json,0146.json.ots,0f641c803f67da5f1005e655199191d2b5c0d8a14e335420b994f247c4266cde,0146.json.ots__time-stamp.json,2026-05-14T04:00:57.905000+00:00,1000000,2026-05-13T06:40:25.129000+00:00,2026-05-14T06:40:25.129000+00:00,0f641c803f67da5f1005e655199191d2b5c0d8a14e335420b994f247c4266cde,yes,yes,yes,yes,yes,yes,yes
0146,0146.png,bundle_png,0146.png.ots,20f17c51375416d9b057e5572cad45843079241e430bf4ac5795bfff5b36c4e9,0146.png.ots__time-stamp.json,2026-05-14T04:00:55.270000+00:00,1000000,2026-05-13T09:16:05.223000+00:00,2026-05-14T09:16:05.223000+00:00,20f17c51375416d9b057e5572cad45843079241e430bf4ac5795bfff5b36c4e9,yes,yes,yes,yes,yes,yes,yes
0147,0147.json,bundle_json,0147.json.ots,ac40b973164eb51e8b800c6ece6338b41a8cd8313ffe7caff071b6aad14b51a8,0147.json.ots__time-stamp.json,2026-05-14T04:01:05.287000+00:00,1000000,2026-05-13T11:50:24.007000+00:00,2026-05-14T11:50:24.007000+00:00,ac40b973164eb51e8b800c6ece6338b41a8cd8313ffe7caff071b6aad14b51a8,yes,yes,yes,yes,yes,yes,yes
0147,0147.png,bundle_png,0147.png.ots,a99a0b19b1f5af03168f6158d77e9e63df3f7ee72bc1cc1184188f915326e7cb,0147.png.ots__time-stamp.json,2026-05-14T04:01:02.865000+00:00,1000000,2026-05-13T08:10:30.590000+00:00,2026-05-14T08:10:30.590000+00:00,a99a0b19b1f5af03168f6158d77e9e63df3f7ee72bc1cc1184188f915326e7cb,yes,yes,yes,yes,yes,yes,yes
0148,0148.json,bundle_json,0148.json.ots,0d90e2d824e2eef2ce4f2ad1787a4abb9b2c7ab66adb120f0dd25dbc558cbab6,0148.json.ots__time-stamp.json,2026-05-14T04:01:13.325000+00:00,1000000,2026-05-13T10:01:43.892000+00:00,2026-05-14T10:01:43.892000+00:00,0d90e2d824e2eef2ce4f2ad1787a4abb9b2c7ab66adb120f0dd25dbc558cbab6,yes,yes,yes,yes,yes,yes,yes
0148,0148.png,bundle_png,0148.png.ots,72072287c5b489e16d24c4d411b6f629ff9c1b0ed9a88b9fa1b70872ec83cd16,0148.png.ots__time-stamp.json,2026-05-14T04:01:10.909000+00:00,1000000,2026-05-13T07:35:20.866000+00:00,2026-05-14T07:35:20.866000+00:00,72072287c5b489e16d24c4d411b6f629ff9c1b0ed9a88b9fa1b70872ec83cd16,yes,yes,yes,yes,yes,yes,yes
0149,0149.json,bundle_json,0149.json.ots,3bfc9bd137730896e078db03406b40213f3325a6eeb1634757d4c058d7dd863c,0149.json.ots__time-stamp.json,2026-05-14T04:01:20.925000+00:00,1000000,2026-05-13T10:49:29.465000+00:00,2026-05-14T10:49:29.465000+00:00,3bfc9bd137730896e078db03406b40213f3325a6eeb1634757d4c058d7dd863c,yes,yes,yes,yes,yes,yes,yes
0149,0149.png,bundle_png,0149.png.ots,7a3dc4d22efdb53743aa4b8634e27187416f0718a3ad57a49bc5d0ab5b7104fc,0149.png.ots__time-stamp.json,2026-05-14T04:01:18.345000+00:00,1000000,2026-05-13T09:43:31.882000+00:00,2026-05-14T09:43:31.882000+00:00,7a3dc4d22efdb53743aa4b8634e27187416f0718a3ad57a49bc5d0ab5b7104fc,yes,yes,yes,yes,yes,yes,yes
0150,0150.json,bundle_json,0150.json.ots,7bfd7da4f7f5af5451fd53297ab7d89726b044cb5d044a11b7e30976c44e6124,0150.json.ots__time-stamp.json,2026-05-14T04:01:28.604000+00:00,1000000,2026-05-13T11:50:24.007000+00:00,2026-05-14T11:50:24.007000+00:00,7bfd7da4f7f5af5451fd53297ab7d89726b044cb5d044a11b7e30976c44e6124,yes,yes,yes,yes,yes,yes,yes
0150,0150.png,bundle_png,0150.png.ots,4377457c3f4e1bcc641c7a90b045cf44a87555d440d1d72179e988067e3ccace,0150.png.ots__time-stamp.json,2026-05-14T04:01:26.069000+00:00,1000000,2026-05-13T09:43:31.882000+00:00,2026-05-14T09:43:31.882000+00:00,4377457c3f4e1bcc641c7a90b045cf44a87555d440d1d72179e988067e3ccace,yes,yes,yes,yes,yes,yes,yes
0151,0151.json,bundle_json,0151.json.ots,67606cc75562ee020a972cf2e331b824bbf56e1979161956698aba53371ec919,0151.json.ots__time-stamp.json,2026-05-14T04:01:36.345000+00:00,1000000,2026-05-13T10:49:29.465000+00:00,2026-05-14T10:49:29.465000+00:00,67606cc75562ee020a972cf2e331b824bbf56e1979161956698aba53371ec919,yes,yes,yes,yes,yes,yes,yes
0151,0151.png,bundle_png,0151.png.ots,aa29117f1a0c5b065a126ff189aaac5ab1270e9f482b06a8fb97e0cb023a8813,0151.png.ots__time-stamp.json,2026-05-14T04:01:33.965000+00:00,1000000,2026-05-13T23:25:23.999000+00:00,2026-05-14T23:25:23.999000+00:00,aa29117f1a0c5b065a126ff189aaac5ab1270e9f482b06a8fb97e0cb023a8813,yes,yes,yes,yes,yes,yes,yes
0152,0152.json,bundle_json,0152.json.ots,7cf3b72574cdd4164edbd4e387e4f7899aec7391cb674df1ebbe44dd7b40e26a,0152.json.ots__time-stamp.json,2026-05-14T04:01:44.024000+00:00,1000000,2026-05-13T07:32:13.637000+00:00,2026-05-14T07:32:13.637000+00:00,7cf3b72574cdd4164edbd4e387e4f7899aec7391cb674df1ebbe44dd7b40e26a,yes,yes,yes,yes,yes,yes,yes
0152,0152.png,bundle_png,0152.png.ots,9e905429004c4eb875f86cc2b025106f32e88a6295ec952560c4886abceaf8ab,0152.png.ots__time-stamp.json,2026-05-14T04:01:41.360000+00:00,1000000,2026-05-13T07:42:55.719000+00:00,2026-05-14T07:42:55.719000+00:00,9e905429004c4eb875f86cc2b025106f32e88a6295ec952560c4886abceaf8ab,yes,yes,yes,yes,yes,yes,yes
0153,0153.json,bundle_json,0153.json.ots,be92a0e23c43fc4aa5b6a97000abc7de683191836daa8dcfbfa2387efb218804,0153.json.ots__time-stamp.json,2026-05-14T04:01:51.409000+00:00,1000000,2026-05-13T09:43:31.882000+00:00,2026-05-14T09:43:31.882000+00:00,be92a0e23c43fc4aa5b6a97000abc7de683191836daa8dcfbfa2387efb218804,yes,yes,yes,yes,yes,yes,yes
0153,0153.png,bundle_png,0153.png.ots,22350181d40eef9475a5638093bd3646a3d85b7147cfa393bd196eb369adf4bb,0153.png.ots__time-stamp.json,2026-05-14T04:01:49.150000+00:00,1000000,2026-05-13T06:31:59.305000+00:00,2026-05-14T06:31:59.305000+00:00,22350181d40eef9475a5638093bd3646a3d85b7147cfa393bd196eb369adf4bb,yes,yes,yes,yes,yes,yes,yes
0154,0154.json,bundle_json,0154.json.ots,a36d377a99683f52719cfd049a52d7c7c69d1550c79b38e7d292fbbe70da5efd,0154.json.ots__time-stamp.json,2026-05-14T04:01:59.065000+00:00,1000000,2026-05-13T07:42:55.719000+00:00,2026-05-14T07:42:55.719000+00:00,a36d377a99683f52719cfd049a52d7c7c69d1550c79b38e7d292fbbe70da5efd,yes,yes,yes,yes,yes,yes,yes
0154,0154.png,bundle_png,0154.png.ots,2105f7d4794059f1db011c85b66dfb6a2dc2de9dd03b34e709d2cc7011084cb9,0154.png.ots__time-stamp.json,2026-05-14T04:01:56.414000+00:00,1000000,2026-05-13T09:43:31.882000+00:00,2026-05-14T09:43:31.882000+00:00,2105f7d4794059f1db011c85b66dfb6a2dc2de9dd03b34e709d2cc7011084cb9,yes,yes,yes,yes,yes,yes,yes
0155,0155.json,bundle_json,0155.json.ots,b2f78ea3be3e00d71d8c81544edba5a48687df1573e41d7b1b3174bca1a9c79d,0155.json.ots__time-stamp.json,2026-05-14T04:02:07.110000+00:00,1000000,2026-05-13T07:42:55.719000+00:00,2026-05-14T07:42:55.719000+00:00,b2f78ea3be3e00d71d8c81544edba5a48687df1573e41d7b1b3174bca1a9c79d,yes,yes,yes,yes,yes,yes,yes
0155,0155.png,bundle_png,0155.png.ots,b410faf75e7b1b867f3e1343f126c08605867c0d6330a200068f6e39a40c50e3,0155.png.ots__time-stamp.json,2026-05-14T04:02:04.405000+00:00,1000000,2026-05-13T07:50:12.083000+00:00,2026-05-14T07:50:12.083000+00:00,b410faf75e7b1b867f3e1343f126c08605867c0d6330a200068f6e39a40c50e3,yes,yes,yes,yes,yes,yes,yes
0156,0156.json,bundle_json,0156.json.ots,18768a524a975ffa743a9367230260097d100b4f93db6c6bff2bd25d5f714e49,0156.json.ots__time-stamp.json,2026-05-14T04:02:15.269000+00:00,1000000,2026-05-13T23:25:23.999000+00:00,2026-05-14T23:25:23.999000+00:00,18768a524a975ffa743a9367230260097d100b4f93db6c6bff2bd25d5f714e49,yes,yes,yes,yes,yes,yes,yes
0156,0156.png,bundle_png,0156.png.ots,232e7528df6288803b10e848977669f522e1d0c5e29c5cb02b88a654c3d79331,0156.png.ots__time-stamp.json,2026-05-14T04:02:13.030000+00:00,1000000,2026-05-13T09:16:05.223000+00:00,2026-05-14T09:16:05.223000+00:00,232e7528df6288803b10e848977669f522e1d0c5e29c5cb02b88a654c3d79331,yes,yes,yes,yes,yes,yes,yes
0157,0157.json,bundle_json,0157.json.ots,b4c2e3b3ab1d012baeeb78758794b8d52733ab9d4b8aad9f2a197e82f6dc8262,0157.json.ots__time-stamp.json,2026-05-14T04:02:22.545000+00:00,1000000,2026-05-13T07:42:55.719000+00:00,2026-05-14T07:42:55.719000+00:00,b4c2e3b3ab1d012baeeb78758794b8d52733ab9d4b8aad9f2a197e82f6dc8262,yes,yes,yes,yes,yes,yes,yes
0157,0157.png,bundle_png,0157.png.ots,974d746bfac73063310eb82595ffd9c8a75e7d3a44436adecab4f1192a14ad08,0157.png.ots__time-stamp.json,2026-05-14T04:02:20.125000+00:00,1000000,2026-05-13T07:50:12.083000+00:00,2026-05-14T07:50:12.083000+00:00,974d746bfac73063310eb82595ffd9c8a75e7d3a44436adecab4f1192a14ad08,yes,yes,yes,yes,yes,yes,yes
0158,0158.json,bundle_json,0158.json.ots,7005e832602caef8f046ff56db34b0a5f4cbf4ee8cb94066a2fda7a07ee2ac75,0158.json.ots__time-stamp.json,2026-05-14T04:02:30.165000+00:00,1000000,2026-05-13T08:10:30.590000+00:00,2026-05-14T08:10:30.590000+00:00,7005e832602caef8f046ff56db34b0a5f4cbf4ee8cb94066a2fda7a07ee2ac75,yes,yes,yes,yes,yes,yes,yes
0158,0158.png,bundle_png,0158.png.ots,6636becacd810c4beca5f7a8f571db7f8f75be4b3a5c2450000d9239c82ffcf8,0158.png.ots__time-stamp.json,2026-05-14T04:02:27.564000+00:00,1000000,2026-05-13T23:25:23.999000+00:00,2026-05-14T23:25:23.999000+00:00,6636becacd810c4beca5f7a8f571db7f8f75be4b3a5c2450000d9239c82ffcf8,yes,yes,yes,yes,yes,yes,yes
0159,0159.json,bundle_json,0159.json.ots,64ea234be4b7e82274363d9f4c6540556eb7a269c26844f3e5da239567fd1664,0159.json.ots__time-stamp.json,2026-05-14T04:02:39.181000+00:00,1000000,2026-05-13T09:16:05.223000+00:00,2026-05-14T09:16:05.223000+00:00,64ea234be4b7e82274363d9f4c6540556eb7a269c26844f3e5da239567fd1664,yes,yes,yes,yes,yes,yes,yes
0159,0159.png,bundle_png,0159.png.ots,028185d36aa61dfde6874f91ec5466b6bc221a54e49ea6a57f0cfa75f499a1df,0159.png.ots__time-stamp.json,2026-05-14T04:02:36.184000+00:00,1000000,2026-05-13T09:43:31.882000+00:00,2026-05-14T09:43:31.882000+00:00,028185d36aa61dfde6874f91ec5466b6bc221a54e49ea6a57f0cfa75f499a1df,yes,yes,yes,yes,yes,yes,yes
0160,0160.json,bundle_json,0160.json.ots,5374575689a81f51576956ec3f2c97a39730dd2754154b5b6f343a85e03e2f63,0160.json.ots__time-stamp.json,2026-05-14T04:02:47.205000+00:00,1000000,2026-05-13T07:42:55.719000+00:00,2026-05-14T07:42:55.719000+00:00,5374575689a81f51576956ec3f2c97a39730dd2754154b5b6f343a85e03e2f63,yes,yes,yes,yes,yes,yes,yes
0160,0160.png,bundle_png,0160.png.ots,61ca98ba83ea7ca890053345573b7745c7f37767fdc43fd69de153ca4002b283,0160.png.ots__time-stamp.json,2026-05-14T04:02:44.204000+00:00,1000000,2026-05-13T07:20:03.388000+00:00,2026-05-14T07:20:03.388000+00:00,61ca98ba83ea7ca890053345573b7745c7f37767fdc43fd69de153ca4002b283,yes,yes,yes,yes,yes,yes,yes
0161,0161.json,bundle_json,0161.json.ots,acda684e3362df7b4d43f2173a03c3ad9494920a51d172d14f1f8b761f2e95ed,0161.json.ots__time-stamp.json,2026-05-14T04:02:55.514000+00:00,1000000,2026-05-13T11:50:24.007000+00:00,2026-05-14T11:50:24.007000+00:00,acda684e3362df7b4d43f2173a03c3ad9494920a51d172d14f1f8b761f2e95ed,yes,yes,yes,yes,yes,yes,yes
0161,0161.png,bundle_png,0161.png.ots,a653885374f614b06026716cbe2af23ca359973135852c45bbdec57d39b3c310,0161.png.ots__time-stamp.json,2026-05-14T04:02:52.224000+00:00,1000000,2026-05-13T07:32:13.637000+00:00,2026-05-14T07:32:13.637000+00:00,a653885374f614b06026716cbe2af23ca359973135852c45bbdec57d39b3c310,yes,yes,yes,yes,yes,yes,yes
0162,0162.json,bundle_json,0162.json.ots,b169a9442492058353426639e4a93a1ef818e77d17b1b5b654bb5564c5439d7e,0162.json.ots__time-stamp.json,2026-05-14T04:03:03.245000+00:00,1000000,2026-05-13T07:20:03.388000+00:00,2026-05-14T07:20:03.388000+00:00,b169a9442492058353426639e4a93a1ef818e77d17b1b5b654bb5564c5439d7e,yes,yes,yes,yes,yes,yes,yes
0162,0162.png,bundle_png,0162.png.ots,c8c7afab85c4a074c6e71dec26398e9d3acec862c7a8cde57b4e9db4306b7933,0162.png.ots__time-stamp.json,2026-05-14T04:03:00.245000+00:00,1000000,2026-05-13T10:58:02.074000+00:00,2026-05-14T10:58:02.074000+00:00,c8c7afab85c4a074c6e71dec26398e9d3acec862c7a8cde57b4e9db4306b7933,yes,yes,yes,yes,yes,yes,yes
0163,0163.json,bundle_json,0163.json.ots,4d8c0865bdc67fc7f03842cf9298d7144292e2e488efc2ee4ee6121c22a005fc,0163.json.ots__time-stamp.json,2026-05-14T04:03:10.805000+00:00,1000000,2026-05-13T09:43:31.882000+00:00,2026-05-14T09:43:31.882000+00:00,4d8c0865bdc67fc7f03842cf9298d7144292e2e488efc2ee4ee6121c22a005fc,yes,yes,yes,yes,yes,yes,yes
0163,0163.png,bundle_png,0163.png.ots,883816228b0ba240992c737e8590369f44f93990fd61c7c3af507ea5fe614a51,0163.png.ots__time-stamp.json,2026-05-14T04:03:07.785000+00:00,1000000,2026-05-13T07:50:12.083000+00:00,2026-05-14T07:50:12.083000+00:00,883816228b0ba240992c737e8590369f44f93990fd61c7c3af507ea5fe614a51,yes,yes,yes,yes,yes,yes,yes
0164,0164.json,bundle_json,0164.json.ots,9c045b03776ffd2fb0446ec467b922f19fd6d609681a483126a9b02e420208b5,0164.json.ots__time-stamp.json,2026-05-14T04:03:18.485000+00:00,1000000,2026-05-13T09:16:05.223000+00:00,2026-05-14T09:16:05.223000+00:00,9c045b03776ffd2fb0446ec467b922f19fd6d609681a483126a9b02e420208b5,yes,yes,yes,yes,yes,yes,yes
0164,0164.png,bundle_png,0164.png.ots,6a3792a18d9abeff1fef94f7e8352037471a2c7fcac0aabbcc0571d384dbc1e1,0164.png.ots__time-stamp.json,2026-05-14T04:03:15.803000+00:00,1000000,2026-05-13T07:32:13.637000+00:00,2026-05-14T07:32:13.637000+00:00,6a3792a18d9abeff1fef94f7e8352037471a2c7fcac0aabbcc0571d384dbc1e1,yes,yes,yes,yes,yes,yes,yes
0165,0165.json,bundle_json,0165.json.ots,2ed0a39981c553602bfe39e20f053fad5db51582de6b236a112bdda68b9fd6e9,0165.json.ots__time-stamp.json,2026-05-14T04:03:25.308000+00:00,1000000,2026-05-13T08:10:30.590000+00:00,2026-05-14T08:10:30.590000+00:00,2ed0a39981c553602bfe39e20f053fad5db51582de6b236a112bdda68b9fd6e9,yes,yes,yes,yes,yes,yes,yes
0165,0165.png,bundle_png,0165.png.ots,d3772dfecc76568ff25bbb72b464250f5ac6a750f7cc060f617212f87739094d,0165.png.ots__time-stamp.json,2026-05-14T04:03:22.844000+00:00,1000000,2026-05-13T07:35:20.866000+00:00,2026-05-14T07:35:20.866000+00:00,d3772dfecc76568ff25bbb72b464250f5ac6a750f7cc060f617212f87739094d,yes,yes,yes,yes,yes,yes,yes
0166,0166.json,bundle_json,0166.json.ots,d160d257c495b4d664167e4f0ff22a35938b5e9ca486c1fb5dbc73199f8532b2,0166.json.ots__time-stamp.json,2026-05-14T04:03:32.885000+00:00,1000000,2026-05-13T07:50:12.083000+00:00,2026-05-14T07:50:12.083000+00:00,d160d257c495b4d664167e4f0ff22a35938b5e9ca486c1fb5dbc73199f8532b2,yes,yes,yes,yes,yes,yes,yes
0166,0166.png,bundle_png,0166.png.ots,bc13adbaaa75bc303a232db8e6caec4d7abbfe8b0bafead4cde2f415b62adc1a,0166.png.ots__time-stamp.json,2026-05-14T04:03:30.525000+00:00,1000000,2026-05-13T10:49:29.465000+00:00,2026-05-14T10:49:29.465000+00:00,bc13adbaaa75bc303a232db8e6caec4d7abbfe8b0bafead4cde2f415b62adc1a,yes,yes,yes,yes,yes,yes,yes
0167,0167.json,bundle_json,0167.json.ots,3cd57403353a4605c5a1cc1ca9787871d25904ef9e00089cd3c5236dcb407f4e,0167.json.ots__time-stamp.json,2026-05-14T04:03:40.564000+00:00,1000000,2026-05-13T06:31:59.305000+00:00,2026-05-14T06:31:59.305000+00:00,3cd57403353a4605c5a1cc1ca9787871d25904ef9e00089cd3c5236dcb407f4e,yes,yes,yes,yes,yes,yes,yes
0167,0167.png,bundle_png,0167.png.ots,999efb707ce002f9e4eff3932bcfbae583d419f4af105f7796b4bff498dc89eb,0167.png.ots__time-stamp.json,2026-05-14T04:03:38.372000+00:00,1000000,2026-05-13T09:43:31.882000+00:00,2026-05-14T09:43:31.882000+00:00,999efb707ce002f9e4eff3932bcfbae583d419f4af105f7796b4bff498dc89eb,yes,yes,yes,yes,yes,yes,yes
0168,0168.json,bundle_json,0168.json.ots,0b3c11597ebbdd5e9817af7765d0cad3e46aab1d7e330df8adbe300be7ba0fd9,0168.json.ots__time-stamp.json,2026-05-14T04:03:48.385000+00:00,1000000,2026-05-13T07:20:03.388000+00:00,2026-05-14T07:20:03.388000+00:00,0b3c11597ebbdd5e9817af7765d0cad3e46aab1d7e330df8adbe300be7ba0fd9,yes,yes,yes,yes,yes,yes,yes
0168,0168.png,bundle_png,0168.png.ots,bc1463caa07692e193879939b196287e5f6d10037a5949adedefeaec544a6e1b,0168.png.ots__time-stamp.json,2026-05-14T04:03:45.945000+00:00,1000000,2026-05-13T09:16:05.223000+00:00,2026-05-14T09:16:05.223000+00:00,bc1463caa07692e193879939b196287e5f6d10037a5949adedefeaec544a6e1b,yes,yes,yes,yes,yes,yes,yes
0169,0169.json,bundle_json,0169.json.ots,747eae129e3201a99aed3ca9bf93dea7bd25784495676dc5d1a86368eab9ae81,0169.json.ots__time-stamp.json,2026-05-14T04:03:56.405000+00:00,1000000,2026-05-13T23:25:23.999000+00:00,2026-05-14T23:25:23.999000+00:00,747eae129e3201a99aed3ca9bf93dea7bd25784495676dc5d1a86368eab9ae81,yes,yes,yes,yes,yes,yes,yes
0169,0169.png,bundle_png,0169.png.ots,38321eb214024ac3ea97ee2d9bb75279cae36a5cd85ec0c1b41097af46307f5a,0169.png.ots__time-stamp.json,2026-05-14T04:03:53.605000+00:00,1000000,2026-05-13T08:10:30.590000+00:00,2026-05-14T08:10:30.590000+00:00,38321eb214024ac3ea97ee2d9bb75279cae36a5cd85ec0c1b41097af46307f5a,yes,yes,yes,yes,yes,yes,yes
0170,0170.json,bundle_json,0170.json.ots,144c56ea7df6d21e0c9248313d325f25257e4be953b4a3eb5eb4c61bf0e7765b,0170.json.ots__time-stamp.json,2026-05-14T04:04:04.005000+00:00,1000000,2026-05-13T07:50:12.083000+00:00,2026-05-14T07:50:12.083000+00:00,144c56ea7df6d21e0c9248313d325f25257e4be953b4a3eb5eb4c61bf0e7765b,yes,yes,yes,yes,yes,yes,yes
0170,0170.png,bundle_png,0170.png.ots,ce39e69627ddeae678da5d89c1fbb9c64f5c4fab5b6e382577b3005a92824c1d,0170.png.ots__time-stamp.json,2026-05-14T04:04:01.405000+00:00,1000000,2026-05-13T09:16:05.223000+00:00,2026-05-14T09:16:05.223000+00:00,ce39e69627ddeae678da5d89c1fbb9c64f5c4fab5b6e382577b3005a92824c1d,yes,yes,yes,yes,yes,yes,yes
0171,0171.json,bundle_json,0171.json.ots,64c6e1b9cc99f51b4b1f320c994d9bf2ef7080ded59e969f9c9b8610af5a4f2f,0171.json.ots__time-stamp.json,2026-05-14T04:04:11.425000+00:00,1000000,2026-05-13T10:01:43.892000+00:00,2026-05-14T10:01:43.892000+00:00,64c6e1b9cc99f51b4b1f320c994d9bf2ef7080ded59e969f9c9b8610af5a4f2f,yes,yes,yes,yes,yes,yes,yes
0171,0171.png,bundle_png,0171.png.ots,19fea2660901d37769019ddb6dfc34c68e6359320e8b0db3ca747f9c085268d6,0171.png.ots__time-stamp.json,2026-05-14T04:04:08.670000+00:00,1000000,2026-05-13T10:58:02.074000+00:00,2026-05-14T10:58:02.074000+00:00,19fea2660901d37769019ddb6dfc34c68e6359320e8b0db3ca747f9c085268d6,yes,yes,yes,yes,yes,yes,yes
0172,0172.json,bundle_json,0172.json.ots,f5480c8aee9a1b48d8535223bc474250a2079e4aa329e2c7cac7f13151a2c565,0172.json.ots__time-stamp.json,2026-05-14T04:04:19.445000+00:00,1000000,2026-05-13T10:58:02.074000+00:00,2026-05-14T10:58:02.074000+00:00,f5480c8aee9a1b48d8535223bc474250a2079e4aa329e2c7cac7f13151a2c565,yes,yes,yes,yes,yes,yes,yes
0172,0172.png,bundle_png,0172.png.ots,9711d822982f56918262e25d207678015e3dbe248ebbefbb4961af823b5ba2f5,0172.png.ots__time-stamp.json,2026-05-14T04:04:16.665000+00:00,1000000,2026-05-13T09:16:05.223000+00:00,2026-05-14T09:16:05.223000+00:00,9711d822982f56918262e25d207678015e3dbe248ebbefbb4961af823b5ba2f5,yes,yes,yes,yes,yes,yes,yes
0173,0173.json,bundle_json,0173.json.ots,073c6c3b264d9e58253b7ac3d18f19cacaceb6e22479ef06507f3b4b7ed04115,0173.json.ots__time-stamp.json,2026-05-14T04:04:26.705000+00:00,1000000,2026-05-13T10:49:29.465000+00:00,2026-05-14T10:49:29.465000+00:00,073c6c3b264d9e58253b7ac3d18f19cacaceb6e22479ef06507f3b4b7ed04115,yes,yes,yes,yes,yes,yes,yes
0173,0173.png,bundle_png,0173.png.ots,e61d601d75382db2e1de82aa5f6eb15101196d4e86a6f223f3ea6c3bb465d290,0173.png.ots__time-stamp.json,2026-05-14T04:04:24.470000+00:00,1000000,2026-05-13T06:31:59.305000+00:00,2026-05-14T06:31:59.305000+00:00,e61d601d75382db2e1de82aa5f6eb15101196d4e86a6f223f3ea6c3bb465d290,yes,yes,yes,yes,yes,yes,yes
0174,0174.json,bundle_json,0174.json.ots,d2e4cb4a68e58fd7013faea3731c07c3b915d0ab47461e6da7b52d3531226b0a,0174.json.ots__time-stamp.json,2026-05-14T04:04:34.725000+00:00,1000000,2026-05-13T09:16:05.223000+00:00,2026-05-14T09:16:05.223000+00:00,d2e4cb4a68e58fd7013faea3731c07c3b915d0ab47461e6da7b52d3531226b0a,yes,yes,yes,yes,yes,yes,yes
0174,0174.png,bundle_png,0174.png.ots,58abb87b1ef4208065e94cf00423a69ae35f06047fbf8ce3ab1a6c14afd48acf,0174.png.ots__time-stamp.json,2026-05-14T04:04:32.230000+00:00,1000000,2026-05-13T09:16:05.223000+00:00,2026-05-14T09:16:05.223000+00:00,58abb87b1ef4208065e94cf00423a69ae35f06047fbf8ce3ab1a6c14afd48acf,yes,yes,yes,yes,yes,yes,yes
0175,0175.json,bundle_json,0175.json.ots,29bb0ffc286f8af3fa4431539d807375f51f62804123ed1a2eca2cefb9a92884,0175.json.ots__time-stamp.json,2026-05-14T04:04:41.745000+00:00,1000000,2026-05-13T07:20:03.388000+00:00,2026-05-14T07:20:03.388000+00:00,29bb0ffc286f8af3fa4431539d807375f51f62804123ed1a2eca2cefb9a92884,yes,yes,yes,yes,yes,yes,yes
0175,0175.png,bundle_png,0175.png.ots,bd297b93f259af281d32d96d6a8f2161e4ace9547c5e012f52a49aeda47aac70,0175.png.ots__time-stamp.json,2026-05-14T04:04:39.505000+00:00,1000000,2026-05-13T07:35:20.866000+00:00,2026-05-14T07:35:20.866000+00:00,bd297b93f259af281d32d96d6a8f2161e4ace9547c5e012f52a49aeda47aac70,yes,yes,yes,yes,yes,yes,yes
0176,0176.json,bundle_json,0176.json.ots,dfaebb0339a402e453bd65fd533a6270e2063754de56dea245b94773420ff5bf,0176.json.ots__time-stamp.json,2026-05-14T04:04:49.764000+00:00,1000000,2026-05-13T09:43:31.882000+00:00,2026-05-14T09:43:31.882000+00:00,dfaebb0339a402e453bd65fd533a6270e2063754de56dea245b94773420ff5bf,yes,yes,yes,yes,yes,yes,yes
0176,0176.png,bundle_png,0176.png.ots,c3a40bab1fa87d543974f5e0cb57aa7f1939f9239c4ddc40bbfc48b2045077ee,0176.png.ots__time-stamp.json,2026-05-14T04:04:47.205000+00:00,1000000,2026-05-13T23:25:23.999000+00:00,2026-05-14T23:25:23.999000+00:00,c3a40bab1fa87d543974f5e0cb57aa7f1939f9239c4ddc40bbfc48b2045077ee,yes,yes,yes,yes,yes,yes,yes
0177,0177.json,bundle_json,0177.json.ots,55a16c24d32c756d7f3c80bfad89cd87734bba4a150aea3fa27da4c6348c887c,0177.json.ots__time-stamp.json,2026-05-14T04:04:57.585000+00:00,1000000,2026-05-13T09:16:05.223000+00:00,2026-05-14T09:16:05.223000+00:00,55a16c24d32c756d7f3c80bfad89cd87734bba4a150aea3fa27da4c6348c887c,yes,yes,yes,yes,yes,yes,yes
0177,0177.png,bundle_png,0177.png.ots,a0c0660e19ff8379fe47d71e9573e99a3f0cfcde1d5071967c0da01877590370,0177.png.ots__time-stamp.json,2026-05-14T04:04:54.790000+00:00,1000000,2026-05-13T08:23:50.532000+00:00,2026-05-14T08:23:50.532000+00:00,a0c0660e19ff8379fe47d71e9573e99a3f0cfcde1d5071967c0da01877590370,yes,yes,yes,yes,yes,yes,yes
0178,0178.json,bundle_json,0178.json.ots,a33b35ff577c954ea559717d69ee8ca885b6d35a6fc8f9861c64efbec6bb7178,0178.json.ots__time-stamp.json,2026-05-14T04:05:04.825000+00:00,1000000,2026-05-13T07:20:03.388000+00:00,2026-05-14T07:20:03.388000+00:00,a33b35ff577c954ea559717d69ee8ca885b6d35a6fc8f9861c64efbec6bb7178,yes,yes,yes,yes,yes,yes,yes
0178,0178.png,bundle_png,0178.png.ots,820d94075f572fe9d1da2059958c4aae035f655d144ae4e24956dc83a3f0adcf,0178.png.ots__time-stamp.json,2026-05-14T04:05:02.584000+00:00,1000000,2026-05-13T07:26:49.378000+00:00,2026-05-14T07:26:49.378000+00:00,820d94075f572fe9d1da2059958c4aae035f655d144ae4e24956dc83a3f0adcf,yes,yes,yes,yes,yes,yes,yes
0179,0179.json,bundle_json,0179.json.ots,14f2dc4700398e65c92a83271a662c4b0bf88f61c5e81192cb3e7c9cf359042e,0179.json.ots__time-stamp.json,2026-05-14T04:05:12.324000+00:00,1000000,2026-05-13T11:50:24.007000+00:00,2026-05-14T11:50:24.007000+00:00,14f2dc4700398e65c92a83271a662c4b0bf88f61c5e81192cb3e7c9cf359042e,yes,yes,yes,yes,yes,yes,yes
0179,0179.png,bundle_png,0179.png.ots,31472b594da8d008169ac02eee1ef5900fbddce4156bbac3706e156ec7d44b05,0179.png.ots__time-stamp.json,2026-05-14T04:05:09.865000+00:00,1000000,2026-05-13T08:23:50.532000+00:00,2026-05-14T08:23:50.532000+00:00,31472b594da8d008169ac02eee1ef5900fbddce4156bbac3706e156ec7d44b05,yes,yes,yes,yes,yes,yes,yes
0180,0180.json,bundle_json,0180.json.ots,ca304288bd9b29d1386fbe67058de9d61369c107d9da55a84cc28eae3e789787,0180.json.ots__time-stamp.json,2026-05-14T04:05:20.625000+00:00,1000000,2026-05-13T07:26:49.378000+00:00,2026-05-14T07:26:49.378000+00:00,ca304288bd9b29d1386fbe67058de9d61369c107d9da55a84cc28eae3e789787,yes,yes,yes,yes,yes,yes,yes
0180,0180.png,bundle_png,0180.png.ots,91fd1edf18faa6a0530d059e982f6dca8636604a3aef18a6e9ebf91a5b9eef8c,0180.png.ots__time-stamp.json,2026-05-14T04:05:18.174000+00:00,1000000,2026-05-13T23:25:23.999000+00:00,2026-05-14T23:25:23.999000+00:00,91fd1edf18faa6a0530d059e982f6dca8636604a3aef18a6e9ebf91a5b9eef8c,yes,yes,yes,yes,yes,yes,yes
0181,0181.json,bundle_json,0181.json.ots,27c8ba3a60b76f12be4c387b1accd8dd5afeb7fbc94872d4f284170255def1f0,0181.json.ots__time-stamp.json,2026-05-14T04:05:28.386000+00:00,1000000,2026-05-13T08:23:50.532000+00:00,2026-05-14T08:23:50.532000+00:00,27c8ba3a60b76f12be4c387b1accd8dd5afeb7fbc94872d4f284170255def1f0,yes,yes,yes,yes,yes,yes,yes
0181,0181.png,bundle_png,0181.png.ots,5003487b30e44cbffc725d227b74a5131bc24aa020b74c79acb9e1bf60e80410,0181.png.ots__time-stamp.json,2026-05-14T04:05:25.644000+00:00,1000000,2026-05-13T06:34:59.170000+00:00,2026-05-14T06:34:59.170000+00:00,5003487b30e44cbffc725d227b74a5131bc24aa020b74c79acb9e1bf60e80410,yes,yes,yes,yes,yes,yes,yes
0182,0182.json,bundle_json,0182.json.ots,574c56a039e66fe417b9af8c347fc3e7ee9190eb28e14739173f012a34c57622,0182.json.ots__time-stamp.json,2026-05-14T04:05:35.424000+00:00,1000000,2026-05-13T23:25:23.999000+00:00,2026-05-14T23:25:23.999000+00:00,574c56a039e66fe417b9af8c347fc3e7ee9190eb28e14739173f012a34c57622,yes,yes,yes,yes,yes,yes,yes
0182,0182.png,bundle_png,0182.png.ots,7fd09b3fc24b6c3da88b5ca6cfe458d2dcabd2710e014b170b9cc2ff7ea136ff,0182.png.ots__time-stamp.json,2026-05-14T04:05:32.929000+00:00,1000000,2026-05-13T06:31:59.305000+00:00,2026-05-14T06:31:59.305000+00:00,7fd09b3fc24b6c3da88b5ca6cfe458d2dcabd2710e014b170b9cc2ff7ea136ff,yes,yes,yes,yes,yes,yes,yes
0183,0183.json,bundle_json,0183.json.ots,181c5892bd1f9c2bf659ca2a5cbcc3d1059b336e746d2e54bbce3e67f66aa8d2,0183.json.ots__time-stamp.json,2026-05-14T04:05:43.924000+00:00,1000000,2026-05-13T23:25:23.999000+00:00,2026-05-14T23:25:23.999000+00:00,181c5892bd1f9c2bf659ca2a5cbcc3d1059b336e746d2e54bbce3e67f66aa8d2,yes,yes,yes,yes,yes,yes,yes
0183,0183.png,bundle_png,0183.png.ots,59511c30e051fecba3d82330c590ac39f4f99434b0d901105fda59021e766d37,0183.png.ots__time-stamp.json,2026-05-14T04:05:40.950000+00:00,1000000,2026-05-13T07:42:55.719000+00:00,2026-05-14T07:42:55.719000+00:00,59511c30e051fecba3d82330c590ac39f4f99434b0d901105fda59021e766d37,yes,yes,yes,yes,yes,yes,yes
0184,0184.json,bundle_json,0184.json.ots,1c15d8cfa7b3b3c572658973dd581d08b5d31e4af566f46230ea602d201f0661,0184.json.ots__time-stamp.json,2026-05-14T04:05:51.486000+00:00,1000000,2026-05-13T09:16:05.223000+00:00,2026-05-14T09:16:05.223000+00:00,1c15d8cfa7b3b3c572658973dd581d08b5d31e4af566f46230ea602d201f0661,yes,yes,yes,yes,yes,yes,yes
0184,0184.png,bundle_png,0184.png.ots,eb5d1d8dc72150c8462b510180d4bff4a6a597ecfccd2e5bc7dbdf67ce28d94e,0184.png.ots__time-stamp.json,2026-05-14T04:05:48.724000+00:00,1000000,2026-05-13T06:31:59.305000+00:00,2026-05-14T06:31:59.305000+00:00,eb5d1d8dc72150c8462b510180d4bff4a6a597ecfccd2e5bc7dbdf67ce28d94e,yes,yes,yes,yes,yes,yes,yes
0185,0185.json,bundle_json,0185.json.ots,67e4c106f912a0c1982934816bece97474b7797ed92b64996956503513d54d34,0185.json.ots__time-stamp.json,2026-05-14T04:05:58.770000+00:00,1000000,2026-05-13T07:35:20.866000+00:00,2026-05-14T07:35:20.866000+00:00,67e4c106f912a0c1982934816bece97474b7797ed92b64996956503513d54d34,yes,yes,yes,yes,yes,yes,yes
0185,0185.png,bundle_png,0185.png.ots,42a25572877d02e25833a4f1aea94bd76bdd5cb545a873df17597716640da275,0185.png.ots__time-stamp.json,2026-05-14T04:05:55.990000+00:00,1000000,2026-05-13T07:50:12.083000+00:00,2026-05-14T07:50:12.083000+00:00,42a25572877d02e25833a4f1aea94bd76bdd5cb545a873df17597716640da275,yes,yes,yes,yes,yes,yes,yes
0186,0186.json,bundle_json,0186.json.ots,c6d9c46d4a31c53f4764c64f1b435f97e012fe24afd15f9a58c819ba795389c5,0186.json.ots__time-stamp.json,2026-05-14T04:06:06.229000+00:00,1000000,2026-05-13T07:20:03.388000+00:00,2026-05-14T07:20:03.388000+00:00,c6d9c46d4a31c53f4764c64f1b435f97e012fe24afd15f9a58c819ba795389c5,yes,yes,yes,yes,yes,yes,yes
0186,0186.png,bundle_png,0186.png.ots,aca5318d57727101a0bad3ba1b5446dc9e6dcaf21c04474c5024dd71fe87eaca,0186.png.ots__time-stamp.json,2026-05-14T04:06:03.804000+00:00,1000000,2026-05-13T06:40:25.129000+00:00,2026-05-14T06:40:25.129000+00:00,aca5318d57727101a0bad3ba1b5446dc9e6dcaf21c04474c5024dd71fe87eaca,yes,yes,yes,yes,yes,yes,yes
0187,0187.json,bundle_json,0187.json.ots,312f8a2a3c71bb8a98008a7b484436b23e3c15f29c64d897ed459deaeee63757,0187.json.ots__time-stamp.json,2026-05-14T04:06:15.174000+00:00,1000000,2026-05-13T07:26:49.378000+00:00,2026-05-14T07:26:49.378000+00:00,312f8a2a3c71bb8a98008a7b484436b23e3c15f29c64d897ed459deaeee63757,yes,yes,yes,yes,yes,yes,yes
0187,0187.png,bundle_png,0187.png.ots,1fcec70ac1e46b44f27cc1352b1485b7576763afbb9da09eb97e04617dd2bfe4,0187.png.ots__time-stamp.json,2026-05-14T04:06:12.047000+00:00,1000000,2026-05-13T06:14:40.124000+00:00,2026-05-14T06:14:40.124000+00:00,1fcec70ac1e46b44f27cc1352b1485b7576763afbb9da09eb97e04617dd2bfe4,yes,yes,yes,yes,yes,yes,yes
0188,0188.json,bundle_json,0188.json.ots,86cd757c2620d35498ecfa701774a47da1d55a37a14e5b3bcc1f5c7af0ed8467,0188.json.ots__time-stamp.json,2026-05-14T04:06:23.175000+00:00,1000000,2026-05-13T06:31:59.305000+00:00,2026-05-14T06:31:59.305000+00:00,86cd757c2620d35498ecfa701774a47da1d55a37a14e5b3bcc1f5c7af0ed8467,yes,yes,yes,yes,yes,yes,yes
0188,0188.png,bundle_png,0188.png.ots,5dc05699fddd64ce3e215ef5f131fe772edc92cd9f1e1fb2717e96a12d223559,0188.png.ots__time-stamp.json,2026-05-14T04:06:20.210000+00:00,1000000,2026-05-13T08:23:50.532000+00:00,2026-05-14T08:23:50.532000+00:00,5dc05699fddd64ce3e215ef5f131fe772edc92cd9f1e1fb2717e96a12d223559,yes,yes,yes,yes,yes,yes,yes
0189,0189.json,bundle_json,0189.json.ots,a2dd2cb5d53635dec22d77dd32caed081a5d2310928dfe358dc82a4f90adadaa,0189.json.ots__time-stamp.json,2026-05-14T04:06:30.865000+00:00,1000000,2026-05-13T06:31:59.305000+00:00,2026-05-14T06:31:59.305000+00:00,a2dd2cb5d53635dec22d77dd32caed081a5d2310928dfe358dc82a4f90adadaa,yes,yes,yes,yes,yes,yes,yes
0189,0189.png,bundle_png,0189.png.ots,46bc6e5a925e915e6c8c93b07791e49efc8ee001a689ab4bd5a809be02fcedeb,0189.png.ots__time-stamp.json,2026-05-14T04:06:28.230000+00:00,1000000,2026-05-13T07:50:12.083000+00:00,2026-05-14T07:50:12.083000+00:00,46bc6e5a925e915e6c8c93b07791e49efc8ee001a689ab4bd5a809be02fcedeb,yes,yes,yes,yes,yes,yes,yes
0190,0190.json,bundle_json,0190.json.ots,c0fc473d28f040f3a1fcc55b3792a21bf7171b660d23e08cf431d57051ef58a9,0190.json.ots__time-stamp.json,2026-05-14T04:06:37.245000+00:00,1000000,2026-05-13T09:43:31.882000+00:00,2026-05-14T09:43:31.882000+00:00,c0fc473d28f040f3a1fcc55b3792a21bf7171b660d23e08cf431d57051ef58a9,yes,yes,yes,yes,yes,yes,yes
0190,0190.png,bundle_png,0190.png.ots,33051ac7b8bf2ef34950244ec6420ce2ce4495cfa43fcb2043e117c70ebf6e66,0190.png.ots__time-stamp.json,2026-05-14T04:06:35.225000+00:00,1000000,2026-05-13T07:42:55.719000+00:00,2026-05-14T07:42:55.719000+00:00,33051ac7b8bf2ef34950244ec6420ce2ce4495cfa43fcb2043e117c70ebf6e66,yes,yes,yes,yes,yes,yes,yes
0191,0191.json,bundle_json,0191.json.ots,68380a57d7e8d8aef408641d954333ad43d27f04d026e61d82d0c89725ac8b31,0191.json.ots__time-stamp.json,2026-05-14T04:06:47.310000+00:00,1000000,2026-05-13T06:14:40.124000+00:00,2026-05-14T06:14:40.124000+00:00,68380a57d7e8d8aef408641d954333ad43d27f04d026e61d82d0c89725ac8b31,yes,yes,yes,yes,yes,yes,yes
0191,0191.png,bundle_png,0191.png.ots,1772245618caab19955d1c5ce6534686b06dd016706fcd42d70672eb22a62892,0191.png.ots__time-stamp.json,2026-05-14T04:06:44.320000+00:00,1000000,2026-05-13T08:10:30.590000+00:00,2026-05-14T08:10:30.590000+00:00,1772245618caab19955d1c5ce6534686b06dd016706fcd42d70672eb22a62892,yes,yes,yes,yes,yes,yes,yes
0192,0192.json,bundle_json,0192.json.ots,28ebb17066e228daa46cce2e1008cf63b5fbc1663f8e9cdecfafe0003aff34cc,0192.json.ots__time-stamp.json,2026-05-14T04:06:54.284000+00:00,1000000,2026-05-13T08:10:30.590000+00:00,2026-05-14T08:10:30.590000+00:00,28ebb17066e228daa46cce2e1008cf63b5fbc1663f8e9cdecfafe0003aff34cc,yes,yes,yes,yes,yes,yes,yes
0192,0192.png,bundle_png,0192.png.ots,3ef9c2779087df150e158a43bb196b6d993f6b06a961d18640ba293070ac698e,0192.png.ots__time-stamp.json,2026-05-14T04:06:51.525000+00:00,1000000,2026-05-13T07:20:03.388000+00:00,2026-05-14T07:20:03.388000+00:00,3ef9c2779087df150e158a43bb196b6d993f6b06a961d18640ba293070ac698e,yes,yes,yes,yes,yes,yes,yes
0193,0193.json,bundle_json,0193.json.ots,8cd32e6ff60ccbef623aed2702e51f0796103979d14aab868ccd7c25906bf931,0193.json.ots__time-stamp.json,2026-05-14T04:07:02.304000+00:00,1000000,2026-05-13T07:35:20.866000+00:00,2026-05-14T07:35:20.866000+00:00,8cd32e6ff60ccbef623aed2702e51f0796103979d14aab868ccd7c25906bf931,yes,yes,yes,yes,yes,yes,yes
0193,0193.png,bundle_png,0193.png.ots,f930789e28e5547a63cdccd095681bf9a0db6062400af9db8fa9e09228fd5e45,0193.png.ots__time-stamp.json,2026-05-14T04:06:58.965000+00:00,1000000,2026-05-13T11:50:24.007000+00:00,2026-05-14T11:50:24.007000+00:00,f930789e28e5547a63cdccd095681bf9a0db6062400af9db8fa9e09228fd5e45,yes,yes,yes,yes,yes,yes,yes
0194,0194.json,bundle_json,0194.json.ots,21267a400962174cf149ce461ef3834ad1fcc67ca0b690cabca2c09cfd71185b,0194.json.ots__time-stamp.json,2026-05-14T04:07:09.374000+00:00,1000000,2026-05-13T07:35:20.866000+00:00,2026-05-14T07:35:20.866000+00:00,21267a400962174cf149ce461ef3834ad1fcc67ca0b690cabca2c09cfd71185b,yes,yes,yes,yes,yes,yes,yes
0194,0194.png,bundle_png,0194.png.ots,dd6bf6e9208f3acffec157c8f5f2e6e4cc948badd3b2ab53d34bebc23f459cd6,0194.png.ots__time-stamp.json,2026-05-14T04:07:06.326000+00:00,1000000,2026-05-13T06:34:59.170000+00:00,2026-05-14T06:34:59.170000+00:00,dd6bf6e9208f3acffec157c8f5f2e6e4cc948badd3b2ab53d34bebc23f459cd6,yes,yes,yes,yes,yes,yes,yes
0195,0195.json,bundle_json,0195.json.ots,085805eb4754da39cf2683d1654c80bba4dbc8f614ddf694b73eab4484e8e601,0195.json.ots__time-stamp.json,2026-05-14T04:07:17.070000+00:00,1000000,2026-05-13T07:50:12.083000+00:00,2026-05-14T07:50:12.083000+00:00,085805eb4754da39cf2683d1654c80bba4dbc8f614ddf694b73eab4484e8e601,yes,yes,yes,yes,yes,yes,yes
0195,0195.png,bundle_png,0195.png.ots,7c756d65e8d37bd7fc6189b55b7618e41006bc4e62aa67820037c56f2447f382,0195.png.ots__time-stamp.json,2026-05-14T04:07:14.025000+00:00,1000000,2026-05-13T09:16:05.223000+00:00,2026-05-14T09:16:05.223000+00:00,7c756d65e8d37bd7fc6189b55b7618e41006bc4e62aa67820037c56f2447f382,yes,yes,yes,yes,yes,yes,yes
0196,0196.json,bundle_json,0196.json.ots,b1636dbce3e46e0b872321d45ac1cdcce66c72928eec1b524568bc5d5e24270d,0196.json.ots__time-stamp.json,2026-05-14T04:07:25.425000+00:00,1000000,2026-05-13T10:49:29.465000+00:00,2026-05-14T10:49:29.465000+00:00,b1636dbce3e46e0b872321d45ac1cdcce66c72928eec1b524568bc5d5e24270d,yes,yes,yes,yes,yes,yes,yes
0196,0196.png,bundle_png,0196.png.ots,615f49ad99e6e1028b1b71669294ff6fcc3b3a806def051d86cb6ae0b7222ef7,0196.png.ots__time-stamp.json,2026-05-14T04:07:22.386000+00:00,1000000,2026-05-13T23:25:23.999000+00:00,2026-05-14T23:25:23.999000+00:00,615f49ad99e6e1028b1b71669294ff6fcc3b3a806def051d86cb6ae0b7222ef7,yes,yes,yes,yes,yes,yes,yes
0197,0197.json,bundle_json,0197.json.ots,77e6900333790f8369f54805d869d676afe014ad7c188151da838e39679ea7ab,0197.json.ots__time-stamp.json,2026-05-14T04:07:33.065000+00:00,1000000,2026-05-13T10:49:29.465000+00:00,2026-05-14T10:49:29.465000+00:00,77e6900333790f8369f54805d869d676afe014ad7c188151da838e39679ea7ab,yes,yes,yes,yes,yes,yes,yes
0197,0197.png,bundle_png,0197.png.ots,c2843ed1caaa7ef7ffa9a779cd6d8f591b13f45fcdf4fcb0792029852855f803,0197.png.ots__time-stamp.json,2026-05-14T04:07:30.185000+00:00,1000000,2026-05-13T06:34:59.170000+00:00,2026-05-14T06:34:59.170000+00:00,c2843ed1caaa7ef7ffa9a779cd6d8f591b13f45fcdf4fcb0792029852855f803,yes,yes,yes,yes,yes,yes,yes
0198,0198.json,bundle_json,0198.json.ots,5ce22e6942dfd36f1892072b9ff41ad1f34fe10e0cd477a38ce6662836a4cd30,0198.json.ots__time-stamp.json,2026-05-14T04:07:40.084000+00:00,1000000,2026-05-13T11:50:24.007000+00:00,2026-05-14T11:50:24.007000+00:00,5ce22e6942dfd36f1892072b9ff41ad1f34fe10e0cd477a38ce6662836a4cd30,yes,yes,yes,yes,yes,yes,yes
0198,0198.png,bundle_png,0198.png.ots,ff4f2a188e2d66f16364f306571536b0bff5884f7b970d60723e4f52fb42e7cd,0198.png.ots__time-stamp.json,2026-05-14T04:07:37.445000+00:00,1000000,2026-05-13T07:26:49.378000+00:00,2026-05-14T07:26:49.378000+00:00,ff4f2a188e2d66f16364f306571536b0bff5884f7b970d60723e4f52fb42e7cd,yes,yes,yes,yes,yes,yes,yes
0199,0199.json,bundle_json,0199.json.ots,af7816cc495824785c9ecb259c1844dc401353f1b9e46390761a637d7762626e,0199.json.ots__time-stamp.json,2026-05-14T04:07:47.489000+00:00,1000000,2026-05-13T06:40:25.129000+00:00,2026-05-14T06:40:25.129000+00:00,af7816cc495824785c9ecb259c1844dc401353f1b9e46390761a637d7762626e,yes,yes,yes,yes,yes,yes,yes
0199,0199.png,bundle_png,0199.png.ots,245856f06458180ae03bbc660c89dd1a7321c93ec22378c30605bb02b6fa0f86,0199.png.ots__time-stamp.json,2026-05-14T04:07:45.105000+00:00,1000000,2026-05-13T10:58:02.074000+00:00,2026-05-14T10:58:02.074000+00:00,245856f06458180ae03bbc660c89dd1a7321c93ec22378c30605bb02b6fa0f86,yes,yes,yes,yes,yes,yes,yes
0200,0200.json,bundle_json,0200.json.ots,03eb2e86506016b16a8819f316af9da0e92640b4cb95b6ed0c22117e91c41d8f,0200.json.ots__time-stamp.json,2026-05-14T04:07:55.489000+00:00,1000000,2026-05-13T06:40:25.129000+00:00,2026-05-14T06:40:25.129000+00:00,03eb2e86506016b16a8819f316af9da0e92640b4cb95b6ed0c22117e91c41d8f,yes,yes,yes,yes,yes,yes,yes
0200,0200.png,bundle_png,0200.png.ots,94341d60983b46aab5811f772ee8fca1c639ac76a13bcb1e6adca3683cef6908,0200.png.ots__time-stamp.json,2026-05-14T04:07:52.484000+00:00,1000000,2026-05-13T09:16:05.223000+00:00,2026-05-14T09:16:05.223000+00:00,94341d60983b46aab5811f772ee8fca1c639ac76a13bcb1e6adca3683cef6908,yes,yes,yes,yes,yes,yes,yes
0201,0201.json,bundle_json,0201.json.ots,6dc93a9bc42965c9da938bf81b5b8e2e2b3f8852e0e07008eae1956057dd9178,0201.json.ots__time-stamp.json,2026-05-14T04:08:04.525000+00:00,1000000,2026-05-13T09:16:05.223000+00:00,2026-05-14T09:16:05.223000+00:00,6dc93a9bc42965c9da938bf81b5b8e2e2b3f8852e0e07008eae1956057dd9178,yes,yes,yes,yes,yes,yes,yes
0201,0201.png,bundle_png,0201.png.ots,22c20c36b5a5d0672b622b36cbe540825bf4e2c80c971a8ff9980eef551c63a5,0201.png.ots__time-stamp.json,2026-05-14T04:08:01.150000+00:00,1000000,2026-05-13T06:34:59.170000+00:00,2026-05-14T06:34:59.170000+00:00,22c20c36b5a5d0672b622b36cbe540825bf4e2c80c971a8ff9980eef551c63a5,yes,yes,yes,yes,yes,yes,yes
0202,0202.json,bundle_json,0202.json.ots,8481a492eb94fe7a71affd3ea9e54e5fa7fc0dff27a2b01696a43d13ee453a30,0202.json.ots__time-stamp.json,2026-05-14T04:08:11.545000+00:00,1000000,2026-05-13T10:49:29.465000+00:00,2026-05-14T10:49:29.465000+00:00,8481a492eb94fe7a71affd3ea9e54e5fa7fc0dff27a2b01696a43d13ee453a30,yes,yes,yes,yes,yes,yes,yes
0202,0202.png,bundle_png,0202.png.ots,478f9216d45a35ca52e2fa9b447b7479e2698820cb6f6c8007085f34b8ff70f1,0202.png.ots__time-stamp.json,2026-05-14T04:08:08.540000+00:00,1000000,2026-05-13T07:42:55.719000+00:00,2026-05-14T07:42:55.719000+00:00,478f9216d45a35ca52e2fa9b447b7479e2698820cb6f6c8007085f34b8ff70f1,yes,yes,yes,yes,yes,yes,yes
0203,0203.json,bundle_json,0203.json.ots,c95abe4043942d5d9e2672f62d3f006ef6389a580b6630c9c02935433d593fac,0203.json.ots__time-stamp.json,2026-05-14T04:08:18.589000+00:00,1000000,2026-05-13T09:43:31.882000+00:00,2026-05-14T09:43:31.882000+00:00,c95abe4043942d5d9e2672f62d3f006ef6389a580b6630c9c02935433d593fac,yes,yes,yes,yes,yes,yes,yes
0203,0203.png,bundle_png,0203.png.ots,a6d84b64b99cafdf323044316bbda90c8dc619d33b485be9e5991eb8e3dd2c55,0203.png.ots__time-stamp.json,2026-05-14T04:08:16.206000+00:00,1000000,2026-05-13T09:16:05.223000+00:00,2026-05-14T09:16:05.223000+00:00,a6d84b64b99cafdf323044316bbda90c8dc619d33b485be9e5991eb8e3dd2c55,yes,yes,yes,yes,yes,yes,yes
0204,0204.json,bundle_json,0204.json.ots,ceb7497d9d9a7f9e6de6a450b09be322fd145314b7fed2b52d210aeeb41f6a81,0204.json.ots__time-stamp.json,2026-05-14T04:08:26.605000+00:00,1000000,2026-05-13T07:42:55.719000+00:00,2026-05-14T07:42:55.719000+00:00,ceb7497d9d9a7f9e6de6a450b09be322fd145314b7fed2b52d210aeeb41f6a81,yes,yes,yes,yes,yes,yes,yes
0204,0204.png,bundle_png,0204.png.ots,d54969c55f4db5fae3e3d1421621fdd8d39265d25851a9e979a7f53faf9ee358,0204.png.ots__time-stamp.json,2026-05-14T04:08:24.224000+00:00,1000000,2026-05-13T07:32:13.637000+00:00,2026-05-14T07:32:13.637000+00:00,d54969c55f4db5fae3e3d1421621fdd8d39265d25851a9e979a7f53faf9ee358,yes,yes,yes,yes,yes,yes,yes
0205,0205.json,bundle_json,0205.json.ots,8ae3196f072e80213706d26bfaa95e915c5b59d451654e6ae60bad49c5b590bd,0205.json.ots__time-stamp.json,2026-05-14T04:08:34.265000+00:00,1000000,2026-05-13T07:50:12.083000+00:00,2026-05-14T07:50:12.083000+00:00,8ae3196f072e80213706d26bfaa95e915c5b59d451654e6ae60bad49c5b590bd,yes,yes,yes,yes,yes,yes,yes
0205,0205.png,bundle_png,0205.png.ots,0930e201fa30d1a152e861b85231cbe2bcfad9363cdbb277fdb992e1aa41dcfd,0205.png.ots__time-stamp.json,2026-05-14T04:08:31.590000+00:00,1000000,2026-05-13T06:40:25.129000+00:00,2026-05-14T06:40:25.129000+00:00,0930e201fa30d1a152e861b85231cbe2bcfad9363cdbb277fdb992e1aa41dcfd,yes,yes,yes,yes,yes,yes,yes
0206,0206.json,bundle_json,0206.json.ots,207be92892299735733b49a30fec34f601c05ef13229af0a09ae904170cba6c3,0206.json.ots__time-stamp.json,2026-05-14T04:08:41.640000+00:00,1000000,2026-05-13T08:10:30.590000+00:00,2026-05-14T08:10:30.590000+00:00,207be92892299735733b49a30fec34f601c05ef13229af0a09ae904170cba6c3,yes,yes,yes,yes,yes,yes,yes
0206,0206.png,bundle_png,0206.png.ots,9bec905553d8bbfce2c6f69a9d1e9fcd4cbd5da064a841285ab93cdbddc7c268,0206.png.ots__time-stamp.json,2026-05-14T04:08:39.285000+00:00,1000000,2026-05-13T10:58:02.074000+00:00,2026-05-14T10:58:02.074000+00:00,9bec905553d8bbfce2c6f69a9d1e9fcd4cbd5da064a841285ab93cdbddc7c268,yes,yes,yes,yes,yes,yes,yes
0207,0207.json,bundle_json,0207.json.ots,bce18a28d07702c7d868dc65000b68d6e8c201c2a943cc48f101809ea2a05e2f,0207.json.ots__time-stamp.json,2026-05-14T04:08:49.684000+00:00,1000000,2026-05-13T11:50:24.007000+00:00,2026-05-14T11:50:24.007000+00:00,bce18a28d07702c7d868dc65000b68d6e8c201c2a943cc48f101809ea2a05e2f,yes,yes,yes,yes,yes,yes,yes
0207,0207.png,bundle_png,0207.png.ots,c02a1027af78e3516cd0a5e999b3e0c0478a9b5f00d02cba3ff32738e8d43ee6,0207.png.ots__time-stamp.json,2026-05-14T04:08:47.304000+00:00,1000000,2026-05-13T07:35:20.866000+00:00,2026-05-14T07:35:20.866000+00:00,c02a1027af78e3516cd0a5e999b3e0c0478a9b5f00d02cba3ff32738e8d43ee6,yes,yes,yes,yes,yes,yes,yes
0208,0208.json,bundle_json,0208.json.ots,5bed6c2eb2b2159d20b5ed406eacfdb698f4728641226311241252818855cbce,0208.json.ots__time-stamp.json,2026-05-14T04:08:57.365000+00:00,1000000,2026-05-13T07:20:03.388000+00:00,2026-05-14T07:20:03.388000+00:00,5bed6c2eb2b2159d20b5ed406eacfdb698f4728641226311241252818855cbce,yes,yes,yes,yes,yes,yes,yes
0208,0208.png,bundle_png,0208.png.ots,edd8d4f399b8c8652ac16f23b19207943c48faa01940ccd665c315275ccb3e0e,0208.png.ots__time-stamp.json,2026-05-14T04:08:54.685000+00:00,1000000,2026-05-13T07:50:12.083000+00:00,2026-05-14T07:50:12.083000+00:00,edd8d4f399b8c8652ac16f23b19207943c48faa01940ccd665c315275ccb3e0e,yes,yes,yes,yes,yes,yes,yes
0209,0209.json,bundle_json,0209.json.ots,e2ecb051d4862aa05009aa2a9b0d9ccdf69710eb4ea55c1376936c1a3ce07713,0209.json.ots__time-stamp.json,2026-05-14T04:09:04.725000+00:00,1000000,2026-05-13T06:14:40.124000+00:00,2026-05-14T06:14:40.124000+00:00,e2ecb051d4862aa05009aa2a9b0d9ccdf69710eb4ea55c1376936c1a3ce07713,yes,yes,yes,yes,yes,yes,yes
0209,0209.png,bundle_png,0209.png.ots,c2e0ad3a7e2cb0947d92ccac5a2d6671037165faee4fc7e5e04d12a5bc8e56e8,0209.png.ots__time-stamp.json,2026-05-14T04:09:02.345000+00:00,1000000,2026-05-13T08:23:50.532000+00:00,2026-05-14T08:23:50.532000+00:00,c2e0ad3a7e2cb0947d92ccac5a2d6671037165faee4fc7e5e04d12a5bc8e56e8,yes,yes,yes,yes,yes,yes,yes
0210,0210.json,bundle_json,0210.json.ots,ac575b3694033cc0242312b45560d5f46111e860ffa3423e2188b546e96c4417,0210.json.ots__time-stamp.json,2026-05-14T04:09:13.405000+00:00,1000000,2026-05-13T06:14:40.124000+00:00,2026-05-14T06:14:40.124000+00:00,ac575b3694033cc0242312b45560d5f46111e860ffa3423e2188b546e96c4417,yes,yes,yes,yes,yes,yes,yes
0210,0210.png,bundle_png,0210.png.ots,56e31cf0674bdb2f1aa3ff2ddc2fe47c631eb3d4507afdf92012a4e444dd5318,0210.png.ots__time-stamp.json,2026-05-14T04:09:10.610000+00:00,1000000,2026-05-13T23:25:23.999000+00:00,2026-05-14T23:25:23.999000+00:00,56e31cf0674bdb2f1aa3ff2ddc2fe47c631eb3d4507afdf92012a4e444dd5318,yes,yes,yes,yes,yes,yes,yes
0211,0211.json,bundle_json,0211.json.ots,f24cfca6f14788a3b68146317d922944a446c673445e943bcbad40d3eef6f7be,0211.json.ots__time-stamp.json,2026-05-14T04:09:20.424000+00:00,1000000,2026-05-13T07:26:49.378000+00:00,2026-05-14T07:26:49.378000+00:00,f24cfca6f14788a3b68146317d922944a446c673445e943bcbad40d3eef6f7be,yes,yes,yes,yes,yes,yes,yes
0211,0211.png,bundle_png,0211.png.ots,ab07c0ca6823def9e7f7dd8aad7c4e8eb741b986be4424510994a63ba71e1ef6,0211.png.ots__time-stamp.json,2026-05-14T04:09:17.765000+00:00,1000000,2026-05-13T06:31:59.305000+00:00,2026-05-14T06:31:59.305000+00:00,ab07c0ca6823def9e7f7dd8aad7c4e8eb741b986be4424510994a63ba71e1ef6,yes,yes,yes,yes,yes,yes,yes
0212,0212.json,bundle_json,0212.json.ots,8374f375349f76d0c97bb2da05e9e10b1918a64a7f414433b9f20bc65fad8582,0212.json.ots__time-stamp.json,2026-05-14T04:09:27.804000+00:00,1000000,2026-05-13T06:31:59.305000+00:00,2026-05-14T06:31:59.305000+00:00,8374f375349f76d0c97bb2da05e9e10b1918a64a7f414433b9f20bc65fad8582,yes,yes,yes,yes,yes,yes,yes
0212,0212.png,bundle_png,0212.png.ots,1bbf9f1515977ccc741711c56e500534f1d14a55171a099159f2c6ec9484828a,0212.png.ots__time-stamp.json,2026-05-14T04:09:25.426000+00:00,1000000,2026-05-13T11:56:28.764000+00:00,2026-05-14T11:56:28.764000+00:00,1bbf9f1515977ccc741711c56e500534f1d14a55171a099159f2c6ec9484828a,yes,yes,yes,yes,yes,yes,yes
0213,0213.json,bundle_json,0213.json.ots,db7bf9fa25f8ff3255785471fca2a18f2b33495307617909617e869adb928879,0213.json.ots__time-stamp.json,2026-05-14T04:09:35.465000+00:00,1000000,2026-05-13T07:50:12.083000+00:00,2026-05-14T07:50:12.083000+00:00,db7bf9fa25f8ff3255785471fca2a18f2b33495307617909617e869adb928879,yes,yes,yes,yes,yes,yes,yes
0213,0213.png,bundle_png,0213.png.ots,3f6478c75e75e5fe25926742c79150915044ea4526247eafeb5448d1e3932da4,0213.png.ots__time-stamp.json,2026-05-14T04:09:32.825000+00:00,1000000,2026-05-13T08:10:30.590000+00:00,2026-05-14T08:10:30.590000+00:00,3f6478c75e75e5fe25926742c79150915044ea4526247eafeb5448d1e3932da4,yes,yes,yes,yes,yes,yes,yes
0214,0214.json,bundle_json,0214.json.ots,f0da4d666254279e88bc75d44b13af7ae798da892a5815584c9f11373cbe562c,0214.json.ots__time-stamp.json,2026-05-14T04:09:42.839000+00:00,1000000,2026-05-13T07:20:03.388000+00:00,2026-05-14T07:20:03.388000+00:00,f0da4d666254279e88bc75d44b13af7ae798da892a5815584c9f11373cbe562c,yes,yes,yes,yes,yes,yes,yes
0214,0214.png,bundle_png,0214.png.ots,4bd9cc0c285ce6e51c4d9a7fa76862352f5a4ab2cf1ac227128c94845bb3386c,0214.png.ots__time-stamp.json,2026-05-14T04:09:40.579000+00:00,1000000,2026-05-13T06:31:59.305000+00:00,2026-05-14T06:31:59.305000+00:00,4bd9cc0c285ce6e51c4d9a7fa76862352f5a4ab2cf1ac227128c94845bb3386c,yes,yes,yes,yes,yes,yes,yes
0215,0215.json,bundle_json,0215.json.ots,eb1e285f356eb8cb8bab1ee93ecf58b7d8477841e61705e9a9e6aebc8b3fd67f,0215.json.ots__time-stamp.json,2026-05-14T04:09:52.545000+00:00,1000000,2026-05-13T09:16:05.223000+00:00,2026-05-14T09:16:05.223000+00:00,eb1e285f356eb8cb8bab1ee93ecf58b7d8477841e61705e9a9e6aebc8b3fd67f,yes,yes,yes,yes,yes,yes,yes
0215,0215.png,bundle_png,0215.png.ots,6b92d722d8fdc10d55c709cf91fa407e3f90385307f0969f087c35549eb6b885,0215.png.ots__time-stamp.json,2026-05-14T04:09:49.530000+00:00,1000000,2026-05-13T08:10:30.590000+00:00,2026-05-14T08:10:30.590000+00:00,6b92d722d8fdc10d55c709cf91fa407e3f90385307f0969f087c35549eb6b885,yes,yes,yes,yes,yes,yes,yes
0216,0216.json,bundle_json,0216.json.ots,10d7980ac63742b22347b958f6c8df387f727304a5c05d31c2a88868877c2fe9,0216.json.ots__time-stamp.json,2026-05-14T04:09:58.870000+00:00,1000000,2026-05-13T09:16:05.223000+00:00,2026-05-14T09:16:05.223000+00:00,10d7980ac63742b22347b958f6c8df387f727304a5c05d31c2a88868877c2fe9,yes,yes,yes,yes,yes,yes,yes
0216,0216.png,bundle_png,0216.png.ots,8f580108763a9c563876b521bd63b2d901e1ae8d1723ffea89261e1ab7d7f565,0216.png.ots__time-stamp.json,2026-05-14T04:09:56.550000+00:00,1000000,2026-05-13T10:49:29.465000+00:00,2026-05-14T10:49:29.465000+00:00,8f580108763a9c563876b521bd63b2d901e1ae8d1723ffea89261e1ab7d7f565,yes,yes,yes,yes,yes,yes,yes
0217,0217.json,bundle_json,0217.json.ots,59b90eff6a8162f512b90d8da9478657bcfefa47c55676eba8add0d91c960fc6,0217.json.ots__time-stamp.json,2026-05-14T04:10:06.605000+00:00,1000000,2026-05-13T07:50:12.083000+00:00,2026-05-14T07:50:12.083000+00:00,59b90eff6a8162f512b90d8da9478657bcfefa47c55676eba8add0d91c960fc6,yes,yes,yes,yes,yes,yes,yes
0217,0217.png,bundle_png,0217.png.ots,8da0264327f3a4695e3fea8b14e8945ff7568af5014266f5fb7329b7a5cf318f,0217.png.ots__time-stamp.json,2026-05-14T04:10:03.930000+00:00,1000000,2026-05-13T07:42:55.719000+00:00,2026-05-14T07:42:55.719000+00:00,8da0264327f3a4695e3fea8b14e8945ff7568af5014266f5fb7329b7a5cf318f,yes,yes,yes,yes,yes,yes,yes
0218,0218.json,bundle_json,0218.json.ots,84a2d9d3af927e7a2cb8c7863c06ca5713b0c8247ece30369a8c220fc6723387,0218.json.ots__time-stamp.json,2026-05-14T04:10:14.645000+00:00,1000000,2026-05-13T07:42:55.719000+00:00,2026-05-14T07:42:55.719000+00:00,84a2d9d3af927e7a2cb8c7863c06ca5713b0c8247ece30369a8c220fc6723387,yes,yes,yes,yes,yes,yes,yes
0218,0218.png,bundle_png,0218.png.ots,b4e5042724dc45ee73b701deb5678b5ac84451f48dde2c0d9c6e39c893e8f764,0218.png.ots__time-stamp.json,2026-05-14T04:10:12.209000+00:00,1000000,2026-05-13T06:31:59.305000+00:00,2026-05-14T06:31:59.305000+00:00,b4e5042724dc45ee73b701deb5678b5ac84451f48dde2c0d9c6e39c893e8f764,yes,yes,yes,yes,yes,yes,yes
0219,0219.json,bundle_json,0219.json.ots,a4bf6ab854b33791ab3e87226fff4651219073664e4b0c96ec9f0a1c9d7c3726,0219.json.ots__time-stamp.json,2026-05-14T04:10:22.205000+00:00,1000000,2026-05-13T23:25:23.999000+00:00,2026-05-14T23:25:23.999000+00:00,a4bf6ab854b33791ab3e87226fff4651219073664e4b0c96ec9f0a1c9d7c3726,yes,yes,yes,yes,yes,yes,yes
0219,0219.png,bundle_png,0219.png.ots,933719b26fa7b5fd265a2815ca83fe5be887177939aaa9d33edc85c462ec789f,0219.png.ots__time-stamp.json,2026-05-14T04:10:19.645000+00:00,1000000,2026-05-13T07:42:55.719000+00:00,2026-05-14T07:42:55.719000+00:00,933719b26fa7b5fd265a2815ca83fe5be887177939aaa9d33edc85c462ec789f,yes,yes,yes,yes,yes,yes,yes
0220,0220.json,bundle_json,0220.json.ots,3496ccb9c891b2c357cb0d6e56cf476940a22136f99ca22e471fa229fdd6d529,0220.json.ots__time-stamp.json,2026-05-14T04:10:29.670000+00:00,1000000,2026-05-13T06:34:59.170000+00:00,2026-05-14T06:34:59.170000+00:00,3496ccb9c891b2c357cb0d6e56cf476940a22136f99ca22e471fa229fdd6d529,yes,yes,yes,yes,yes,yes,yes
0220,0220.png,bundle_png,0220.png.ots,e5ca422997908bffeddaa8c0f472be4e6abcd11e0c75bcf44cb78d6211f4fb3c,0220.png.ots__time-stamp.json,2026-05-14T04:10:27.090000+00:00,1000000,2026-05-13T07:20:03.388000+00:00,2026-05-14T07:20:03.388000+00:00,e5ca422997908bffeddaa8c0f472be4e6abcd11e0c75bcf44cb78d6211f4fb3c,yes,yes,yes,yes,yes,yes,yes
0221,0221.json,bundle_json,0221.json.ots,c66ee4481dbbc4827f993beda27b0ec50d3fd83be64c9af89173fb325aee0ee2,0221.json.ots__time-stamp.json,2026-05-14T04:10:37.245000+00:00,1000000,2026-05-13T10:58:02.074000+00:00,2026-05-14T10:58:02.074000+00:00,c66ee4481dbbc4827f993beda27b0ec50d3fd83be64c9af89173fb325aee0ee2,yes,yes,yes,yes,yes,yes,yes
0221,0221.png,bundle_png,0221.png.ots,57b88d639b0a023543838a0bd0fffe56177fe3f2976f8cd6c1f82e5f6f398aa8,0221.png.ots__time-stamp.json,2026-05-14T04:10:34.705000+00:00,1000000,2026-05-13T10:58:02.074000+00:00,2026-05-14T10:58:02.074000+00:00,57b88d639b0a023543838a0bd0fffe56177fe3f2976f8cd6c1f82e5f6f398aa8,yes,yes,yes,yes,yes,yes,yes
0222,0222.json,bundle_json,0222.json.ots,d0e0deafa58564fa6a7d947c04a192426a5d5e21324bb0b43fcba83c76aaef3d,0222.json.ots__time-stamp.json,2026-05-14T04:10:44.804000+00:00,1000000,2026-05-13T09:43:31.882000+00:00,2026-05-14T09:43:31.882000+00:00,d0e0deafa58564fa6a7d947c04a192426a5d5e21324bb0b43fcba83c76aaef3d,yes,yes,yes,yes,yes,yes,yes
0222,0222.png,bundle_png,0222.png.ots,29ea827afe227fde845b155e95ae90a742532fc319aad07a89c6389de0099d04,0222.png.ots__time-stamp.json,2026-05-14T04:10:42.404000+00:00,1000000,2026-05-13T09:43:31.882000+00:00,2026-05-14T09:43:31.882000+00:00,29ea827afe227fde845b155e95ae90a742532fc319aad07a89c6389de0099d04,yes,yes,yes,yes,yes,yes,yes
0223,0223.json,bundle_json,0223.json.ots,d2658bd4137899c3f987d0526dbddacef0269c6cb153c2764002efc16681a5b9,0223.json.ots__time-stamp.json,2026-05-14T04:10:52.825000+00:00,1000000,2026-05-13T06:34:59.170000+00:00,2026-05-14T06:34:59.170000+00:00,d2658bd4137899c3f987d0526dbddacef0269c6cb153c2764002efc16681a5b9,yes,yes,yes,yes,yes,yes,yes
0223,0223.png,bundle_png,0223.png.ots,71a58f82f5ac9f8341630826a8a9f2c322001a0ab025f09948ed4228e2b95063,0223.png.ots__time-stamp.json,2026-05-14T04:10:50.165000+00:00,1000000,2026-05-13T11:56:28.764000+00:00,2026-05-14T11:56:28.764000+00:00,71a58f82f5ac9f8341630826a8a9f2c322001a0ab025f09948ed4228e2b95063,yes,yes,yes,yes,yes,yes,yes
0224,0224.json,bundle_json,0224.json.ots,e41ed69687e152c0a2803cce2295ca0ca8983d9c4ea913a9689e7e9844848eef,0224.json.ots__time-stamp.json,2026-05-14T04:11:00.205000+00:00,1000000,2026-05-13T07:20:03.388000+00:00,2026-05-14T07:20:03.388000+00:00,e41ed69687e152c0a2803cce2295ca0ca8983d9c4ea913a9689e7e9844848eef,yes,yes,yes,yes,yes,yes,yes
0224,0224.png,bundle_png,0224.png.ots,66bc351d153f6beb48250afc8204fb4833484b851e277515a3bb366242699d6f,0224.png.ots__time-stamp.json,2026-05-14T04:10:57.750000+00:00,1000000,2026-05-13T06:14:40.124000+00:00,2026-05-14T06:14:40.124000+00:00,66bc351d153f6beb48250afc8204fb4833484b851e277515a3bb366242699d6f,yes,yes,yes,yes,yes,yes,yes
0225,0225.json,bundle_json,0225.json.ots,9811fda01fe25b731703422d9597993d938f97e596996dcbccfbeeb82c5f70c0,0225.json.ots__time-stamp.json,2026-05-14T04:11:07.865000+00:00,1000000,2026-05-13T06:40:25.129000+00:00,2026-05-14T06:40:25.129000+00:00,9811fda01fe25b731703422d9597993d938f97e596996dcbccfbeeb82c5f70c0,yes,yes,yes,yes,yes,yes,yes
0225,0225.png,bundle_png,0225.png.ots,c662a01ca2a02268228f5e51949068f91f6d0ae77e2f7ab959659288dd1513e7,0225.png.ots__time-stamp.json,2026-05-14T04:11:05.225000+00:00,1000000,2026-05-13T23:25:23.999000+00:00,2026-05-14T23:25:23.999000+00:00,c662a01ca2a02268228f5e51949068f91f6d0ae77e2f7ab959659288dd1513e7,yes,yes,yes,yes,yes,yes,yes
0226,0226.json,bundle_json,0226.json.ots,96c261c1f66c4a1ec49ed291de4665b550b1915a99b8f1455a2e2f9a74e08efa,0226.json.ots__time-stamp.json,2026-05-14T04:11:15.305000+00:00,1000000,2026-05-13T07:35:20.866000+00:00,2026-05-14T07:35:20.866000+00:00,96c261c1f66c4a1ec49ed291de4665b550b1915a99b8f1455a2e2f9a74e08efa,yes,yes,yes,yes,yes,yes,yes
0226,0226.png,bundle_png,0226.png.ots,da5c530f3e9dce707f296c84a8d5139ef4d26b7c8102de3bdc720feee91969f0,0226.png.ots__time-stamp.json,2026-05-14T04:11:12.905000+00:00,1000000,2026-05-13T07:42:55.719000+00:00,2026-05-14T07:42:55.719000+00:00,da5c530f3e9dce707f296c84a8d5139ef4d26b7c8102de3bdc720feee91969f0,yes,yes,yes,yes,yes,yes,yes
0227,0227.json,bundle_json,0227.json.ots,dd4db8e6c7d8ea3eb20c1def9715906d761c6b6123d0d7aaba29f86ab828ce11,0227.json.ots__time-stamp.json,2026-05-14T04:11:23.324000+00:00,1000000,2026-05-13T06:31:59.305000+00:00,2026-05-14T06:31:59.305000+00:00,dd4db8e6c7d8ea3eb20c1def9715906d761c6b6123d0d7aaba29f86ab828ce11,yes,yes,yes,yes,yes,yes,yes
0227,0227.png,bundle_png,0227.png.ots,2cfbcc3787768db1ed412a0eb1c0837f0334778a52acc3cef99f8ef986bb9ea3,0227.png.ots__time-stamp.json,2026-05-14T04:11:20.844000+00:00,1000000,2026-05-13T11:56:28.764000+00:00,2026-05-14T11:56:28.764000+00:00,2cfbcc3787768db1ed412a0eb1c0837f0334778a52acc3cef99f8ef986bb9ea3,yes,yes,yes,yes,yes,yes,yes
0228,0228.json,bundle_json,0228.json.ots,e77ccbf38dc4e20ec1acde86726a762ff37a738fddd236a4c923fa141579b53f,0228.json.ots__time-stamp.json,2026-05-14T04:11:30.865000+00:00,1000000,2026-05-13T06:40:25.129000+00:00,2026-05-14T06:40:25.129000+00:00,e77ccbf38dc4e20ec1acde86726a762ff37a738fddd236a4c923fa141579b53f,yes,yes,yes,yes,yes,yes,yes
0228,0228.png,bundle_png,0228.png.ots,6a9e86caa6b8ad0f7a29eab892bc708fc5f40b9bc923d6a54159c0094695760c,0228.png.ots__time-stamp.json,2026-05-14T04:11:28.314000+00:00,1000000,2026-05-13T07:26:49.378000+00:00,2026-05-14T07:26:49.378000+00:00,6a9e86caa6b8ad0f7a29eab892bc708fc5f40b9bc923d6a54159c0094695760c,yes,yes,yes,yes,yes,yes,yes
0229,0229.json,bundle_json,0229.json.ots,55de63f5d9c50b51a2b84323ed14b86ec61f17c84062fb511290df2666d2c147,0229.json.ots__time-stamp.json,2026-05-14T04:11:38.864000+00:00,1000000,2026-05-13T07:26:49.378000+00:00,2026-05-14T07:26:49.378000+00:00,55de63f5d9c50b51a2b84323ed14b86ec61f17c84062fb511290df2666d2c147,yes,yes,yes,yes,yes,yes,yes
0229,0229.png,bundle_png,0229.png.ots,ec5158552a73bc7c7dce85974be0c6b052b77fae805dd849ce08b200e07c25fd,0229.png.ots__time-stamp.json,2026-05-14T04:11:35.980000+00:00,1000000,2026-05-13T07:26:49.378000+00:00,2026-05-14T07:26:49.378000+00:00,ec5158552a73bc7c7dce85974be0c6b052b77fae805dd849ce08b200e07c25fd,yes,yes,yes,yes,yes,yes,yes
0230,0230.json,bundle_json,0230.json.ots,b801ad7bdd9ec96c298a55941cb961014047302de85b81dc81cd530b110070b5,0230.json.ots__time-stamp.json,2026-05-14T04:11:46.325000+00:00,1000000,2026-05-13T09:16:05.223000+00:00,2026-05-14T09:16:05.223000+00:00,b801ad7bdd9ec96c298a55941cb961014047302de85b81dc81cd530b110070b5,yes,yes,yes,yes,yes,yes,yes
0230,0230.png,bundle_png,0230.png.ots,2d1e382505c859c3cff506a5d4f908ddd211e42066626b01c6a5c106da3ccd12,0230.png.ots__time-stamp.json,2026-05-14T04:11:43.905000+00:00,1000000,2026-05-13T07:50:12.083000+00:00,2026-05-14T07:50:12.083000+00:00,2d1e382505c859c3cff506a5d4f908ddd211e42066626b01c6a5c106da3ccd12,yes,yes,yes,yes,yes,yes,yes
0231,0231.json,bundle_json,0231.json.ots,c6db92354f4f6bc4d957bb6807e197ca77b2b29ed532149976e5fd9480519545,0231.json.ots__time-stamp.json,2026-05-14T04:11:53.945000+00:00,1000000,2026-05-13T23:25:23.999000+00:00,2026-05-14T23:25:23.999000+00:00,c6db92354f4f6bc4d957bb6807e197ca77b2b29ed532149976e5fd9480519545,yes,yes,yes,yes,yes,yes,yes
0231,0231.png,bundle_png,0231.png.ots,856fcaf959d1e4a8e00106e737f2600300d675453e5d1216cb7fd1069c3c2e6d,0231.png.ots__time-stamp.json,2026-05-14T04:11:51.365000+00:00,1000000,2026-05-13T08:10:30.590000+00:00,2026-05-14T08:10:30.590000+00:00,856fcaf959d1e4a8e00106e737f2600300d675453e5d1216cb7fd1069c3c2e6d,yes,yes,yes,yes,yes,yes,yes
0232,0232.json,bundle_json,0232.json.ots,84932ed0eb3406e8f4823e15e177f9a46d43d229fd6b3c92b98e0288ce61580e,0232.json.ots__time-stamp.json,2026-05-14T04:12:01.385000+00:00,1000000,2026-05-13T09:16:05.223000+00:00,2026-05-14T09:16:05.223000+00:00,84932ed0eb3406e8f4823e15e177f9a46d43d229fd6b3c92b98e0288ce61580e,yes,yes,yes,yes,yes,yes,yes
0232,0232.png,bundle_png,0232.png.ots,6eb4f034d460fd78e45305f10d8078efe70d4e4f71756ceb215d6f9e7bf8f70b,0232.png.ots__time-stamp.json,2026-05-14T04:11:59.065000+00:00,1000000,2026-05-13T08:10:30.590000+00:00,2026-05-14T08:10:30.590000+00:00,6eb4f034d460fd78e45305f10d8078efe70d4e4f71756ceb215d6f9e7bf8f70b,yes,yes,yes,yes,yes,yes,yes
0233,0233.json,bundle_json,0233.json.ots,5e13e1d24146debcb46ead1c10602cf47e9853d09ee4d80e4ecc5f665f90c847,0233.json.ots__time-stamp.json,2026-05-14T04:12:10.025000+00:00,1000000,2026-05-13T07:26:49.378000+00:00,2026-05-14T07:26:49.378000+00:00,5e13e1d24146debcb46ead1c10602cf47e9853d09ee4d80e4ecc5f665f90c847,yes,yes,yes,yes,yes,yes,yes
0233,0233.png,bundle_png,0233.png.ots,0b0040ef746ddd4ae6873d8180d24347afd25c225d0a004654b820348a7c54e8,0233.png.ots__time-stamp.json,2026-05-14T04:12:06.965000+00:00,1000000,2026-05-13T07:32:13.637000+00:00,2026-05-14T07:32:13.637000+00:00,0b0040ef746ddd4ae6873d8180d24347afd25c225d0a004654b820348a7c54e8,yes,yes,yes,yes,yes,yes,yes
0234,0234.json,bundle_json,0234.json.ots,948e2b9335cebe8a37c6931570c9a74c763817ba57e4c05919882f2bf591e16e,0234.json.ots__time-stamp.json,2026-05-14T04:12:17.005000+00:00,1000000,2026-05-13T06:14:40.124000+00:00,2026-05-14T06:14:40.124000+00:00,948e2b9335cebe8a37c6931570c9a74c763817ba57e4c05919882f2bf591e16e,yes,yes,yes,yes,yes,yes,yes
0234,0234.png,bundle_png,0234.png.ots,3b47a82932a776ed6899fd2d3f3dc8b7434f8bf89a1a05c0b8237b54b5c5855d,0234.png.ots__time-stamp.json,2026-05-14T04:12:14.500000+00:00,1000000,2026-05-13T09:16:05.223000+00:00,2026-05-14T09:16:05.223000+00:00,3b47a82932a776ed6899fd2d3f3dc8b7434f8bf89a1a05c0b8237b54b5c5855d,yes,yes,yes,yes,yes,yes,yes
0235,0235.json,bundle_json,0235.json.ots,c7ee245859f1ed70a8bc34538073be3237f72f041140298a6b08a001b563d05d,0235.json.ots__time-stamp.json,2026-05-14T04:12:25.045000+00:00,1000000,2026-05-13T07:20:03.388000+00:00,2026-05-14T07:20:03.388000+00:00,c7ee245859f1ed70a8bc34538073be3237f72f041140298a6b08a001b563d05d,yes,yes,yes,yes,yes,yes,yes
0235,0235.png,bundle_png,0235.png.ots,ac05addececabbfd946016d87ee1d1bba7f446532f0c9a1d54be2d4f479ccc08,0235.png.ots__time-stamp.json,2026-05-14T04:12:22.206000+00:00,1000000,2026-05-13T06:34:59.170000+00:00,2026-05-14T06:34:59.170000+00:00,ac05addececabbfd946016d87ee1d1bba7f446532f0c9a1d54be2d4f479ccc08,yes,yes,yes,yes,yes,yes,yes
0236,0236.json,bundle_json,0236.json.ots,d604238b4e7145c4e2a37f3886fe14162d7bd51c3d9b674601118b22f1ff687f,0236.json.ots__time-stamp.json,2026-05-14T04:12:32.485000+00:00,1000000,2026-05-13T08:23:50.532000+00:00,2026-05-14T08:23:50.532000+00:00,d604238b4e7145c4e2a37f3886fe14162d7bd51c3d9b674601118b22f1ff687f,yes,yes,yes,yes,yes,yes,yes
0236,0236.png,bundle_png,0236.png.ots,d3dd0f22a655a4012171aba00d9e5faa998c4bb98bae3907228cf0ae7167e618,0236.png.ots__time-stamp.json,2026-05-14T04:12:30.065000+00:00,1000000,2026-05-13T23:25:23.999000+00:00,2026-05-14T23:25:23.999000+00:00,d3dd0f22a655a4012171aba00d9e5faa998c4bb98bae3907228cf0ae7167e618,yes,yes,yes,yes,yes,yes,yes
0237,0237.json,bundle_json,0237.json.ots,471d012e462e56f54a78ae52869f2e84eb449cd70404e667efe8a6d848637602,0237.json.ots__time-stamp.json,2026-05-14T04:12:40.525000+00:00,1000000,2026-05-13T07:26:49.378000+00:00,2026-05-14T07:26:49.378000+00:00,471d012e462e56f54a78ae52869f2e84eb449cd70404e667efe8a6d848637602,yes,yes,yes,yes,yes,yes,yes
0237,0237.png,bundle_png,0237.png.ots,bc1cafc3edc070a2ffd98a4eaebf2de2e9e0bcee53c7f9c5003411d94f27b330,0237.png.ots__time-stamp.json,2026-05-14T04:12:37.505000+00:00,1000000,2026-05-13T11:56:28.764000+00:00,2026-05-14T11:56:28.764000+00:00,bc1cafc3edc070a2ffd98a4eaebf2de2e9e0bcee53c7f9c5003411d94f27b330,yes,yes,yes,yes,yes,yes,yes
0238,0238.json,bundle_json,0238.json.ots,279ce3ebb613a39d3ba14c12aa83ed0f10c30ea24d961877a7915085dcd105b8,0238.json.ots__time-stamp.json,2026-05-14T04:12:48.305000+00:00,1000000,2026-05-13T23:25:23.999000+00:00,2026-05-14T23:25:23.999000+00:00,279ce3ebb613a39d3ba14c12aa83ed0f10c30ea24d961877a7915085dcd105b8,yes,yes,yes,yes,yes,yes,yes
0238,0238.png,bundle_png,0238.png.ots,2330a1c390c156fb0a24f49b5ac9f0c0896f5eaa56e5c3abfe93f68f3ef48f7a,0238.png.ots__time-stamp.json,2026-05-14T04:12:45.530000+00:00,1000000,2026-05-13T06:34:59.170000+00:00,2026-05-14T06:34:59.170000+00:00,2330a1c390c156fb0a24f49b5ac9f0c0896f5eaa56e5c3abfe93f68f3ef48f7a,yes,yes,yes,yes,yes,yes,yes
0239,0239.json,bundle_json,0239.json.ots,2683aff72df0fae652c6a1195f32682fccfdf069c87d20819eb0488352962f92,0239.json.ots__time-stamp.json,2026-05-14T04:12:56.192000+00:00,1000000,2026-05-13T07:50:12.083000+00:00,2026-05-14T07:50:12.083000+00:00,2683aff72df0fae652c6a1195f32682fccfdf069c87d20819eb0488352962f92,yes,yes,yes,yes,yes,yes,yes
0239,0239.png,bundle_png,0239.png.ots,77d1ed3019e33f82d654ebc3dd859bec6f21c4a826d8d170b9e8819ffdb4d758,0239.png.ots__time-stamp.json,2026-05-14T04:12:53.145000+00:00,1000000,2026-05-13T08:23:50.532000+00:00,2026-05-14T08:23:50.532000+00:00,77d1ed3019e33f82d654ebc3dd859bec6f21c4a826d8d170b9e8819ffdb4d758,yes,yes,yes,yes,yes,yes,yes
0240,0240.json,bundle_json,0240.json.ots,62947ebec0eb019de8dc66fec3a19abf2076d29beb6a342de69035685b8cd04f,0240.json.ots__time-stamp.json,2026-05-14T04:13:03.205000+00:00,1000000,2026-05-13T06:34:59.170000+00:00,2026-05-14T06:34:59.170000+00:00,62947ebec0eb019de8dc66fec3a19abf2076d29beb6a342de69035685b8cd04f,yes,yes,yes,yes,yes,yes,yes
0240,0240.png,bundle_png,0240.png.ots,00d8dc80e6c5a61a788613981f420da2fbe1f22b7ba27054e6c279884ddeaef7,0240.png.ots__time-stamp.json,2026-05-14T04:13:00.585000+00:00,1000000,2026-05-13T07:35:20.866000+00:00,2026-05-14T07:35:20.866000+00:00,00d8dc80e6c5a61a788613981f420da2fbe1f22b7ba27054e6c279884ddeaef7,yes,yes,yes,yes,yes,yes,yes
0241,0241.json,bundle_json,0241.json.ots,277910dff94b902d5bdb89b6d14a9855404099f2172ffbd04cebc89de7c7d280,0241.json.ots__time-stamp.json,2026-05-14T04:13:10.650000+00:00,1000000,2026-05-13T06:40:25.129000+00:00,2026-05-14T06:40:25.129000+00:00,277910dff94b902d5bdb89b6d14a9855404099f2172ffbd04cebc89de7c7d280,yes,yes,yes,yes,yes,yes,yes
0241,0241.png,bundle_png,0241.png.ots,1faf4eb93e3a51af3f303d204cb79fb0ee1cd8a4feae0f8fa586929d17cc3d85,0241.png.ots__time-stamp.json,2026-05-14T04:13:08.184000+00:00,1000000,2026-05-13T07:35:20.866000+00:00,2026-05-14T07:35:20.866000+00:00,1faf4eb93e3a51af3f303d204cb79fb0ee1cd8a4feae0f8fa586929d17cc3d85,yes,yes,yes,yes,yes,yes,yes
0242,0242.json,bundle_json,0242.json.ots,75505e91677945205455257fcfa46dd68ff09e7897e47562f5c2c116e0ebea09,0242.json.ots__time-stamp.json,2026-05-14T04:13:18.644000+00:00,1000000,2026-05-13T07:32:13.637000+00:00,2026-05-14T07:32:13.637000+00:00,75505e91677945205455257fcfa46dd68ff09e7897e47562f5c2c116e0ebea09,yes,yes,yes,yes,yes,yes,yes
0242,0242.png,bundle_png,0242.png.ots,44cb105fd3310a04436acfbfdfae773367cf4b2ca7a24ec7c4d0ff92a36155bb,0242.png.ots__time-stamp.json,2026-05-14T04:13:16.225000+00:00,1000000,2026-05-13T06:34:59.170000+00:00,2026-05-14T06:34:59.170000+00:00,44cb105fd3310a04436acfbfdfae773367cf4b2ca7a24ec7c4d0ff92a36155bb,yes,yes,yes,yes,yes,yes,yes
0243,0243.json,bundle_json,0243.json.ots,3fca83ead651a967fece3f7203ff6ec57c2b2e5184e90b1a7c38e6ef716ac7c6,0243.json.ots__time-stamp.json,2026-05-14T04:13:26.233000+00:00,1000000,2026-05-13T06:31:59.305000+00:00,2026-05-14T06:31:59.305000+00:00,3fca83ead651a967fece3f7203ff6ec57c2b2e5184e90b1a7c38e6ef716ac7c6,yes,yes,yes,yes,yes,yes,yes
0243,0243.png,bundle_png,0243.png.ots,52f3045db9a582776d30758de078b189accabeb912374842c7647add4b55efae,0243.png.ots__time-stamp.json,2026-05-14T04:13:23.665000+00:00,1000000,2026-05-13T06:14:40.124000+00:00,2026-05-14T06:14:40.124000+00:00,52f3045db9a582776d30758de078b189accabeb912374842c7647add4b55efae,yes,yes,yes,yes,yes,yes,yes
0244,0244.json,bundle_json,0244.json.ots,fa3bb6e0ea66800d773cfc4684b9aeb651577001a90b3851c286dedd3007b18a,0244.json.ots__time-stamp.json,2026-05-14T04:13:33.685000+00:00,1000000,2026-05-13T09:43:31.882000+00:00,2026-05-14T09:43:31.882000+00:00,fa3bb6e0ea66800d773cfc4684b9aeb651577001a90b3851c286dedd3007b18a,yes,yes,yes,yes,yes,yes,yes
0244,0244.png,bundle_png,0244.png.ots,9acbac7a32ad3353594c4b336e7862238721a524e725273975c12a607217dd92,0244.png.ots__time-stamp.json,2026-05-14T04:13:31.485000+00:00,1000000,2026-05-13T06:14:40.124000+00:00,2026-05-14T06:14:40.124000+00:00,9acbac7a32ad3353594c4b336e7862238721a524e725273975c12a607217dd92,yes,yes,yes,yes,yes,yes,yes
0245,0245.json,bundle_json,0245.json.ots,2d7b85d7a725141dd40fe6cfbb36687c19770dce5a1c898a70adf7c0c8281dcb,0245.json.ots__time-stamp.json,2026-05-14T04:13:41.720000+00:00,1000000,2026-05-13T07:42:55.719000+00:00,2026-05-14T07:42:55.719000+00:00,2d7b85d7a725141dd40fe6cfbb36687c19770dce5a1c898a70adf7c0c8281dcb,yes,yes,yes,yes,yes,yes,yes
0245,0245.png,bundle_png,0245.png.ots,f61a6f40ce37ea0cf4c1e076c6eefbbaf55ed9908492fc86f08bced4af950e2d,0245.png.ots__time-stamp.json,2026-05-14T04:13:39.285000+00:00,1000000,2026-05-13T07:42:55.719000+00:00,2026-05-14T07:42:55.719000+00:00,f61a6f40ce37ea0cf4c1e076c6eefbbaf55ed9908492fc86f08bced4af950e2d,yes,yes,yes,yes,yes,yes,yes
0246,0246.json,bundle_json,0246.json.ots,13d803bff9be975b152cd13a0914001445dbd96cf27c08303b9d100bc1f85390,0246.json.ots__time-stamp.json,2026-05-14T04:13:49.325000+00:00,1000000,2026-05-13T07:50:12.083000+00:00,2026-05-14T07:50:12.083000+00:00,13d803bff9be975b152cd13a0914001445dbd96cf27c08303b9d100bc1f85390,yes,yes,yes,yes,yes,yes,yes
0246,0246.png,bundle_png,0246.png.ots,a65ccddbd7b113557f84bc5f20c324079c752a3dd99f9cc3a23030db7b957875,0246.png.ots__time-stamp.json,2026-05-14T04:13:46.744000+00:00,1000000,2026-05-13T07:20:03.388000+00:00,2026-05-14T07:20:03.388000+00:00,a65ccddbd7b113557f84bc5f20c324079c752a3dd99f9cc3a23030db7b957875,yes,yes,yes,yes,yes,yes,yes
0247,0247.json,bundle_json,0247.json.ots,2c698a192b238b7fdd1ffdc3673b182ed884399ba267242d878f8b6e2cd9a172,0247.json.ots__time-stamp.json,2026-05-14T04:13:57.045000+00:00,1000000,2026-05-13T09:43:31.882000+00:00,2026-05-14T09:43:31.882000+00:00,2c698a192b238b7fdd1ffdc3673b182ed884399ba267242d878f8b6e2cd9a172,yes,yes,yes,yes,yes,yes,yes
0247,0247.png,bundle_png,0247.png.ots,f5cd49cbd88d233b423467f811ed464e8448ea865e9cec61976a207b953c1288,0247.png.ots__time-stamp.json,2026-05-14T04:13:54.325000+00:00,1000000,2026-05-13T07:50:12.083000+00:00,2026-05-14T07:50:12.083000+00:00,f5cd49cbd88d233b423467f811ed464e8448ea865e9cec61976a207b953c1288,yes,yes,yes,yes,yes,yes,yes
0248,0248.json,bundle_json,0248.json.ots,92c44d3ea983a8e59f09d86cbd7011efe327aed39edbf009fd2f4489a22c4011,0248.json.ots__time-stamp.json,2026-05-14T04:14:04.805000+00:00,1000000,2026-05-13T07:32:13.637000+00:00,2026-05-14T07:32:13.637000+00:00,92c44d3ea983a8e59f09d86cbd7011efe327aed39edbf009fd2f4489a22c4011,yes,yes,yes,yes,yes,yes,yes
0248,0248.png,bundle_png,0248.png.ots,ac8cc5f9314a8afee0e61c13f24684aba51a8815b944cf20c7d762383fe1a849,0248.png.ots__time-stamp.json,2026-05-14T04:14:02.350000+00:00,1000000,2026-05-13T07:35:20.866000+00:00,2026-05-14T07:35:20.866000+00:00,ac8cc5f9314a8afee0e61c13f24684aba51a8815b944cf20c7d762383fe1a849,yes,yes,yes,yes,yes,yes,yes
0249,0249.json,bundle_json,0249.json.ots,8afc11b63efb617945b1179f77439c3f4315d2a32bedfdff8c2a40da8b229eb3,0249.json.ots__time-stamp.json,2026-05-14T04:14:12.364000+00:00,1000000,2026-05-13T07:26:49.378000+00:00,2026-05-14T07:26:49.378000+00:00,8afc11b63efb617945b1179f77439c3f4315d2a32bedfdff8c2a40da8b229eb3,yes,yes,yes,yes,yes,yes,yes
0249,0249.png,bundle_png,0249.png.ots,72101d36f153c30c6b5304653c949698be436f676788d42f00a773ce5f1bbd48,0249.png.ots__time-stamp.json,2026-05-14T04:14:09.829000+00:00,1000000,2026-05-13T07:26:49.378000+00:00,2026-05-14T07:26:49.378000+00:00,72101d36f153c30c6b5304653c949698be436f676788d42f00a773ce5f1bbd48,yes,yes,yes,yes,yes,yes,yes
0250,0250.json,bundle_json,0250.json.ots,6a99d93d0cb4406fb094f808c0f16588f41d4d9133ef782eaf32b9267c505db3,0250.json.ots__time-stamp.json,2026-05-14T04:14:20.405000+00:00,1000000,2026-05-13T07:50:12.083000+00:00,2026-05-14T07:50:12.083000+00:00,6a99d93d0cb4406fb094f808c0f16588f41d4d9133ef782eaf32b9267c505db3,yes,yes,yes,yes,yes,yes,yes
0250,0250.png,bundle_png,0250.png.ots,a84786c063b0e20a5acb212c017e237e1fd2c75fb12d86b46d953f3e200d0a1f,0250.png.ots__time-stamp.json,2026-05-14T04:14:17.645000+00:00,1000000,2026-05-13T08:23:50.532000+00:00,2026-05-14T08:23:50.532000+00:00,a84786c063b0e20a5acb212c017e237e1fd2c75fb12d86b46d953f3e200d0a1f,yes,yes,yes,yes,yes,yes,yes
0251,0251.json,bundle_json,0251.json.ots,d4b6ace67b0e92458d19a3e94eb9de3d1cf4b93ae29cb7b74a9edf1725b24048,0251.json.ots__time-stamp.json,2026-05-14T04:14:27.905000+00:00,1000000,2026-05-13T06:31:59.305000+00:00,2026-05-14T06:31:59.305000+00:00,d4b6ace67b0e92458d19a3e94eb9de3d1cf4b93ae29cb7b74a9edf1725b24048,yes,yes,yes,yes,yes,yes,yes
0251,0251.png,bundle_png,0251.png.ots,85a995ca73293df7e1afa5e9aa281df8464e00521345d152559ae7898dbe45c7,0251.png.ots__time-stamp.json,2026-05-14T04:14:25.425000+00:00,1000000,2026-05-13T08:10:30.590000+00:00,2026-05-14T08:10:30.590000+00:00,85a995ca73293df7e1afa5e9aa281df8464e00521345d152559ae7898dbe45c7,yes,yes,yes,yes,yes,yes,yes
0252,0252.json,bundle_json,0252.json.ots,6b54d73f5c244a7f5ae611d287e186106e3198965354fb1fbad512c62b07f37f,0252.json.ots__time-stamp.json,2026-05-14T04:14:35.506000+00:00,1000000,2026-05-13T11:56:28.764000+00:00,2026-05-14T11:56:28.764000+00:00,6b54d73f5c244a7f5ae611d287e186106e3198965354fb1fbad512c62b07f37f,yes,yes,yes,yes,yes,yes,yes
0252,0252.png,bundle_png,0252.png.ots,1a955ffaf978aa3581cc2bc6e6e9340be62208d8a34164efdf00e4ceff26d909,0252.png.ots__time-stamp.json,2026-05-14T04:14:32.905000+00:00,1000000,2026-05-13T06:31:59.305000+00:00,2026-05-14T06:31:59.305000+00:00,1a955ffaf978aa3581cc2bc6e6e9340be62208d8a34164efdf00e4ceff26d909,yes,yes,yes,yes,yes,yes,yes
0253,0253.json,bundle_json,0253.json.ots,8a7afc4f1f6b7e4045e4bf355d07b8d7f66687c751c303ccf72cb671e91c6052,0253.json.ots__time-stamp.json,2026-05-14T04:14:42.930000+00:00,1000000,2026-05-13T06:40:25.129000+00:00,2026-05-14T06:40:25.129000+00:00,8a7afc4f1f6b7e4045e4bf355d07b8d7f66687c751c303ccf72cb671e91c6052,yes,yes,yes,yes,yes,yes,yes
0253,0253.png,bundle_png,0253.png.ots,db42bc7e72cb100c74f52565691cfa0e211831a2840ec52ca425c3d654d5d5fa,0253.png.ots__time-stamp.json,2026-05-14T04:14:40.530000+00:00,1000000,2026-05-13T10:49:29.465000+00:00,2026-05-14T10:49:29.465000+00:00,db42bc7e72cb100c74f52565691cfa0e211831a2840ec52ca425c3d654d5d5fa,yes,yes,yes,yes,yes,yes,yes
0254,0254.json,bundle_json,0254.json.ots,6b2ed0f7f947d53c2313739d35a76bef5652dc34dde6f1f58a50b91d2b0d7855,0254.json.ots__time-stamp.json,2026-05-14T04:14:50.965000+00:00,1000000,2026-05-13T09:16:05.223000+00:00,2026-05-14T09:16:05.223000+00:00,6b2ed0f7f947d53c2313739d35a76bef5652dc34dde6f1f58a50b91d2b0d7855,yes,yes,yes,yes,yes,yes,yes
0254,0254.png,bundle_png,0254.png.ots,2658ff3f087a04cb8fd86227c77e9d84c6d74a7973cd4ac44201fbc7455d519a,0254.png.ots__time-stamp.json,2026-05-14T04:14:48.526000+00:00,1000000,2026-05-13T09:16:05.223000+00:00,2026-05-14T09:16:05.223000+00:00,2658ff3f087a04cb8fd86227c77e9d84c6d74a7973cd4ac44201fbc7455d519a,yes,yes,yes,yes,yes,yes,yes
0255,0255.json,bundle_json,0255.json.ots,fe7b2ab65037d4c2d268ea230839d395edcaba38daea18a3675f6e15a3ac8799,0255.json.ots__time-stamp.json,2026-05-14T04:14:58.585000+00:00,1000000,2026-05-13T06:14:40.124000+00:00,2026-05-14T06:14:40.124000+00:00,fe7b2ab65037d4c2d268ea230839d395edcaba38daea18a3675f6e15a3ac8799,yes,yes,yes,yes,yes,yes,yes
0255,0255.png,bundle_png,0255.png.ots,0c3e439fb6a0e0f3163de726952a2e8b598e8878143f2f7a9aa3c0e65531300f,0255.png.ots__time-stamp.json,2026-05-14T04:14:55.965000+00:00,1000000,2026-05-13T08:23:50.532000+00:00,2026-05-14T08:23:50.532000+00:00,0c3e439fb6a0e0f3163de726952a2e8b598e8878143f2f7a9aa3c0e65531300f,yes,yes,yes,yes,yes,yes,yes
0256,0256.json,bundle_json,0256.json.ots,bfa6e2e741dfd5cfaaef4fc70cce2762dc347dc9bd2b8c2ef0a16235bf38cc74,0256.json.ots__time-stamp.json,2026-05-14T04:15:05.990000+00:00,1000000,2026-05-13T06:40:25.129000+00:00,2026-05-14T06:40:25.129000+00:00,bfa6e2e741dfd5cfaaef4fc70cce2762dc347dc9bd2b8c2ef0a16235bf38cc74,yes,yes,yes,yes,yes,yes,yes
0256,0256.png,bundle_png,0256.png.ots,b521b830c21805a7774d2544dac9a2ef80f467fae6e30f57a9d30867817b0a94,0256.png.ots__time-stamp.json,2026-05-14T04:15:03.625000+00:00,1000000,2026-05-13T23:25:23.999000+00:00,2026-05-14T23:25:23.999000+00:00,b521b830c21805a7774d2544dac9a2ef80f467fae6e30f57a9d30867817b0a94,yes,yes,yes,yes,yes,yes,yes
0257,0257.json,bundle_json,0257.json.ots,074f8744be2878e0c9ee1f9e757fc550ad5d38ad204848cd7a46ed38ecee79be,0257.json.ots__time-stamp.json,2026-05-14T04:15:13.690000+00:00,1000000,2026-05-13T07:35:20.866000+00:00,2026-05-14T07:35:20.866000+00:00,074f8744be2878e0c9ee1f9e757fc550ad5d38ad204848cd7a46ed38ecee79be,yes,yes,yes,yes,yes,yes,yes
0257,0257.png,bundle_png,0257.png.ots,bc7714d0500075bd1977698c7d21cf794bb534f1962337a362c46803b32025f0,0257.png.ots__time-stamp.json,2026-05-14T04:15:11.025000+00:00,1000000,2026-05-13T11:56:28.764000+00:00,2026-05-14T11:56:28.764000+00:00,bc7714d0500075bd1977698c7d21cf794bb534f1962337a362c46803b32025f0,yes,yes,yes,yes,yes,yes,yes
0258,0258.json,bundle_json,0258.json.ots,f698e5ec94e5f879af6d840f9e33970c95d3f2d718c2e9eb812eef08c100f922,0258.json.ots__time-stamp.json,2026-05-14T04:15:21.880000+00:00,1000000,2026-05-13T06:31:59.305000+00:00,2026-05-14T06:31:59.305000+00:00,f698e5ec94e5f879af6d840f9e33970c95d3f2d718c2e9eb812eef08c100f922,yes,yes,yes,yes,yes,yes,yes
0258,0258.png,bundle_png,0258.png.ots,4e8edaf77df793f10df660281c9447aaffe373abcb9d8fea1d5d789c5a9e8392,0258.png.ots__time-stamp.json,2026-05-14T04:15:19.025000+00:00,1000000,2026-05-13T10:49:29.465000+00:00,2026-05-14T10:49:29.465000+00:00,4e8edaf77df793f10df660281c9447aaffe373abcb9d8fea1d5d789c5a9e8392,yes,yes,yes,yes,yes,yes,yes
0259,0259.json,bundle_json,0259.json.ots,ea389dc759a35088e8c14c6664a89b8989b0373fb4f6fa43b91d9cf98b092c06,0259.json.ots__time-stamp.json,2026-05-14T04:15:29.065000+00:00,1000000,2026-05-13T07:35:20.866000+00:00,2026-05-14T07:35:20.866000+00:00,ea389dc759a35088e8c14c6664a89b8989b0373fb4f6fa43b91d9cf98b092c06,yes,yes,yes,yes,yes,yes,yes
0259,0259.png,bundle_png,0259.png.ots,231bd901ab30e2481171a8e7671632dcd917c33b6a054cf7cde5b81c0f418b97,0259.png.ots__time-stamp.json,2026-05-14T04:15:26.805000+00:00,1000000,2026-05-13T09:43:31.882000+00:00,2026-05-14T09:43:31.882000+00:00,231bd901ab30e2481171a8e7671632dcd917c33b6a054cf7cde5b81c0f418b97,yes,yes,yes,yes,yes,yes,yes
0260,0260.json,bundle_json,0260.json.ots,571294b43af2709fb6e0ced7d064ffb31ef25c7d149c08980a9fb4acf61e9ad1,0260.json.ots__time-stamp.json,2026-05-14T04:15:37.125000+00:00,1000000,2026-05-13T09:16:05.223000+00:00,2026-05-14T09:16:05.223000+00:00,571294b43af2709fb6e0ced7d064ffb31ef25c7d149c08980a9fb4acf61e9ad1,yes,yes,yes,yes,yes,yes,yes
0260,0260.png,bundle_png,0260.png.ots,2bf29f0497a57a600b1b5f8ee088f1512ce5b3e6f52630603b4dfe891eb0012b,0260.png.ots__time-stamp.json,2026-05-14T04:15:34.705000+00:00,1000000,2026-05-13T10:49:29.465000+00:00,2026-05-14T10:49:29.465000+00:00,2bf29f0497a57a600b1b5f8ee088f1512ce5b3e6f52630603b4dfe891eb0012b,yes,yes,yes,yes,yes,yes,yes
0261,0261.json,bundle_json,0261.json.ots,b155a65d358c1db0c7a6a34e36671f78e10641bd6b011c42d8126f2b1537bd27,0261.json.ots__time-stamp.json,2026-05-14T04:15:44.884000+00:00,1000000,2026-05-13T09:43:31.882000+00:00,2026-05-14T09:43:31.882000+00:00,b155a65d358c1db0c7a6a34e36671f78e10641bd6b011c42d8126f2b1537bd27,yes,yes,yes,yes,yes,yes,yes
0261,0261.png,bundle_png,0261.png.ots,e69d0566d1ef3099e3f154427c6b8d0d86740221368c768afa9dc7565a949e6e,0261.png.ots__time-stamp.json,2026-05-14T04:15:42.130000+00:00,1000000,2026-05-13T07:42:55.719000+00:00,2026-05-14T07:42:55.719000+00:00,e69d0566d1ef3099e3f154427c6b8d0d86740221368c768afa9dc7565a949e6e,yes,yes,yes,yes,yes,yes,yes
0262,0262.json,bundle_json,0262.json.ots,3e988e6d749a30b0e446fbb44646fe9f351cc8498a8828bf0f7e21025dc8bbb7,0262.json.ots__time-stamp.json,2026-05-14T04:15:51.925000+00:00,1000000,2026-05-13T08:23:50.532000+00:00,2026-05-14T08:23:50.532000+00:00,3e988e6d749a30b0e446fbb44646fe9f351cc8498a8828bf0f7e21025dc8bbb7,yes,yes,yes,yes,yes,yes,yes
0262,0262.png,bundle_png,0262.png.ots,8034e30692422601edbf755eafc274023d767115391a0eae685488925616fbd9,0262.png.ots__time-stamp.json,2026-05-14T04:15:49.485000+00:00,1000000,2026-05-13T09:43:31.882000+00:00,2026-05-14T09:43:31.882000+00:00,8034e30692422601edbf755eafc274023d767115391a0eae685488925616fbd9,yes,yes,yes,yes,yes,yes,yes
0263,0263.json,bundle_json,0263.json.ots,770ffc32a0b5537087b1ec56f65e4b9ac0eb2f76307b1ed11c16b34b8a67c80d,0263.json.ots__time-stamp.json,2026-05-14T04:15:59.445000+00:00,1000000,2026-05-13T07:42:55.719000+00:00,2026-05-14T07:42:55.719000+00:00,770ffc32a0b5537087b1ec56f65e4b9ac0eb2f76307b1ed11c16b34b8a67c80d,yes,yes,yes,yes,yes,yes,yes
0263,0263.png,bundle_png,0263.png.ots,f7b63d3e74ae61c1df6f9de75b9487feb2050bc43d2a6a61604c96c8d667e618,0263.png.ots__time-stamp.json,2026-05-14T04:15:57.152000+00:00,1000000,2026-05-13T08:23:50.532000+00:00,2026-05-14T08:23:50.532000+00:00,f7b63d3e74ae61c1df6f9de75b9487feb2050bc43d2a6a61604c96c8d667e618,yes,yes,yes,yes,yes,yes,yes
0264,0264.json,bundle_json,0264.json.ots,63b73a9e0bb38052b0bbb69ad371d7cca8f7432ce8c73796791c9e264b88ed7c,0264.json.ots__time-stamp.json,2026-05-14T04:16:07.185000+00:00,1000000,2026-05-13T10:58:02.074000+00:00,2026-05-14T10:58:02.074000+00:00,63b73a9e0bb38052b0bbb69ad371d7cca8f7432ce8c73796791c9e264b88ed7c,yes,yes,yes,yes,yes,yes,yes
0264,0264.png,bundle_png,0264.png.ots,30c1f369b30e0a2cd5253d91f15f4582af494bd37f60a849d12421302e085946,0264.png.ots__time-stamp.json,2026-05-14T04:16:04.930000+00:00,1000000,2026-05-13T10:58:02.074000+00:00,2026-05-14T10:58:02.074000+00:00,30c1f369b30e0a2cd5253d91f15f4582af494bd37f60a849d12421302e085946,yes,yes,yes,yes,yes,yes,yes
0265,0265.json,bundle_json,0265.json.ots,dc3437e8e0315a902e4b7aa83c2b29944eefb8abbbb54e3b0775e028d2abb2ad,0265.json.ots__time-stamp.json,2026-05-14T04:16:20.050000+00:00,1000000,2026-05-13T23:25:23.999000+00:00,2026-05-14T23:25:23.999000+00:00,dc3437e8e0315a902e4b7aa83c2b29944eefb8abbbb54e3b0775e028d2abb2ad,yes,yes,yes,yes,yes,yes,yes
0265,0265.png,bundle_png,0265.png.ots,1c1abb80a5cdb8a30f78e09f0c75cbadd81d3a3d686eca00705f3a3ac0b6b41d,0265.png.ots__time-stamp.json,2026-05-14T04:16:13.685000+00:00,1000000,2026-05-13T06:14:40.124000+00:00,2026-05-14T06:14:40.124000+00:00,1c1abb80a5cdb8a30f78e09f0c75cbadd81d3a3d686eca00705f3a3ac0b6b41d,yes,yes,yes,yes,yes,yes,yes
0266,0266.json,bundle_json,0266.json.ots,7a1dec1fb7db0e0b61b2738781e976f8ab07479d5431e5e04dbf237cb37a8c46,0266.json.ots__time-stamp.json,2026-05-14T04:16:25.005000+00:00,1000000,2026-05-13T07:20:03.388000+00:00,2026-05-14T07:20:03.388000+00:00,7a1dec1fb7db0e0b61b2738781e976f8ab07479d5431e5e04dbf237cb37a8c46,yes,yes,yes,yes,yes,yes,yes
0266,0266.png,bundle_png,0266.png.ots,dbe13b92dd66a3cd8acd96d9893e7207e23115d48229e7e6ae333ab541cededd,0266.png.ots__time-stamp.json,2026-05-14T04:16:22.175000+00:00,1000000,2026-05-13T06:40:25.129000+00:00,2026-05-14T06:40:25.129000+00:00,dbe13b92dd66a3cd8acd96d9893e7207e23115d48229e7e6ae333ab541cededd,yes,yes,yes,yes,yes,yes,yes
0267,0267.json,bundle_json,0267.json.ots,0a848a7da7bf2d0c7fbf1dfe93203f7242210b346650e963a3b964803fc39deb,0267.json.ots__time-stamp.json,2026-05-14T04:16:31.025000+00:00,1000000,2026-05-13T07:50:12.083000+00:00,2026-05-14T07:50:12.083000+00:00,0a848a7da7bf2d0c7fbf1dfe93203f7242210b346650e963a3b964803fc39deb,yes,yes,yes,yes,yes,yes,yes
0267,0267.png,bundle_png,0267.png.ots,765c792fc2f382ea698c064648f1b49981cbcf77fcab70a588fbbefc948ea71b,0267.png.ots__time-stamp.json,2026-05-14T04:16:28.290000+00:00,1000000,2026-05-13T07:32:13.637000+00:00,2026-05-14T07:32:13.637000+00:00,765c792fc2f382ea698c064648f1b49981cbcf77fcab70a588fbbefc948ea71b,yes,yes,yes,yes,yes,yes,yes
0268,0268.json,bundle_json,0268.json.ots,ec0a3f21f685040b095aec5d6a28dd0eb1cb0e514cc7e617541321663f167b90,0268.json.ots__time-stamp.json,2026-05-14T04:16:40.065000+00:00,1000000,2026-05-13T06:34:59.170000+00:00,2026-05-14T06:34:59.170000+00:00,ec0a3f21f685040b095aec5d6a28dd0eb1cb0e514cc7e617541321663f167b90,yes,yes,yes,yes,yes,yes,yes
0268,0268.png,bundle_png,0268.png.ots,c8095575a5c47c66791e88ce3c711b1aea73756ff6918ec5d02b29c52a4e5ba8,0268.png.ots__time-stamp.json,2026-05-14T04:16:36.290000+00:00,1000000,2026-05-13T07:35:20.866000+00:00,2026-05-14T07:35:20.866000+00:00,c8095575a5c47c66791e88ce3c711b1aea73756ff6918ec5d02b29c52a4e5ba8,yes,yes,yes,yes,yes,yes,yes
0269,0269.json,bundle_json,0269.json.ots,2374dd6d7365d364d020310ad9d838e0217c5ec35dde7b340b5012ed65565144,0269.json.ots__time-stamp.json,2026-05-14T04:16:47.325000+00:00,1000000,2026-05-13T09:16:05.223000+00:00,2026-05-14T09:16:05.223000+00:00,2374dd6d7365d364d020310ad9d838e0217c5ec35dde7b340b5012ed65565144,yes,yes,yes,yes,yes,yes,yes
0269,0269.png,bundle_png,0269.png.ots,f527fa092f484504fc1208bb91c1f2ca4b404e9cc3fde77327f461c2781c7399,0269.png.ots__time-stamp.json,2026-05-14T04:16:44.325000+00:00,1000000,2026-05-13T08:23:50.532000+00:00,2026-05-14T08:23:50.532000+00:00,f527fa092f484504fc1208bb91c1f2ca4b404e9cc3fde77327f461c2781c7399,yes,yes,yes,yes,yes,yes,yes
0270,0270.json,bundle_json,0270.json.ots,18c3df2975137ad00733057899cdb2e931ae7a6b3e729efd164be98d0932b778,0270.json.ots__time-stamp.json,2026-05-14T04:16:54.305000+00:00,1000000,2026-05-13T08:10:30.590000+00:00,2026-05-14T08:10:30.590000+00:00,18c3df2975137ad00733057899cdb2e931ae7a6b3e729efd164be98d0932b778,yes,yes,yes,yes,yes,yes,yes
0270,0270.png,bundle_png,0270.png.ots,fa47ded9f602b3f1d0ba4c98e7b984fdc355ad97c7407addfedbc7c43a8f9c97,0270.png.ots__time-stamp.json,2026-05-14T04:16:52.115000+00:00,1000000,2026-05-13T09:43:31.882000+00:00,2026-05-14T09:43:31.882000+00:00,fa47ded9f602b3f1d0ba4c98e7b984fdc355ad97c7407addfedbc7c43a8f9c97,yes,yes,yes,yes,yes,yes,yes
0271,0271.json,bundle_json,0271.json.ots,b106fbcb4f89a4f66ac93e43c5645117f9a2cd01101997bd6915ae01d1582ac3,0271.json.ots__time-stamp.json,2026-05-14T04:17:02.665000+00:00,1000000,2026-05-13T09:43:31.882000+00:00,2026-05-14T09:43:31.882000+00:00,b106fbcb4f89a4f66ac93e43c5645117f9a2cd01101997bd6915ae01d1582ac3,yes,yes,yes,yes,yes,yes,yes
0271,0271.png,bundle_png,0271.png.ots,b4ed01c8d23427ca484eb58c002f304ec7772d9f045dfebf9f7f28f80a79eafd,0271.png.ots__time-stamp.json,2026-05-14T04:17:00.135000+00:00,1000000,2026-05-13T08:23:50.532000+00:00,2026-05-14T08:23:50.532000+00:00,b4ed01c8d23427ca484eb58c002f304ec7772d9f045dfebf9f7f28f80a79eafd,yes,yes,yes,yes,yes,yes,yes
0272,0272.json,bundle_json,0272.json.ots,e8b14767e4a4f4110485eda47031d7f0a1a21a8d206b58a4262a4fc595089b7e,0272.json.ots__time-stamp.json,2026-05-14T04:17:10.385000+00:00,1000000,2026-05-13T07:32:13.637000+00:00,2026-05-14T07:32:13.637000+00:00,e8b14767e4a4f4110485eda47031d7f0a1a21a8d206b58a4262a4fc595089b7e,yes,yes,yes,yes,yes,yes,yes
0272,0272.png,bundle_png,0272.png.ots,29413d0dcc5df94952440b320089f6156b07bd5c850e2ad1fa0bbd7f5719753b,0272.png.ots__time-stamp.json,2026-05-14T04:17:07.665000+00:00,1000000,2026-05-13T08:23:50.532000+00:00,2026-05-14T08:23:50.532000+00:00,29413d0dcc5df94952440b320089f6156b07bd5c850e2ad1fa0bbd7f5719753b,yes,yes,yes,yes,yes,yes,yes
0273,0273.json,bundle_json,0273.json.ots,6c67921a53fa616940bbf50e16795156c00d20536803dccbdc06f8bfc449da96,0273.json.ots__time-stamp.json,2026-05-14T04:17:18.405000+00:00,1000000,2026-05-13T06:14:40.124000+00:00,2026-05-14T06:14:40.124000+00:00,6c67921a53fa616940bbf50e16795156c00d20536803dccbdc06f8bfc449da96,yes,yes,yes,yes,yes,yes,yes
0273,0273.png,bundle_png,0273.png.ots,86fc9a4c8a66a2bbd17b2e9b515d1e0c1c7d1be7f54545cc2fb2f76192f89ecd,0273.png.ots__time-stamp.json,2026-05-14T04:17:15.440000+00:00,1000000,2026-05-13T07:42:55.719000+00:00,2026-05-14T07:42:55.719000+00:00,86fc9a4c8a66a2bbd17b2e9b515d1e0c1c7d1be7f54545cc2fb2f76192f89ecd,yes,yes,yes,yes,yes,yes,yes
0274,0274.json,bundle_json,0274.json.ots,4693d3deee6a8225fa3bb4577c3941ef06d3f01500a09ee3c00828043c1b28f6,0274.json.ots__time-stamp.json,2026-05-14T04:17:26.345000+00:00,1000000,2026-05-13T23:25:23.999000+00:00,2026-05-14T23:25:23.999000+00:00,4693d3deee6a8225fa3bb4577c3941ef06d3f01500a09ee3c00828043c1b28f6,yes,yes,yes,yes,yes,yes,yes
0274,0274.png,bundle_png,0274.png.ots,bd3ba7cc09edddd097f22aae087090acce411f33e4833530a7d0ab5498ae526d,0274.png.ots__time-stamp.json,2026-05-14T04:17:23.245000+00:00,1000000,2026-05-13T07:26:49.378000+00:00,2026-05-14T07:26:49.378000+00:00,bd3ba7cc09edddd097f22aae087090acce411f33e4833530a7d0ab5498ae526d,yes,yes,yes,yes,yes,yes,yes
0275,0275.json,bundle_json,0275.json.ots,47c7a71545ed13ed298e4127d76473247edc85540d2361ec2b30ffcbe7d9fb5c,0275.json.ots__time-stamp.json,2026-05-14T04:17:33.425000+00:00,1000000,2026-05-13T10:58:02.074000+00:00,2026-05-14T10:58:02.074000+00:00,47c7a71545ed13ed298e4127d76473247edc85540d2361ec2b30ffcbe7d9fb5c,yes,yes,yes,yes,yes,yes,yes
0275,0275.png,bundle_png,0275.png.ots,734d53f950b1ccda3f320c45f65d5bb28915a92f82ef17990fd201e90136a6bd,0275.png.ots__time-stamp.json,2026-05-14T04:17:30.451000+00:00,1000000,2026-05-13T07:50:12.083000+00:00,2026-05-14T07:50:12.083000+00:00,734d53f950b1ccda3f320c45f65d5bb28915a92f82ef17990fd201e90136a6bd,yes,yes,yes,yes,yes,yes,yes
0276,0276.json,bundle_json,0276.json.ots,12e5e4b718371fa3e519b95c15e50431b0fcfe7b521a6e1c8b509a367da2a628,0276.json.ots__time-stamp.json,2026-05-14T04:17:41.304000+00:00,1000000,2026-05-13T07:26:49.378000+00:00,2026-05-14T07:26:49.378000+00:00,12e5e4b718371fa3e519b95c15e50431b0fcfe7b521a6e1c8b509a367da2a628,yes,yes,yes,yes,yes,yes,yes
0276,0276.png,bundle_png,0276.png.ots,ff720c6e4d82ae006ad055a38485a50fce028f7e359ee32e5bd87793a13a92d4,0276.png.ots__time-stamp.json,2026-05-14T04:17:38.505000+00:00,1000000,2026-05-13T09:16:05.223000+00:00,2026-05-14T09:16:05.223000+00:00,ff720c6e4d82ae006ad055a38485a50fce028f7e359ee32e5bd87793a13a92d4,yes,yes,yes,yes,yes,yes,yes
0277,0277.json,bundle_json,0277.json.ots,ce1b273f276170b535f3314ed9809d3149eb42687588dd3a05a92fad55328dc0,0277.json.ots__time-stamp.json,2026-05-14T04:17:49.365000+00:00,1000000,2026-05-13T08:10:30.590000+00:00,2026-05-14T08:10:30.590000+00:00,ce1b273f276170b535f3314ed9809d3149eb42687588dd3a05a92fad55328dc0,yes,yes,yes,yes,yes,yes,yes
0277,0277.png,bundle_png,0277.png.ots,fc04499b16e5d072d0a73cedfadcabea06b7fee7ccf05e19474e2598fa714746,0277.png.ots__time-stamp.json,2026-05-14T04:17:46.505000+00:00,1000000,2026-05-13T06:40:25.129000+00:00,2026-05-14T06:40:25.129000+00:00,fc04499b16e5d072d0a73cedfadcabea06b7fee7ccf05e19474e2598fa714746,yes,yes,yes,yes,yes,yes,yes
0278,0278.json,bundle_json,0278.json.ots,d8a6b50581316b76973a43264852a8b2818fe8c1cfa40ab7b47b78377ee5422e,0278.json.ots__time-stamp.json,2026-05-14T04:17:56.749000+00:00,1000000,2026-05-13T09:43:31.882000+00:00,2026-05-14T09:43:31.882000+00:00,d8a6b50581316b76973a43264852a8b2818fe8c1cfa40ab7b47b78377ee5422e,yes,yes,yes,yes,yes,yes,yes
0278,0278.png,bundle_png,0278.png.ots,c505fdf7d10090cf84ca1052d7eda7c9cf4eff916ff03612c764e2939b766c39,0278.png.ots__time-stamp.json,2026-05-14T04:17:54.384000+00:00,1000000,2026-05-13T07:20:03.388000+00:00,2026-05-14T07:20:03.388000+00:00,c505fdf7d10090cf84ca1052d7eda7c9cf4eff916ff03612c764e2939b766c39,yes,yes,yes,yes,yes,yes,yes
,start_time.json,start_time,start_time.json.ots,6ec57d3e460a7cacbcf5e54e9e15c3d605779df0f12c37016267a905b5105ff1,start_time.json.ots__time-stamp.json,2026-05-14T03:41:58.536000+00:00,1000000,2026-05-13T11:50:24.007000+00:00,2026-05-14T11:50:24.007000+00:00,6ec57d3e460a7cacbcf5e54e9e15c3d605779df0f12c37016267a905b5105ff1,yes,yes,yes,yes,yes,yes,yes
